section,variable,value
selected_intervals,interval_start,2024-01-24 19:15:00
selected_intervals,interval_end,2024-01-24 19:20:00
selected_intervals,interval_start,2024-01-24 08:05:00
selected_intervals,interval_end,2024-01-24 08:10:00
selected_intervals,interval_start,2024-01-24 22:05:00
selected_intervals,interval_end,2024-01-24 22:10:00
selected_intervals,interval_start,2024-01-24 05:40:00
selected_intervals,interval_end,2024-01-24 05:45:00
selected_intervals,interval_start,2024-01-24 01:15:00
selected_intervals,interval_end,2024-01-24 01:20:00
selected_intervals,interval_start,2024-01-24 23:10:00
selected_intervals,interval_end,2024-01-24 23:15:00
selected_intervals,interval_start,2024-01-24 14:30:00
selected_intervals,interval_end,2024-01-24 14:35:00
selected_intervals,interval_start,2024-01-24 22:00:00
selected_intervals,interval_end,2024-01-24 22:05:00
selected_intervals,interval_start,2024-01-24 23:00:00
selected_intervals,interval_end,2024-01-24 23:05:00
selected_intervals,interval_start,2024-01-24 08:00:00
selected_intervals,interval_end,2024-01-24 08:05:00
selected_intervals,interval_start,2024-01-24 15:20:00
selected_intervals,interval_end,2024-01-24 15:25:00
selected_intervals,interval_start,2024-01-24 12:50:00
selected_intervals,interval_end,2024-01-24 12:55:00
selected_intervals,interval_start,2024-01-24 22:20:00
selected_intervals,interval_end,2024-01-24 22:25:00
selected_intervals,interval_start,2024-01-24 19:25:00
selected_intervals,interval_end,2024-01-24 19:30:00
selected_intervals,interval_start,2024-01-24 14:40:00
selected_intervals,interval_end,2024-01-24 14:45:00
selected_intervals,interval_start,2024-01-24 10:15:00
selected_intervals,interval_end,2024-01-24 10:20:00
selected_intervals,interval_start,2024-01-24 18:30:00
selected_intervals,interval_end,2024-01-24 18:35:00
selected_intervals,interval_start,2024-01-24 19:40:00
selected_intervals,interval_end,2024-01-24 19:45:00
selected_intervals,interval_start,2024-01-24 21:30:00
selected_intervals,interval_end,2024-01-24 21:35:00
selected_intervals,interval_start,2024-01-24 21:05:00
selected_intervals,interval_end,2024-01-24 21:10:00
selected_intervals,interval_start,2024-01-24 08:40:00
selected_intervals,interval_end,2024-01-24 08:45:00
selected_intervals,interval_start,2024-01-24 04:20:00
selected_intervals,interval_end,2024-01-24 04:25:00
selected_intervals,interval_start,2024-01-24 05:50:00
selected_intervals,interval_end,2024-01-24 05:55:00
selected_intervals,interval_start,2024-01-24 07:40:00
selected_intervals,interval_end,2024-01-24 07:45:00
selected_intervals,interval_start,2024-01-24 00:40:00
selected_intervals,interval_end,2024-01-24 00:45:00
selected_intervals,interval_start,2024-01-24 15:00:00
selected_intervals,interval_end,2024-01-24 15:05:00
selected_intervals,interval_start,2024-01-24 13:05:00
selected_intervals,interval_end,2024-01-24 13:10:00
selected_intervals,interval_start,2024-01-24 09:25:00
selected_intervals,interval_end,2024-01-24 09:30:00
selected_intervals,interval_start,2024-01-24 01:40:00
selected_intervals,interval_end,2024-01-24 01:45:00
selected_intervals,interval_start,2024-01-24 16:15:00
selected_intervals,interval_end,2024-01-24 16:20:00
selected_intervals,interval_start,2024-01-24 07:45:00
selected_intervals,interval_end,2024-01-24 07:50:00
selected_intervals,interval_start,2024-01-24 08:35:00
selected_intervals,interval_end,2024-01-24 08:40:00
selected_intervals,interval_start,2024-01-24 00:30:00
selected_intervals,interval_end,2024-01-24 00:35:00
selected_intervals,interval_start,2024-01-24 22:25:00
selected_intervals,interval_end,2024-01-24 22:30:00
selected_intervals,interval_start,2024-01-24 22:15:00
selected_intervals,interval_end,2024-01-24 22:20:00
selected_intervals,interval_start,2024-01-24 07:30:00
selected_intervals,interval_end,2024-01-24 07:35:00
selected_intervals,interval_start,2024-01-24 03:35:00
selected_intervals,interval_end,2024-01-24 03:40:00
selected_intervals,interval_start,2024-01-24 07:50:00
selected_intervals,interval_end,2024-01-24 07:55:00
selected_intervals,interval_start,2024-01-24 16:40:00
selected_intervals,interval_end,2024-01-24 16:45:00
selected_intervals,interval_start,2024-01-24 16:20:00
selected_intervals,interval_end,2024-01-24 16:25:00
selected_intervals,interval_start,2024-01-24 09:10:00
selected_intervals,interval_end,2024-01-24 09:15:00
selected_intervals,interval_start,2024-01-24 15:15:00
selected_intervals,interval_end,2024-01-24 15:20:00
selected_intervals,interval_start,2024-01-24 05:25:00
selected_intervals,interval_end,2024-01-24 05:30:00
selected_intervals,interval_start,2024-01-24 05:35:00
selected_intervals,interval_end,2024-01-24 05:40:00
selected_intervals,interval_start,2024-01-24 21:50:00
selected_intervals,interval_end,2024-01-24 21:55:00
selected_intervals,interval_start,2024-01-24 12:35:00
selected_intervals,interval_end,2024-01-24 12:40:00
selected_intervals,interval_start,2024-01-24 09:20:00
selected_intervals,interval_end,2024-01-24 09:25:00
selected_intervals,interval_start,2024-01-24 23:40:00
selected_intervals,interval_end,2024-01-24 23:45:00
selected_intervals,interval_start,2024-01-24 20:35:00
selected_intervals,interval_end,2024-01-24 20:40:00
selected_intervals,interval_start,2024-01-24 11:20:00
selected_intervals,interval_end,2024-01-24 11:25:00
selected_intervals,interval_start,2024-01-24 04:40:00
selected_intervals,interval_end,2024-01-24 04:45:00
selected_intervals,interval_start,2024-01-24 10:05:00
selected_intervals,interval_end,2024-01-24 10:10:00
selected_intervals,interval_start,2024-01-24 04:05:00
selected_intervals,interval_end,2024-01-24 04:10:00
selected_intervals,interval_start,2024-01-24 15:45:00
selected_intervals,interval_end,2024-01-24 15:50:00
selected_intervals,interval_start,2024-01-24 22:35:00
selected_intervals,interval_end,2024-01-24 22:40:00
selected_intervals,interval_start,2024-01-24 05:00:00
selected_intervals,interval_end,2024-01-24 05:05:00
selected_intervals,interval_start,2024-01-24 00:15:00
selected_intervals,interval_end,2024-01-24 00:20:00
selected_intervals,interval_start,2024-01-24 14:05:00
selected_intervals,interval_end,2024-01-24 14:10:00
selected_intervals,interval_start,2024-01-24 13:35:00
selected_intervals,interval_end,2024-01-24 13:40:00
selected_intervals,interval_start,2024-01-24 17:10:00
selected_intervals,interval_end,2024-01-24 17:15:00
selected_intervals,interval_start,2024-01-24 18:20:00
selected_intervals,interval_end,2024-01-24 18:25:00
selected_intervals,interval_start,2024-01-24 19:20:00
selected_intervals,interval_end,2024-01-24 19:25:00
selected_intervals,interval_start,2024-01-24 10:55:00
selected_intervals,interval_end,2024-01-24 11:00:00
selected_intervals,interval_start,2024-01-24 21:20:00
selected_intervals,interval_end,2024-01-24 21:25:00
selected_intervals,interval_start,2024-01-24 15:30:00
selected_intervals,interval_end,2024-01-24 15:35:00
selected_intervals,interval_start,2024-01-24 16:55:00
selected_intervals,interval_end,2024-01-24 17:00:00
selected_intervals,interval_start,2024-01-24 14:10:00
selected_intervals,interval_end,2024-01-24 14:15:00
selected_intervals,interval_start,2024-01-24 10:35:00
selected_intervals,interval_end,2024-01-24 10:40:00
selected_intervals,interval_start,2024-01-24 08:10:00
selected_intervals,interval_end,2024-01-24 08:15:00
selected_intervals,interval_start,2024-01-24 01:05:00
selected_intervals,interval_end,2024-01-24 01:10:00
selected_intervals,interval_start,2024-01-24 07:05:00
selected_intervals,interval_end,2024-01-24 07:10:00
selected_intervals,interval_start,2024-01-24 17:15:00
selected_intervals,interval_end,2024-01-24 17:20:00
selected_intervals,interval_start,2024-01-24 00:25:00
selected_intervals,interval_end,2024-01-24 00:30:00
selected_intervals,interval_start,2024-01-24 03:25:00
selected_intervals,interval_end,2024-01-24 03:30:00
selected_intervals,interval_start,2024-01-24 04:30:00
selected_intervals,interval_end,2024-01-24 04:35:00
selected_intervals,interval_start,2024-01-24 08:20:00
selected_intervals,interval_end,2024-01-24 08:25:00
selected_intervals,interval_start,2024-01-24 03:20:00
selected_intervals,interval_end,2024-01-24 03:25:00
selected_intervals,interval_start,2024-01-24 02:50:00
selected_intervals,interval_end,2024-01-24 02:55:00
selected_intervals,interval_start,2024-01-24 10:40:00
selected_intervals,interval_end,2024-01-24 10:45:00
selected_intervals,interval_start,2024-01-24 20:40:00
selected_intervals,interval_end,2024-01-24 20:45:00
selected_intervals,interval_start,2024-01-24 13:25:00
selected_intervals,interval_end,2024-01-24 13:30:00
selected_intervals,interval_start,2024-01-24 20:25:00
selected_intervals,interval_end,2024-01-24 20:30:00
selected_intervals,interval_start,2024-01-24 14:00:00
selected_intervals,interval_end,2024-01-24 14:05:00
selected_intervals,interval_start,2024-01-24 09:05:00
selected_intervals,interval_end,2024-01-24 09:10:00
selected_intervals,interval_start,2024-01-24 10:20:00
selected_intervals,interval_end,2024-01-24 10:25:00
selected_intervals,interval_start,2024-01-24 10:10:00
selected_intervals,interval_end,2024-01-24 10:15:00
selected_intervals,interval_start,2024-01-24 20:50:00
selected_intervals,interval_end,2024-01-24 20:55:00
selected_intervals,interval_start,2024-01-24 05:55:00
selected_intervals,interval_end,2024-01-24 06:00:00
selected_intervals,interval_start,2024-01-24 14:25:00
selected_intervals,interval_end,2024-01-24 14:30:00
selected_intervals,interval_start,2024-01-24 13:00:00
selected_intervals,interval_end,2024-01-24 13:05:00
selected_intervals,interval_start,2024-01-24 19:10:00
selected_intervals,interval_end,2024-01-24 19:15:00
selected_intervals,interval_start,2024-01-24 08:45:00
selected_intervals,interval_end,2024-01-24 08:50:00
selected_intervals,interval_start,2024-01-24 22:30:00
selected_intervals,interval_end,2024-01-24 22:35:00
selected_intervals,interval_start,2024-01-24 06:30:00
selected_intervals,interval_end,2024-01-24 06:35:00
selected_intervals,interval_start,2024-01-24 12:30:00
selected_intervals,interval_end,2024-01-24 12:35:00
selected_intervals,interval_start,2024-01-24 03:45:00
selected_intervals,interval_end,2024-01-24 03:50:00
selected_intervals,interval_start,2024-01-24 03:50:00
selected_intervals,interval_end,2024-01-24 03:55:00
selected_intervals,interval_start,2024-01-24 06:00:00
selected_intervals,interval_end,2024-01-24 06:05:00
selected_intervals,interval_start,2024-01-24 13:45:00
selected_intervals,interval_end,2024-01-24 13:50:00
selected_intervals,interval_start,2024-01-24 12:10:00
selected_intervals,interval_end,2024-01-24 12:15:00
strata_counts,ship_type,Cargo
strata_counts,hour,0
strata_counts,stratum_n,954778
strata_counts,ship_type,Tanker
strata_counts,hour,0
strata_counts,stratum_n,482860
strata_counts,ship_type,Other
strata_counts,hour,0
strata_counts,stratum_n,363165
strata_counts,ship_type,Fishing Vessel
strata_counts,hour,0
strata_counts,stratum_n,259885
strata_counts,ship_type,Tug
strata_counts,hour,0
strata_counts,stratum_n,234007
strata_counts,ship_type,Special Craft
strata_counts,hour,0
strata_counts,stratum_n,113222
strata_counts,ship_type,Passenger Ship
strata_counts,hour,0
strata_counts,stratum_n,112744
strata_counts,ship_type,Unknown
strata_counts,hour,0
strata_counts,stratum_n,79942
strata_counts,ship_type,Pleasure Craft
strata_counts,hour,0
strata_counts,stratum_n,61333
strata_counts,ship_type,Sailing Vessel
strata_counts,hour,0
strata_counts,stratum_n,29505
strata_counts,ship_type,High-Speed Craft
strata_counts,hour,0
strata_counts,stratum_n,22641
strata_counts,ship_type,Wing In Ground
strata_counts,hour,0
strata_counts,stratum_n,9886
strata_counts,ship_type,Search and Rescue
strata_counts,hour,0
strata_counts,stratum_n,9081
strata_counts,ship_type,Reserved
strata_counts,hour,0
strata_counts,stratum_n,5133
strata_counts,ship_type,Cargo
strata_counts,hour,1
strata_counts,stratum_n,950050
strata_counts,ship_type,Tanker
strata_counts,hour,1
strata_counts,stratum_n,474738
strata_counts,ship_type,Other
strata_counts,hour,1
strata_counts,stratum_n,371795
strata_counts,ship_type,Fishing Vessel
strata_counts,hour,1
strata_counts,stratum_n,277105
strata_counts,ship_type,Tug
strata_counts,hour,1
strata_counts,stratum_n,245099
strata_counts,ship_type,Passenger Ship
strata_counts,hour,1
strata_counts,stratum_n,119418
strata_counts,ship_type,Special Craft
strata_counts,hour,1
strata_counts,stratum_n,116192
strata_counts,ship_type,Unknown
strata_counts,hour,1
strata_counts,stratum_n,82937
strata_counts,ship_type,Pleasure Craft
strata_counts,hour,1
strata_counts,stratum_n,62098
strata_counts,ship_type,Sailing Vessel
strata_counts,hour,1
strata_counts,stratum_n,28806
strata_counts,ship_type,High-Speed Craft
strata_counts,hour,1
strata_counts,stratum_n,25120
strata_counts,ship_type,Wing In Ground
strata_counts,hour,1
strata_counts,stratum_n,9701
strata_counts,ship_type,Search and Rescue
strata_counts,hour,1
strata_counts,stratum_n,9649
strata_counts,ship_type,Reserved
strata_counts,hour,1
strata_counts,stratum_n,5553
strata_counts,ship_type,Cargo
strata_counts,hour,2
strata_counts,stratum_n,904122
strata_counts,ship_type,Tanker
strata_counts,hour,2
strata_counts,stratum_n,451562
strata_counts,ship_type,Other
strata_counts,hour,2
strata_counts,stratum_n,360797
strata_counts,ship_type,Fishing Vessel
strata_counts,hour,2
strata_counts,stratum_n,247962
strata_counts,ship_type,Tug
strata_counts,hour,2
strata_counts,stratum_n,229425
strata_counts,ship_type,Passenger Ship
strata_counts,hour,2
strata_counts,stratum_n,112298
strata_counts,ship_type,Special Craft
strata_counts,hour,2
strata_counts,stratum_n,111824
strata_counts,ship_type,Unknown
strata_counts,hour,2
strata_counts,stratum_n,76279
strata_counts,ship_type,Pleasure Craft
strata_counts,hour,2
strata_counts,stratum_n,61642
strata_counts,ship_type,Sailing Vessel
strata_counts,hour,2
strata_counts,stratum_n,29850
strata_counts,ship_type,High-Speed Craft
strata_counts,hour,2
strata_counts,stratum_n,24480
strata_counts,ship_type,Wing In Ground
strata_counts,hour,2
strata_counts,stratum_n,9380
strata_counts,ship_type,Search and Rescue
strata_counts,hour,2
strata_counts,stratum_n,9090
strata_counts,ship_type,Reserved
strata_counts,hour,2
strata_counts,stratum_n,5072
strata_counts,ship_type,Cargo
strata_counts,hour,3
strata_counts,stratum_n,935028
strata_counts,ship_type,Tanker
strata_counts,hour,3
strata_counts,stratum_n,457516
strata_counts,ship_type,Other
strata_counts,hour,3
strata_counts,stratum_n,363664
strata_counts,ship_type,Fishing Vessel
strata_counts,hour,3
strata_counts,stratum_n,243912
strata_counts,ship_type,Tug
strata_counts,hour,3
strata_counts,stratum_n,237701
strata_counts,ship_type,Special Craft
strata_counts,hour,3
strata_counts,stratum_n,116964
strata_counts,ship_type,Passenger Ship
strata_counts,hour,3
strata_counts,stratum_n,116882
strata_counts,ship_type,Unknown
strata_counts,hour,3
strata_counts,stratum_n,78748
strata_counts,ship_type,Pleasure Craft
strata_counts,hour,3
strata_counts,stratum_n,60877
strata_counts,ship_type,Sailing Vessel
strata_counts,hour,3
strata_counts,stratum_n,30109
strata_counts,ship_type,High-Speed Craft
strata_counts,hour,3
strata_counts,stratum_n,24431
strata_counts,ship_type,Wing In Ground
strata_counts,hour,3
strata_counts,stratum_n,9696
strata_counts,ship_type,Search and Rescue
strata_counts,hour,3
strata_counts,stratum_n,8943
strata_counts,ship_type,Reserved
strata_counts,hour,3
strata_counts,stratum_n,5255
strata_counts,ship_type,Cargo
strata_counts,hour,4
strata_counts,stratum_n,924796
strata_counts,ship_type,Tanker
strata_counts,hour,4
strata_counts,stratum_n,443269
strata_counts,ship_type,Other
strata_counts,hour,4
strata_counts,stratum_n,373334
strata_counts,ship_type,Fishing Vessel
strata_counts,hour,4
strata_counts,stratum_n,262430
strata_counts,ship_type,Tug
strata_counts,hour,4
strata_counts,stratum_n,236336
strata_counts,ship_type,Passenger Ship
strata_counts,hour,4
strata_counts,stratum_n,126223
strata_counts,ship_type,Special Craft
strata_counts,hour,4
strata_counts,stratum_n,118609
strata_counts,ship_type,Unknown
strata_counts,hour,4
strata_counts,stratum_n,74865
strata_counts,ship_type,Pleasure Craft
strata_counts,hour,4
strata_counts,stratum_n,61531
strata_counts,ship_type,Sailing Vessel
strata_counts,hour,4
strata_counts,stratum_n,29410
strata_counts,ship_type,High-Speed Craft
strata_counts,hour,4
strata_counts,stratum_n,24059
strata_counts,ship_type,Wing In Ground
strata_counts,hour,4
strata_counts,stratum_n,9844
strata_counts,ship_type,Search and Rescue
strata_counts,hour,4
strata_counts,stratum_n,9670
strata_counts,ship_type,Reserved
strata_counts,hour,4
strata_counts,stratum_n,5257
strata_counts,ship_type,Cargo
strata_counts,hour,5
strata_counts,stratum_n,928507
strata_counts,ship_type,Tanker
strata_counts,hour,5
strata_counts,stratum_n,444497
strata_counts,ship_type,Other
strata_counts,hour,5
strata_counts,stratum_n,363929
strata_counts,ship_type,Fishing Vessel
strata_counts,hour,5
strata_counts,stratum_n,271731
strata_counts,ship_type,Tug
strata_counts,hour,5
strata_counts,stratum_n,228719
strata_counts,ship_type,Passenger Ship
strata_counts,hour,5
strata_counts,stratum_n,125333
strata_counts,ship_type,Special Craft
strata_counts,hour,5
strata_counts,stratum_n,114705
strata_counts,ship_type,Unknown
strata_counts,hour,5
strata_counts,stratum_n,73660
strata_counts,ship_type,Pleasure Craft
strata_counts,hour,5
strata_counts,stratum_n,65343
strata_counts,ship_type,Sailing Vessel
strata_counts,hour,5
strata_counts,stratum_n,30217
strata_counts,ship_type,High-Speed Craft
strata_counts,hour,5
strata_counts,stratum_n,23494
strata_counts,ship_type,Search and Rescue
strata_counts,hour,5
strata_counts,stratum_n,9928
strata_counts,ship_type,Wing In Ground
strata_counts,hour,5
strata_counts,stratum_n,9324
strata_counts,ship_type,Reserved
strata_counts,hour,5
strata_counts,stratum_n,4688
strata_counts,ship_type,Cargo
strata_counts,hour,6
strata_counts,stratum_n,968799
strata_counts,ship_type,Tanker
strata_counts,hour,6
strata_counts,stratum_n,469476
strata_counts,ship_type,Other
strata_counts,hour,6
strata_counts,stratum_n,377058
strata_counts,ship_type,Fishing Vessel
strata_counts,hour,6
strata_counts,stratum_n,283063
strata_counts,ship_type,Tug
strata_counts,hour,6
strata_counts,stratum_n,247931
strata_counts,ship_type,Passenger Ship
strata_counts,hour,6
strata_counts,stratum_n,130679
strata_counts,ship_type,Special Craft
strata_counts,hour,6
strata_counts,stratum_n,117568
strata_counts,ship_type,Unknown
strata_counts,hour,6
strata_counts,stratum_n,78658
strata_counts,ship_type,Pleasure Craft
strata_counts,hour,6
strata_counts,stratum_n,67853
strata_counts,ship_type,Sailing Vessel
strata_counts,hour,6
strata_counts,stratum_n,30974
strata_counts,ship_type,High-Speed Craft
strata_counts,hour,6
strata_counts,stratum_n,24203
strata_counts,ship_type,Search and Rescue
strata_counts,hour,6
strata_counts,stratum_n,10772
strata_counts,ship_type,Wing In Ground
strata_counts,hour,6
strata_counts,stratum_n,9942
strata_counts,ship_type,Reserved
strata_counts,hour,6
strata_counts,stratum_n,4826
strata_counts,ship_type,Cargo
strata_counts,hour,7
strata_counts,stratum_n,924812
strata_counts,ship_type,Tanker
strata_counts,hour,7
strata_counts,stratum_n,461616
strata_counts,ship_type,Other
strata_counts,hour,7
strata_counts,stratum_n,367580
strata_counts,ship_type,Fishing Vessel
strata_counts,hour,7
strata_counts,stratum_n,256449
strata_counts,ship_type,Tug
strata_counts,hour,7
strata_counts,stratum_n,236467
strata_counts,ship_type,Passenger Ship
strata_counts,hour,7
strata_counts,stratum_n,121755
strata_counts,ship_type,Special Craft
strata_counts,hour,7
strata_counts,stratum_n,115550
strata_counts,ship_type,Unknown
strata_counts,hour,7
strata_counts,stratum_n,75658
strata_counts,ship_type,Pleasure Craft
strata_counts,hour,7
strata_counts,stratum_n,65504
strata_counts,ship_type,Sailing Vessel
strata_counts,hour,7
strata_counts,stratum_n,31123
strata_counts,ship_type,High-Speed Craft
strata_counts,hour,7
strata_counts,stratum_n,24260
strata_counts,ship_type,Search and Rescue
strata_counts,hour,7
strata_counts,stratum_n,10302
strata_counts,ship_type,Wing In Ground
strata_counts,hour,7
strata_counts,stratum_n,9755
strata_counts,ship_type,Reserved
strata_counts,hour,7
strata_counts,stratum_n,4870
strata_counts,ship_type,Cargo
strata_counts,hour,8
strata_counts,stratum_n,862360
strata_counts,ship_type,Tanker
strata_counts,hour,8
strata_counts,stratum_n,434794
strata_counts,ship_type,Other
strata_counts,hour,8
strata_counts,stratum_n,379023
strata_counts,ship_type,Fishing Vessel
strata_counts,hour,8
strata_counts,stratum_n,272799
strata_counts,ship_type,Tug
strata_counts,hour,8
strata_counts,stratum_n,239741
strata_counts,ship_type,Passenger Ship
strata_counts,hour,8
strata_counts,stratum_n,128588
strata_counts,ship_type,Special Craft
strata_counts,hour,8
strata_counts,stratum_n,119237
strata_counts,ship_type,Unknown
strata_counts,hour,8
strata_counts,stratum_n,76796
strata_counts,ship_type,Pleasure Craft
strata_counts,hour,8
strata_counts,stratum_n,65791
strata_counts,ship_type,Sailing Vessel
strata_counts,hour,8
strata_counts,stratum_n,31175
strata_counts,ship_type,High-Speed Craft
strata_counts,hour,8
strata_counts,stratum_n,26069
strata_counts,ship_type,Wing In Ground
strata_counts,hour,8
strata_counts,stratum_n,10125
strata_counts,ship_type,Search and Rescue
strata_counts,hour,8
strata_counts,stratum_n,9943
strata_counts,ship_type,Reserved
strata_counts,hour,8
strata_counts,stratum_n,5212
strata_counts,ship_type,Cargo
strata_counts,hour,9
strata_counts,stratum_n,854445
strata_counts,ship_type,Tanker
strata_counts,hour,9
strata_counts,stratum_n,438971
strata_counts,ship_type,Other
strata_counts,hour,9
strata_counts,stratum_n,378736
strata_counts,ship_type,Fishing Vessel
strata_counts,hour,9
strata_counts,stratum_n,298647
strata_counts,ship_type,Tug
strata_counts,hour,9
strata_counts,stratum_n,241001
strata_counts,ship_type,Passenger Ship
strata_counts,hour,9
strata_counts,stratum_n,128397
strata_counts,ship_type,Special Craft
strata_counts,hour,9
strata_counts,stratum_n,118393
strata_counts,ship_type,Unknown
strata_counts,hour,9
strata_counts,stratum_n,80571
strata_counts,ship_type,Pleasure Craft
strata_counts,hour,9
strata_counts,stratum_n,65905
strata_counts,ship_type,Sailing Vessel
strata_counts,hour,9
strata_counts,stratum_n,30635
strata_counts,ship_type,High-Speed Craft
strata_counts,hour,9
strata_counts,stratum_n,25820
strata_counts,ship_type,Wing In Ground
strata_counts,hour,9
strata_counts,stratum_n,10353
strata_counts,ship_type,Search and Rescue
strata_counts,hour,9
strata_counts,stratum_n,10298
strata_counts,ship_type,Reserved
strata_counts,hour,9
strata_counts,stratum_n,4899
strata_counts,ship_type,Cargo
strata_counts,hour,10
strata_counts,stratum_n,847394
strata_counts,ship_type,Tanker
strata_counts,hour,10
strata_counts,stratum_n,425805
strata_counts,ship_type,Other
strata_counts,hour,10
strata_counts,stratum_n,380540
strata_counts,ship_type,Fishing Vessel
strata_counts,hour,10
strata_counts,stratum_n,261341
strata_counts,ship_type,Tug
strata_counts,hour,10
strata_counts,stratum_n,241894
strata_counts,ship_type,Passenger Ship
strata_counts,hour,10
strata_counts,stratum_n,127582
strata_counts,ship_type,Special Craft
strata_counts,hour,10
strata_counts,stratum_n,117768
strata_counts,ship_type,Unknown
strata_counts,hour,10
strata_counts,stratum_n,76322
strata_counts,ship_type,Pleasure Craft
strata_counts,hour,10
strata_counts,stratum_n,66281
strata_counts,ship_type,Sailing Vessel
strata_counts,hour,10
strata_counts,stratum_n,31622
strata_counts,ship_type,High-Speed Craft
strata_counts,hour,10
strata_counts,stratum_n,26783
strata_counts,ship_type,Search and Rescue
strata_counts,hour,10
strata_counts,stratum_n,10054
strata_counts,ship_type,Wing In Ground
strata_counts,hour,10
strata_counts,stratum_n,9852
strata_counts,ship_type,Reserved
strata_counts,hour,10
strata_counts,stratum_n,5179
strata_counts,ship_type,Cargo
strata_counts,hour,11
strata_counts,stratum_n,821079
strata_counts,ship_type,Tanker
strata_counts,hour,11
strata_counts,stratum_n,420166
strata_counts,ship_type,Other
strata_counts,hour,11
strata_counts,stratum_n,373508
strata_counts,ship_type,Fishing Vessel
strata_counts,hour,11
strata_counts,stratum_n,268227
strata_counts,ship_type,Tug
strata_counts,hour,11
strata_counts,stratum_n,227733
strata_counts,ship_type,Special Craft
strata_counts,hour,11
strata_counts,stratum_n,112245
strata_counts,ship_type,Passenger Ship
strata_counts,hour,11
strata_counts,stratum_n,110013
strata_counts,ship_type,Unknown
strata_counts,hour,11
strata_counts,stratum_n,69682
strata_counts,ship_type,Pleasure Craft
strata_counts,hour,11
strata_counts,stratum_n,64828
strata_counts,ship_type,Sailing Vessel
strata_counts,hour,11
strata_counts,stratum_n,31451
strata_counts,ship_type,High-Speed Craft
strata_counts,hour,11
strata_counts,stratum_n,25039
strata_counts,ship_type,Wing In Ground
strata_counts,hour,11
strata_counts,stratum_n,9384
strata_counts,ship_type,Search and Rescue
strata_counts,hour,11
strata_counts,stratum_n,9005
strata_counts,ship_type,Reserved
strata_counts,hour,11
strata_counts,stratum_n,5010
strata_counts,ship_type,Cargo
strata_counts,hour,12
strata_counts,stratum_n,834191
strata_counts,ship_type,Tanker
strata_counts,hour,12
strata_counts,stratum_n,416751
strata_counts,ship_type,Other
strata_counts,hour,12
strata_counts,stratum_n,374220
strata_counts,ship_type,Fishing Vessel
strata_counts,hour,12
strata_counts,stratum_n,259603
strata_counts,ship_type,Tug
strata_counts,hour,12
strata_counts,stratum_n,234160
strata_counts,ship_type,Special Craft
strata_counts,hour,12
strata_counts,stratum_n,115324
strata_counts,ship_type,Passenger Ship
strata_counts,hour,12
strata_counts,stratum_n,114418
strata_counts,ship_type,Unknown
strata_counts,hour,12
strata_counts,stratum_n,73897
strata_counts,ship_type,Pleasure Craft
strata_counts,hour,12
strata_counts,stratum_n,64069
strata_counts,ship_type,Sailing Vessel
strata_counts,hour,12
strata_counts,stratum_n,31966
strata_counts,ship_type,High-Speed Craft
strata_counts,hour,12
strata_counts,stratum_n,24885
strata_counts,ship_type,Wing In Ground
strata_counts,hour,12
strata_counts,stratum_n,9668
strata_counts,ship_type,Search and Rescue
strata_counts,hour,12
strata_counts,stratum_n,9180
strata_counts,ship_type,Reserved
strata_counts,hour,12
strata_counts,stratum_n,5219
strata_counts,ship_type,Cargo
strata_counts,hour,13
strata_counts,stratum_n,854805
strata_counts,ship_type,Tanker
strata_counts,hour,13
strata_counts,stratum_n,440819
strata_counts,ship_type,Other
strata_counts,hour,13
strata_counts,stratum_n,377491
strata_counts,ship_type,Fishing Vessel
strata_counts,hour,13
strata_counts,stratum_n,257462
strata_counts,ship_type,Tug
strata_counts,hour,13
strata_counts,stratum_n,244553
strata_counts,ship_type,Special Craft
strata_counts,hour,13
strata_counts,stratum_n,116396
strata_counts,ship_type,Passenger Ship
strata_counts,hour,13
strata_counts,stratum_n,106738
strata_counts,ship_type,Unknown
strata_counts,hour,13
strata_counts,stratum_n,75208
strata_counts,ship_type,Pleasure Craft
strata_counts,hour,13
strata_counts,stratum_n,62753
strata_counts,ship_type,Sailing Vessel
strata_counts,hour,13
strata_counts,stratum_n,30414
strata_counts,ship_type,High-Speed Craft
strata_counts,hour,13
strata_counts,stratum_n,25887
strata_counts,ship_type,Wing In Ground
strata_counts,hour,13
strata_counts,stratum_n,10127
strata_counts,ship_type,Search and Rescue
strata_counts,hour,13
strata_counts,stratum_n,9656
strata_counts,ship_type,Reserved
strata_counts,hour,13
strata_counts,stratum_n,5755
strata_counts,ship_type,Cargo
strata_counts,hour,14
strata_counts,stratum_n,885048
strata_counts,ship_type,Tanker
strata_counts,hour,14
strata_counts,stratum_n,447770
strata_counts,ship_type,Other
strata_counts,hour,14
strata_counts,stratum_n,384505
strata_counts,ship_type,Fishing Vessel
strata_counts,hour,14
strata_counts,stratum_n,270056
strata_counts,ship_type,Tug
strata_counts,hour,14
strata_counts,stratum_n,246948
strata_counts,ship_type,Special Craft
strata_counts,hour,14
strata_counts,stratum_n,115952
strata_counts,ship_type,Passenger Ship
strata_counts,hour,14
strata_counts,stratum_n,113391
strata_counts,ship_type,Unknown
strata_counts,hour,14
strata_counts,stratum_n,79824
strata_counts,ship_type,Pleasure Craft
strata_counts,hour,14
strata_counts,stratum_n,63894
strata_counts,ship_type,Sailing Vessel
strata_counts,hour,14
strata_counts,stratum_n,31587
strata_counts,ship_type,High-Speed Craft
strata_counts,hour,14
strata_counts,stratum_n,25164
strata_counts,ship_type,Wing In Ground
strata_counts,hour,14
strata_counts,stratum_n,10093
strata_counts,ship_type,Search and Rescue
strata_counts,hour,14
strata_counts,stratum_n,9992
strata_counts,ship_type,Reserved
strata_counts,hour,14
strata_counts,stratum_n,5672
strata_counts,ship_type,Cargo
strata_counts,hour,15
strata_counts,stratum_n,880992
strata_counts,ship_type,Tanker
strata_counts,hour,15
strata_counts,stratum_n,443943
strata_counts,ship_type,Other
strata_counts,hour,15
strata_counts,stratum_n,382278
strata_counts,ship_type,Fishing Vessel
strata_counts,hour,15
strata_counts,stratum_n,275959
strata_counts,ship_type,Tug
strata_counts,hour,15
strata_counts,stratum_n,253713
strata_counts,ship_type,Special Craft
strata_counts,hour,15
strata_counts,stratum_n,119234
strata_counts,ship_type,Passenger Ship
strata_counts,hour,15
strata_counts,stratum_n,116608
strata_counts,ship_type,Unknown
strata_counts,hour,15
strata_counts,stratum_n,81311
strata_counts,ship_type,Pleasure Craft
strata_counts,hour,15
strata_counts,stratum_n,64002
strata_counts,ship_type,Sailing Vessel
strata_counts,hour,15
strata_counts,stratum_n,31331
strata_counts,ship_type,High-Speed Craft
strata_counts,hour,15
strata_counts,stratum_n,26331
strata_counts,ship_type,Search and Rescue
strata_counts,hour,15
strata_counts,stratum_n,10444
strata_counts,ship_type,Wing In Ground
strata_counts,hour,15
strata_counts,stratum_n,10422
strata_counts,ship_type,Reserved
strata_counts,hour,15
strata_counts,stratum_n,6121
strata_counts,ship_type,Cargo
strata_counts,hour,16
strata_counts,stratum_n,881800
strata_counts,ship_type,Tanker
strata_counts,hour,16
strata_counts,stratum_n,454610
strata_counts,ship_type,Other
strata_counts,hour,16
strata_counts,stratum_n,388505
strata_counts,ship_type,Fishing Vessel
strata_counts,hour,16
strata_counts,stratum_n,285378
strata_counts,ship_type,Tug
strata_counts,hour,16
strata_counts,stratum_n,246122
strata_counts,ship_type,Special Craft
strata_counts,hour,16
strata_counts,stratum_n,120999
strata_counts,ship_type,Passenger Ship
strata_counts,hour,16
strata_counts,stratum_n,120289
strata_counts,ship_type,Unknown
strata_counts,hour,16
strata_counts,stratum_n,84758
strata_counts,ship_type,Pleasure Craft
strata_counts,hour,16
strata_counts,stratum_n,63591
strata_counts,ship_type,Sailing Vessel
strata_counts,hour,16
strata_counts,stratum_n,31460
strata_counts,ship_type,High-Speed Craft
strata_counts,hour,16
strata_counts,stratum_n,26425
strata_counts,ship_type,Wing In Ground
strata_counts,hour,16
strata_counts,stratum_n,10308
strata_counts,ship_type,Search and Rescue
strata_counts,hour,16
strata_counts,stratum_n,10171
strata_counts,ship_type,Reserved
strata_counts,hour,16
strata_counts,stratum_n,6385
strata_counts,ship_type,Cargo
strata_counts,hour,17
strata_counts,stratum_n,918852
strata_counts,ship_type,Tanker
strata_counts,hour,17
strata_counts,stratum_n,465477
strata_counts,ship_type,Other
strata_counts,hour,17
strata_counts,stratum_n,380865
strata_counts,ship_type,Fishing Vessel
strata_counts,hour,17
strata_counts,stratum_n,273899
strata_counts,ship_type,Tug
strata_counts,hour,17
strata_counts,stratum_n,243726
strata_counts,ship_type,Special Craft
strata_counts,hour,17
strata_counts,stratum_n,119431
strata_counts,ship_type,Passenger Ship
strata_counts,hour,17
strata_counts,stratum_n,111940
strata_counts,ship_type,Unknown
strata_counts,hour,17
strata_counts,stratum_n,78868
strata_counts,ship_type,Pleasure Craft
strata_counts,hour,17
strata_counts,stratum_n,64382
strata_counts,ship_type,Sailing Vessel
strata_counts,hour,17
strata_counts,stratum_n,31838
strata_counts,ship_type,High-Speed Craft
strata_counts,hour,17
strata_counts,stratum_n,26478
strata_counts,ship_type,Search and Rescue
strata_counts,hour,17
strata_counts,stratum_n,9878
strata_counts,ship_type,Wing In Ground
strata_counts,hour,17
strata_counts,stratum_n,9807
strata_counts,ship_type,Reserved
strata_counts,hour,17
strata_counts,stratum_n,6300
strata_counts,ship_type,Cargo
strata_counts,hour,18
strata_counts,stratum_n,905058
strata_counts,ship_type,Tanker
strata_counts,hour,18
strata_counts,stratum_n,469719
strata_counts,ship_type,Other
strata_counts,hour,18
strata_counts,stratum_n,371675
strata_counts,ship_type,Fishing Vessel
strata_counts,hour,18
strata_counts,stratum_n,279760
strata_counts,ship_type,Tug
strata_counts,hour,18
strata_counts,stratum_n,237878
strata_counts,ship_type,Special Craft
strata_counts,hour,18
strata_counts,stratum_n,117162
strata_counts,ship_type,Passenger Ship
strata_counts,hour,18
strata_counts,stratum_n,108756
strata_counts,ship_type,Unknown
strata_counts,hour,18
strata_counts,stratum_n,80833
strata_counts,ship_type,Pleasure Craft
strata_counts,hour,18
strata_counts,stratum_n,64452
strata_counts,ship_type,Sailing Vessel
strata_counts,hour,18
strata_counts,stratum_n,31543
strata_counts,ship_type,High-Speed Craft
strata_counts,hour,18
strata_counts,stratum_n,25201
strata_counts,ship_type,Wing In Ground
strata_counts,hour,18
strata_counts,stratum_n,10034
strata_counts,ship_type,Search and Rescue
strata_counts,hour,18
strata_counts,stratum_n,10026
strata_counts,ship_type,Reserved
strata_counts,hour,18
strata_counts,stratum_n,5606
strata_counts,ship_type,Cargo
strata_counts,hour,19
strata_counts,stratum_n,868486
strata_counts,ship_type,Tanker
strata_counts,hour,19
strata_counts,stratum_n,458483
strata_counts,ship_type,Other
strata_counts,hour,19
strata_counts,stratum_n,366853
strata_counts,ship_type,Fishing Vessel
strata_counts,hour,19
strata_counts,stratum_n,252332
strata_counts,ship_type,Tug
strata_counts,hour,19
strata_counts,stratum_n,241755
strata_counts,ship_type,Special Craft
strata_counts,hour,19
strata_counts,stratum_n,119148
strata_counts,ship_type,Passenger Ship
strata_counts,hour,19
strata_counts,stratum_n,113155
strata_counts,ship_type,Unknown
strata_counts,hour,19
strata_counts,stratum_n,81571
strata_counts,ship_type,Pleasure Craft
strata_counts,hour,19
strata_counts,stratum_n,62919
strata_counts,ship_type,Sailing Vessel
strata_counts,hour,19
strata_counts,stratum_n,31973
strata_counts,ship_type,High-Speed Craft
strata_counts,hour,19
strata_counts,stratum_n,23858
strata_counts,ship_type,Search and Rescue
strata_counts,hour,19
strata_counts,stratum_n,11427
strata_counts,ship_type,Wing In Ground
strata_counts,hour,19
strata_counts,stratum_n,9614
strata_counts,ship_type,Reserved
strata_counts,hour,19
strata_counts,stratum_n,5886
strata_counts,ship_type,Cargo
strata_counts,hour,20
strata_counts,stratum_n,882359
strata_counts,ship_type,Tanker
strata_counts,hour,20
strata_counts,stratum_n,469556
strata_counts,ship_type,Other
strata_counts,hour,20
strata_counts,stratum_n,376826
strata_counts,ship_type,Tug
strata_counts,hour,20
strata_counts,stratum_n,244561
strata_counts,ship_type,Fishing Vessel
strata_counts,hour,20
strata_counts,stratum_n,232632
strata_counts,ship_type,Special Craft
strata_counts,hour,20
strata_counts,stratum_n,118396
strata_counts,ship_type,Passenger Ship
strata_counts,hour,20
strata_counts,stratum_n,116796
strata_counts,ship_type,Unknown
strata_counts,hour,20
strata_counts,stratum_n,78525
strata_counts,ship_type,Pleasure Craft
strata_counts,hour,20
strata_counts,stratum_n,62921
strata_counts,ship_type,Sailing Vessel
strata_counts,hour,20
strata_counts,stratum_n,31350
strata_counts,ship_type,High-Speed Craft
strata_counts,hour,20
strata_counts,stratum_n,24532
strata_counts,ship_type,Wing In Ground
strata_counts,hour,20
strata_counts,stratum_n,10398
strata_counts,ship_type,Search and Rescue
strata_counts,hour,20
strata_counts,stratum_n,10367
strata_counts,ship_type,Reserved
strata_counts,hour,20
strata_counts,stratum_n,6078
strata_counts,ship_type,Cargo
strata_counts,hour,21
strata_counts,stratum_n,848891
strata_counts,ship_type,Tanker
strata_counts,hour,21
strata_counts,stratum_n,450712
strata_counts,ship_type,Other
strata_counts,hour,21
strata_counts,stratum_n,381213
strata_counts,ship_type,Tug
strata_counts,hour,21
strata_counts,stratum_n,247068
strata_counts,ship_type,Fishing Vessel
strata_counts,hour,21
strata_counts,stratum_n,244259
strata_counts,ship_type,Passenger Ship
strata_counts,hour,21
strata_counts,stratum_n,127315
strata_counts,ship_type,Special Craft
strata_counts,hour,21
strata_counts,stratum_n,117306
strata_counts,ship_type,Unknown
strata_counts,hour,21
strata_counts,stratum_n,80959
strata_counts,ship_type,Pleasure Craft
strata_counts,hour,21
strata_counts,stratum_n,63845
strata_counts,ship_type,Sailing Vessel
strata_counts,hour,21
strata_counts,stratum_n,30673
strata_counts,ship_type,High-Speed Craft
strata_counts,hour,21
strata_counts,stratum_n,25049
strata_counts,ship_type,Search and Rescue
strata_counts,hour,21
strata_counts,stratum_n,10172
strata_counts,ship_type,Wing In Ground
strata_counts,hour,21
strata_counts,stratum_n,10117
strata_counts,ship_type,Reserved
strata_counts,hour,21
strata_counts,stratum_n,6123
strata_counts,ship_type,Cargo
strata_counts,hour,22
strata_counts,stratum_n,807960
strata_counts,ship_type,Tanker
strata_counts,hour,22
strata_counts,stratum_n,432437
strata_counts,ship_type,Other
strata_counts,hour,22
strata_counts,stratum_n,361586
strata_counts,ship_type,Tug
strata_counts,hour,22
strata_counts,stratum_n,233763
strata_counts,ship_type,Fishing Vessel
strata_counts,hour,22
strata_counts,stratum_n,217064
strata_counts,ship_type,Special Craft
strata_counts,hour,22
strata_counts,stratum_n,110997
strata_counts,ship_type,Passenger Ship
strata_counts,hour,22
strata_counts,stratum_n,109908
strata_counts,ship_type,Unknown
strata_counts,hour,22
strata_counts,stratum_n,71181
strata_counts,ship_type,Pleasure Craft
strata_counts,hour,22
strata_counts,stratum_n,59146
strata_counts,ship_type,Sailing Vessel
strata_counts,hour,22
strata_counts,stratum_n,28303
strata_counts,ship_type,High-Speed Craft
strata_counts,hour,22
strata_counts,stratum_n,22289
strata_counts,ship_type,Search and Rescue
strata_counts,hour,22
strata_counts,stratum_n,9636
strata_counts,ship_type,Wing In Ground
strata_counts,hour,22
strata_counts,stratum_n,9234
strata_counts,ship_type,Reserved
strata_counts,hour,22
strata_counts,stratum_n,5644
strata_counts,ship_type,Cargo
strata_counts,hour,23
strata_counts,stratum_n,591479
strata_counts,ship_type,Tanker
strata_counts,hour,23
strata_counts,stratum_n,332575
strata_counts,ship_type,Other
strata_counts,hour,23
strata_counts,stratum_n,280419
strata_counts,ship_type,Tug
strata_counts,hour,23
strata_counts,stratum_n,178666
strata_counts,ship_type,Fishing Vessel
strata_counts,hour,23
strata_counts,stratum_n,145920
strata_counts,ship_type,Special Craft
strata_counts,hour,23
strata_counts,stratum_n,83380
strata_counts,ship_type,Passenger Ship
strata_counts,hour,23
strata_counts,stratum_n,76923
strata_counts,ship_type,Unknown
strata_counts,hour,23
strata_counts,stratum_n,54244
strata_counts,ship_type,Pleasure Craft
strata_counts,hour,23
strata_counts,stratum_n,47729
strata_counts,ship_type,Sailing Vessel
strata_counts,hour,23
strata_counts,stratum_n,20292
strata_counts,ship_type,High-Speed Craft
strata_counts,hour,23
strata_counts,stratum_n,17426
strata_counts,ship_type,Search and Rescue
strata_counts,hour,23
strata_counts,stratum_n,7140
strata_counts,ship_type,Wing In Ground
strata_counts,hour,23
strata_counts,stratum_n,7029
strata_counts,ship_type,Reserved
strata_counts,hour,23
strata_counts,stratum_n,4293
strata_allocation,ship_type,Cargo
strata_allocation,hour,0
strata_allocation,stratum_n,954778
strata_allocation,proportion,0.0150745120078723
strata_allocation,raw_allocation,150.745120078723
strata_allocation,n_alloc,151
strata_allocation,ship_type,Fishing Vessel
strata_allocation,hour,0
strata_allocation,stratum_n,259885
strata_allocation,proportion,0.00410319420133883
strata_allocation,raw_allocation,41.0319420133883
strata_allocation,n_alloc,41
strata_allocation,ship_type,High-Speed Craft
strata_allocation,hour,0
strata_allocation,stratum_n,22641
strata_allocation,proportion,0.000357467417944523
strata_allocation,raw_allocation,3.57467417944523
strata_allocation,n_alloc,3
strata_allocation,ship_type,Other
strata_allocation,hour,0
strata_allocation,stratum_n,363165
strata_allocation,proportion,0.00573383043318859
strata_allocation,raw_allocation,57.3383043318859
strata_allocation,n_alloc,57
strata_allocation,ship_type,Passenger Ship
strata_allocation,hour,0
strata_allocation,stratum_n,112744
strata_allocation,proportion,0.00178005859143754
strata_allocation,raw_allocation,17.8005859143754
strata_allocation,n_alloc,18
strata_allocation,ship_type,Pleasure Craft
strata_allocation,hour,0
strata_allocation,stratum_n,61333
strata_allocation,proportion,0.000968356041905899
strata_allocation,raw_allocation,9.68356041905899
strata_allocation,n_alloc,10
strata_allocation,ship_type,Reserved
strata_allocation,hour,0
strata_allocation,stratum_n,5133
strata_allocation,proportion,8.10423681069404e-05
strata_allocation,raw_allocation,0.810423681069404
strata_allocation,n_alloc,2
strata_allocation,ship_type,Sailing Vessel
strata_allocation,hour,0
strata_allocation,stratum_n,29505
strata_allocation,proportion,0.000465839678744453
strata_allocation,raw_allocation,4.65839678744453
strata_allocation,n_alloc,5
strata_allocation,ship_type,Search and Rescue
strata_allocation,hour,0
strata_allocation,stratum_n,9081
strata_allocation,proportion,0.000143375364266341
strata_allocation,raw_allocation,1.43375364266341
strata_allocation,n_alloc,1
strata_allocation,ship_type,Special Craft
strata_allocation,hour,0
strata_allocation,stratum_n,113222
strata_allocation,proportion,0.00178760549421469
strata_allocation,raw_allocation,17.8760549421469
strata_allocation,n_alloc,18
strata_allocation,ship_type,Tanker
strata_allocation,hour,0
strata_allocation,stratum_n,482860
strata_allocation,proportion,0.0076236348848855
strata_allocation,raw_allocation,76.236348848855
strata_allocation,n_alloc,76
strata_allocation,ship_type,Tug
strata_allocation,hour,0
strata_allocation,stratum_n,234007
strata_allocation,proportion,0.00369461941040343
strata_allocation,raw_allocation,36.9461941040343
strata_allocation,n_alloc,37
strata_allocation,ship_type,Unknown
strata_allocation,hour,0
strata_allocation,stratum_n,79942
strata_allocation,proportion,0.00126216422973018
strata_allocation,raw_allocation,12.6216422973018
strata_allocation,n_alloc,13
strata_allocation,ship_type,Wing In Ground
strata_allocation,hour,0
strata_allocation,stratum_n,9886
strata_allocation,proportion,0.000156085106391041
strata_allocation,raw_allocation,1.56085106391041
strata_allocation,n_alloc,1
strata_allocation,ship_type,Cargo
strata_allocation,hour,1
strata_allocation,stratum_n,950050
strata_allocation,proportion,0.0149998639820765
strata_allocation,raw_allocation,149.998639820765
strata_allocation,n_alloc,150
strata_allocation,ship_type,Fishing Vessel
strata_allocation,hour,1
strata_allocation,stratum_n,277105
strata_allocation,proportion,0.00437507216331068
strata_allocation,raw_allocation,43.7507216331068
strata_allocation,n_alloc,44
strata_allocation,ship_type,High-Speed Craft
strata_allocation,hour,1
strata_allocation,stratum_n,25120
strata_allocation,proportion,0.000396607108288787
strata_allocation,raw_allocation,3.96607108288787
strata_allocation,n_alloc,4
strata_allocation,ship_type,Other
strata_allocation,hour,1
strata_allocation,stratum_n,371795
strata_allocation,proportion,0.00587008518416519
strata_allocation,raw_allocation,58.7008518416519
strata_allocation,n_alloc,59
strata_allocation,ship_type,Passenger Ship
strata_allocation,hour,1
strata_allocation,stratum_n,119418
strata_allocation,proportion,0.00188543103732605
strata_allocation,raw_allocation,18.8543103732605
strata_allocation,n_alloc,19
strata_allocation,ship_type,Pleasure Craft
strata_allocation,hour,1
strata_allocation,stratum_n,62098
strata_allocation,proportion,0.000980434244049247
strata_allocation,raw_allocation,9.80434244049247
strata_allocation,n_alloc,10
strata_allocation,ship_type,Reserved
strata_allocation,hour,1
strata_allocation,stratum_n,5553
strata_allocation,proportion,8.76735379111319e-05
strata_allocation,raw_allocation,0.876735379111319
strata_allocation,n_alloc,2
strata_allocation,ship_type,Sailing Vessel
strata_allocation,hour,1
strata_allocation,stratum_n,28806
strata_allocation,proportion,0.000454803517570334
strata_allocation,raw_allocation,4.54803517570334
strata_allocation,n_alloc,4
strata_allocation,ship_type,Search and Rescue
strata_allocation,hour,1
strata_allocation,stratum_n,9649
strata_allocation,proportion,0.000152343232001533
strata_allocation,raw_allocation,1.52343232001533
strata_allocation,n_alloc,1
strata_allocation,ship_type,Special Craft
strata_allocation,hour,1
strata_allocation,stratum_n,116192
strata_allocation,proportion,0.00183449733783005
strata_allocation,raw_allocation,18.3449733783005
strata_allocation,n_alloc,18
strata_allocation,ship_type,Tanker
strata_allocation,hour,1
strata_allocation,stratum_n,474738
strata_allocation,proportion,0.00749540069167206
strata_allocation,raw_allocation,74.9540069167206
strata_allocation,n_alloc,75
strata_allocation,ship_type,Tug
strata_allocation,hour,1
strata_allocation,stratum_n,245099
strata_allocation,proportion,0.00386974544723222
strata_allocation,raw_allocation,38.6974544723222
strata_allocation,n_alloc,39
strata_allocation,ship_type,Unknown
strata_allocation,hour,1
strata_allocation,stratum_n,82937
strata_allocation,proportion,0.00130945078583388
strata_allocation,raw_allocation,13.0945078583388
strata_allocation,n_alloc,13
strata_allocation,ship_type,Wing In Ground
strata_allocation,hour,1
strata_allocation,stratum_n,9701
strata_allocation,proportion,0.00015316423397729
strata_allocation,raw_allocation,1.5316423397729
strata_allocation,n_alloc,1
strata_allocation,ship_type,Cargo
strata_allocation,hour,2
strata_allocation,stratum_n,904122
strata_allocation,proportion,0.0142747297754886
strata_allocation,raw_allocation,142.747297754886
strata_allocation,n_alloc,143
strata_allocation,ship_type,Fishing Vessel
strata_allocation,hour,2
strata_allocation,stratum_n,247962
strata_allocation,proportion,0.00391494792139746
strata_allocation,raw_allocation,39.1494792139746
strata_allocation,n_alloc,39
strata_allocation,ship_type,High-Speed Craft
strata_allocation,hour,2
strata_allocation,stratum_n,24480
strata_allocation,proportion,0.000386502468587162
strata_allocation,raw_allocation,3.86502468587162
strata_allocation,n_alloc,4
strata_allocation,ship_type,Other
strata_allocation,hour,2
strata_allocation,stratum_n,360797
strata_allocation,proportion,0.00569644326629257
strata_allocation,raw_allocation,56.9644326629257
strata_allocation,n_alloc,57
strata_allocation,ship_type,Passenger Ship
strata_allocation,hour,2
strata_allocation,stratum_n,112298
strata_allocation,proportion,0.00177301692064547
strata_allocation,raw_allocation,17.7301692064547
strata_allocation,n_alloc,18
strata_allocation,ship_type,Pleasure Craft
strata_allocation,hour,2
strata_allocation,stratum_n,61642
strata_allocation,proportion,0.000973234688261839
strata_allocation,raw_allocation,9.73234688261839
strata_allocation,n_alloc,10
strata_allocation,ship_type,Reserved
strata_allocation,hour,2
strata_allocation,stratum_n,5072
strata_allocation,proportion,8.00792696353793e-05
strata_allocation,raw_allocation,0.800792696353793
strata_allocation,n_alloc,2
strata_allocation,ship_type,Sailing Vessel
strata_allocation,hour,2
strata_allocation,stratum_n,29850
strata_allocation,proportion,0.00047128671108361
strata_allocation,raw_allocation,4.7128671108361
strata_allocation,n_alloc,5
strata_allocation,ship_type,Search and Rescue
strata_allocation,hour,2
strata_allocation,stratum_n,9090
strata_allocation,proportion,0.000143517460762145
strata_allocation,raw_allocation,1.43517460762145
strata_allocation,n_alloc,1
strata_allocation,ship_type,Special Craft
strata_allocation,hour,2
strata_allocation,stratum_n,111824
strata_allocation,proportion,0.00176553317186645
strata_allocation,raw_allocation,17.6553317186645
strata_allocation,n_alloc,18
strata_allocation,ship_type,Tanker
strata_allocation,hour,2
strata_allocation,stratum_n,451562
strata_allocation,proportion,0.00712948642647696
strata_allocation,raw_allocation,71.2948642647696
strata_allocation,n_alloc,71
strata_allocation,ship_type,Tug
strata_allocation,hour,2
strata_allocation,stratum_n,229425
strata_allocation,proportion,0.00362227650553961
strata_allocation,raw_allocation,36.2227650553961
strata_allocation,n_alloc,36
strata_allocation,ship_type,Unknown
strata_allocation,hour,2
strata_allocation,stratum_n,76279
strata_allocation,proportion,0.00120433095593791
strata_allocation,raw_allocation,12.0433095593791
strata_allocation,n_alloc,12
strata_allocation,ship_type,Wing In Ground
strata_allocation,hour,2
strata_allocation,stratum_n,9380
strata_allocation,proportion,0.000148096125626944
strata_allocation,raw_allocation,1.48096125626944
strata_allocation,n_alloc,1
strata_allocation,ship_type,Cargo
strata_allocation,hour,3
strata_allocation,stratum_n,935028
strata_allocation,proportion,0.0147626891420799
strata_allocation,raw_allocation,147.626891420799
strata_allocation,n_alloc,148
strata_allocation,ship_type,Fishing Vessel
strata_allocation,hour,3
strata_allocation,stratum_n,243912
strata_allocation,proportion,0.00385100449828561
strata_allocation,raw_allocation,38.5100449828561
strata_allocation,n_alloc,38
strata_allocation,ship_type,High-Speed Craft
strata_allocation,hour,3
strata_allocation,stratum_n,24431
strata_allocation,proportion,0.000385728832110006
strata_allocation,raw_allocation,3.85728832110006
strata_allocation,n_alloc,4
strata_allocation,ship_type,Other
strata_allocation,hour,3
strata_allocation,stratum_n,363664
strata_allocation,proportion,0.00574170889445595
strata_allocation,raw_allocation,57.4170889445595
strata_allocation,n_alloc,57
strata_allocation,ship_type,Passenger Ship
strata_allocation,hour,3
strata_allocation,stratum_n,116882
strata_allocation,proportion,0.00184539140250836
strata_allocation,raw_allocation,18.4539140250836
strata_allocation,n_alloc,18
strata_allocation,ship_type,Pleasure Craft
strata_allocation,hour,3
strata_allocation,stratum_n,60877
strata_allocation,proportion,0.000961156486118491
strata_allocation,raw_allocation,9.61156486118491
strata_allocation,n_alloc,10
strata_allocation,ship_type,Reserved
strata_allocation,hour,3
strata_allocation,stratum_n,5255
strata_allocation,proportion,8.29685650500627e-05
strata_allocation,raw_allocation,0.829685650500627
strata_allocation,n_alloc,2
strata_allocation,ship_type,Sailing Vessel
strata_allocation,hour,3
strata_allocation,stratum_n,30109
strata_allocation,proportion,0.000475375932462862
strata_allocation,raw_allocation,4.75375932462862
strata_allocation,n_alloc,5
strata_allocation,ship_type,Search and Rescue
strata_allocation,hour,3
strata_allocation,stratum_n,8943
strata_allocation,proportion,0.000141196551330678
strata_allocation,raw_allocation,1.41196551330678
strata_allocation,n_alloc,1
strata_allocation,ship_type,Special Craft
strata_allocation,hour,3
strata_allocation,stratum_n,116964
strata_allocation,proportion,0.00184668605947013
strata_allocation,raw_allocation,18.4668605947013
strata_allocation,n_alloc,18
strata_allocation,ship_type,Tanker
strata_allocation,hour,3
strata_allocation,stratum_n,457516
strata_allocation,proportion,0.00722349115270114
strata_allocation,raw_allocation,72.2349115270114
strata_allocation,n_alloc,72
strata_allocation,ship_type,Tug
strata_allocation,hour,3
strata_allocation,stratum_n,237701
strata_allocation,proportion,0.00375294212768125
strata_allocation,raw_allocation,37.5294212768125
strata_allocation,n_alloc,37
strata_allocation,ship_type,Unknown
strata_allocation,hour,3
strata_allocation,stratum_n,78748
strata_allocation,proportion,0.00124331276128684
strata_allocation,raw_allocation,12.4331276128684
strata_allocation,n_alloc,12
strata_allocation,ship_type,Wing In Ground
strata_allocation,hour,3
strata_allocation,stratum_n,9696
strata_allocation,proportion,0.000153085291479621
strata_allocation,raw_allocation,1.53085291479621
strata_allocation,n_alloc,1
strata_allocation,ship_type,Cargo
strata_allocation,hour,4
strata_allocation,stratum_n,924796
strata_allocation,proportion,0.0146011412148502
strata_allocation,raw_allocation,146.011412148502
strata_allocation,n_alloc,146
strata_allocation,ship_type,Fishing Vessel
strata_allocation,hour,4
strata_allocation,stratum_n,262430
strata_allocation,proportion,0.00414337593265232
strata_allocation,raw_allocation,41.4337593265232
strata_allocation,n_alloc,41
strata_allocation,ship_type,High-Speed Craft
strata_allocation,hour,4
strata_allocation,stratum_n,24059
strata_allocation,proportion,0.000379855510283437
strata_allocation,raw_allocation,3.79855510283437
strata_allocation,n_alloc,4
strata_allocation,ship_type,Other
strata_allocation,hour,4
strata_allocation,stratum_n,373334
strata_allocation,proportion,0.00589438368494769
strata_allocation,raw_allocation,58.9438368494769
strata_allocation,n_alloc,59
strata_allocation,ship_type,Passenger Ship
strata_allocation,hour,4
strata_allocation,stratum_n,126223
strata_allocation,proportion,0.00199287177665349
strata_allocation,raw_allocation,19.9287177665349
strata_allocation,n_alloc,20
strata_allocation,ship_type,Pleasure Craft
strata_allocation,hour,4
strata_allocation,stratum_n,61531
strata_allocation,proportion,0.000971482164813589
strata_allocation,raw_allocation,9.71482164813589
strata_allocation,n_alloc,10
strata_allocation,ship_type,Reserved
strata_allocation,hour,4
strata_allocation,stratum_n,5257
strata_allocation,proportion,8.30001420491303e-05
strata_allocation,raw_allocation,0.830001420491303
strata_allocation,n_alloc,2
strata_allocation,ship_type,Sailing Vessel
strata_allocation,hour,4
strata_allocation,stratum_n,29410
strata_allocation,proportion,0.000464339771288743
strata_allocation,raw_allocation,4.64339771288743
strata_allocation,n_alloc,5
strata_allocation,ship_type,Search and Rescue
strata_allocation,hour,4
strata_allocation,stratum_n,9670
strata_allocation,proportion,0.000152674790491742
strata_allocation,raw_allocation,1.52674790491742
strata_allocation,n_alloc,1
strata_allocation,ship_type,Special Craft
strata_allocation,hour,4
strata_allocation,stratum_n,118609
strata_allocation,proportion,0.00187265814120321
strata_allocation,raw_allocation,18.7265814120321
strata_allocation,n_alloc,19
strata_allocation,ship_type,Tanker
strata_allocation,hour,4
strata_allocation,stratum_n,443269
strata_allocation,proportion,0.00699855239984325
strata_allocation,raw_allocation,69.9855239984325
strata_allocation,n_alloc,70
strata_allocation,ship_type,Tug
strata_allocation,hour,4
strata_allocation,stratum_n,236336
strata_allocation,proportion,0.00373139082581763
strata_allocation,raw_allocation,37.3139082581763
strata_allocation,n_alloc,37
strata_allocation,ship_type,Unknown
strata_allocation,hour,4
strata_allocation,stratum_n,74865
strata_allocation,proportion,0.00118200601759714
strata_allocation,raw_allocation,11.8200601759714
strata_allocation,n_alloc,12
strata_allocation,ship_type,Wing In Ground
strata_allocation,hour,4
strata_allocation,stratum_n,9844
strata_allocation,proportion,0.000155421989410622
strata_allocation,raw_allocation,1.55421989410622
strata_allocation,n_alloc,1
strata_allocation,ship_type,Cargo
strata_allocation,hour,5
strata_allocation,stratum_n,928507
strata_allocation,proportion,0.0146597323366201
strata_allocation,raw_allocation,146.597323366201
strata_allocation,n_alloc,146
strata_allocation,ship_type,Fishing Vessel
strata_allocation,hour,5
strata_allocation,stratum_n,271731
strata_allocation,proportion,0.0042902247668161
strata_allocation,raw_allocation,42.902247668161
strata_allocation,n_alloc,43
strata_allocation,ship_type,High-Speed Craft
strata_allocation,hour,5
strata_allocation,stratum_n,23494
strata_allocation,proportion,0.000370935008046846
strata_allocation,raw_allocation,3.70935008046846
strata_allocation,n_alloc,4
strata_allocation,ship_type,Other
strata_allocation,hour,5
strata_allocation,stratum_n,363929
strata_allocation,proportion,0.0057458928468324
strata_allocation,raw_allocation,57.458928468324
strata_allocation,n_alloc,57
strata_allocation,ship_type,Passenger Ship
strata_allocation,hour,5
strata_allocation,stratum_n,125333
strata_allocation,proportion,0.00197882001206841
strata_allocation,raw_allocation,19.7882001206841
strata_allocation,n_alloc,20
strata_allocation,ship_type,Pleasure Craft
strata_allocation,hour,5
strata_allocation,stratum_n,65343
strata_allocation,proportion,0.00103166792503639
strata_allocation,raw_allocation,10.3166792503639
strata_allocation,n_alloc,10
strata_allocation,ship_type,Reserved
strata_allocation,hour,5
strata_allocation,stratum_n,4688
strata_allocation,proportion,7.40164858144042e-05
strata_allocation,raw_allocation,0.740164858144042
strata_allocation,n_alloc,2
strata_allocation,ship_type,Sailing Vessel
strata_allocation,hour,5
strata_allocation,stratum_n,30217
strata_allocation,proportion,0.000477081090412511
strata_allocation,raw_allocation,4.77081090412511
strata_allocation,n_alloc,5
strata_allocation,ship_type,Search and Rescue
strata_allocation,hour,5
strata_allocation,stratum_n,9928
strata_allocation,proportion,0.00015674822337146
strata_allocation,raw_allocation,1.5674822337146
strata_allocation,n_alloc,1
strata_allocation,ship_type,Special Craft
strata_allocation,hour,5
strata_allocation,stratum_n,114705
strata_allocation,proportion,0.0018110198390233
strata_allocation,raw_allocation,18.110198390233
strata_allocation,n_alloc,18
strata_allocation,ship_type,Tanker
strata_allocation,hour,5
strata_allocation,stratum_n,444497
strata_allocation,proportion,0.00701794067727074
strata_allocation,raw_allocation,70.1794067727074
strata_allocation,n_alloc,70
strata_allocation,ship_type,Tug
strata_allocation,hour,5
strata_allocation,stratum_n,228719
strata_allocation,proportion,0.00361112982486875
strata_allocation,raw_allocation,36.1112982486875
strata_allocation,n_alloc,36
strata_allocation,ship_type,Unknown
strata_allocation,hour,5
strata_allocation,stratum_n,73660
strata_allocation,proportion,0.00116298087565892
strata_allocation,raw_allocation,11.6298087565892
strata_allocation,n_alloc,12
strata_allocation,ship_type,Wing In Ground
strata_allocation,hour,5
strata_allocation,stratum_n,9324
strata_allocation,proportion,0.000147211969653051
strata_allocation,raw_allocation,1.47211969653051
strata_allocation,n_alloc,1
strata_allocation,ship_type,Cargo
strata_allocation,hour,6
strata_allocation,stratum_n,968799
strata_allocation,proportion,0.0152958825598355
strata_allocation,raw_allocation,152.958825598355
strata_allocation,n_alloc,153
strata_allocation,ship_type,Fishing Vessel
strata_allocation,hour,6
strata_allocation,stratum_n,283063
strata_allocation,proportion,0.004469140043533
strata_allocation,raw_allocation,44.69140043533
strata_allocation,n_alloc,45
strata_allocation,ship_type,High-Speed Craft
strata_allocation,hour,6
strata_allocation,stratum_n,24203
strata_allocation,proportion,0.000382129054216302
strata_allocation,raw_allocation,3.82129054216302
strata_allocation,n_alloc,4
strata_allocation,ship_type,Other
strata_allocation,hour,6
strata_allocation,stratum_n,377058
strata_allocation,proportion,0.00595318005721152
strata_allocation,raw_allocation,59.5318005721152
strata_allocation,n_alloc,59
strata_allocation,ship_type,Passenger Ship
strata_allocation,hour,6
strata_allocation,stratum_n,130679
strata_allocation,proportion,0.00206322533057605
strata_allocation,raw_allocation,20.6322533057605
strata_allocation,n_alloc,21
strata_allocation,ship_type,Pleasure Craft
strata_allocation,hour,6
strata_allocation,stratum_n,67853
strata_allocation,proportion,0.0010712970588662
strata_allocation,raw_allocation,10.712970588662
strata_allocation,n_alloc,11
strata_allocation,ship_type,Reserved
strata_allocation,hour,6
strata_allocation,stratum_n,4826
strata_allocation,proportion,7.61952987500671e-05
strata_allocation,raw_allocation,0.761952987500671
strata_allocation,n_alloc,2
strata_allocation,ship_type,Sailing Vessel
strata_allocation,hour,6
strata_allocation,stratum_n,30974
strata_allocation,proportion,0.000489032984559589
strata_allocation,raw_allocation,4.8903298455959
strata_allocation,n_alloc,5
strata_allocation,ship_type,Search and Rescue
strata_allocation,hour,6
strata_allocation,stratum_n,10772
strata_allocation,proportion,0.000170073716977978
strata_allocation,raw_allocation,1.70073716977978
strata_allocation,n_alloc,2
strata_allocation,ship_type,Special Craft
strata_allocation,hour,6
strata_allocation,stratum_n,117568
strata_allocation,proportion,0.00185622231318854
strata_allocation,raw_allocation,18.5622231318854
strata_allocation,n_alloc,18
strata_allocation,ship_type,Tanker
strata_allocation,hour,6
strata_allocation,stratum_n,469476
strata_allocation,proportion,0.00741232160712526
strata_allocation,raw_allocation,74.1232160712526
strata_allocation,n_alloc,74
strata_allocation,ship_type,Tug
strata_allocation,hour,6
strata_allocation,stratum_n,247931
strata_allocation,proportion,0.00391445847791191
strata_allocation,raw_allocation,39.1445847791191
strata_allocation,n_alloc,39
strata_allocation,ship_type,Unknown
strata_allocation,hour,6
strata_allocation,stratum_n,78658
strata_allocation,proportion,0.0012418917963288
strata_allocation,raw_allocation,12.418917963288
strata_allocation,n_alloc,12
strata_allocation,ship_type,Wing In Ground
strata_allocation,hour,6
strata_allocation,stratum_n,9942
strata_allocation,proportion,0.000156969262364933
strata_allocation,raw_allocation,1.56969262364933
strata_allocation,n_alloc,1
strata_allocation,ship_type,Cargo
strata_allocation,hour,7
strata_allocation,stratum_n,924812
strata_allocation,proportion,0.0146013938308427
strata_allocation,raw_allocation,146.013938308427
strata_allocation,n_alloc,146
strata_allocation,ship_type,Fishing Vessel
strata_allocation,hour,7
strata_allocation,stratum_n,256449
strata_allocation,proportion,0.00404894491694073
strata_allocation,raw_allocation,40.4894491694073
strata_allocation,n_alloc,40
strata_allocation,ship_type,High-Speed Craft
strata_allocation,hour,7
strata_allocation,stratum_n,24260
strata_allocation,proportion,0.000383028998689728
strata_allocation,raw_allocation,3.83028998689728
strata_allocation,n_alloc,4
strata_allocation,ship_type,Other
strata_allocation,hour,7
strata_allocation,stratum_n,367580
strata_allocation,proportion,0.00580353665863027
strata_allocation,raw_allocation,58.0353665863027
strata_allocation,n_alloc,58
strata_allocation,ship_type,Passenger Ship
strata_allocation,hour,7
strata_allocation,stratum_n,121755
strata_allocation,proportion,0.00192232876073652
strata_allocation,raw_allocation,19.2232876073652
strata_allocation,n_alloc,19
strata_allocation,ship_type,Pleasure Craft
strata_allocation,hour,7
strata_allocation,stratum_n,65504
strata_allocation,proportion,0.00103420987346133
strata_allocation,raw_allocation,10.3420987346133
strata_allocation,n_alloc,10
strata_allocation,ship_type,Reserved
strata_allocation,hour,7
strata_allocation,stratum_n,4870
strata_allocation,proportion,7.68899927295539e-05
strata_allocation,raw_allocation,0.768899927295538
strata_allocation,n_alloc,2
strata_allocation,ship_type,Sailing Vessel
strata_allocation,hour,7
strata_allocation,stratum_n,31123
strata_allocation,proportion,0.000491385470990124
strata_allocation,raw_allocation,4.91385470990124
strata_allocation,n_alloc,5
strata_allocation,ship_type,Search and Rescue
strata_allocation,hour,7
strata_allocation,stratum_n,10302
strata_allocation,proportion,0.000162653122197097
strata_allocation,raw_allocation,1.62653122197097
strata_allocation,n_alloc,2
strata_allocation,ship_type,Special Craft
strata_allocation,hour,7
strata_allocation,stratum_n,115550
strata_allocation,proportion,0.00182436112112935
strata_allocation,raw_allocation,18.2436112112935
strata_allocation,n_alloc,18
strata_allocation,ship_type,Tanker
strata_allocation,hour,7
strata_allocation,stratum_n,461616
strata_allocation,proportion,0.00728822400078968
strata_allocation,raw_allocation,72.8822400078968
strata_allocation,n_alloc,73
strata_allocation,ship_type,Tug
strata_allocation,hour,7
strata_allocation,stratum_n,236467
strata_allocation,proportion,0.00373345911925655
strata_allocation,raw_allocation,37.3345911925655
strata_allocation,n_alloc,37
strata_allocation,ship_type,Unknown
strata_allocation,hour,7
strata_allocation,stratum_n,75658
strata_allocation,proportion,0.00119452629772743
strata_allocation,raw_allocation,11.9452629772743
strata_allocation,n_alloc,12
strata_allocation,ship_type,Wing In Ground
strata_allocation,hour,7
strata_allocation,stratum_n,9755
strata_allocation,proportion,0.000154016812952115
strata_allocation,raw_allocation,1.54016812952115
strata_allocation,n_alloc,1
strata_allocation,ship_type,Cargo
strata_allocation,hour,8
strata_allocation,stratum_n,862360
strata_allocation,proportion,0.0136153704579585
strata_allocation,raw_allocation,136.153704579585
strata_allocation,n_alloc,136
strata_allocation,ship_type,Fishing Vessel
strata_allocation,hour,8
strata_allocation,stratum_n,272799
strata_allocation,proportion,0.00430708688431818
strata_allocation,raw_allocation,43.0708688431818
strata_allocation,n_alloc,43
strata_allocation,ship_type,High-Speed Craft
strata_allocation,hour,8
strata_allocation,stratum_n,26069
strata_allocation,proportion,0.000411590394346353
strata_allocation,raw_allocation,4.11590394346353
strata_allocation,n_alloc,4
strata_allocation,ship_type,Other
strata_allocation,hour,8
strata_allocation,stratum_n,379023
strata_allocation,proportion,0.00598420445879542
strata_allocation,raw_allocation,59.8420445879542
strata_allocation,n_alloc,60
strata_allocation,ship_type,Passenger Ship
strata_allocation,hour,8
strata_allocation,stratum_n,128588
strata_allocation,proportion,0.0020302115780509
strata_allocation,raw_allocation,20.302115780509
strata_allocation,n_alloc,20
strata_allocation,ship_type,Pleasure Craft
strata_allocation,hour,8
strata_allocation,stratum_n,65791
strata_allocation,proportion,0.00103874117282753
strata_allocation,raw_allocation,10.3874117282753
strata_allocation,n_alloc,10
strata_allocation,ship_type,Reserved
strata_allocation,hour,8
strata_allocation,stratum_n,5212
strata_allocation,proportion,8.22896595701098e-05
strata_allocation,raw_allocation,0.822896595701098
strata_allocation,n_alloc,2
strata_allocation,ship_type,Sailing Vessel
strata_allocation,hour,8
strata_allocation,stratum_n,31175
strata_allocation,proportion,0.000492206472965881
strata_allocation,raw_allocation,4.92206472965881
strata_allocation,n_alloc,5
strata_allocation,ship_type,Search and Rescue
strata_allocation,hour,8
strata_allocation,stratum_n,9943
strata_allocation,proportion,0.000156985050864467
strata_allocation,raw_allocation,1.56985050864467
strata_allocation,n_alloc,1
strata_allocation,ship_type,Special Craft
strata_allocation,hour,8
strata_allocation,stratum_n,119237
strata_allocation,proportion,0.00188257331891043
strata_allocation,raw_allocation,18.8257331891043
strata_allocation,n_alloc,19
strata_allocation,ship_type,Tanker
strata_allocation,hour,8
strata_allocation,stratum_n,434794
strata_allocation,proportion,0.00686474486629438
strata_allocation,raw_allocation,68.6474486629438
strata_allocation,n_alloc,69
strata_allocation,ship_type,Tug
strata_allocation,hour,8
strata_allocation,stratum_n,239741
strata_allocation,proportion,0.00378515066673018
strata_allocation,raw_allocation,37.8515066673018
strata_allocation,n_alloc,38
strata_allocation,ship_type,Unknown
strata_allocation,hour,8
strata_allocation,stratum_n,76796
strata_allocation,proportion,0.00121249361019688
strata_allocation,raw_allocation,12.1249361019688
strata_allocation,n_alloc,12
strata_allocation,ship_type,Wing In Ground
strata_allocation,hour,8
strata_allocation,stratum_n,10125
strata_allocation,proportion,0.000159858557779617
strata_allocation,raw_allocation,1.59858557779617
strata_allocation,n_alloc,2
strata_allocation,ship_type,Cargo
strata_allocation,hour,9
strata_allocation,stratum_n,854445
strata_allocation,proportion,0.0134904044841486
strata_allocation,raw_allocation,134.904044841486
strata_allocation,n_alloc,135
strata_allocation,ship_type,Fishing Vessel
strata_allocation,hour,9
strata_allocation,stratum_n,298647
strata_allocation,proportion,0.00471518802026757
strata_allocation,raw_allocation,47.1518802026757
strata_allocation,n_alloc,47
strata_allocation,ship_type,High-Speed Craft
strata_allocation,hour,9
strata_allocation,stratum_n,25820
strata_allocation,proportion,0.00040765905796244
strata_allocation,raw_allocation,4.0765905796244
strata_allocation,n_alloc,4
strata_allocation,ship_type,Other
strata_allocation,hour,9
strata_allocation,stratum_n,378736
strata_allocation,proportion,0.00597967315942922
strata_allocation,raw_allocation,59.7967315942922
strata_allocation,n_alloc,60
strata_allocation,ship_type,Passenger Ship
strata_allocation,hour,9
strata_allocation,stratum_n,128397
strata_allocation,proportion,0.00202719597463994
strata_allocation,raw_allocation,20.2719597463994
strata_allocation,n_alloc,20
strata_allocation,ship_type,Pleasure Craft
strata_allocation,hour,9
strata_allocation,stratum_n,65905
strata_allocation,proportion,0.00104054106177438
strata_allocation,raw_allocation,10.4054106177438
strata_allocation,n_alloc,10
strata_allocation,ship_type,Reserved
strata_allocation,hour,9
strata_allocation,stratum_n,4899
strata_allocation,proportion,7.73478592160337e-05
strata_allocation,raw_allocation,0.773478592160337
strata_allocation,n_alloc,2
strata_allocation,ship_type,Sailing Vessel
strata_allocation,hour,9
strata_allocation,stratum_n,30635
strata_allocation,proportion,0.000483680683217635
strata_allocation,raw_allocation,4.83680683217635
strata_allocation,n_alloc,5
strata_allocation,ship_type,Search and Rescue
strata_allocation,hour,9
strata_allocation,stratum_n,10298
strata_allocation,proportion,0.000162589968198962
strata_allocation,raw_allocation,1.62589968198962
strata_allocation,n_alloc,2
strata_allocation,ship_type,Special Craft
strata_allocation,hour,9
strata_allocation,stratum_n,118393
strata_allocation,proportion,0.00186924782530392
strata_allocation,raw_allocation,18.6924782530392
strata_allocation,n_alloc,19
strata_allocation,ship_type,Tanker
strata_allocation,hour,9
strata_allocation,stratum_n,438971
strata_allocation,proportion,0.00693069342884702
strata_allocation,raw_allocation,69.3069342884702
strata_allocation,n_alloc,69
strata_allocation,ship_type,Tug
strata_allocation,hour,9
strata_allocation,stratum_n,241001
strata_allocation,proportion,0.00380504417614275
strata_allocation,raw_allocation,38.0504417614275
strata_allocation,n_alloc,38
strata_allocation,ship_type,Unknown
strata_allocation,hour,9
strata_allocation,stratum_n,80571
strata_allocation,proportion,0.00127209519593694
strata_allocation,raw_allocation,12.7209519593694
strata_allocation,n_alloc,13
strata_allocation,ship_type,Wing In Ground
strata_allocation,hour,9
strata_allocation,stratum_n,10353
strata_allocation,proportion,0.000163458335673321
strata_allocation,raw_allocation,1.63458335673321
strata_allocation,n_alloc,2
strata_allocation,ship_type,Cargo
strata_allocation,hour,10
strata_allocation,stratum_n,847394
strata_allocation,proportion,0.0133790797739358
strata_allocation,raw_allocation,133.790797739358
strata_allocation,n_alloc,134
strata_allocation,ship_type,Fishing Vessel
strata_allocation,hour,10
strata_allocation,stratum_n,261341
strata_allocation,proportion,0.00412618225666003
strata_allocation,raw_allocation,41.2618225666003
strata_allocation,n_alloc,41
strata_allocation,ship_type,High-Speed Craft
strata_allocation,hour,10
strata_allocation,stratum_n,26783
strata_allocation,proportion,0.000422863383013479
strata_allocation,raw_allocation,4.22863383013479
strata_allocation,n_alloc,4
strata_allocation,ship_type,Other
strata_allocation,hour,10
strata_allocation,stratum_n,380540
strata_allocation,proportion,0.00600815561258818
strata_allocation,raw_allocation,60.0815561258818
strata_allocation,n_alloc,60
strata_allocation,ship_type,Passenger Ship
strata_allocation,hour,10
strata_allocation,stratum_n,127582
strata_allocation,proportion,0.00201432834751991
strata_allocation,raw_allocation,20.1432834751991
strata_allocation,n_alloc,20
strata_allocation,ship_type,Pleasure Craft
strata_allocation,hour,10
strata_allocation,stratum_n,66281
strata_allocation,proportion,0.00104647753759909
strata_allocation,raw_allocation,10.4647753759909
strata_allocation,n_alloc,10
strata_allocation,ship_type,Reserved
strata_allocation,hour,10
strata_allocation,stratum_n,5179
strata_allocation,proportion,8.17686390854947e-05
strata_allocation,raw_allocation,0.817686390854947
strata_allocation,n_alloc,2
strata_allocation,ship_type,Sailing Vessel
strata_allocation,hour,10
strata_allocation,stratum_n,31622
strata_allocation,proportion,0.000499263932257485
strata_allocation,raw_allocation,4.99263932257485
strata_allocation,n_alloc,5
strata_allocation,ship_type,Search and Rescue
strata_allocation,hour,10
strata_allocation,stratum_n,10054
strata_allocation,proportion,0.000158737574312718
strata_allocation,raw_allocation,1.58737574312718
strata_allocation,n_alloc,1
strata_allocation,ship_type,Special Craft
strata_allocation,hour,10
strata_allocation,stratum_n,117768
strata_allocation,proportion,0.0018593800130953
strata_allocation,raw_allocation,18.593800130953
strata_allocation,n_alloc,18
strata_allocation,ship_type,Tanker
strata_allocation,hour,10
strata_allocation,stratum_n,425805
strata_allocation,proportion,0.00672282204398515
strata_allocation,raw_allocation,67.2282204398515
strata_allocation,n_alloc,67
strata_allocation,ship_type,Tug
strata_allocation,hour,10
strata_allocation,stratum_n,241894
strata_allocation,proportion,0.00381914330622643
strata_allocation,raw_allocation,38.1914330622643
strata_allocation,n_alloc,38
strata_allocation,ship_type,Unknown
strata_allocation,hour,10
strata_allocation,stratum_n,76322
strata_allocation,proportion,0.00120500986141787
strata_allocation,raw_allocation,12.0500986141787
strata_allocation,n_alloc,12
strata_allocation,ship_type,Wing In Ground
strata_allocation,hour,10
strata_allocation,stratum_n,9852
strata_allocation,proportion,0.000155548297406892
strata_allocation,raw_allocation,1.55548297406892
strata_allocation,n_alloc,1
strata_allocation,ship_type,Cargo
strata_allocation,hour,11
strata_allocation,stratum_n,821079
strata_allocation,proportion,0.0129636054087042
strata_allocation,raw_allocation,129.636054087042
strata_allocation,n_alloc,130
strata_allocation,ship_type,Fishing Vessel
strata_allocation,hour,11
strata_allocation,stratum_n,268227
strata_allocation,proportion,0.0042349018644497
strata_allocation,raw_allocation,42.349018644497
strata_allocation,n_alloc,42
strata_allocation,ship_type,High-Speed Craft
strata_allocation,hour,11
strata_allocation,stratum_n,25039
strata_allocation,proportion,0.00039532823982655
strata_allocation,raw_allocation,3.9532823982655
strata_allocation,n_alloc,4
strata_allocation,ship_type,Other
strata_allocation,hour,11
strata_allocation,stratum_n,373508
strata_allocation,proportion,0.00589713088386657
strata_allocation,raw_allocation,58.9713088386657
strata_allocation,n_alloc,59
strata_allocation,ship_type,Passenger Ship
strata_allocation,hour,11
strata_allocation,stratum_n,110013
strata_allocation,proportion,0.00173694019921076
strata_allocation,raw_allocation,17.3694019921076
strata_allocation,n_alloc,17
strata_allocation,ship_type,Pleasure Craft
strata_allocation,hour,11
strata_allocation,stratum_n,64828
strata_allocation,proportion,0.00102353684777649
strata_allocation,raw_allocation,10.2353684777649
strata_allocation,n_alloc,10
strata_allocation,ship_type,Reserved
strata_allocation,hour,11
strata_allocation,stratum_n,5010
strata_allocation,proportion,7.91003826642843e-05
strata_allocation,raw_allocation,0.791003826642843
strata_allocation,n_alloc,2
strata_allocation,ship_type,Sailing Vessel
strata_allocation,hour,11
strata_allocation,stratum_n,31451
strata_allocation,proportion,0.000496564098837207
strata_allocation,raw_allocation,4.96564098837207
strata_allocation,n_alloc,5
strata_allocation,ship_type,Search and Rescue
strata_allocation,hour,11
strata_allocation,stratum_n,9005
strata_allocation,proportion,0.000142175438301773
strata_allocation,raw_allocation,1.42175438301773
strata_allocation,n_alloc,1
strata_allocation,ship_type,Special Craft
strata_allocation,hour,11
strata_allocation,stratum_n,112245
strata_allocation,proportion,0.00177218013017018
strata_allocation,raw_allocation,17.7218013017018
strata_allocation,n_alloc,18
strata_allocation,ship_type,Tanker
strata_allocation,hour,11
strata_allocation,stratum_n,420166
strata_allocation,proportion,0.00663379069511411
strata_allocation,raw_allocation,66.3379069511411
strata_allocation,n_alloc,66
strata_allocation,ship_type,Tug
strata_allocation,hour,11
strata_allocation,stratum_n,227733
strata_allocation,proportion,0.00359556236432844
strata_allocation,raw_allocation,35.9556236432844
strata_allocation,n_alloc,36
strata_allocation,ship_type,Unknown
strata_allocation,hour,11
strata_allocation,stratum_n,69682
strata_allocation,proportion,0.00110017422451351
strata_allocation,raw_allocation,11.0017422451351
strata_allocation,n_alloc,11
strata_allocation,ship_type,Wing In Ground
strata_allocation,hour,11
strata_allocation,stratum_n,9384
strata_allocation,proportion,0.000148159279625079
strata_allocation,raw_allocation,1.48159279625079
strata_allocation,n_alloc,1
strata_allocation,ship_type,Cargo
strata_allocation,hour,12
strata_allocation,stratum_n,834191
strata_allocation,proportion,0.0131706242145912
strata_allocation,raw_allocation,131.706242145912
strata_allocation,n_alloc,132
strata_allocation,ship_type,Fishing Vessel
strata_allocation,hour,12
strata_allocation,stratum_n,259603
strata_allocation,proportion,0.0040987418444703
strata_allocation,raw_allocation,40.987418444703
strata_allocation,n_alloc,41
strata_allocation,ship_type,High-Speed Craft
strata_allocation,hour,12
strata_allocation,stratum_n,24885
strata_allocation,proportion,0.000392896810898347
strata_allocation,raw_allocation,3.92896810898347
strata_allocation,n_alloc,4
strata_allocation,ship_type,Other
strata_allocation,hour,12
strata_allocation,stratum_n,374220
strata_allocation,proportion,0.00590837229553463
strata_allocation,raw_allocation,59.0837229553463
strata_allocation,n_alloc,59
strata_allocation,ship_type,Passenger Ship
strata_allocation,hour,12
strata_allocation,stratum_n,114418
strata_allocation,proportion,0.0018064885396571
strata_allocation,raw_allocation,18.064885396571
strata_allocation,n_alloc,18
strata_allocation,ship_type,Pleasure Craft
strata_allocation,hour,12
strata_allocation,stratum_n,64069
strata_allocation,proportion,0.00101155337663035
strata_allocation,raw_allocation,10.1155337663035
strata_allocation,n_alloc,10
strata_allocation,ship_type,Reserved
strata_allocation,hour,12
strata_allocation,stratum_n,5219
strata_allocation,proportion,8.24001790668463e-05
strata_allocation,raw_allocation,0.824001790668463
strata_allocation,n_alloc,2
strata_allocation,ship_type,Sailing Vessel
strata_allocation,hour,12
strata_allocation,stratum_n,31966
strata_allocation,proportion,0.000504695176097108
strata_allocation,raw_allocation,5.04695176097108
strata_allocation,n_alloc,5
strata_allocation,ship_type,Search and Rescue
strata_allocation,hour,12
strata_allocation,stratum_n,9180
strata_allocation,proportion,0.000144938425720186
strata_allocation,raw_allocation,1.44938425720186
strata_allocation,n_alloc,1
strata_allocation,ship_type,Special Craft
strata_allocation,hour,12
strata_allocation,stratum_n,115324
strata_allocation,proportion,0.00182079292023472
strata_allocation,raw_allocation,18.2079292023472
strata_allocation,n_alloc,18
strata_allocation,ship_type,Tanker
strata_allocation,hour,12
strata_allocation,stratum_n,416751
strata_allocation,proportion,0.00657987296920622
strata_allocation,raw_allocation,65.7987296920622
strata_allocation,n_alloc,66
strata_allocation,ship_type,Tug
strata_allocation,hour,12
strata_allocation,stratum_n,234160
strata_allocation,proportion,0.0036970350508321
strata_allocation,raw_allocation,36.970350508321
strata_allocation,n_alloc,37
strata_allocation,ship_type,Unknown
strata_allocation,hour,12
strata_allocation,stratum_n,73897
strata_allocation,proportion,0.00116672275004843
strata_allocation,raw_allocation,11.6672275004843
strata_allocation,n_alloc,12
strata_allocation,ship_type,Wing In Ground
strata_allocation,hour,12
strata_allocation,stratum_n,9668
strata_allocation,proportion,0.000152643213492675
strata_allocation,raw_allocation,1.52643213492675
strata_allocation,n_alloc,1
strata_allocation,ship_type,Cargo
strata_allocation,hour,13
strata_allocation,stratum_n,854805
strata_allocation,proportion,0.0134960883439808
strata_allocation,raw_allocation,134.960883439808
strata_allocation,n_alloc,135
strata_allocation,ship_type,Fishing Vessel
strata_allocation,hour,13
strata_allocation,stratum_n,257462
strata_allocation,proportion,0.00406493866696846
strata_allocation,raw_allocation,40.6493866696846
strata_allocation,n_alloc,41
strata_allocation,ship_type,High-Speed Craft
strata_allocation,hour,13
strata_allocation,stratum_n,25887
strata_allocation,proportion,0.000408716887431203
strata_allocation,raw_allocation,4.08716887431203
strata_allocation,n_alloc,4
strata_allocation,ship_type,Other
strata_allocation,hour,13
strata_allocation,stratum_n,377491
strata_allocation,proportion,0.00596001647750965
strata_allocation,raw_allocation,59.6001647750965
strata_allocation,n_alloc,60
strata_allocation,ship_type,Passenger Ship
strata_allocation,hour,13
strata_allocation,stratum_n,106738
strata_allocation,proportion,0.0016852328632376
strata_allocation,raw_allocation,16.852328632376
strata_allocation,n_alloc,17
strata_allocation,ship_type,Pleasure Craft
strata_allocation,hour,13
strata_allocation,stratum_n,62753
strata_allocation,proportion,0.000990775711243879
strata_allocation,raw_allocation,9.90775711243879
strata_allocation,n_alloc,10
strata_allocation,ship_type,Reserved
strata_allocation,hour,13
strata_allocation,stratum_n,5755
strata_allocation,proportion,9.08628148169574e-05
strata_allocation,raw_allocation,0.908628148169574
strata_allocation,n_alloc,2
strata_allocation,ship_type,Sailing Vessel
strata_allocation,hour,13
strata_allocation,stratum_n,30414
strata_allocation,proportion,0.000480191424820668
strata_allocation,raw_allocation,4.80191424820667
strata_allocation,n_alloc,5
strata_allocation,ship_type,Search and Rescue
strata_allocation,hour,13
strata_allocation,stratum_n,9656
strata_allocation,proportion,0.000152453751498269
strata_allocation,raw_allocation,1.52453751498269
strata_allocation,n_alloc,1
strata_allocation,ship_type,Special Craft
strata_allocation,hour,13
strata_allocation,stratum_n,116396
strata_allocation,proportion,0.00183771819173494
strata_allocation,raw_allocation,18.3771819173494
strata_allocation,n_alloc,18
strata_allocation,ship_type,Tanker
strata_allocation,hour,13
strata_allocation,stratum_n,440819
strata_allocation,proportion,0.00695987057598546
strata_allocation,raw_allocation,69.5987057598546
strata_allocation,n_alloc,70
strata_allocation,ship_type,Tug
strata_allocation,hour,13
strata_allocation,stratum_n,244553
strata_allocation,proportion,0.00386112492648677
strata_allocation,raw_allocation,38.6112492648677
strata_allocation,n_alloc,39
strata_allocation,ship_type,Unknown
strata_allocation,hour,13
strata_allocation,stratum_n,75208
strata_allocation,proportion,0.00118742147293723
strata_allocation,raw_allocation,11.8742147293723
strata_allocation,n_alloc,12
strata_allocation,ship_type,Wing In Ground
strata_allocation,hour,13
strata_allocation,stratum_n,10127
strata_allocation,proportion,0.000159890134778684
strata_allocation,raw_allocation,1.59890134778684
strata_allocation,n_alloc,2
strata_allocation,ship_type,Cargo
strata_allocation,hour,14
strata_allocation,stratum_n,885048
strata_allocation,proportion,0.0139735799353811
strata_allocation,raw_allocation,139.735799353811
strata_allocation,n_alloc,140
strata_allocation,ship_type,Fishing Vessel
strata_allocation,hour,14
strata_allocation,stratum_n,270056
strata_allocation,proportion,0.004263779030097
strata_allocation,raw_allocation,42.63779030097
strata_allocation,n_alloc,43
strata_allocation,ship_type,High-Speed Craft
strata_allocation,hour,14
strata_allocation,stratum_n,25164
strata_allocation,proportion,0.000397301802268274
strata_allocation,raw_allocation,3.97301802268274
strata_allocation,n_alloc,4
strata_allocation,ship_type,Other
strata_allocation,hour,14
strata_allocation,stratum_n,384505
strata_allocation,proportion,0.00607075701323965
strata_allocation,raw_allocation,60.7075701323965
strata_allocation,n_alloc,61
strata_allocation,ship_type,Passenger Ship
strata_allocation,hour,14
strata_allocation,stratum_n,113391
strata_allocation,proportion,0.0017902737506359
strata_allocation,raw_allocation,17.902737506359
strata_allocation,n_alloc,18
strata_allocation,ship_type,Pleasure Craft
strata_allocation,hour,14
strata_allocation,stratum_n,63894
strata_allocation,proportion,0.00100879038921193
strata_allocation,raw_allocation,10.0879038921193
strata_allocation,n_alloc,10
strata_allocation,ship_type,Reserved
strata_allocation,hour,14
strata_allocation,stratum_n,5672
strata_allocation,proportion,8.95523693556529e-05
strata_allocation,raw_allocation,0.895523693556529
strata_allocation,n_alloc,2
strata_allocation,ship_type,Sailing Vessel
strata_allocation,hour,14
strata_allocation,stratum_n,31587
strata_allocation,proportion,0.000498711334773802
strata_allocation,raw_allocation,4.98711334773802
strata_allocation,n_alloc,5
strata_allocation,ship_type,Search and Rescue
strata_allocation,hour,14
strata_allocation,stratum_n,9992
strata_allocation,proportion,0.000157758687341623
strata_allocation,raw_allocation,1.57758687341623
strata_allocation,n_alloc,1
strata_allocation,ship_type,Special Craft
strata_allocation,hour,14
strata_allocation,stratum_n,115952
strata_allocation,proportion,0.00183070809794194
strata_allocation,raw_allocation,18.3070809794194
strata_allocation,n_alloc,18
strata_allocation,ship_type,Tanker
strata_allocation,hour,14
strata_allocation,stratum_n,447770
strata_allocation,proportion,0.00706961643624483
strata_allocation,raw_allocation,70.6961643624483
strata_allocation,n_alloc,71
strata_allocation,ship_type,Tug
strata_allocation,hour,14
strata_allocation,stratum_n,246948
strata_allocation,proportion,0.0038989383828702
strata_allocation,raw_allocation,38.989383828702
strata_allocation,n_alloc,39
strata_allocation,ship_type,Unknown
strata_allocation,hour,14
strata_allocation,stratum_n,79824
strata_allocation,proportion,0.0012603011867852
strata_allocation,raw_allocation,12.603011867852
strata_allocation,n_alloc,13
strata_allocation,ship_type,Wing In Ground
strata_allocation,hour,14
strata_allocation,stratum_n,10093
strata_allocation,proportion,0.000159353325794535
strata_allocation,raw_allocation,1.59353325794535
strata_allocation,n_alloc,1
strata_allocation,ship_type,Cargo
strata_allocation,hour,15
strata_allocation,stratum_n,880992
strata_allocation,proportion,0.0139095417812721
strata_allocation,raw_allocation,139.095417812721
strata_allocation,n_alloc,139
strata_allocation,ship_type,Fishing Vessel
strata_allocation,hour,15
strata_allocation,stratum_n,275959
strata_allocation,proportion,0.00435697854284496
strata_allocation,raw_allocation,43.5697854284496
strata_allocation,n_alloc,43
strata_allocation,ship_type,High-Speed Craft
strata_allocation,hour,15
strata_allocation,stratum_n,26331
strata_allocation,proportion,0.000415726981224206
strata_allocation,raw_allocation,4.15726981224206
strata_allocation,n_alloc,4
strata_allocation,ship_type,Other
strata_allocation,hour,15
strata_allocation,stratum_n,382278
strata_allocation,proportion,0.0060355960247779
strata_allocation,raw_allocation,60.355960247779
strata_allocation,n_alloc,60
strata_allocation,ship_type,Passenger Ship
strata_allocation,hour,15
strata_allocation,stratum_n,116608
strata_allocation,proportion,0.0018410653536361
strata_allocation,raw_allocation,18.410653536361
strata_allocation,n_alloc,18
strata_allocation,ship_type,Pleasure Craft
strata_allocation,hour,15
strata_allocation,stratum_n,64002
strata_allocation,proportion,0.00101049554716158
strata_allocation,raw_allocation,10.1049554716158
strata_allocation,n_alloc,10
strata_allocation,ship_type,Reserved
strata_allocation,hour,15
strata_allocation,stratum_n,6121
strata_allocation,proportion,9.66414056463243e-05
strata_allocation,raw_allocation,0.966414056463243
strata_allocation,n_alloc,2
strata_allocation,ship_type,Sailing Vessel
strata_allocation,hour,15
strata_allocation,stratum_n,31331
strata_allocation,proportion,0.000494669478893152
strata_allocation,raw_allocation,4.94669478893152
strata_allocation,n_alloc,5
strata_allocation,ship_type,Search and Rescue
strata_allocation,hour,15
strata_allocation,stratum_n,10444
strata_allocation,proportion,0.000164895089130895
strata_allocation,raw_allocation,1.64895089130895
strata_allocation,n_alloc,2
strata_allocation,ship_type,Special Craft
strata_allocation,hour,15
strata_allocation,stratum_n,119234
strata_allocation,proportion,0.00188252595341183
strata_allocation,raw_allocation,18.8252595341183
strata_allocation,n_alloc,19
strata_allocation,ship_type,Tanker
strata_allocation,hour,15
strata_allocation,stratum_n,443943
strata_allocation,proportion,0.00700919384852902
strata_allocation,raw_allocation,70.0919384852902
strata_allocation,n_alloc,70
strata_allocation,ship_type,Tug
strata_allocation,hour,15
strata_allocation,stratum_n,253713
strata_allocation,proportion,0.00400574758221628
strata_allocation,raw_allocation,40.0574758221628
strata_allocation,n_alloc,40
strata_allocation,ship_type,Unknown
strata_allocation,hour,15
strata_allocation,stratum_n,81311
strata_allocation,proportion,0.00128377868559194
strata_allocation,raw_allocation,12.8377868559194
strata_allocation,n_alloc,13
strata_allocation,ship_type,Wing In Ground
strata_allocation,hour,15
strata_allocation,stratum_n,10422
strata_allocation,proportion,0.000164547742141152
strata_allocation,raw_allocation,1.64547742141152
strata_allocation,n_alloc,2
strata_allocation,ship_type,Cargo
strata_allocation,hour,16
strata_allocation,stratum_n,881800
strata_allocation,proportion,0.0139222988888954
strata_allocation,raw_allocation,139.222988888954
strata_allocation,n_alloc,139
strata_allocation,ship_type,Fishing Vessel
strata_allocation,hour,16
strata_allocation,stratum_n,285378
strata_allocation,proportion,0.00450569041995372
strata_allocation,raw_allocation,45.0569041995372
strata_allocation,n_alloc,45
strata_allocation,ship_type,High-Speed Craft
strata_allocation,hour,16
strata_allocation,stratum_n,26425
strata_allocation,proportion,0.000417211100180382
strata_allocation,raw_allocation,4.17211100180382
strata_allocation,n_alloc,4
strata_allocation,ship_type,Other
strata_allocation,hour,16
strata_allocation,stratum_n,388505
strata_allocation,proportion,0.00613391101137481
strata_allocation,raw_allocation,61.3391101137481
strata_allocation,n_alloc,61
strata_allocation,ship_type,Passenger Ship
strata_allocation,hour,16
strata_allocation,stratum_n,120289
strata_allocation,proportion,0.00189918282041998
strata_allocation,raw_allocation,18.9918282041998
strata_allocation,n_alloc,19
strata_allocation,ship_type,Pleasure Craft
strata_allocation,hour,16
strata_allocation,stratum_n,63591
strata_allocation,proportion,0.00100400647385319
strata_allocation,raw_allocation,10.0400647385319
strata_allocation,n_alloc,10
strata_allocation,ship_type,Reserved
strata_allocation,hour,16
strata_allocation,stratum_n,6385
strata_allocation,proportion,0.000100809569523245
strata_allocation,raw_allocation,1.00809569523245
strata_allocation,n_alloc,1
strata_allocation,ship_type,Sailing Vessel
strata_allocation,hour,16
strata_allocation,stratum_n,31460
strata_allocation,proportion,0.000496706195333011
strata_allocation,raw_allocation,4.96706195333011
strata_allocation,n_alloc,5
strata_allocation,ship_type,Search and Rescue
strata_allocation,hour,16
strata_allocation,stratum_n,10171
strata_allocation,proportion,0.000160584828758171
strata_allocation,raw_allocation,1.60584828758171
strata_allocation,n_alloc,2
strata_allocation,ship_type,Special Craft
strata_allocation,hour,16
strata_allocation,stratum_n,120999
strata_allocation,proportion,0.00191039265508897
strata_allocation,raw_allocation,19.1039265508897
strata_allocation,n_alloc,19
strata_allocation,ship_type,Tanker
strata_allocation,hour,16
strata_allocation,stratum_n,454610
strata_allocation,proportion,0.00717760977305595
strata_allocation,raw_allocation,71.7760977305595
strata_allocation,n_alloc,72
strata_allocation,ship_type,Tug
strata_allocation,hour,16
strata_allocation,stratum_n,246122
strata_allocation,proportion,0.00388589708225529
strata_allocation,raw_allocation,38.8589708225529
strata_allocation,n_alloc,39
strata_allocation,ship_type,Unknown
strata_allocation,hour,16
strata_allocation,stratum_n,84758
strata_allocation,proportion,0.00133820164348491
strata_allocation,raw_allocation,13.3820164348491
strata_allocation,n_alloc,13
strata_allocation,ship_type,Wing In Ground
strata_allocation,hour,16
strata_allocation,stratum_n,10308
strata_allocation,proportion,0.0001627478531943
strata_allocation,raw_allocation,1.627478531943
strata_allocation,n_alloc,2
strata_allocation,ship_type,Cargo
strata_allocation,hour,17
strata_allocation,stratum_n,918852
strata_allocation,proportion,0.0145072943736214
strata_allocation,raw_allocation,145.072943736214
strata_allocation,n_alloc,145
strata_allocation,ship_type,Fishing Vessel
strata_allocation,hour,17
strata_allocation,stratum_n,273899
strata_allocation,proportion,0.00432445423380535
strata_allocation,raw_allocation,43.2445423380535
strata_allocation,n_alloc,43
strata_allocation,ship_type,High-Speed Craft
strata_allocation,hour,17
strata_allocation,stratum_n,26478
strata_allocation,proportion,0.000418047890655673
strata_allocation,raw_allocation,4.18047890655673
strata_allocation,n_alloc,4
strata_allocation,ship_type,Other
strata_allocation,hour,17
strata_allocation,stratum_n,380865
strata_allocation,proportion,0.00601328687493666
strata_allocation,raw_allocation,60.1328687493666
strata_allocation,n_alloc,60
strata_allocation,ship_type,Passenger Ship
strata_allocation,hour,17
strata_allocation,stratum_n,111940
strata_allocation,proportion,0.00176736463781237
strata_allocation,raw_allocation,17.6736463781237
strata_allocation,n_alloc,18
strata_allocation,ship_type,Pleasure Craft
strata_allocation,hour,17
strata_allocation,stratum_n,64382
strata_allocation,proportion,0.00101649517698442
strata_allocation,raw_allocation,10.1649517698442
strata_allocation,n_alloc,10
strata_allocation,ship_type,Reserved
strata_allocation,hour,17
strata_allocation,stratum_n,6300
strata_allocation,proportion,9.94675470628725e-05
strata_allocation,raw_allocation,0.994675470628725
strata_allocation,n_alloc,2
strata_allocation,ship_type,Sailing Vessel
strata_allocation,hour,17
strata_allocation,stratum_n,31838
strata_allocation,proportion,0.000502674248156783
strata_allocation,raw_allocation,5.02674248156783
strata_allocation,n_alloc,5
strata_allocation,ship_type,Search and Rescue
strata_allocation,hour,17
strata_allocation,stratum_n,9878
strata_allocation,proportion,0.000155958798394771
strata_allocation,raw_allocation,1.55958798394771
strata_allocation,n_alloc,1
strata_allocation,ship_type,Special Craft
strata_allocation,hour,17
strata_allocation,stratum_n,119431
strata_allocation,proportion,0.00188563628781999
strata_allocation,raw_allocation,18.8563628781999
strata_allocation,n_alloc,19
strata_allocation,ship_type,Tanker
strata_allocation,hour,17
strata_allocation,stratum_n,465477
strata_allocation,proportion,0.00734918339748964
strata_allocation,raw_allocation,73.4918339748964
strata_allocation,n_alloc,73
strata_allocation,ship_type,Tug
strata_allocation,hour,17
strata_allocation,stratum_n,243726
strata_allocation,proportion,0.00384806783737233
strata_allocation,raw_allocation,38.4806783737233
strata_allocation,n_alloc,38
strata_allocation,ship_type,Unknown
strata_allocation,hour,17
strata_allocation,stratum_n,78868
strata_allocation,proportion,0.00124520738123089
strata_allocation,raw_allocation,12.4520738123089
strata_allocation,n_alloc,12
strata_allocation,ship_type,Wing In Ground
strata_allocation,hour,17
strata_allocation,stratum_n,9807
strata_allocation,proportion,0.000154837814927872
strata_allocation,raw_allocation,1.54837814927872
strata_allocation,n_alloc,1
strata_allocation,ship_type,Cargo
strata_allocation,hour,18
strata_allocation,stratum_n,905058
strata_allocation,proportion,0.0142895078110523
strata_allocation,raw_allocation,142.895078110523
strata_allocation,n_alloc,143
strata_allocation,ship_type,Fishing Vessel
strata_allocation,hour,18
strata_allocation,stratum_n,279760
strata_allocation,proportion,0.00441699062957289
strata_allocation,raw_allocation,44.1699062957289
strata_allocation,n_alloc,44
strata_allocation,ship_type,High-Speed Craft
strata_allocation,hour,18
strata_allocation,stratum_n,25201
strata_allocation,proportion,0.000397885976751024
strata_allocation,raw_allocation,3.97885976751024
strata_allocation,n_alloc,4
strata_allocation,ship_type,Other
strata_allocation,hour,18
strata_allocation,stratum_n,371675
strata_allocation,proportion,0.00586819056422113
strata_allocation,raw_allocation,58.6819056422113
strata_allocation,n_alloc,59
strata_allocation,ship_type,Passenger Ship
strata_allocation,hour,18
strata_allocation,stratum_n,108756
strata_allocation,proportion,0.00171709405529679
strata_allocation,raw_allocation,17.1709405529679
strata_allocation,n_alloc,17
strata_allocation,ship_type,Pleasure Craft
strata_allocation,hour,18
strata_allocation,stratum_n,64452
strata_allocation,proportion,0.00101760037195179
strata_allocation,raw_allocation,10.1760037195179
strata_allocation,n_alloc,10
strata_allocation,ship_type,Reserved
strata_allocation,hour,18
strata_allocation,stratum_n,5606
strata_allocation,proportion,8.85103283864228e-05
strata_allocation,raw_allocation,0.885103283864228
strata_allocation,n_alloc,2
strata_allocation,ship_type,Sailing Vessel
strata_allocation,hour,18
strata_allocation,stratum_n,31543
strata_allocation,proportion,0.000498016640794316
strata_allocation,raw_allocation,4.98016640794316
strata_allocation,n_alloc,5
strata_allocation,ship_type,Search and Rescue
strata_allocation,hour,18
strata_allocation,stratum_n,10026
strata_allocation,proportion,0.000158295496325771
strata_allocation,raw_allocation,1.58295496325771
strata_allocation,n_alloc,1
strata_allocation,ship_type,Special Craft
strata_allocation,hour,18
strata_allocation,stratum_n,117162
strata_allocation,proportion,0.00184981218237782
strata_allocation,raw_allocation,18.4981218237782
strata_allocation,n_alloc,18
strata_allocation,ship_type,Tanker
strata_allocation,hour,18
strata_allocation,stratum_n,469719
strata_allocation,proportion,0.00741615821251197
strata_allocation,raw_allocation,74.1615821251197
strata_allocation,n_alloc,74
strata_allocation,ship_type,Tug
strata_allocation,hour,18
strata_allocation,stratum_n,237878
strata_allocation,proportion,0.00375573669209873
strata_allocation,raw_allocation,37.5573669209873
strata_allocation,n_alloc,37
strata_allocation,ship_type,Unknown
strata_allocation,hour,18
strata_allocation,stratum_n,80833
strata_allocation,proportion,0.00127623178281479
strata_allocation,raw_allocation,12.7623178281479
strata_allocation,n_alloc,13
strata_allocation,ship_type,Wing In Ground
strata_allocation,hour,18
strata_allocation,stratum_n,10034
strata_allocation,proportion,0.000158421804322042
strata_allocation,raw_allocation,1.58421804322042
strata_allocation,n_alloc,1
strata_allocation,ship_type,Cargo
strata_allocation,hour,19
strata_allocation,stratum_n,868486
strata_allocation,proportion,0.0137120908061025
strata_allocation,raw_allocation,137.120908061025
strata_allocation,n_alloc,137
strata_allocation,ship_type,Fishing Vessel
strata_allocation,hour,19
strata_allocation,stratum_n,252332
strata_allocation,proportion,0.00398394366436012
strata_allocation,raw_allocation,39.8394366436012
strata_allocation,n_alloc,40
strata_allocation,ship_type,High-Speed Craft
strata_allocation,hour,19
strata_allocation,stratum_n,23858
strata_allocation,proportion,0.000376682021877145
strata_allocation,raw_allocation,3.76682021877145
strata_allocation,n_alloc,4
strata_allocation,ship_type,Other
strata_allocation,hour,19
strata_allocation,stratum_n,366853
strata_allocation,proportion,0.0057920584194692
strata_allocation,raw_allocation,57.920584194692
strata_allocation,n_alloc,58
strata_allocation,ship_type,Passenger Ship
strata_allocation,hour,19
strata_allocation,stratum_n,113155
strata_allocation,proportion,0.00178654766474593
strata_allocation,raw_allocation,17.8654766474593
strata_allocation,n_alloc,18
strata_allocation,ship_type,Pleasure Craft
strata_allocation,hour,19
strata_allocation,stratum_n,62919
strata_allocation,proportion,0.000993396602166488
strata_allocation,raw_allocation,9.93396602166488
strata_allocation,n_alloc,10
strata_allocation,ship_type,Reserved
strata_allocation,hour,19
strata_allocation,stratum_n,5886
strata_allocation,proportion,9.29311082558838e-05
strata_allocation,raw_allocation,0.929311082558838
strata_allocation,n_alloc,2
strata_allocation,ship_type,Sailing Vessel
strata_allocation,hour,19
strata_allocation,stratum_n,31973
strata_allocation,proportion,0.000504805695593845
strata_allocation,raw_allocation,5.04805695593845
strata_allocation,n_alloc,5
strata_allocation,ship_type,Search and Rescue
strata_allocation,hour,19
strata_allocation,stratum_n,11427
strata_allocation,proportion,0.00018041518417261
strata_allocation,raw_allocation,1.8041518417261
strata_allocation,n_alloc,2
strata_allocation,ship_type,Special Craft
strata_allocation,hour,19
strata_allocation,stratum_n,119148
strata_allocation,proportion,0.00188116814245193
strata_allocation,raw_allocation,18.8116814245193
strata_allocation,n_alloc,19
strata_allocation,ship_type,Tanker
strata_allocation,hour,19
strata_allocation,stratum_n,458483
strata_allocation,proportion,0.00723875863175032
strata_allocation,raw_allocation,72.3875863175032
strata_allocation,n_alloc,72
strata_allocation,ship_type,Tug
strata_allocation,hour,19
strata_allocation,stratum_n,241755
strata_allocation,proportion,0.00381694870479123
strata_allocation,raw_allocation,38.1694870479123
strata_allocation,n_alloc,38
strata_allocation,ship_type,Unknown
strata_allocation,hour,19
strata_allocation,stratum_n,81571
strata_allocation,proportion,0.00128788369547073
strata_allocation,raw_allocation,12.8788369547073
strata_allocation,n_alloc,13
strata_allocation,ship_type,Wing In Ground
strata_allocation,hour,19
strata_allocation,stratum_n,9614
strata_allocation,proportion,0.00015179063451785
strata_allocation,raw_allocation,1.5179063451785
strata_allocation,n_alloc,1
strata_allocation,ship_type,Cargo
strata_allocation,hour,20
strata_allocation,stratum_n,882359
strata_allocation,proportion,0.0139311246601348
strata_allocation,raw_allocation,139.311246601348
strata_allocation,n_alloc,139
strata_allocation,ship_type,Fishing Vessel
strata_allocation,hour,20
strata_allocation,stratum_n,232632
strata_allocation,proportion,0.00367291022354447
strata_allocation,raw_allocation,36.7291022354447
strata_allocation,n_alloc,37
strata_allocation,ship_type,High-Speed Craft
strata_allocation,hour,20
strata_allocation,stratum_n,24532
strata_allocation,proportion,0.000387323470562919
strata_allocation,raw_allocation,3.87323470562919
strata_allocation,n_alloc,4
strata_allocation,ship_type,Other
strata_allocation,hour,20
strata_allocation,stratum_n,376826
strata_allocation,proportion,0.00594951712531968
strata_allocation,raw_allocation,59.4951712531968
strata_allocation,n_alloc,59
strata_allocation,ship_type,Passenger Ship
strata_allocation,hour,20
strata_allocation,stratum_n,116796
strata_allocation,proportion,0.00184403359154845
strata_allocation,raw_allocation,18.4403359154845
strata_allocation,n_alloc,18
strata_allocation,ship_type,Pleasure Craft
strata_allocation,hour,20
strata_allocation,stratum_n,62921
strata_allocation,proportion,0.000993428179165556
strata_allocation,raw_allocation,9.93428179165556
strata_allocation,n_alloc,10
strata_allocation,ship_type,Reserved
strata_allocation,hour,20
strata_allocation,stratum_n,6078
strata_allocation,proportion,9.59625001663713e-05
strata_allocation,raw_allocation,0.959625001663713
strata_allocation,n_alloc,2
strata_allocation,ship_type,Sailing Vessel
strata_allocation,hour,20
strata_allocation,stratum_n,31350
strata_allocation,proportion,0.000494969460384294
strata_allocation,raw_allocation,4.94969460384294
strata_allocation,n_alloc,5
strata_allocation,ship_type,Search and Rescue
strata_allocation,hour,20
strata_allocation,stratum_n,10367
strata_allocation,proportion,0.000163679374666794
strata_allocation,raw_allocation,1.63679374666794
strata_allocation,n_alloc,2
strata_allocation,ship_type,Special Craft
strata_allocation,hour,20
strata_allocation,stratum_n,118396
strata_allocation,proportion,0.00186929519080252
strata_allocation,raw_allocation,18.6929519080252
strata_allocation,n_alloc,19
strata_allocation,ship_type,Tanker
strata_allocation,hour,20
strata_allocation,stratum_n,469556
strata_allocation,proportion,0.00741358468708796
strata_allocation,raw_allocation,74.1358468708796
strata_allocation,n_alloc,74
strata_allocation,ship_type,Tug
strata_allocation,hour,20
strata_allocation,stratum_n,244561
strata_allocation,proportion,0.00386125123448304
strata_allocation,raw_allocation,38.6125123448304
strata_allocation,n_alloc,39
strata_allocation,ship_type,Unknown
strata_allocation,hour,20
strata_allocation,stratum_n,78525
strata_allocation,proportion,0.0012397919258908
strata_allocation,raw_allocation,12.397919258908
strata_allocation,n_alloc,12
strata_allocation,ship_type,Wing In Ground
strata_allocation,hour,20
strata_allocation,stratum_n,10398
strata_allocation,proportion,0.000164168818152341
strata_allocation,raw_allocation,1.64168818152341
strata_allocation,n_alloc,2
strata_allocation,ship_type,Cargo
strata_allocation,hour,21
strata_allocation,stratum_n,848891
strata_allocation,proportion,0.0134027151577379
strata_allocation,raw_allocation,134.027151577379
strata_allocation,n_alloc,134
strata_allocation,ship_type,Fishing Vessel
strata_allocation,hour,21
strata_allocation,stratum_n,244259
strata_allocation,proportion,0.00385648310762384
strata_allocation,raw_allocation,38.5648310762384
strata_allocation,n_alloc,38
strata_allocation,ship_type,High-Speed Craft
strata_allocation,hour,21
strata_allocation,stratum_n,25049
strata_allocation,proportion,0.000395486124821888
strata_allocation,raw_allocation,3.95486124821888
strata_allocation,n_alloc,4
strata_allocation,ship_type,Other
strata_allocation,hour,21
strata_allocation,stratum_n,381213
strata_allocation,proportion,0.00601878127277442
strata_allocation,raw_allocation,60.1878127277442
strata_allocation,n_alloc,60
strata_allocation,ship_type,Passenger Ship
strata_allocation,hour,21
strata_allocation,stratum_n,127315
strata_allocation,proportion,0.00201011281814438
strata_allocation,raw_allocation,20.1011281814438
strata_allocation,n_alloc,20
strata_allocation,ship_type,Pleasure Craft
strata_allocation,hour,21
strata_allocation,stratum_n,63845
strata_allocation,proportion,0.00100801675273478
strata_allocation,raw_allocation,10.0801675273478
strata_allocation,n_alloc,10
strata_allocation,ship_type,Reserved
strata_allocation,hour,21
strata_allocation,stratum_n,6123
strata_allocation,proportion,9.66729826453918e-05
strata_allocation,raw_allocation,0.966729826453918
strata_allocation,n_alloc,2
strata_allocation,ship_type,Sailing Vessel
strata_allocation,hour,21
strata_allocation,stratum_n,30673
strata_allocation,proportion,0.000484280646199919
strata_allocation,raw_allocation,4.84280646199919
strata_allocation,n_alloc,5
strata_allocation,ship_type,Search and Rescue
strata_allocation,hour,21
strata_allocation,stratum_n,10172
strata_allocation,proportion,0.000160600617257705
strata_allocation,raw_allocation,1.60600617257705
strata_allocation,n_alloc,2
strata_allocation,ship_type,Special Craft
strata_allocation,hour,21
strata_allocation,stratum_n,117306
strata_allocation,proportion,0.00185208572631069
strata_allocation,raw_allocation,18.5208572631069
strata_allocation,n_alloc,18
strata_allocation,ship_type,Tanker
strata_allocation,hour,21
strata_allocation,stratum_n,450712
strata_allocation,proportion,0.00711606620187324
strata_allocation,raw_allocation,71.1606620187324
strata_allocation,n_alloc,71
strata_allocation,ship_type,Tug
strata_allocation,hour,21
strata_allocation,stratum_n,247068
strata_allocation,proportion,0.00390083300281425
strata_allocation,raw_allocation,39.0083300281425
strata_allocation,n_alloc,39
strata_allocation,ship_type,Unknown
strata_allocation,hour,21
strata_allocation,stratum_n,80959
strata_allocation,proportion,0.00127822113375605
strata_allocation,raw_allocation,12.7822113375605
strata_allocation,n_alloc,13
strata_allocation,ship_type,Wing In Ground
strata_allocation,hour,21
strata_allocation,stratum_n,10117
strata_allocation,proportion,0.000159732249783346
strata_allocation,raw_allocation,1.59732249783346
strata_allocation,n_alloc,1
strata_allocation,ship_type,Cargo
strata_allocation,hour,22
strata_allocation,stratum_n,807960
strata_allocation,proportion,0.0127564760833204
strata_allocation,raw_allocation,127.564760833204
strata_allocation,n_alloc,127
strata_allocation,ship_type,Fishing Vessel
strata_allocation,hour,22
strata_allocation,stratum_n,217064
strata_allocation,proportion,0.00342711486280244
strata_allocation,raw_allocation,34.2711486280244
strata_allocation,n_alloc,34
strata_allocation,ship_type,High-Speed Craft
strata_allocation,hour,22
strata_allocation,stratum_n,22289
strata_allocation,proportion,0.000351909866108629
strata_allocation,raw_allocation,3.5190986610863
strata_allocation,n_alloc,3
strata_allocation,ship_type,Other
strata_allocation,hour,22
strata_allocation,stratum_n,361586
strata_allocation,proportion,0.00570890039242473
strata_allocation,raw_allocation,57.0890039242473
strata_allocation,n_alloc,57
strata_allocation,ship_type,Passenger Ship
strata_allocation,hour,22
strata_allocation,stratum_n,109908
strata_allocation,proportion,0.00173528240675971
strata_allocation,raw_allocation,17.3528240675971
strata_allocation,n_alloc,17
strata_allocation,ship_type,Pleasure Craft
strata_allocation,hour,22
strata_allocation,stratum_n,59146
strata_allocation,proportion,0.000933826593425501
strata_allocation,raw_allocation,9.33826593425501
strata_allocation,n_alloc,9
strata_allocation,ship_type,Reserved
strata_allocation,hour,22
strata_allocation,stratum_n,5644
strata_allocation,proportion,8.91102913687068e-05
strata_allocation,raw_allocation,0.891102913687068
strata_allocation,n_alloc,2
strata_allocation,ship_type,Sailing Vessel
strata_allocation,hour,22
strata_allocation,stratum_n,28303
strata_allocation,proportion,0.000446861902304838
strata_allocation,raw_allocation,4.46861902304838
strata_allocation,n_alloc,4
strata_allocation,ship_type,Search and Rescue
strata_allocation,hour,22
strata_allocation,stratum_n,9636
strata_allocation,proportion,0.000152137981507594
strata_allocation,raw_allocation,1.52137981507594
strata_allocation,n_alloc,1
strata_allocation,ship_type,Special Craft
strata_allocation,hour,22
strata_allocation,stratum_n,110997
strata_allocation,proportion,0.00175247608275201
strata_allocation,raw_allocation,17.5247608275201
strata_allocation,n_alloc,17
strata_allocation,ship_type,Tanker
strata_allocation,hour,22
strata_allocation,stratum_n,432437
strata_allocation,proportion,0.00682753137289324
strata_allocation,raw_allocation,68.2753137289324
strata_allocation,n_alloc,68
strata_allocation,ship_type,Tug
strata_allocation,hour,22
strata_allocation,stratum_n,233763
strata_allocation,proportion,0.00369076701651719
strata_allocation,raw_allocation,36.9076701651719
strata_allocation,n_alloc,37
strata_allocation,ship_type,Unknown
strata_allocation,hour,22
strata_allocation,stratum_n,71181
strata_allocation,proportion,0.00112384118531466
strata_allocation,raw_allocation,11.2384118531466
strata_allocation,n_alloc,11
strata_allocation,ship_type,Wing In Ground
strata_allocation,hour,22
strata_allocation,stratum_n,9234
strata_allocation,proportion,0.00014579100469501
strata_allocation,raw_allocation,1.4579100469501
strata_allocation,n_alloc,1
strata_allocation,ship_type,Cargo
strata_allocation,hour,23
strata_allocation,stratum_n,591479
strata_allocation,proportion,0.00933856591574616
strata_allocation,raw_allocation,93.3856591574616
strata_allocation,n_alloc,93
strata_allocation,ship_type,Fishing Vessel
strata_allocation,hour,23
strata_allocation,stratum_n,145920
strata_allocation,proportion,0.00230385785197053
strata_allocation,raw_allocation,23.0385785197053
strata_allocation,n_alloc,23
strata_allocation,ship_type,High-Speed Craft
strata_allocation,hour,23
strata_allocation,stratum_n,17426
strata_allocation,proportion,0.000275130392875812
strata_allocation,raw_allocation,2.75130392875812
strata_allocation,n_alloc,3
strata_allocation,ship_type,Other
strata_allocation,hour,23
strata_allocation,stratum_n,280419
strata_allocation,proportion,0.00442739525076566
strata_allocation,raw_allocation,44.2739525076566
strata_allocation,n_alloc,44
strata_allocation,ship_type,Passenger Ship
strata_allocation,hour,23
strata_allocation,stratum_n,76923
strata_allocation,proportion,0.00121449874963767
strata_allocation,raw_allocation,12.1449874963767
strata_allocation,n_alloc,12
strata_allocation,ship_type,Pleasure Craft
strata_allocation,hour,23
strata_allocation,stratum_n,47729
strata_allocation,proportion,0.000753569294248229
strata_allocation,raw_allocation,7.53569294248229
strata_allocation,n_alloc,7
strata_allocation,ship_type,Reserved
strata_allocation,hour,23
strata_allocation,stratum_n,4293
strata_allocation,proportion,6.77800284985574e-05
strata_allocation,raw_allocation,0.677800284985574
strata_allocation,n_alloc,2
strata_allocation,ship_type,Sailing Vessel
strata_allocation,hour,23
strata_allocation,stratum_n,20292
strata_allocation,proportion,0.000320380232539652
strata_allocation,raw_allocation,3.20380232539652
strata_allocation,n_alloc,3
strata_allocation,ship_type,Search and Rescue
strata_allocation,hour,23
strata_allocation,stratum_n,7140
strata_allocation,proportion,0.000112729886671256
strata_allocation,raw_allocation,1.12729886671256
strata_allocation,n_alloc,1
strata_allocation,ship_type,Special Craft
strata_allocation,hour,23
strata_allocation,stratum_n,83380
strata_allocation,proportion,0.00131644509112735
strata_allocation,raw_allocation,13.1644509112735
strata_allocation,n_alloc,13
strata_allocation,ship_type,Tanker
strata_allocation,hour,23
strata_allocation,stratum_n,332575
strata_allocation,proportion,0.00525086023244997
strata_allocation,raw_allocation,52.5086023244997
strata_allocation,n_alloc,52
strata_allocation,ship_type,Tug
strata_allocation,hour,23
strata_allocation,stratum_n,178666
strata_allocation,proportion,0.002820868057704
strata_allocation,raw_allocation,28.20868057704
strata_allocation,n_alloc,28
strata_allocation,ship_type,Unknown
strata_allocation,hour,23
strata_allocation,stratum_n,54244
strata_allocation,proportion,0.000856431368710866
strata_allocation,raw_allocation,8.56431368710866
strata_allocation,n_alloc,8
strata_allocation,ship_type,Wing In Ground
strata_allocation,hour,23
strata_allocation,stratum_n,7029
strata_allocation,proportion,0.000110977363223005
strata_allocation,raw_allocation,1.10977363223005
strata_allocation,n_alloc,1
sample_sizes,interval_sample_rows,10000
sample_sizes,stratified_sample_rows,10000
