mmsi,msg_timestamp,latitude,longitude,speed,course,heading,collection_type
563040400,2021-01-01T06:35:09Z,44.048005,28.84323,9.7,320.3,320,terrestrial
563040400,2021-01-01T06:40:11Z,44.05834,28.831708333333335,9.4,321.8,320,terrestrial
563040400,2021-01-01T06:40:45Z,44.059288333333335,28.830658333333332,9.4,321,320,dynamic
563040400,2021-01-01T06:45:08Z,44.068441666666665,28.82059,8.9,321.6,319,terrestrial
563040400,2021-01-01T06:46:23Z,44.068441666666665,28.82059,8.9,321.6,319,terrestrial
563040400,2021-01-01T06:50:03Z,44.077373333333334,28.81065,8.4,322.7,327,terrestrial
563040400,2021-01-01T06:55:07Z,44.087535,28.805036666666666,7.2,342.4,341,terrestrial
563040400,2021-01-01T06:55:46Z,44.088825,28.804455,7.1,343,341,dynamic
563040400,2021-01-01T06:58:23Z,44.088825,28.804455,7.1,343,341,terrestrial
563040400,2021-01-01T07:00:14Z,44.096758333333334,28.801086666666667,5.8,343.2,341,terrestrial
563040400,2021-01-01T07:04:22Z,44.096758333333334,28.801086666666667,5.8,343.2,341,terrestrial
563040400,2021-01-01T07:05:08Z,44.10339666666667,28.798328333333334,4.6,344.5,342,terrestrial
563040400,2021-01-01T07:10:09Z,44.10827333333334,28.796438333333334,3.1,343,343,terrestrial
563040400,2021-01-01T07:15:07Z,44.11231166666666,28.796168333333334,2.8,34.8,38,terrestrial
563040400,2021-01-01T07:20:07Z,44.116076666666665,28.798761666666667,3.4,11.9,9,terrestrial
563040400,2021-01-01T07:22:25Z,44.116076666666665,28.798761666666667,3.4,11.9,9,terrestrial
563040400,2021-01-01T07:25:06Z,44.12101833333333,28.80005166666667,3.5,9.5,3,terrestrial
563040400,2021-01-01T07:26:05Z,44.12179666666667,28.8002,3.5,6,0,dynamic
563040400,2021-01-01T07:28:26Z,44.12179666666667,28.8002,3.5,6,0,terrestrial
563040400,2021-01-01T07:30:08Z,44.125728333333335,28.80007833333333,3.3,352.8,348,terrestrial
563040400,2021-01-01T07:34:25Z,44.125728333333335,28.80007833333333,3.3,352.8,348,terrestrial
563040400,2021-01-01T07:35:07Z,44.129886666666664,28.798498333333335,3,333.7,329,terrestrial
563040400,2021-01-01T07:40:05Z,44.133615,28.795898333333334,3.1,333.3,329,terrestrial
563040400,2021-01-01T07:40:29Z,44.133615,28.795898333333334,3.1,333.3,329,terrestrial
563040400,2021-01-01T07:41:06Z,44.134405,28.795338333333333,3.2,333,329,dynamic
563040400,2021-01-01T07:45:06Z,44.13749166666667,28.792995,2.9,315,296,terrestrial
563040400,2021-01-01T07:50:08Z,44.139601666666664,28.7883,2.9,301.2,297,terrestrial
563040400,2021-01-01T07:52:25Z,44.139601666666664,28.7883,2.9,301.2,297,terrestrial
563040400,2021-01-01T07:55:07Z,44.141931666666665,28.783213333333332,3.2,301.7,297,terrestrial
563040400,2021-01-01T07:56:17Z,44.14241333333333,28.782138333333332,3.2,302,297,dynamic
563040400,2021-01-01T07:58:22Z,44.14241333333333,28.782138333333332,3.2,302,297,terrestrial
563040400,2021-01-01T08:00:10Z,44.14400333333333,28.77861,1.6,301.7,299,terrestrial
563040400,2021-01-01T08:04:23Z,44.14400333333333,28.77861,1.6,301.7,299,terrestrial
563040400,2021-01-01T08:05:01Z,44.14467166666667,28.777761666666667,0.3,51.2,305,terrestrial
563040400,2021-01-01T08:10:07Z,44.144585,28.778675,0.4,97.9,310,terrestrial
563040400,2021-01-01T08:10:24Z,44.144585,28.778675,0.4,97.9,310,terrestrial
563040400,2021-01-01T08:11:26Z,44.144571666666664,28.778911666666666,0.4,94,312,dynamic
563040400,2021-01-01T08:16:25Z,44.144951666666664,28.779645,0.5,12.7,286,terrestrial
563040400,2021-01-01T08:19:25Z,44.144951666666664,28.779645,0.5,12.7,286,terrestrial
563040400,2021-01-01T08:22:27Z,44.14581833333333,28.77948,0.5,344.1,259,terrestrial
563040400,2021-01-01T08:25:25Z,44.14581833333333,28.77948,0.5,344.1,259,terrestrial
563040400,2021-01-01T08:25:26Z,44.14621,28.779345,0.5,342.8,252,terrestrial
563040400,2021-01-01T08:31:24Z,44.146915,28.778845,0.4,318.4,231,terrestrial
563040400,2021-01-01T08:31:26Z,44.146915,28.778845,0.4,318.4,231,terrestrial
563040400,2021-01-01T08:37:25Z,44.147225,28.778095,0.3,286.9,210,terrestrial
563040400,2021-01-01T08:40:21Z,44.14727166666667,28.777833333333334,0.2,280.8,204,terrestrial
563040400,2021-01-01T08:43:26Z,44.14727166666667,28.777833333333334,0.2,280.8,204,terrestrial
563040400,2021-01-01T08:46:21Z,44.147306666666665,28.777591666666666,0.1,281.8,198,terrestrial
563040400,2021-01-01T08:49:32Z,44.147308333333335,28.77752,0,282,196,dynamic
563040400,2021-01-01T08:52:21Z,44.147306666666665,28.777561666666667,0,281.8,195,terrestrial
563040400,2021-01-01T08:55:25Z,44.14727166666667,28.777665,0.1,281.8,197,terrestrial
563040400,2021-01-01T09:01:25Z,44.147215,28.777995,0.2,100.5,206,terrestrial
563040400,2021-01-01T09:04:34Z,44.14718333333333,28.778173333333335,0.1,103,212,dynamic
563040400,2021-01-01T09:07:24Z,44.14713666666667,28.778306666666666,0.1,102.6,217,terrestrial
563040400,2021-01-01T09:07:25Z,44.14713666666667,28.778306666666666,0.1,102.6,217,terrestrial
563040400,2021-01-01T09:10:27Z,44.14708,28.778356666666667,0.1,102.6,219,terrestrial
563040400,2021-01-01T09:16:23Z,44.146926666666666,28.778465,0.1,102.6,225,terrestrial
563040400,2021-01-01T09:19:25Z,44.146926666666666,28.778465,0.1,102.6,225,terrestrial
563040400,2021-01-01T09:19:37Z,44.14687,28.778518333333334,0.1,103,230,dynamic
563040400,2021-01-01T09:22:26Z,44.14683333333333,28.778598333333335,0,102.6,233,terrestrial
563040400,2021-01-01T09:22:27Z,44.14683333333333,28.778598333333335,0,102.6,233,terrestrial
563040400,2021-01-01T09:25:26Z,44.14687,28.778641666666665,0.1,102.6,232,terrestrial
563040400,2021-01-01T09:25:32Z,44.14687,28.778641666666665,0.1,102.6,232,terrestrial
563040400,2021-01-01T09:26:34Z,44.14687,28.778641666666665,0.1,102.6,232,terrestrial
563040400,2021-01-01T09:31:25Z,44.14687,28.778641666666665,0.1,102.6,232,terrestrial
563040400,2021-01-01T09:31:26Z,44.14687,28.778641666666665,0.1,102.6,232,terrestrial
563040400,2021-01-01T09:32:32Z,44.14687,28.778641666666665,0.1,102.6,232,terrestrial
563040400,2021-01-01T09:34:26Z,44.14691166666667,28.778583333333334,0,102.6,226,terrestrial
563040400,2021-01-01T09:37:25Z,44.14691166666667,28.778583333333334,0,102.6,226,terrestrial
563040400,2021-01-01T09:37:26Z,44.14691666666667,28.77855,0,102.6,227,terrestrial
563040400,2021-01-01T09:37:37Z,44.14691666666667,28.77855,0,103,227,dynamic
563040400,2021-01-01T09:38:23Z,44.14691666666667,28.77855,0,103,227,terrestrial
563040400,2021-01-01T09:38:24Z,44.14691666666667,28.77855,0,103,227,terrestrial
563040400,2021-01-01T09:40:28Z,44.146948333333334,28.77851,0,102.6,227,terrestrial
563040400,2021-01-01T09:43:27Z,44.146948333333334,28.77851,0,102.6,227,terrestrial
563040400,2021-01-01T09:43:29Z,44.146948333333334,28.77851,0,102.6,227,terrestrial
563040400,2021-01-01T09:44:34Z,44.146948333333334,28.77851,0,102.6,227,terrestrial
563040400,2021-01-01T09:46:27Z,44.146966666666664,28.778496666666666,0,102.6,224,terrestrial
563040400,2021-01-01T09:49:24Z,44.14697666666667,28.778565,0.1,102.6,223,terrestrial
563040400,2021-01-01T09:49:25Z,44.14697666666667,28.778565,0.1,102.6,223,terrestrial
563040400,2021-01-01T09:49:31Z,44.14697666666667,28.778565,0.1,102.6,223,terrestrial
563040400,2021-01-01T09:52:26Z,44.146948333333334,28.778718333333334,0.2,112.9,222,terrestrial
563040400,2021-01-01T09:52:27Z,44.146948333333334,28.778718333333334,0.2,112.9,222,terrestrial
563040400,2021-01-01T09:55:21Z,44.146856666666665,28.778905,0.2,130.3,225,terrestrial
563040400,2021-01-01T09:55:26Z,44.146856666666665,28.778905,0.2,130.3,225,terrestrial
563040400,2021-01-01T09:55:34Z,44.146856666666665,28.778905,0.2,130.3,225,terrestrial
563040400,2021-01-01T10:01:23Z,44.14653666666667,28.779218333333333,0.2,161,241,terrestrial
563040400,2021-01-01T10:01:25Z,44.14653666666667,28.779218333333333,0.2,161,241,terrestrial
563040400,2021-01-01T10:01:26Z,44.14653666666667,28.779218333333333,0.2,161,241,terrestrial
563040400,2021-01-01T10:07:24Z,44.146303333333336,28.779283333333332,0.1,169.9,251,terrestrial
563040400,2021-01-01T10:07:26Z,44.146303333333336,28.779283333333332,0.1,169.9,251,terrestrial
563040400,2021-01-01T10:07:34Z,44.146303333333336,28.779283333333332,0.1,169.9,251,terrestrial
563040400,2021-01-01T10:08:37Z,44.146303333333336,28.779283333333332,0.1,169.9,251,terrestrial
563040400,2021-01-01T10:10:28Z,44.146295,28.77926,0,169.9,252,terrestrial
563040400,2021-01-01T10:10:39Z,44.146295,28.77926,0,170,252,dynamic
563040400,2021-01-01T10:13:25Z,44.146295,28.77926,0,170,252,terrestrial
563040400,2021-01-01T10:16:21Z,44.146391666666666,28.77929,0.1,169.9,246,terrestrial
563040400,2021-01-01T10:16:22Z,44.146391666666666,28.77929,0.1,169.9,246,terrestrial
563040400,2021-01-01T10:19:25Z,44.146391666666666,28.77929,0.1,169.9,246,terrestrial
563040400,2021-01-01T10:19:29Z,44.146391666666666,28.77929,0.1,169.9,246,terrestrial
563040400,2021-01-01T10:22:24Z,44.146411666666665,28.779301666666665,0.1,169.9,242,terrestrial
563040400,2021-01-01T10:22:25Z,44.146411666666665,28.779301666666665,0.1,169.9,242,terrestrial
563040400,2021-01-01T10:25:24Z,44.14635666666667,28.779335,0.1,169.9,244,terrestrial
563040400,2021-01-01T10:25:30Z,44.14635666666667,28.779335,0.1,169.9,244,terrestrial
563040400,2021-01-01T10:28:33Z,44.14626666666667,28.77938,0.1,170,247,dynamic
563040400,2021-01-01T10:31:25Z,44.14626666666667,28.77938,0.1,170,247,terrestrial
563040400,2021-01-01T10:31:26Z,44.14618333333333,28.779465,0.1,169.9,250,terrestrial
563040400,2021-01-01T10:31:27Z,44.14618333333333,28.779465,0.1,169.9,250,terrestrial
563040400,2021-01-01T10:31:33Z,44.14618333333333,28.779465,0.1,169.9,250,terrestrial
563040400,2021-01-01T10:32:19Z,44.14618333333333,28.779465,0.1,169.9,250,terrestrial
563040400,2021-01-01T10:37:25Z,44.14618333333333,28.779465,0.1,169.9,250,terrestrial
563040400,2021-01-01T10:37:28Z,44.14606333333333,28.779506666666666,0.1,169.9,256,terrestrial
563040400,2021-01-01T10:40:25Z,44.14604166666667,28.77950166666667,0.1,169.9,257,terrestrial
563040400,2021-01-01T10:43:25Z,44.14604166666667,28.77950166666667,0.1,169.9,257,terrestrial
563040400,2021-01-01T10:43:28Z,44.14606833333333,28.779486666666667,0,169.9,257,terrestrial
563040400,2021-01-01T10:44:10Z,44.14606833333333,28.779486666666667,0,169.9,257,terrestrial
563040400,2021-01-01T10:44:16Z,44.14606833333333,28.779486666666667,0,169.9,257,terrestrial
563040400,2021-01-01T10:46:24Z,44.14611,28.779458333333334,0.1,169.9,256,terrestrial
563040400,2021-01-01T10:46:36Z,44.14611,28.779458333333334,0.1,170,256,dynamic
563040400,2021-01-01T10:49:29Z,44.146168333333335,28.77944,0.1,169.9,253,terrestrial
563040400,2021-01-01T10:49:32Z,44.146168333333335,28.77944,0.1,169.9,253,terrestrial
563040400,2021-01-01T10:49:37Z,44.146168333333335,28.77944,0.1,169.9,253,terrestrial
563040400,2021-01-01T10:50:46Z,44.146168333333335,28.77944,0.1,169.9,253,terrestrial
563040400,2021-01-01T10:52:25Z,44.14625,28.779416666666666,0.1,335.5,250,terrestrial
563040400,2021-01-01T10:55:25Z,44.14625,28.779416666666666,0.1,335.5,250,terrestrial
563040400,2021-01-01T10:55:29Z,44.146341666666665,28.779386666666667,0.1,335.5,246,terrestrial
563040400,2021-01-01T10:58:27Z,44.146438333333336,28.779356666666665,0.1,335.5,242,terrestrial
563040400,2021-01-01T11:01:28Z,44.146483333333336,28.779301666666665,0,335.5,238,terrestrial
563040400,2021-01-01T11:01:32Z,44.146483333333336,28.779301666666665,0,335.5,238,terrestrial
563040400,2021-01-01T11:01:35Z,44.146483333333336,28.779301666666665,0,335.5,238,terrestrial
563040400,2021-01-01T11:01:41Z,44.146483333333336,28.779301666666665,0,335.5,238,terrestrial
563040400,2021-01-01T11:07:28Z,44.14645,28.779283333333332,0,335.5,241,terrestrial
563040400,2021-01-01T11:07:36Z,44.14645,28.779283333333332,0,335.5,241,terrestrial
563040400,2021-01-01T11:10:28Z,44.14643,28.779275,0,335.5,242,terrestrial
563040400,2021-01-01T11:13:34Z,44.14643,28.779275,0,335.5,242,terrestrial
563040400,2021-01-01T11:16:29Z,44.14641833333334,28.779356666666665,0,335.5,242,terrestrial
563040400,2021-01-01T11:16:36Z,44.14641833333334,28.779356666666665,0,335.5,242,terrestrial
563040400,2021-01-01T11:16:40Z,44.14641833333334,28.779356666666665,0,336,242,dynamic
563040400,2021-01-01T11:19:26Z,44.14641833333334,28.779356666666665,0,336,242,terrestrial
563040400,2021-01-01T11:19:32Z,44.14641833333334,28.779356666666665,0,336,242,terrestrial
563040400,2021-01-01T11:22:28Z,44.14637666666667,28.779348333333335,0,335.5,244,terrestrial
563040400,2021-01-01T11:22:37Z,44.14637666666667,28.779348333333335,0,335.5,244,terrestrial
563040400,2021-01-01T11:25:25Z,44.14637333333334,28.779308333333333,0,335.5,245,terrestrial
563040400,2021-01-01T11:25:39Z,44.14637333333334,28.779308333333333,0,335.5,245,terrestrial
563040400,2021-01-01T11:31:24Z,44.14637833333333,28.779473333333332,0.1,335.5,244,terrestrial
563040400,2021-01-01T11:31:25Z,44.14637833333333,28.779473333333332,0.1,335.5,244,terrestrial
563040400,2021-01-01T11:31:30Z,44.14637833333333,28.779473333333332,0.1,335.5,244,terrestrial
563040400,2021-01-01T11:31:31Z,44.14637833333333,28.779473333333332,0.1,335.5,244,terrestrial
563040400,2021-01-01T11:31:40Z,44.14637833333333,28.779473333333332,0.1,335.5,244,terrestrial
563040400,2021-01-01T11:33:05Z,44.14637833333333,28.779473333333332,0.1,335.5,244,terrestrial
563040400,2021-01-01T11:33:06Z,44.14637833333333,28.779473333333332,0.1,335.5,244,terrestrial
563040400,2021-01-01T11:34:39Z,44.14628,28.779476666666667,0.1,181,247,dynamic
563040400,2021-01-01T11:37:24Z,44.14615166666667,28.779476666666667,0.1,185.1,251,terrestrial
563040400,2021-01-01T11:37:25Z,44.14615166666667,28.779476666666667,0.1,185.1,251,terrestrial
563040400,2021-01-01T11:37:26Z,44.14615166666667,28.779476666666667,0.1,185.1,251,terrestrial
563040400,2021-01-01T11:37:27Z,44.14615166666667,28.779476666666667,0.1,185.1,251,terrestrial
563040400,2021-01-01T11:40:28Z,44.14605,28.779513333333334,0.1,185.1,256,terrestrial
563040400,2021-01-01T11:43:24Z,44.14602,28.779566666666668,0,185.1,258,terrestrial
563040400,2021-01-01T11:43:25Z,44.14602,28.779566666666668,0,185.1,258,terrestrial
563040400,2021-01-01T11:43:26Z,44.14602,28.779566666666668,0,185.1,258,terrestrial
563040400,2021-01-01T11:43:32Z,44.14602,28.779566666666668,0,185.1,258,terrestrial
563040400,2021-01-01T11:43:36Z,44.14602,28.779566666666668,0,185.1,258,terrestrial
563040400,2021-01-01T11:46:29Z,44.146008333333334,28.779623333333333,0,185.1,258,terrestrial
563040400,2021-01-01T11:49:22Z,44.14599666666667,28.779625,0.1,185.1,257,terrestrial
563040400,2021-01-01T11:49:25Z,44.14599666666667,28.779625,0.1,185.1,257,terrestrial
563040400,2021-01-01T11:52:29Z,44.145943333333335,28.779566666666668,0.1,185.1,258,terrestrial
563040400,2021-01-01T11:52:36Z,44.145943333333335,28.779566666666668,0.1,185.1,258,terrestrial
563040400,2021-01-01T11:52:40Z,44.145943333333335,28.779566666666668,0.1,185,258,dynamic
563040400,2021-01-01T11:55:25Z,44.145896666666665,28.77955,0,185.1,259,terrestrial
563040400,2021-01-01T11:55:31Z,44.145896666666665,28.77955,0,185.1,259,terrestrial
563040400,2021-01-01T12:01:25Z,44.145896666666665,28.77955,0,185.1,259,terrestrial
563040400,2021-01-01T12:01:27Z,44.145925,28.779616666666666,0.1,185.1,261,terrestrial
563040400,2021-01-01T12:01:32Z,44.145925,28.779616666666666,0.1,185.1,261,terrestrial
563040400,2021-01-01T12:01:33Z,44.145925,28.779616666666666,0.1,185.1,261,terrestrial
563040400,2021-01-01T12:02:58Z,44.145925,28.779616666666666,0.1,185.1,261,terrestrial
563040400,2021-01-01T12:07:25Z,44.146065,28.77954,0.1,185.1,256,terrestrial
563040400,2021-01-01T12:07:30Z,44.146065,28.77954,0.1,185.1,256,terrestrial
563040400,2021-01-01T12:07:31Z,44.146065,28.77954,0.1,185.1,256,terrestrial
563040400,2021-01-01T12:10:21Z,44.146123333333335,28.779488333333333,0.1,185.1,253,terrestrial
563040400,2021-01-01T12:10:33Z,44.146123333333335,28.779488333333333,0.1,185,253,dynamic
563040400,2021-01-01T12:13:24Z,44.146195,28.77951,0.1,185.1,250,terrestrial
563040400,2021-01-01T12:13:32Z,44.146195,28.77951,0.1,185.1,250,terrestrial
563040400,2021-01-01T12:16:24Z,44.14628833333333,28.77951,0.1,185.1,246,terrestrial
563040400,2021-01-01T12:16:41Z,44.14628833333333,28.77951,0.1,185.1,246,terrestrial
563040400,2021-01-01T12:19:26Z,44.14628833333333,28.77951,0.1,185.1,246,terrestrial
563040400,2021-01-01T12:19:32Z,44.14628833333333,28.77951,0.1,185.1,246,terrestrial
563040400,2021-01-01T12:19:40Z,44.14628833333333,28.77951,0.1,185.1,246,terrestrial
563040400,2021-01-01T12:22:22Z,44.14633833333333,28.779435,0,185.1,244,terrestrial
563040400,2021-01-01T12:22:28Z,44.14633833333333,28.779435,0,185.1,244,terrestrial
563040400,2021-01-01T12:25:26Z,44.14636333333333,28.779436666666665,0,185.1,243,terrestrial
563040400,2021-01-01T12:25:32Z,44.14636333333333,28.779436666666665,0,185.1,243,terrestrial
563040400,2021-01-01T12:25:37Z,44.14636333333333,28.779436666666665,0,185,243,dynamic
563040400,2021-01-01T12:31:25Z,44.14632,28.779428333333332,0.1,185.1,246,terrestrial
563040400,2021-01-01T12:31:37Z,44.14632,28.779428333333332,0.1,185.1,246,terrestrial
563040400,2021-01-01T12:37:27Z,44.14626333333333,28.779488333333333,0.1,185.1,248,terrestrial
563040400,2021-01-01T12:37:33Z,44.14626333333333,28.779488333333333,0.1,185.1,248,terrestrial
563040400,2021-01-01T12:43:26Z,44.14626333333333,28.779488333333333,0.1,185.1,248,terrestrial
563040400,2021-01-01T12:43:40Z,44.14626333333333,28.779488333333333,0.1,185.1,248,terrestrial
563040400,2021-01-01T12:45:29Z,44.14626333333333,28.779488333333333,0.1,185.1,248,terrestrial
563040400,2021-01-01T12:46:26Z,44.146135,28.779486666666667,0.1,185.1,254,terrestrial
563040400,2021-01-01T12:46:32Z,44.146135,28.779486666666667,0.1,185.1,254,terrestrial
563040400,2021-01-01T12:49:26Z,44.146135,28.779486666666667,0.1,185.1,254,terrestrial
563040400,2021-01-01T12:49:42Z,44.146135,28.779486666666667,0.1,185.1,254,terrestrial
563040400,2021-01-01T12:51:35Z,44.146135,28.779486666666667,0.1,185.1,254,terrestrial
563040400,2021-01-01T12:52:26Z,44.146145,28.77947,0.1,185.1,254,terrestrial
563040400,2021-01-01T12:52:32Z,44.146145,28.77947,0.1,185.1,254,terrestrial
563040400,2021-01-01T12:55:25Z,44.14622833333333,28.779525,0.1,185.1,251,terrestrial
563040400,2021-01-01T12:55:32Z,44.14622833333333,28.779525,0.1,185.1,251,terrestrial
563040400,2021-01-01T12:55:36Z,44.14622833333333,28.779525,0.1,185.1,251,terrestrial
563040400,2021-01-01T12:58:37Z,44.14626166666667,28.779458333333334,0.1,185,248,dynamic
563040400,2021-01-01T13:01:26Z,44.146316666666664,28.779443333333333,0.1,185.1,246,terrestrial
563040400,2021-01-01T13:01:39Z,44.146316666666664,28.779443333333333,0.1,185.1,246,terrestrial
563040400,2021-01-01T13:07:26Z,44.146345,28.779451666666667,0.1,185.1,244,terrestrial
563040400,2021-01-01T13:07:28Z,44.146345,28.779451666666667,0.1,185.1,244,terrestrial
563040400,2021-01-01T13:10:29Z,44.14629166666667,28.779513333333334,0.1,185.1,246,terrestrial
563040400,2021-01-01T13:10:35Z,44.14629166666667,28.779513333333334,0.1,185.1,246,terrestrial
563040400,2021-01-01T13:13:32Z,44.14629166666667,28.779513333333334,0.1,185.1,246,terrestrial
563040400,2021-01-01T13:16:22Z,44.14614666666667,28.779578333333333,0.1,185.1,253,terrestrial
563040400,2021-01-01T13:16:26Z,44.14614666666667,28.779578333333333,0.1,185.1,253,terrestrial
563040400,2021-01-01T13:16:33Z,44.14614666666667,28.779578333333333,0.1,185,253,dynamic
563040400,2021-01-01T13:19:29Z,44.14614666666667,28.779578333333333,0.1,185,253,terrestrial
563040400,2021-01-01T13:19:34Z,44.14614666666667,28.779578333333333,0.1,185,253,terrestrial
563040400,2021-01-01T13:22:24Z,44.146045,28.779583333333335,0,185.1,256,terrestrial
563040400,2021-01-01T13:25:22Z,44.146035,28.779595,0,185.1,256,terrestrial
563040400,2021-01-01T13:25:28Z,44.146035,28.779595,0,185.1,256,terrestrial
563040400,2021-01-01T13:25:32Z,44.146035,28.779595,0,185.1,256,terrestrial
563040400,2021-01-01T13:25:38Z,44.146035,28.779595,0,185.1,256,terrestrial
563040400,2021-01-01T13:27:33Z,44.146035,28.779595,0,185.1,256,terrestrial
563040400,2021-01-01T13:31:28Z,44.146035,28.779595,0,185.1,256,terrestrial
563040400,2021-01-01T13:31:37Z,44.146035,28.779595,0,185.1,256,terrestrial
563040400,2021-01-01T13:34:24Z,44.14608666666667,28.779551666666666,0.1,185.1,255,terrestrial
563040400,2021-01-01T13:34:35Z,44.14608666666667,28.779551666666666,0.1,185,255,dynamic
563040400,2021-01-01T13:37:28Z,44.14612833333333,28.779473333333332,0.1,185.1,254,terrestrial
563040400,2021-01-01T13:37:32Z,44.14612833333333,28.779473333333332,0.1,185.1,254,terrestrial
563040400,2021-01-01T13:37:34Z,44.14612833333333,28.779473333333332,0.1,185.1,254,terrestrial
563040400,2021-01-01T13:40:06Z,44.14612833333333,28.779473333333332,0.1,185.1,254,terrestrial
563040400,2021-01-01T13:40:26Z,44.14622,28.779466666666668,0.1,185.1,252,terrestrial
563040400,2021-01-01T13:43:27Z,44.146321666666665,28.779471666666666,0.1,185.1,247,terrestrial
563040400,2021-01-01T13:43:33Z,44.146321666666665,28.779471666666666,0.1,185.1,247,terrestrial
563040400,2021-01-01T13:43:37Z,44.146321666666665,28.779471666666666,0.1,185.1,247,terrestrial
563040400,2021-01-01T13:46:26Z,44.146343333333334,28.779423333333334,0.1,185.1,244,terrestrial
563040400,2021-01-01T13:49:28Z,44.146366666666665,28.77936,0.1,185.1,244,terrestrial
563040400,2021-01-01T13:49:32Z,44.146366666666665,28.77936,0.1,185.1,244,terrestrial
563040400,2021-01-01T13:49:39Z,44.146366666666665,28.77936,0.1,185,244,dynamic
563040400,2021-01-01T13:49:40Z,44.146366666666665,28.77936,0.1,185,244,terrestrial
563040400,2021-01-01T13:52:25Z,44.146361666666664,28.779355,0,185.1,245,terrestrial
563040400,2021-01-01T13:55:27Z,44.146361666666664,28.779355,0,185.1,245,terrestrial
563040400,2021-01-01T13:55:28Z,44.14636,28.779416666666666,0,185.1,246,terrestrial
563040400,2021-01-01T13:55:32Z,44.14636,28.779416666666666,0,185.1,246,terrestrial
563040400,2021-01-01T13:55:33Z,44.14636,28.779416666666666,0,185.1,246,terrestrial
563040400,2021-01-01T13:55:41Z,44.14636,28.779416666666666,0,185.1,246,terrestrial
563040400,2021-01-01T13:58:47Z,44.14636,28.779416666666666,0,185.1,246,terrestrial
563040400,2021-01-01T13:58:48Z,44.14636,28.779416666666666,0,185.1,246,terrestrial
563040400,2021-01-01T14:01:28Z,44.14632666666667,28.779446666666665,0,185.1,248,terrestrial
563040400,2021-01-01T14:01:32Z,44.14632666666667,28.779446666666665,0,185.1,248,terrestrial
563040400,2021-01-01T14:01:35Z,44.14632666666667,28.779446666666665,0,185.1,248,terrestrial
563040400,2021-01-01T14:07:25Z,44.14632666666667,28.779446666666665,0,185.1,248,terrestrial
563040400,2021-01-01T14:07:29Z,44.14632666666667,28.779446666666665,0,185.1,248,terrestrial
563040400,2021-01-01T14:07:30Z,44.14624,28.779471666666666,0.1,185.1,250,terrestrial
563040400,2021-01-01T14:07:33Z,44.14624,28.779471666666666,0.1,185.1,250,terrestrial
563040400,2021-01-01T14:07:35Z,44.14624,28.779471666666666,0.1,185.1,250,terrestrial
563040400,2021-01-01T14:10:27Z,44.14623,28.779488333333333,0.1,185.1,251,terrestrial
563040400,2021-01-01T14:13:29Z,44.14623,28.779488333333333,0.1,185.1,251,terrestrial
563040400,2021-01-01T14:13:31Z,44.146188333333335,28.779465,0,185.1,254,terrestrial
563040400,2021-01-01T14:13:38Z,44.146188333333335,28.779465,0,185.1,254,terrestrial
563040400,2021-01-01T14:15:47Z,44.146188333333335,28.779465,0,185.1,254,terrestrial
563040400,2021-01-01T14:15:48Z,44.146188333333335,28.779465,0,185.1,254,terrestrial
563040400,2021-01-01T14:15:55Z,44.146188333333335,28.779465,0,185.1,254,terrestrial
563040400,2021-01-01T14:16:26Z,44.14617666666667,28.77944,0.1,185.1,255,terrestrial
563040400,2021-01-01T14:19:25Z,44.14617666666667,28.77944,0.1,185.1,255,terrestrial
563040400,2021-01-01T14:19:31Z,44.14617666666667,28.77944,0.1,185.1,255,terrestrial
563040400,2021-01-01T14:19:33Z,44.14617666666667,28.77944,0.1,185.1,255,terrestrial
563040400,2021-01-01T14:22:27Z,44.146251666666664,28.779363333333333,0.1,185.1,253,terrestrial
563040400,2021-01-01T14:22:33Z,44.146251666666664,28.779363333333333,0.1,185.1,253,terrestrial
563040400,2021-01-01T14:22:38Z,44.146251666666664,28.779363333333333,0.1,185,253,dynamic
563040400,2021-01-01T14:25:25Z,44.146315,28.779326666666666,0.1,185.1,250,terrestrial
563040400,2021-01-01T14:25:30Z,44.146315,28.779326666666666,0.1,185.1,250,terrestrial
563040400,2021-01-01T14:25:31Z,44.146315,28.779326666666666,0.1,185.1,250,terrestrial
563040400,2021-01-01T14:28:24Z,44.146315,28.779326666666666,0.1,185.1,250,terrestrial
563040400,2021-01-01T14:31:28Z,44.146438333333336,28.779348333333335,0,185.1,243,terrestrial
563040400,2021-01-01T14:31:32Z,44.146438333333336,28.779348333333335,0,185.1,243,terrestrial
563040400,2021-01-01T14:31:34Z,44.146438333333336,28.779348333333335,0,185.1,243,terrestrial
563040400,2021-01-01T14:31:39Z,44.146438333333336,28.779348333333335,0,185.1,243,terrestrial
563040400,2021-01-01T14:37:29Z,44.146393333333336,28.779335,0,185.1,246,terrestrial
563040400,2021-01-01T14:37:31Z,44.146393333333336,28.779335,0,185.1,246,terrestrial
563040400,2021-01-01T14:37:35Z,44.146393333333336,28.779335,0,185.1,246,terrestrial
563040400,2021-01-01T14:37:40Z,44.146393333333336,28.779335,0,185,246,dynamic
563040400,2021-01-01T14:40:27Z,44.14638166666667,28.779273333333332,0.1,185.1,248,terrestrial
563040400,2021-01-01T14:40:35Z,44.14638166666667,28.779273333333332,0.1,185.1,248,terrestrial
563040400,2021-01-01T14:43:32Z,44.14638166666667,28.779273333333332,0.1,185.1,248,terrestrial
563040400,2021-01-01T14:43:33Z,44.14638166666667,28.779273333333332,0.1,185.1,248,terrestrial
563040400,2021-01-01T14:46:14Z,44.14638166666667,28.779273333333332,0.1,185.1,248,terrestrial
563040400,2021-01-01T14:46:28Z,44.146393333333336,28.779193333333332,0.1,185.1,248,terrestrial
563040400,2021-01-01T14:49:25Z,44.146393333333336,28.779193333333332,0.1,185.1,248,terrestrial
563040400,2021-01-01T14:49:28Z,44.14644833333333,28.779146666666666,0.1,185.1,246,terrestrial
563040400,2021-01-01T14:49:30Z,44.14644833333333,28.779146666666666,0.1,185.1,246,terrestrial
563040400,2021-01-01T14:52:00Z,44.14644833333333,28.779146666666666,0.1,185.1,246,terrestrial
563040400,2021-01-01T14:52:29Z,44.14656166666666,28.779088333333334,0.1,185.1,243,terrestrial
563040400,2021-01-01T14:52:35Z,44.14656166666666,28.779088333333334,0.1,185.1,243,terrestrial
563040400,2021-01-01T14:52:40Z,44.14656166666666,28.779088333333334,0.1,185,243,dynamic
563040400,2021-01-01T14:55:25Z,44.14656166666666,28.779088333333334,0.1,185,243,terrestrial
563040400,2021-01-01T14:55:26Z,44.14660666666666,28.779096666666668,0.1,185.1,239,terrestrial
563040400,2021-01-01T14:55:31Z,44.14660666666666,28.779096666666668,0.1,185.1,239,terrestrial
563040400,2021-01-01T14:55:32Z,44.14660666666666,28.779096666666668,0.1,185.1,239,terrestrial
563040400,2021-01-01T14:55:38Z,44.14660666666666,28.779096666666668,0.1,185.1,239,terrestrial
563040400,2021-01-01T15:01:24Z,44.14666833333333,28.779161666666667,0,185.1,236,terrestrial
563040400,2021-01-01T15:01:30Z,44.14666833333333,28.779161666666667,0,185.1,236,terrestrial
563040400,2021-01-01T15:01:38Z,44.14666833333333,28.779161666666667,0,185.1,236,terrestrial
563040400,2021-01-01T15:07:27Z,44.14653166666667,28.779193333333332,0.1,185.1,242,terrestrial
563040400,2021-01-01T15:07:33Z,44.14653166666667,28.779193333333332,0.1,185.1,242,terrestrial
563040400,2021-01-01T15:10:27Z,44.1465,28.77923,0,185.1,245,terrestrial
563040400,2021-01-01T15:13:26Z,44.14654,28.77929,0.1,185.1,244,terrestrial
563040400,2021-01-01T15:13:36Z,44.14654,28.77929,0.1,185.1,244,terrestrial
563040400,2021-01-01T15:16:26Z,44.14652,28.779305,0,185.1,243,terrestrial
563040400,2021-01-01T15:17:00Z,44.14652,28.779305,0,185.1,243,terrestrial
563040400,2021-01-01T15:19:23Z,44.146476666666665,28.77929,0.1,185.1,244,terrestrial
563040400,2021-01-01T15:22:23Z,44.14644166666667,28.779255,0,185.1,246,terrestrial
563040400,2021-01-01T15:22:28Z,44.14644166666667,28.779255,0,185.1,246,terrestrial
563040400,2021-01-01T15:25:27Z,44.14641833333334,28.779215,0,185.1,248,terrestrial
563040400,2021-01-01T15:25:32Z,44.14641833333334,28.779215,0,185.1,248,terrestrial
563040400,2021-01-01T15:25:34Z,44.14641833333334,28.779215,0,185.1,248,terrestrial
563040400,2021-01-01T15:25:39Z,44.14641833333334,28.779215,0,185,248,dynamic
563040400,2021-01-01T15:31:27Z,44.146586666666664,28.77910333333333,0.1,185.1,242,terrestrial
563040400,2021-01-01T15:31:28Z,44.146586666666664,28.77910333333333,0.1,185.1,242,terrestrial
563040400,2021-01-01T15:37:25Z,44.146586666666664,28.77910333333333,0.1,185.1,242,terrestrial
563040400,2021-01-01T15:37:27Z,44.14675166666667,28.779005,0.1,185.1,232,terrestrial
563040400,2021-01-01T15:37:28Z,44.14675166666667,28.779005,0.1,185.1,232,terrestrial
563040400,2021-01-01T15:40:24Z,44.146785,28.779043333333334,0,185.1,230,terrestrial
563040400,2021-01-01T15:40:27Z,44.146785,28.779043333333334,0,185.1,230,terrestrial
563040400,2021-01-01T15:43:28Z,44.146785,28.779043333333334,0,185.1,230,terrestrial
563040400,2021-01-01T15:43:34Z,44.146785,28.779043333333334,0,185.1,230,terrestrial
563040400,2021-01-01T15:46:07Z,44.146785,28.779043333333334,0,185.1,230,terrestrial
563040400,2021-01-01T15:46:08Z,44.146785,28.779043333333334,0,185.1,230,terrestrial
563040400,2021-01-01T15:46:24Z,44.14671,28.779095,0,185.1,234,terrestrial
563040400,2021-01-01T15:46:36Z,44.14671,28.779095,0,185,234,dynamic
563040400,2021-01-01T15:49:26Z,44.146676666666664,28.779128333333333,0,185.1,237,terrestrial
563040400,2021-01-01T15:49:33Z,44.146676666666664,28.779128333333333,0,185.1,237,terrestrial
563040400,2021-01-01T15:52:27Z,44.146681666666666,28.779115,0,185.1,238,terrestrial
563040400,2021-01-01T15:52:28Z,44.146681666666666,28.779115,0,185.1,238,terrestrial
563040400,2021-01-01T15:55:25Z,44.146685,28.779073333333333,0.1,185.1,237,terrestrial
563040400,2021-01-01T15:55:26Z,44.146685,28.779073333333333,0.1,185.1,237,terrestrial
563040400,2021-01-01T15:55:28Z,44.146685,28.779073333333333,0.1,185.1,237,terrestrial
563040400,2021-01-01T15:55:29Z,44.146685,28.779073333333333,0.1,185.1,237,terrestrial
563040400,2021-01-01T15:55:38Z,44.146685,28.779073333333333,0.1,185.1,237,terrestrial
563040400,2021-01-01T16:01:25Z,44.14675166666667,28.778983333333333,0.1,185.1,235,terrestrial
563040400,2021-01-01T16:01:29Z,44.14675166666667,28.778983333333333,0.1,185.1,235,terrestrial
563040400,2021-01-01T16:01:30Z,44.14675166666667,28.778983333333333,0.1,185.1,235,terrestrial
563040400,2021-01-01T16:01:31Z,44.14675166666667,28.778983333333333,0.1,185.1,235,terrestrial
563040400,2021-01-01T16:01:36Z,44.14675166666667,28.778983333333333,0.1,185,235,dynamic
563040400,2021-01-01T16:05:27Z,44.14675166666667,28.778983333333333,0.1,185,235,terrestrial
563040400,2021-01-01T16:07:25Z,44.14675166666667,28.778983333333333,0.1,185,235,terrestrial
563040400,2021-01-01T16:07:28Z,44.14682666666667,28.778898333333334,0.1,185.1,231,terrestrial
563040400,2021-01-01T16:07:32Z,44.14682666666667,28.778898333333334,0.1,185.1,231,terrestrial
563040400,2021-01-01T16:07:35Z,44.14682666666667,28.778898333333334,0.1,185.1,231,terrestrial
563040400,2021-01-01T16:07:37Z,44.14682666666667,28.778898333333334,0.1,185.1,231,terrestrial
563040400,2021-01-01T16:10:27Z,44.146845,28.77886,0,185.1,229,terrestrial
563040400,2021-01-01T16:10:33Z,44.146845,28.77886,0,185.1,229,terrestrial
563040400,2021-01-01T16:13:27Z,44.146845,28.77886,0,185.1,229,terrestrial
563040400,2021-01-01T16:13:34Z,44.146845,28.77886,0,185.1,229,terrestrial
563040400,2021-01-01T16:16:28Z,44.146906666666666,28.77879,0.1,185.1,227,terrestrial
563040400,2021-01-01T16:16:29Z,44.146906666666666,28.77879,0.1,185.1,227,terrestrial
563040400,2021-01-01T16:16:39Z,44.146906666666666,28.77879,0.1,185,227,dynamic
563040400,2021-01-01T16:19:25Z,44.146906666666666,28.77879,0.1,185,227,terrestrial
563040400,2021-01-01T16:19:31Z,44.146906666666666,28.77879,0.1,185,227,terrestrial
563040400,2021-01-01T16:22:29Z,44.14694166666666,28.778833333333335,0,185.1,225,terrestrial
563040400,2021-01-01T16:22:36Z,44.14694166666666,28.778833333333335,0,185.1,225,terrestrial
563040400,2021-01-01T16:25:30Z,44.14691,28.778863333333334,0.1,185.1,225,terrestrial
563040400,2021-01-01T16:25:33Z,44.14691,28.778863333333334,0.1,185.1,225,terrestrial
563040400,2021-01-01T16:25:36Z,44.14691,28.778863333333334,0.1,185.1,225,terrestrial
563040400,2021-01-01T16:31:26Z,44.14691,28.778863333333334,0.1,185.1,225,terrestrial
563040400,2021-01-01T16:31:30Z,44.14680833333333,28.779018333333333,0.1,185.1,231,terrestrial
563040400,2021-01-01T16:31:34Z,44.14680833333333,28.779018333333333,0.1,185.1,231,terrestrial
563040400,2021-01-01T16:31:38Z,44.14680833333333,28.779018333333333,0.1,185.1,231,terrestrial
563040400,2021-01-01T16:33:41Z,44.14680833333333,28.779018333333333,0.1,185.1,231,terrestrial
563040400,2021-01-01T16:37:30Z,44.14680833333333,28.779018333333333,0.1,185.1,231,terrestrial
563040400,2021-01-01T16:37:31Z,44.146741666666664,28.779061666666667,0,185.1,236,terrestrial
563040400,2021-01-01T16:37:39Z,44.146741666666664,28.779061666666667,0,185.1,236,terrestrial
563040400,2021-01-01T16:40:25Z,44.14673,28.779003333333332,0.1,185.1,237,terrestrial
563040400,2021-01-01T16:40:31Z,44.14673,28.779003333333332,0.1,185.1,237,terrestrial
563040400,2021-01-01T16:43:33Z,44.14673,28.779003333333332,0.1,185.1,237,terrestrial
563040400,2021-01-01T16:46:26Z,44.14682666666667,28.778916666666667,0.1,185.1,233,terrestrial
563040400,2021-01-01T16:49:32Z,44.14691333333333,28.77884166666667,0.1,185.1,229,terrestrial
563040400,2021-01-01T16:49:43Z,44.14691333333333,28.77884166666667,0.1,185,229,dynamic
563040400,2021-01-01T16:52:27Z,44.14697666666667,28.778773333333334,0.1,185.1,225,terrestrial
563040400,2021-01-01T16:52:32Z,44.14697666666667,28.778773333333334,0.1,185.1,225,terrestrial
563040400,2021-01-01T16:55:25Z,44.14697666666667,28.778773333333334,0.1,185.1,225,terrestrial
563040400,2021-01-01T16:55:33Z,44.14697666666667,28.778718333333334,0.1,185.1,223,terrestrial
563040400,2021-01-01T16:55:39Z,44.14697666666667,28.778718333333334,0.1,185.1,223,terrestrial
563040400,2021-01-01T17:01:23Z,44.146995,28.778678333333332,0,185.1,224,terrestrial
563040400,2021-01-01T17:01:26Z,44.146995,28.778678333333332,0,185.1,224,terrestrial
563040400,2021-01-01T17:01:32Z,44.146995,28.778678333333332,0,185.1,224,terrestrial
563040400,2021-01-01T17:07:26Z,44.146995,28.778678333333332,0,185.1,224,terrestrial
563040400,2021-01-01T17:07:27Z,44.14707333333333,28.778621666666666,0.1,185.1,222,terrestrial
563040400,2021-01-01T17:07:32Z,44.14707333333333,28.778621666666666,0.1,185.1,222,terrestrial
563040400,2021-01-01T17:07:33Z,44.14707333333333,28.778621666666666,0.1,185.1,222,terrestrial
563040400,2021-01-01T17:07:35Z,44.14707333333333,28.778621666666666,0.1,185.1,222,terrestrial
563040400,2021-01-01T17:07:38Z,44.14707333333333,28.778621666666666,0.1,185,222,dynamic
563040400,2021-01-01T17:10:29Z,44.147056666666664,28.778573333333334,0,185.1,220,terrestrial
563040400,2021-01-01T17:13:26Z,44.147056666666664,28.778573333333334,0,185.1,220,terrestrial
563040400,2021-01-01T17:13:27Z,44.147055,28.778591666666667,0,185.1,219,terrestrial
563040400,2021-01-01T17:13:31Z,44.147055,28.778591666666667,0,185.1,219,terrestrial
563040400,2021-01-01T17:13:37Z,44.147055,28.778591666666667,0,185.1,219,terrestrial
563040400,2021-01-01T17:16:29Z,44.14705166666667,28.778646666666667,0,185.1,220,terrestrial
563040400,2021-01-01T17:16:35Z,44.14705166666667,28.778646666666667,0,185.1,220,terrestrial
563040400,2021-01-01T17:19:26Z,44.14705166666667,28.778646666666667,0,185.1,220,terrestrial
563040400,2021-01-01T17:19:34Z,44.14705166666667,28.778646666666667,0,185.1,220,terrestrial
563040400,2021-01-01T17:22:27Z,44.14697833333334,28.778663333333334,0,185.1,224,terrestrial
563040400,2021-01-01T17:22:33Z,44.14697833333334,28.778663333333334,0,185.1,224,terrestrial
563040400,2021-01-01T17:25:22Z,44.14697833333334,28.778646666666667,0,185.1,225,terrestrial
563040400,2021-01-01T17:25:23Z,44.14697833333334,28.778646666666667,0,185.1,225,terrestrial
563040400,2021-01-01T17:25:25Z,44.14697833333334,28.778646666666667,0,185.1,225,terrestrial
563040400,2021-01-01T17:25:33Z,44.14697833333334,28.778646666666667,0,185.1,225,terrestrial
563040400,2021-01-01T17:25:34Z,44.14697833333334,28.778646666666667,0,185,225,dynamic
563040400,2021-01-01T17:31:23Z,44.146948333333334,28.778703333333333,0,185.1,226,terrestrial
563040400,2021-01-01T17:31:28Z,44.146948333333334,28.778703333333333,0,185.1,226,terrestrial
563040400,2021-01-01T17:37:26Z,44.14687833333333,28.778776666666666,0.1,185.1,230,terrestrial
563040400,2021-01-01T17:37:27Z,44.14687833333333,28.778776666666666,0.1,185.1,230,terrestrial
563040400,2021-01-01T17:37:31Z,44.14687833333333,28.778776666666666,0.1,185.1,230,terrestrial
563040400,2021-01-01T17:38:54Z,44.14687833333333,28.778776666666666,0.1,185.1,230,terrestrial
563040400,2021-01-01T17:38:58Z,44.14687833333333,28.778776666666666,0.1,185.1,230,terrestrial
563040400,2021-01-01T17:40:23Z,44.146861666666666,28.7788,0,185.1,231,terrestrial
563040400,2021-01-01T17:40:24Z,44.146861666666666,28.7788,0,185.1,231,terrestrial
563040400,2021-01-01T17:40:35Z,44.146861666666666,28.7788,0,185,231,dynamic
563040400,2021-01-01T17:43:26Z,44.146861666666666,28.7788,0,185,231,terrestrial
563040400,2021-01-01T17:43:33Z,44.146861666666666,28.7788,0,185,231,terrestrial
563040400,2021-01-01T17:46:29Z,44.14687833333333,28.778766666666666,0,185.1,231,terrestrial
563040400,2021-01-01T17:49:26Z,44.14687833333333,28.778766666666666,0,185.1,231,terrestrial
563040400,2021-01-01T17:49:35Z,44.14687833333333,28.778766666666666,0,185.1,231,terrestrial
563040400,2021-01-01T17:52:27Z,44.146885,28.778745,0,185.1,231,terrestrial
563040400,2021-01-01T17:52:28Z,44.146885,28.778745,0,185.1,231,terrestrial
563040400,2021-01-01T17:55:25Z,44.14687,28.778706666666668,0.1,185.1,230,terrestrial
563040400,2021-01-01T17:55:30Z,44.14687,28.778706666666668,0.1,185.1,230,terrestrial
563040400,2021-01-01T18:01:26Z,44.14687,28.778706666666668,0.1,185.1,230,terrestrial
563040400,2021-01-01T18:01:27Z,44.146935,28.778658333333333,0,185.1,228,terrestrial
563040400,2021-01-01T18:01:31Z,44.146935,28.778658333333333,0,185.1,228,terrestrial
563040400,2021-01-01T18:07:25Z,44.146935,28.778658333333333,0,185.1,228,terrestrial
563040400,2021-01-01T18:07:29Z,44.146925,28.778621666666666,0,185.1,228,terrestrial
563040400,2021-01-01T18:07:34Z,44.146925,28.778621666666666,0,185.1,228,terrestrial
563040400,2021-01-01T18:10:31Z,44.14693833333333,28.778643333333335,0,185.1,229,terrestrial
563040400,2021-01-01T18:10:40Z,44.14693833333333,28.778643333333335,0,185,229,dynamic
563040400,2021-01-01T18:13:26Z,44.14693833333333,28.778643333333335,0,185,229,terrestrial
563040400,2021-01-01T18:13:29Z,44.14694166666666,28.77863333333333,0,185.1,228,terrestrial
563040400,2021-01-01T18:13:36Z,44.14694166666666,28.77863333333333,0,185.1,228,terrestrial
563040400,2021-01-01T18:14:09Z,44.14694166666666,28.77863333333333,0,185.1,228,terrestrial
563040400,2021-01-01T18:16:28Z,44.14696333333333,28.778618333333334,0,185.1,227,terrestrial
563040400,2021-01-01T18:16:34Z,44.14696333333333,28.778618333333334,0,185.1,227,terrestrial
563040400,2021-01-01T18:19:26Z,44.14696333333333,28.778618333333334,0,185.1,227,terrestrial
563040400,2021-01-01T18:19:36Z,44.14696333333333,28.778618333333334,0,185.1,227,terrestrial
563040400,2021-01-01T18:22:26Z,44.147,28.778666666666666,0,185.1,226,terrestrial
563040400,2021-01-01T18:22:34Z,44.147,28.778666666666666,0,185.1,226,terrestrial
563040400,2021-01-01T18:25:25Z,44.147,28.778666666666666,0,185.1,226,terrestrial
563040400,2021-01-01T18:25:30Z,44.146971666666666,28.778643333333335,0,185.1,226,terrestrial
563040400,2021-01-01T18:25:38Z,44.146971666666666,28.778643333333335,0,185.1,226,terrestrial
563040400,2021-01-01T18:25:41Z,44.146971666666666,28.778643333333335,0,185,226,dynamic
563040400,2021-01-01T18:31:31Z,44.14700166666667,28.778585,0,185.1,225,terrestrial
563040400,2021-01-01T18:31:34Z,44.14700166666667,28.778585,0,185.1,225,terrestrial
563040400,2021-01-01T18:31:42Z,44.14700166666667,28.778585,0,185.1,225,terrestrial
563040400,2021-01-01T18:34:35Z,44.147016666666666,28.77856,0,185.1,225,terrestrial
563040400,2021-01-01T18:37:29Z,44.147018333333335,28.778568333333332,0,185.1,224,terrestrial
563040400,2021-01-01T18:37:36Z,44.147018333333335,28.778568333333332,0,185.1,224,terrestrial
563040400,2021-01-01T18:40:24Z,44.14701,28.77855,0,185.1,223,terrestrial
563040400,2021-01-01T18:40:31Z,44.14701,28.77855,0,185.1,223,terrestrial
563040400,2021-01-01T18:43:34Z,44.14701,28.77855,0,185.1,223,terrestrial
563040400,2021-01-01T18:43:38Z,44.14701,28.77855,0,185.1,223,terrestrial
563040400,2021-01-01T18:43:41Z,44.14702,28.77856166666667,0,185,223,dynamic
563040400,2021-01-01T18:46:27Z,44.147013333333334,28.778556666666667,0,185.1,223,terrestrial
563040400,2021-01-01T18:46:28Z,44.147013333333334,28.778556666666667,0,185.1,223,terrestrial
563040400,2021-01-01T18:52:28Z,44.147005,28.778513333333333,0,185.1,224,terrestrial
563040400,2021-01-01T18:52:36Z,44.147005,28.778513333333333,0,185.1,224,terrestrial
563040400,2021-01-01T18:55:31Z,44.14700166666667,28.778546666666667,0,185.1,224,terrestrial
563040400,2021-01-01T18:55:34Z,44.14700166666667,28.778546666666667,0,185.1,224,terrestrial
563040400,2021-01-01T18:55:36Z,44.14700166666667,28.778546666666667,0,185.1,224,terrestrial
563040400,2021-01-01T19:01:26Z,44.14700166666667,28.778546666666667,0,185.1,224,terrestrial
563040400,2021-01-01T19:01:29Z,44.14700166666667,28.778546666666667,0,185.1,224,terrestrial
563040400,2021-01-01T19:01:30Z,44.14700166666667,28.778568333333332,0,185.1,225,terrestrial
563040400,2021-01-01T19:01:32Z,44.14700166666667,28.778568333333332,0,185.1,225,terrestrial
563040400,2021-01-01T19:01:33Z,44.14700166666667,28.778568333333332,0,185.1,225,terrestrial
563040400,2021-01-01T19:01:34Z,44.14700166666667,28.778568333333332,0,185.1,225,terrestrial
563040400,2021-01-01T19:01:41Z,44.14700166666667,28.778568333333332,0,185,225,dynamic
563040400,2021-01-01T19:07:26Z,44.14700166666667,28.778568333333332,0,185,225,terrestrial
563040400,2021-01-01T19:07:29Z,44.146985,28.77861,0,185.1,225,terrestrial
563040400,2021-01-01T19:07:31Z,44.146985,28.77861,0,185.1,225,terrestrial
563040400,2021-01-01T19:07:33Z,44.146985,28.77861,0,185.1,225,terrestrial
563040400,2021-01-01T19:07:38Z,44.146985,28.77861,0,185.1,225,terrestrial
563040400,2021-01-01T19:07:40Z,44.146985,28.77861,0,185.1,225,terrestrial
563040400,2021-01-01T19:10:27Z,44.146971666666666,28.77863333333333,0.1,185.1,226,terrestrial
563040400,2021-01-01T19:10:33Z,44.146971666666666,28.77863333333333,0.1,185.1,226,terrestrial
563040400,2021-01-01T19:16:25Z,44.146908333333336,28.778636666666667,0.1,185.1,228,terrestrial
563040400,2021-01-01T19:19:24Z,44.14694166666666,28.778681666666667,0,185.1,230,terrestrial
563040400,2021-01-01T19:19:27Z,44.14694166666666,28.778681666666667,0,185.1,230,terrestrial
563040400,2021-01-01T19:19:34Z,44.14694166666666,28.778681666666667,0,185.1,230,terrestrial
563040400,2021-01-01T19:22:26Z,44.146885,28.77868,0.1,185.1,231,terrestrial
563040400,2021-01-01T19:22:32Z,44.146885,28.77868,0.1,185.1,231,terrestrial
563040400,2021-01-01T19:25:25Z,44.146885,28.77868,0.1,185.1,231,terrestrial
563040400,2021-01-01T19:25:28Z,44.146863333333336,28.77863333333333,0,185.1,230,terrestrial
563040400,2021-01-01T19:25:33Z,44.146863333333336,28.77863333333333,0,185.1,230,terrestrial
563040400,2021-01-01T19:25:34Z,44.146863333333336,28.77863333333333,0,185.1,230,terrestrial
563040400,2021-01-01T19:31:26Z,44.14691166666667,28.778661666666668,0.1,185.1,230,terrestrial
563040400,2021-01-01T19:31:32Z,44.14691166666667,28.778661666666668,0.1,185.1,230,terrestrial
563040400,2021-01-01T19:34:38Z,44.146915,28.778645,0,185,229,dynamic
563040400,2021-01-01T19:37:28Z,44.146915,28.778645,0,185,229,terrestrial
563040400,2021-01-01T19:37:29Z,44.146915,28.778645,0,185,229,terrestrial
563040400,2021-01-01T19:37:30Z,44.146915,28.778645,0,185,229,terrestrial
563040400,2021-01-01T19:37:31Z,44.146915,28.778645,0,185,229,terrestrial
563040400,2021-01-01T19:40:28Z,44.146965,28.778598333333335,0.1,185.1,228,terrestrial
563040400,2021-01-01T19:40:33Z,44.146965,28.778598333333335,0.1,185.1,228,terrestrial
563040400,2021-01-01T19:43:34Z,44.146965,28.778598333333335,0.1,185.1,228,terrestrial
563040400,2021-01-01T19:46:30Z,44.146996666666666,28.778508333333335,0.1,185.1,224,terrestrial
563040400,2021-01-01T19:46:34Z,44.146996666666666,28.778508333333335,0.1,185.1,224,terrestrial
563040400,2021-01-01T19:49:25Z,44.146996666666666,28.778508333333335,0.1,185.1,224,terrestrial
563040400,2021-01-01T19:49:32Z,44.146996666666666,28.778508333333335,0.1,185.1,224,terrestrial
563040400,2021-01-01T19:49:38Z,44.146996666666666,28.778508333333335,0.1,185.1,224,terrestrial
563040400,2021-01-01T19:49:41Z,44.14703166666666,28.778501666666667,0,185,223,dynamic
563040400,2021-01-01T19:52:24Z,44.147036666666665,28.778476666666666,0,185.1,223,terrestrial
563040400,2021-01-01T19:52:31Z,44.147036666666665,28.778476666666666,0,185.1,223,terrestrial
563040400,2021-01-01T19:55:31Z,44.147043333333336,28.778458333333333,0,185.1,222,terrestrial
563040400,2021-01-01T19:55:35Z,44.147043333333336,28.778458333333333,0,185.1,222,terrestrial
563040400,2021-01-01T19:55:38Z,44.147043333333336,28.778458333333333,0,185.1,222,terrestrial
563040400,2021-01-01T19:55:39Z,44.147043333333336,28.778458333333333,0,185.1,222,terrestrial
563040400,2021-01-01T19:55:41Z,44.147043333333336,28.778458333333333,0,185.1,222,terrestrial
563040400,2021-01-01T19:55:43Z,44.147043333333336,28.778458333333333,0,185.1,222,terrestrial
563040400,2021-01-01T20:01:32Z,44.147055,28.77837,0,185.1,221,terrestrial
563040400,2021-01-01T20:01:33Z,44.147055,28.77837,0,185.1,221,terrestrial
563040400,2021-01-01T20:01:38Z,44.147055,28.77837,0,185.1,221,terrestrial
563040400,2021-01-01T20:01:44Z,44.147055,28.77837,0,185.1,221,terrestrial
563040400,2021-01-01T20:07:26Z,44.147055,28.77837,0,185.1,221,terrestrial
563040400,2021-01-01T20:07:31Z,44.14707333333333,28.77832,0.1,185.1,221,terrestrial
563040400,2021-01-01T20:07:36Z,44.14707333333333,28.77832,0.1,185.1,221,terrestrial
563040400,2021-01-01T20:07:38Z,44.14707333333333,28.77832,0.1,185.1,221,terrestrial
563040400,2021-01-01T20:07:42Z,44.14707333333333,28.77832,0.1,185,221,dynamic
563040400,2021-01-01T20:07:43Z,44.14707333333333,28.77832,0.1,185,221,terrestrial
563040400,2021-01-01T20:10:29Z,44.14708,28.778276666666667,0.1,185.1,219,terrestrial
563040400,2021-01-01T20:10:37Z,44.14708,28.778276666666667,0.1,185.1,219,terrestrial
563040400,2021-01-01T20:13:33Z,44.14708,28.778276666666667,0.1,185.1,219,terrestrial
563040400,2021-01-01T20:16:30Z,44.147103333333334,28.778288333333332,0,185.1,217,terrestrial
563040400,2021-01-01T20:16:38Z,44.147103333333334,28.778288333333332,0,185.1,217,terrestrial
563040400,2021-01-01T20:19:26Z,44.147103333333334,28.778288333333332,0,185.1,217,terrestrial
563040400,2021-01-01T20:19:33Z,44.147103333333334,28.778288333333332,0,185.1,217,terrestrial
563040400,2021-01-01T20:19:40Z,44.147103333333334,28.778288333333332,0,185.1,217,terrestrial
563040400,2021-01-01T20:20:23Z,44.147103333333334,28.778288333333332,0,185.1,217,terrestrial
563040400,2021-01-01T20:22:28Z,44.14709833333333,28.778386666666666,0,185.1,218,terrestrial
563040400,2021-01-01T20:22:34Z,44.14709833333333,28.778386666666666,0,185.1,218,terrestrial
563040400,2021-01-01T20:25:32Z,44.14706,28.778438333333334,0,185.1,219,terrestrial
563040400,2021-01-01T20:25:36Z,44.14706,28.778438333333334,0,185.1,219,terrestrial
563040400,2021-01-01T20:25:38Z,44.14706,28.778438333333334,0,185.1,219,terrestrial
563040400,2021-01-01T20:25:43Z,44.14706,28.778438333333334,0,185,219,dynamic
563040400,2021-01-01T20:28:36Z,44.147065,28.778453333333335,0,185.1,220,terrestrial
563040400,2021-01-01T20:31:26Z,44.147065,28.778453333333335,0,185.1,220,terrestrial
563040400,2021-01-01T20:31:31Z,44.147038333333334,28.778473333333334,0,185.1,221,terrestrial
563040400,2021-01-01T20:31:32Z,44.147038333333334,28.778473333333334,0,185.1,221,terrestrial
563040400,2021-01-01T20:31:33Z,44.147038333333334,28.778473333333334,0,185.1,221,terrestrial
563040400,2021-01-01T20:31:37Z,44.147038333333334,28.778473333333334,0,185.1,221,terrestrial
563040400,2021-01-01T20:37:27Z,44.147038333333334,28.778473333333334,0,185.1,221,terrestrial
563040400,2021-01-01T20:37:30Z,44.147038333333334,28.778428333333334,0.1,185.1,222,terrestrial
563040400,2021-01-01T20:37:32Z,44.147038333333334,28.778428333333334,0.1,185.1,222,terrestrial
563040400,2021-01-01T20:37:33Z,44.147038333333334,28.778428333333334,0.1,185.1,222,terrestrial
563040400,2021-01-01T20:37:34Z,44.147038333333334,28.778428333333334,0.1,185.1,222,terrestrial
563040400,2021-01-01T20:37:36Z,44.147038333333334,28.778428333333334,0.1,185.1,222,terrestrial
563040400,2021-01-01T20:40:26Z,44.147016666666666,28.778351666666666,0.1,185.1,221,terrestrial
563040400,2021-01-01T20:40:27Z,44.147016666666666,28.778351666666666,0.1,185.1,221,terrestrial
563040400,2021-01-01T20:43:28Z,44.147016666666666,28.778351666666666,0.1,185.1,221,terrestrial
563040400,2021-01-01T20:43:35Z,44.147016666666666,28.778351666666666,0.1,185.1,221,terrestrial
563040400,2021-01-01T20:43:35Z,44.147018333333335,28.778301666666668,0.1,185,221,dynamic
563040400,2021-01-01T20:43:40Z,44.147018333333335,28.778301666666668,0.1,185,221,terrestrial
563040400,2021-01-01T20:46:28Z,44.147043333333336,28.778278333333333,0.1,185.1,220,terrestrial
563040400,2021-01-01T20:46:29Z,44.147043333333336,28.778278333333333,0.1,185.1,220,terrestrial
563040400,2021-01-01T20:49:30Z,44.147043333333336,28.778278333333333,0.1,185.1,220,terrestrial
563040400,2021-01-01T20:49:37Z,44.147043333333336,28.778278333333333,0.1,185.1,220,terrestrial
563040400,2021-01-01T20:49:39Z,44.147043333333336,28.778278333333333,0.1,185.1,220,terrestrial
563040400,2021-01-01T20:52:26Z,44.147103333333334,28.77823,0,185.1,217,terrestrial
563040400,2021-01-01T20:52:29Z,44.147103333333334,28.77823,0,185.1,217,terrestrial
563040400,2021-01-01T20:55:27Z,44.147133333333336,28.778248333333334,0,185.1,216,terrestrial
563040400,2021-01-01T20:55:32Z,44.147133333333336,28.778248333333334,0,185.1,216,terrestrial
563040400,2021-01-01T20:55:33Z,44.147133333333336,28.778248333333334,0,185.1,216,terrestrial
563040400,2021-01-01T20:55:34Z,44.147133333333336,28.778248333333334,0,185.1,216,terrestrial
563040400,2021-01-01T21:01:26Z,44.147133333333336,28.778248333333334,0,185.1,216,terrestrial
563040400,2021-01-01T21:01:35Z,44.147133333333336,28.778248333333334,0,185.1,216,terrestrial
563040400,2021-01-01T21:01:37Z,44.147133333333336,28.778248333333334,0,185.1,216,terrestrial
563040400,2021-01-01T21:04:29Z,44.147083333333335,28.778345,0,185.1,220,terrestrial
563040400,2021-01-01T21:04:40Z,44.147083333333335,28.778345,0,185.1,220,terrestrial
563040400,2021-01-01T21:07:24Z,44.147056666666664,28.778358333333333,0,185.1,221,terrestrial
563040400,2021-01-01T21:07:32Z,44.147056666666664,28.778358333333333,0,185.1,221,terrestrial
563040400,2021-01-01T21:07:34Z,44.147056666666664,28.778358333333333,0,185.1,221,terrestrial
563040400,2021-01-01T21:07:41Z,44.147056666666664,28.778358333333333,0,185.1,221,terrestrial
563040400,2021-01-01T21:10:29Z,44.147043333333336,28.778371666666665,0,185.1,223,terrestrial
563040400,2021-01-01T21:10:35Z,44.147043333333336,28.778371666666665,0,185.1,223,terrestrial
563040400,2021-01-01T21:13:26Z,44.147043333333336,28.778371666666665,0,185.1,223,terrestrial
563040400,2021-01-01T21:13:35Z,44.147043333333336,28.778371666666665,0,185.1,223,terrestrial
563040400,2021-01-01T21:13:43Z,44.147043333333336,28.778371666666665,0,185.1,223,terrestrial
563040400,2021-01-01T21:13:44Z,44.147043333333336,28.778371666666665,0,185.1,223,terrestrial
563040400,2021-01-01T21:16:28Z,44.147011666666664,28.77828166666667,0.1,185.1,225,terrestrial
563040400,2021-01-01T21:16:32Z,44.147011666666664,28.77828166666667,0.1,185.1,225,terrestrial
563040400,2021-01-01T21:16:39Z,44.147011666666664,28.77828166666667,0.1,185,225,dynamic
563040400,2021-01-01T21:19:26Z,44.147011666666664,28.77828166666667,0.1,185,225,terrestrial
563040400,2021-01-01T21:19:28Z,44.147011666666664,28.77828166666667,0.1,185,225,terrestrial
563040400,2021-01-01T21:22:29Z,44.146998333333336,28.77807333333333,0.1,185.1,221,terrestrial
563040400,2021-01-01T21:22:32Z,44.146998333333336,28.77807333333333,0.1,185.1,221,terrestrial
563040400,2021-01-01T21:25:26Z,44.146998333333336,28.77807333333333,0.1,185.1,221,terrestrial
563040400,2021-01-01T21:25:27Z,44.146998333333336,28.777966666666668,0.1,185.1,219,terrestrial
563040400,2021-01-01T21:25:29Z,44.146998333333336,28.777966666666668,0.1,185.1,219,terrestrial
563040400,2021-01-01T21:25:32Z,44.146998333333336,28.777966666666668,0.1,185.1,219,terrestrial
563040400,2021-01-01T21:25:33Z,44.146998333333336,28.777966666666668,0.1,185.1,219,terrestrial
563040400,2021-01-01T21:25:34Z,44.146998333333336,28.777966666666668,0.1,185.1,219,terrestrial
563040400,2021-01-01T21:31:26Z,44.146998333333336,28.777966666666668,0.1,185.1,219,terrestrial
563040400,2021-01-01T21:31:34Z,44.146998333333336,28.777966666666668,0.1,185.1,219,terrestrial
563040400,2021-01-01T21:31:37Z,44.146998333333336,28.777966666666668,0.1,185.1,219,terrestrial
563040400,2021-01-01T21:31:40Z,44.147035,28.777881666666666,0,185,216,dynamic
563040400,2021-01-01T21:34:29Z,44.147061666666666,28.777868333333334,0,185.1,215,terrestrial
563040400,2021-01-01T21:34:37Z,44.147061666666666,28.777868333333334,0,185.1,215,terrestrial
563040400,2021-01-01T21:37:26Z,44.147061666666666,28.777868333333334,0,185.1,215,terrestrial
563040400,2021-01-01T21:37:30Z,44.14706833333333,28.777903333333335,0,185.1,215,terrestrial
563040400,2021-01-01T21:37:34Z,44.14706833333333,28.777903333333335,0,185.1,215,terrestrial
563040400,2021-01-01T21:37:37Z,44.14706833333333,28.777903333333335,0,185.1,215,terrestrial
563040400,2021-01-01T21:37:43Z,44.14706833333333,28.777903333333335,0,185.1,215,terrestrial
563040400,2021-01-01T21:37:45Z,44.14706833333333,28.777903333333335,0,185.1,215,terrestrial
563040400,2021-01-01T21:40:31Z,44.147088333333336,28.777946666666665,0,185.1,215,terrestrial
563040400,2021-01-01T21:40:43Z,44.147088333333336,28.777946666666665,0,185.1,215,terrestrial
563040400,2021-01-01T21:43:34Z,44.147088333333336,28.777946666666665,0,185.1,215,terrestrial
563040400,2021-01-01T21:43:36Z,44.147088333333336,28.777946666666665,0,185.1,215,terrestrial
563040400,2021-01-01T21:43:39Z,44.147088333333336,28.777946666666665,0,185.1,215,terrestrial
563040400,2021-01-01T21:46:31Z,44.147103333333334,28.777985,0,185.1,215,terrestrial
563040400,2021-01-01T21:46:42Z,44.147103333333334,28.777985,0,185,215,dynamic
563040400,2021-01-01T21:49:29Z,44.147083333333335,28.77800166666667,0,185.1,216,terrestrial
563040400,2021-01-01T21:49:39Z,44.147083333333335,28.77800166666667,0,185.1,216,terrestrial
563040400,2021-01-01T21:52:30Z,44.14708,28.77805,0,185.1,217,terrestrial
563040400,2021-01-01T21:52:31Z,44.14708,28.77805,0,185.1,217,terrestrial
563040400,2021-01-01T21:55:30Z,44.147106666666666,28.778098333333332,0,185.1,217,terrestrial
563040400,2021-01-01T21:55:34Z,44.147106666666666,28.778098333333332,0,185.1,217,terrestrial
563040400,2021-01-01T21:55:38Z,44.147106666666666,28.778098333333332,0,185.1,217,terrestrial
563040400,2021-01-01T21:55:40Z,44.147106666666666,28.778098333333332,0,185.1,217,terrestrial
563040400,2021-01-01T21:55:45Z,44.147106666666666,28.778098333333332,0,185.1,217,terrestrial
563040400,2021-01-01T22:01:29Z,44.14707,28.778065,0,185.1,217,terrestrial
563040400,2021-01-01T22:01:32Z,44.14707,28.778065,0,185.1,217,terrestrial
563040400,2021-01-01T22:01:38Z,44.14707,28.778065,0,185.1,217,terrestrial
563040400,2021-01-01T22:01:40Z,44.14707,28.778065,0,185.1,217,terrestrial
563040400,2021-01-01T22:07:25Z,44.14708,28.777941666666667,0.1,185.1,214,terrestrial
563040400,2021-01-01T22:07:28Z,44.14708,28.777941666666667,0.1,185.1,214,terrestrial
563040400,2021-01-01T22:10:25Z,44.14709,28.777893333333335,0,185.1,212,terrestrial
563040400,2021-01-01T22:10:30Z,44.14709,28.777893333333335,0,185.1,212,terrestrial
563040400,2021-01-01T22:13:34Z,44.14709,28.777893333333335,0,185.1,212,terrestrial
563040400,2021-01-01T22:16:25Z,44.1471,28.777845,0,185.1,211,terrestrial
563040400,2021-01-01T22:16:32Z,44.1471,28.777845,0,185.1,211,terrestrial
563040400,2021-01-01T22:19:26Z,44.1471,28.777845,0,185.1,211,terrestrial
563040400,2021-01-01T22:19:40Z,44.14705333333333,28.77781,0,185,212,dynamic
563040400,2021-01-01T22:19:42Z,44.14705333333333,28.77781,0,185,212,terrestrial
563040400,2021-01-01T22:19:43Z,44.14705333333333,28.77781,0,185,212,terrestrial
563040400,2021-01-01T22:22:30Z,44.147103333333334,28.77785666666667,0,185.1,212,terrestrial
563040400,2021-01-01T22:22:37Z,44.147103333333334,28.77785666666667,0,185.1,212,terrestrial
563040400,2021-01-01T22:25:26Z,44.147103333333334,28.77785666666667,0,185.1,212,terrestrial
563040400,2021-01-01T22:25:30Z,44.147088333333336,28.77783833333333,0,185.1,212,terrestrial
563040400,2021-01-01T22:25:44Z,44.147088333333336,28.77783833333333,0,185.1,212,terrestrial
563040400,2021-01-01T22:31:26Z,44.147088333333336,28.77783833333333,0,185.1,212,terrestrial
563040400,2021-01-01T22:31:30Z,44.14715666666667,28.77786,0,185.1,209,terrestrial
563040400,2021-01-01T22:31:38Z,44.14715666666667,28.77786,0,185.1,209,terrestrial
563040400,2021-01-01T22:34:42Z,44.14715833333333,28.77789,0,185,210,dynamic
563040400,2021-01-01T22:37:30Z,44.147211666666664,28.777916666666666,0,185.1,210,terrestrial
563040400,2021-01-01T22:37:32Z,44.147211666666664,28.777916666666666,0,185.1,210,terrestrial
563040400,2021-01-01T22:37:34Z,44.147211666666664,28.777916666666666,0,185.1,210,terrestrial
563040400,2021-01-01T22:37:37Z,44.147211666666664,28.777916666666666,0,185.1,210,terrestrial
563040400,2021-01-01T22:37:39Z,44.147211666666664,28.777916666666666,0,185.1,210,terrestrial
563040400,2021-01-01T22:40:30Z,44.14718666666667,28.777871666666666,0,185.1,209,terrestrial
563040400,2021-01-01T22:43:26Z,44.14718666666667,28.777871666666666,0,185.1,209,terrestrial
563040400,2021-01-01T22:46:31Z,44.147175,28.777828333333332,0,185.1,207,terrestrial
563040400,2021-01-01T22:49:27Z,44.147175,28.777828333333332,0,185.1,207,terrestrial
563040400,2021-01-01T22:49:28Z,44.147175,28.777828333333332,0,185.1,207,terrestrial
563040400,2021-01-01T22:49:30Z,44.14718,28.777808333333333,0,185.1,207,terrestrial
563040400,2021-01-01T22:49:31Z,44.14718,28.777808333333333,0,185.1,207,terrestrial
563040400,2021-01-01T22:52:32Z,44.14717,28.777756666666665,0.1,185.1,207,terrestrial
563040400,2021-01-01T22:52:37Z,44.14717,28.777756666666665,0.1,185.1,207,terrestrial
563040400,2021-01-01T22:52:43Z,44.14717,28.777756666666665,0.1,185,207,dynamic
563040400,2021-01-01T22:55:32Z,44.14718,28.777691666666666,0.1,185.1,206,terrestrial
563040400,2021-01-01T22:55:34Z,44.14718,28.777691666666666,0.1,185.1,206,terrestrial
563040400,2021-01-01T22:55:35Z,44.14718,28.777691666666666,0.1,185.1,206,terrestrial
563040400,2021-01-01T22:55:36Z,44.14718,28.777691666666666,0.1,185.1,206,terrestrial
563040400,2021-01-01T23:01:27Z,44.14718,28.777691666666666,0.1,185.1,206,terrestrial
563040400,2021-01-01T23:01:29Z,44.14718,28.777691666666666,0.1,185.1,206,terrestrial
563040400,2021-01-01T23:01:32Z,44.14718,28.777691666666666,0.1,185.1,206,terrestrial
563040400,2021-01-01T23:01:33Z,44.14720666666667,28.777543333333334,0.1,185.1,200,terrestrial
563040400,2021-01-01T23:01:34Z,44.14720666666667,28.777543333333334,0.1,185.1,200,terrestrial
563040400,2021-01-01T23:01:36Z,44.14720666666667,28.777543333333334,0.1,185.1,200,terrestrial
563040400,2021-01-01T23:07:33Z,44.14729833333333,28.777426666666667,0.1,185.1,194,terrestrial
563040400,2021-01-01T23:07:44Z,44.14729833333333,28.777426666666667,0.1,185,194,dynamic
563040400,2021-01-01T23:10:25Z,44.147345,28.777355,0.1,185.1,190,terrestrial
563040400,2021-01-01T23:10:26Z,44.147345,28.777355,0.1,185.1,190,terrestrial
563040400,2021-01-01T23:13:27Z,44.147345,28.777355,0.1,185.1,190,terrestrial
563040400,2021-01-01T23:16:25Z,44.14741166666666,28.777243333333335,0,185.1,184,terrestrial
563040400,2021-01-01T23:16:32Z,44.14741166666666,28.777243333333335,0,185.1,184,terrestrial
563040400,2021-01-01T23:19:26Z,44.14741166666666,28.777243333333335,0,185.1,184,terrestrial
563040400,2021-01-01T23:22:27Z,44.147315,28.777291666666667,0,185.1,185,terrestrial
563040400,2021-01-01T23:22:34Z,44.147315,28.777291666666667,0,185.1,185,terrestrial
563040400,2021-01-01T23:25:27Z,44.147315,28.777291666666667,0,185.1,185,terrestrial
563040400,2021-01-01T23:25:29Z,44.147308333333335,28.777311666666666,0,185.1,186,terrestrial
563040400,2021-01-01T23:25:30Z,44.147308333333335,28.777311666666666,0,185.1,186,terrestrial
563040400,2021-01-01T23:31:26Z,44.147308333333335,28.777311666666666,0,185.1,186,terrestrial
563040400,2021-01-01T23:31:30Z,44.147333333333336,28.777406666666668,0,185.1,190,terrestrial
563040400,2021-01-01T23:31:48Z,44.147333333333336,28.777406666666668,0,185.1,190,terrestrial
563040400,2021-01-01T23:37:25Z,44.147346666666664,28.777475,0,185.1,193,terrestrial
563040400,2021-01-01T23:40:24Z,44.14732166666667,28.777426666666667,0.1,185.1,193,terrestrial
563040400,2021-01-01T23:40:25Z,44.14732166666667,28.777426666666667,0.1,185.1,193,terrestrial
563040400,2021-01-01T23:43:41Z,44.147283333333334,28.777373333333333,0.1,185,191,dynamic
563040400,2021-01-01T23:46:30Z,44.14729166666667,28.777273333333333,0.1,185.1,188,terrestrial
563040400,2021-01-01T23:49:26Z,44.14729166666667,28.777273333333333,0.1,185.1,188,terrestrial
563040400,2021-01-01T23:49:28Z,44.147263333333335,28.777225,0.1,185.1,186,terrestrial
563040400,2021-01-01T23:49:34Z,44.147263333333335,28.777225,0.1,185.1,186,terrestrial
563040400,2021-01-01T23:49:37Z,44.147263333333335,28.777225,0.1,185.1,186,terrestrial
563040400,2021-01-01T23:52:28Z,44.14726666666667,28.777128333333334,0,185.1,185,terrestrial
563040400,2021-01-01T23:52:29Z,44.14726666666667,28.777128333333334,0,185.1,185,terrestrial
563040400,2021-01-01T23:55:26Z,44.14726666666667,28.777128333333334,0,185.1,185,terrestrial
563040400,2021-01-01T23:55:27Z,44.147286666666666,28.777105,0,185.1,183,terrestrial
563040400,2021-01-01T23:55:34Z,44.147286666666666,28.777105,0,185.1,183,terrestrial
563040400,2021-01-01T23:55:38Z,44.147286666666666,28.777105,0,185.1,183,terrestrial
563040400,2021-01-01T23:55:41Z,44.147286666666666,28.777105,0,185.1,183,terrestrial
563040400,2021-01-02T00:01:24Z,44.147333333333336,28.777131666666666,0,185.1,181,terrestrial
563040400,2021-01-02T00:01:36Z,44.147333333333336,28.777131666666666,0,185,181,dynamic
563040400,2021-01-02T00:04:26Z,44.14736666666667,28.777161666666668,0.1,185.1,182,terrestrial
563040400,2021-01-02T00:07:26Z,44.14736666666667,28.777161666666668,0.1,185.1,182,terrestrial
563040400,2021-01-02T00:07:29Z,44.147375,28.777203333333333,0,185.1,184,terrestrial
563040400,2021-01-02T00:07:30Z,44.147375,28.777203333333333,0,185.1,184,terrestrial
563040400,2021-01-02T00:07:35Z,44.147375,28.777203333333333,0,185.1,184,terrestrial
563040400,2021-01-02T00:10:26Z,44.147355,28.777265,0,185.1,186,terrestrial
563040400,2021-01-02T00:10:34Z,44.147355,28.777265,0,185.1,186,terrestrial
563040400,2021-01-02T00:13:33Z,44.147355,28.777265,0,185.1,186,terrestrial
563040400,2021-01-02T00:13:34Z,44.147355,28.777265,0,185.1,186,terrestrial
563040400,2021-01-02T00:13:36Z,44.147355,28.777265,0,185.1,186,terrestrial
563040400,2021-01-02T00:16:28Z,44.147315,28.777213333333332,0,185.1,189,terrestrial
563040400,2021-01-02T00:16:35Z,44.147315,28.777213333333332,0,185.1,189,terrestrial
563040400,2021-01-02T00:16:39Z,44.147315,28.777213333333332,0,185,189,dynamic
563040400,2021-01-02T00:19:37Z,44.147315,28.777213333333332,0,185,189,terrestrial
563040400,2021-01-02T00:22:27Z,44.147211666666664,28.777125,0.1,185.1,188,terrestrial
563040400,2021-01-02T00:22:36Z,44.147211666666664,28.777125,0.1,185.1,188,terrestrial
563040400,2021-01-02T00:25:27Z,44.147211666666664,28.777125,0.1,185.1,188,terrestrial
563040400,2021-01-02T00:25:30Z,44.147128333333335,28.777043333333335,0.1,185.1,187,terrestrial
563040400,2021-01-02T00:25:34Z,44.147128333333335,28.777043333333335,0.1,185.1,187,terrestrial
563040400,2021-01-02T00:25:35Z,44.147128333333335,28.777043333333335,0.1,185.1,187,terrestrial
563040400,2021-01-02T00:25:36Z,44.147128333333335,28.777043333333335,0.1,185.1,187,terrestrial
563040400,2021-01-02T00:25:37Z,44.147128333333335,28.777043333333335,0.1,185.1,187,terrestrial
563040400,2021-01-02T00:25:39Z,44.147128333333335,28.777043333333335,0.1,185.1,187,terrestrial
563040400,2021-01-02T00:31:26Z,44.147128333333335,28.777043333333335,0.1,185.1,187,terrestrial
563040400,2021-01-02T00:31:30Z,44.146835,28.776951666666665,0.2,202,199,terrestrial
563040400,2021-01-02T00:31:32Z,44.146835,28.776951666666665,0.2,202,199,terrestrial
563040400,2021-01-02T00:31:37Z,44.146835,28.776951666666665,0.2,202,199,terrestrial
563040400,2021-01-02T00:31:41Z,44.146835,28.776951666666665,0.2,202,199,terrestrial
563040400,2021-01-02T00:31:41Z,44.146835,28.776951666666665,0.2,202,199,dynamic
563040400,2021-01-02T00:37:31Z,44.14648,28.776398333333333,0.4,225.1,186,terrestrial
563040400,2021-01-02T00:37:34Z,44.14648,28.776398333333333,0.4,225.1,186,terrestrial
563040400,2021-01-02T00:37:45Z,44.14648,28.776398333333333,0.4,225.1,186,terrestrial
563040400,2021-01-02T00:40:27Z,44.146206666666664,28.776226666666666,0.3,196.5,173,terrestrial
563040400,2021-01-02T00:43:27Z,44.146206666666664,28.776226666666666,0.3,196.5,173,terrestrial
563040400,2021-01-02T00:46:29Z,44.14570833333333,28.776361666666666,0.5,137.6,157,terrestrial
563040400,2021-01-02T00:48:20Z,44.145415,28.776748333333334,1,142.5,164,terrestrial
563040400,2021-01-02T00:48:31Z,44.145415,28.776748333333334,1,142.5,164,terrestrial
563040400,2021-01-02T00:48:37Z,44.145415,28.776748333333334,1,142.5,164,terrestrial
563040400,2021-01-02T00:48:46Z,44.145415,28.776748333333334,1,142.5,164,terrestrial
563040400,2021-01-02T00:49:15Z,44.145415,28.776748333333334,1,142.5,164,terrestrial
563040400,2021-01-02T00:50:00Z,44.14485833333333,28.777026666666668,1.6,162.6,165,terrestrial
563040400,2021-01-02T00:50:11Z,44.14478,28.777056666666667,1.6,162.9,165,terrestrial
563040400,2021-01-02T00:54:17Z,44.14478,28.777056666666667,1.6,162.9,165,terrestrial
563040400,2021-01-02T00:54:23Z,44.14478,28.777056666666667,1.6,162.9,165,terrestrial
563040400,2021-01-02T00:54:56Z,44.14478,28.777056666666667,1.6,162.9,165,terrestrial
563040400,2021-01-02T00:55:01Z,44.141486666666665,28.778291666666668,3.5,165.9,165,terrestrial
563040400,2021-01-02T00:55:02Z,44.141486666666665,28.778291666666668,3.5,165.9,165,terrestrial
563040400,2021-01-02T01:00:00Z,44.134935,28.78001,5.7,172.3,170,terrestrial
563040400,2021-01-02T01:00:17Z,44.134935,28.78001,5.7,172.3,170,terrestrial
563040400,2021-01-02T01:00:23Z,44.134935,28.78001,5.7,172.3,170,terrestrial
563040400,2021-01-02T01:00:31Z,44.134935,28.78001,5.7,172.3,170,terrestrial
563040400,2021-01-02T01:03:32Z,44.129035,28.781095,6.8,174,170,dynamic
563040400,2021-01-02T01:05:11Z,44.12591,28.781663333333334,7,172.6,170,terrestrial
563040400,2021-01-02T01:05:40Z,44.12460333333333,28.781883333333333,7,172.9,170,terrestrial
563040400,2021-01-02T01:06:17Z,44.12460333333333,28.781883333333333,7,172.9,170,terrestrial
563040400,2021-01-02T01:06:18Z,44.12460333333333,28.781883333333333,7,172.9,170,terrestrial
563040400,2021-01-02T01:06:46Z,44.12460333333333,28.781883333333333,7,172.9,170,terrestrial
563040400,2021-01-02T01:06:47Z,44.12460333333333,28.781883333333333,7,172.9,170,terrestrial
563040400,2021-01-02T01:10:07Z,44.11601,28.782181666666666,7.2,182.6,180,terrestrial
563040400,2021-01-02T01:10:22Z,44.115338333333334,28.782151666666667,7.3,182,180,terrestrial
563040400,2021-01-02T01:12:17Z,44.115338333333334,28.782151666666667,7.3,182,180,terrestrial
563040400,2021-01-02T01:12:21Z,44.115338333333334,28.782151666666667,7.3,182,180,terrestrial
563040400,2021-01-02T01:12:23Z,44.115338333333334,28.782151666666667,7.3,182,180,terrestrial
563040400,2021-01-02T01:15:01Z,44.10561833333333,28.78169,7.9,181.5,180,terrestrial
563040400,2021-01-02T01:15:03Z,44.10561833333333,28.78169,7.9,181.5,180,terrestrial
563040400,2021-01-02T01:18:16Z,44.10561833333333,28.78169,7.9,181.5,180,terrestrial
563040400,2021-01-02T01:18:18Z,44.10561833333333,28.78169,7.9,181.5,180,terrestrial
563040400,2021-01-02T01:18:25Z,44.10561833333333,28.78169,7.9,181.5,180,terrestrial
563040400,2021-01-02T01:18:42Z,44.097723333333334,28.78079,8.4,187,185,dynamic
563040400,2021-01-02T01:20:11Z,44.0938,28.780181666666667,8.5,186.4,185,terrestrial
563040400,2021-01-02T01:24:26Z,44.0938,28.780181666666667,8.5,186.4,185,terrestrial
563040400,2021-01-02T01:25:01Z,44.08289166666667,28.77649,8.3,211.7,210,terrestrial
563040400,2021-01-02T01:25:02Z,44.08289166666667,28.77649,8.3,211.7,210,terrestrial
563040400,2021-01-02T01:25:16Z,44.08289166666667,28.77649,8.3,211.7,210,terrestrial
563040400,2021-01-02T01:25:17Z,44.08289166666667,28.77649,8.3,211.7,210,terrestrial
563040400,2021-01-02T01:30:01Z,44.075055,28.765845,7.6,263.1,274,terrestrial
563040400,2021-01-02T01:30:11Z,44.075041666666664,28.765365,7.4,268.8,276,terrestrial
563040400,2021-01-02T01:30:21Z,44.075041666666664,28.765365,7.4,268.8,276,terrestrial
563040400,2021-01-02T01:33:42Z,44.07639,28.756778333333333,6.4,283,280,dynamic
563040400,2021-01-02T01:35:10Z,44.077095,28.75292,6,284.1,280,terrestrial
563040400,2021-01-02T01:36:28Z,44.077095,28.75292,6,284.1,280,terrestrial
563040400,2021-01-02T01:40:00Z,44.07893833333333,28.743073333333335,4.9,285.2,280,terrestrial
563040400,2021-01-02T01:40:01Z,44.07893833333333,28.743073333333335,4.9,285.2,280,terrestrial
563040400,2021-01-02T01:42:16Z,44.07893833333333,28.743073333333335,4.9,285.2,280,terrestrial
563040400,2021-01-02T01:42:24Z,44.07893833333333,28.743073333333335,4.9,285.2,280,terrestrial
563040400,2021-01-02T01:43:22Z,44.07893833333333,28.743073333333335,4.9,285.2,280,terrestrial
563040400,2021-01-02T01:45:11Z,44.08068333333333,28.73433,4.5,284.5,280,terrestrial
563040400,2021-01-02T01:48:19Z,44.08068333333333,28.73433,4.5,284.5,280,terrestrial
563040400,2021-01-02T01:48:27Z,44.08068333333333,28.73433,4.5,284.5,280,terrestrial
563040400,2021-01-02T01:48:30Z,44.08068333333333,28.73433,4.5,284.5,280,terrestrial
563040400,2021-01-02T01:50:10Z,44.08388166666667,28.72609,5.7,312.1,313,terrestrial
563040400,2021-01-02T01:50:22Z,44.08408,28.725781666666666,5.8,312.9,314,terrestrial
563040400,2021-01-02T01:54:20Z,44.08408,28.725781666666666,5.8,312.9,314,terrestrial
563040400,2021-01-02T01:54:28Z,44.08408,28.725781666666666,5.8,312.9,314,terrestrial
563040400,2021-01-02T01:55:10Z,44.09052,28.717656666666667,7,315.3,312,terrestrial
563040400,2021-01-02T02:00:01Z,44.09771833333333,28.708615000000002,7.4,322.2,320,terrestrial
563040400,2021-01-02T02:00:10Z,44.097965,28.708351666666665,7.5,321.6,320,terrestrial
563040400,2021-01-02T02:00:18Z,44.097965,28.708351666666665,7.5,321.6,320,terrestrial
563040400,2021-01-02T02:00:25Z,44.097965,28.708351666666665,7.5,321.6,320,terrestrial
563040400,2021-01-02T02:00:34Z,44.097965,28.708351666666665,7.5,321.6,320,terrestrial
563040400,2021-01-02T02:04:02Z,44.103768333333335,28.701735,7,320,320,dynamic
563040400,2021-01-02T02:05:01Z,44.10545333333334,28.699778333333335,6.6,322.9,325,terrestrial
563040400,2021-01-02T02:05:07Z,44.10545333333334,28.699778333333335,6.6,322.9,325,terrestrial
563040400,2021-01-02T02:06:21Z,44.10545333333334,28.699778333333335,6.6,322.9,325,terrestrial
563040400,2021-01-02T02:06:28Z,44.10545333333334,28.699778333333335,6.6,322.9,325,terrestrial
563040400,2021-01-02T02:10:01Z,44.11219,28.694078333333334,4.9,330.4,330,terrestrial
563040400,2021-01-02T02:10:03Z,44.11219,28.694078333333334,4.9,330.4,330,terrestrial
563040400,2021-01-02T02:12:23Z,44.11219,28.694078333333334,4.9,330.4,330,terrestrial
563040400,2021-01-02T02:12:31Z,44.11219,28.694078333333334,4.9,330.4,330,terrestrial
563040400,2021-01-02T02:15:00Z,44.11754666666667,28.690131666666666,4.2,335,335,terrestrial
563040400,2021-01-02T02:15:01Z,44.11772,28.690023333333333,4.2,335,335,terrestrial
563040400,2021-01-02T02:18:20Z,44.11772,28.690023333333333,4.2,335,335,terrestrial
563040400,2021-01-02T02:18:21Z,44.11772,28.690023333333333,4.2,335,335,terrestrial
563040400,2021-01-02T02:19:12Z,44.12164333333333,28.687648333333332,3.7,336,336,dynamic
563040400,2021-01-02T02:19:30Z,44.12164333333333,28.687648333333332,3.7,336,336,terrestrial
563040400,2021-01-02T02:19:31Z,44.12164333333333,28.687648333333332,3.7,336,336,terrestrial
563040400,2021-01-02T02:20:01Z,44.122411666666665,28.687193333333333,3.6,336.8,337,terrestrial
563040400,2021-01-02T02:24:24Z,44.122411666666665,28.687193333333333,3.6,336.8,337,terrestrial
563040400,2021-01-02T02:24:25Z,44.122411666666665,28.687193333333333,3.6,336.8,337,terrestrial
563040400,2021-01-02T02:25:01Z,44.12670333333333,28.684615,3,328.8,330,terrestrial
563040400,2021-01-02T02:25:05Z,44.12670333333333,28.684615,3,328.8,330,terrestrial
563040400,2021-01-02T02:30:00Z,44.13007666666667,28.682138333333334,2.6,335.7,336,terrestrial
563040400,2021-01-02T02:30:10Z,44.13007666666667,28.682138333333334,2.6,335.7,336,terrestrial
563040400,2021-01-02T02:30:27Z,44.13007666666667,28.682138333333334,2.6,335.7,336,terrestrial
563040400,2021-01-02T02:35:02Z,44.133206666666666,28.680036666666666,2.4,323.3,322,terrestrial
563040400,2021-01-02T02:35:10Z,44.133206666666666,28.680036666666666,2.4,323.3,322,terrestrial
563040400,2021-01-02T02:36:24Z,44.133206666666666,28.680036666666666,2.4,323.3,322,terrestrial
563040400,2021-01-02T02:40:10Z,44.13592166666667,28.677141666666667,2.5,322,321,terrestrial
563040400,2021-01-02T02:42:26Z,44.13592166666667,28.677141666666667,2.5,322,321,terrestrial
563040400,2021-01-02T02:42:35Z,44.13592166666667,28.677141666666667,2.5,322,321,terrestrial
563040400,2021-01-02T02:45:01Z,44.13856333333333,28.674185,2.4,320.4,317,terrestrial
563040400,2021-01-02T02:45:10Z,44.13856333333333,28.674185,2.4,320.4,317,terrestrial
563040400,2021-01-02T02:48:22Z,44.13856333333333,28.674185,2.4,320.4,317,terrestrial
563040400,2021-01-02T02:48:24Z,44.13856333333333,28.674185,2.4,320.4,317,terrestrial
563040400,2021-01-02T02:49:22Z,44.140445,28.671726666666668,2.1,309,300,dynamic
563040400,2021-01-02T02:50:01Z,44.140715,28.67121,1.9,304.2,299,terrestrial
563040400,2021-01-02T02:50:09Z,44.140715,28.67121,1.9,304.2,299,terrestrial
563040400,2021-01-02T02:54:17Z,44.140715,28.67121,1.9,304.2,299,terrestrial
563040400,2021-01-02T02:54:23Z,44.140715,28.67121,1.9,304.2,299,terrestrial
563040400,2021-01-02T02:54:30Z,44.140715,28.67121,1.9,304.2,299,terrestrial
563040400,2021-01-02T02:55:10Z,44.141805,28.66849,1.3,302.6,303,terrestrial
563040400,2021-01-02T02:55:11Z,44.141805,28.66849,1.3,302.6,303,terrestrial
563040400,2021-01-02T03:00:02Z,44.142696666666666,28.666658333333334,1.1,290.6,278,terrestrial
563040400,2021-01-02T03:00:11Z,44.142696666666666,28.666658333333334,1.1,290.6,278,terrestrial
563040400,2021-01-02T03:00:26Z,44.142696666666666,28.666658333333334,1.1,290.6,278,terrestrial
563040400,2021-01-02T03:04:32Z,44.143006666666665,28.665065,0.9,280,264,dynamic
563040400,2021-01-02T03:05:06Z,44.14301833333333,28.664906666666667,0.9,277.2,263,terrestrial
563040400,2021-01-02T03:05:20Z,44.14303,28.66473166666667,0.9,275.5,262,terrestrial
563040400,2021-01-02T03:06:17Z,44.14303,28.66473166666667,0.9,275.5,262,terrestrial
563040400,2021-01-02T03:06:25Z,44.14303,28.66473166666667,0.9,275.5,262,terrestrial
563040400,2021-01-02T03:07:30Z,44.14303,28.66473166666667,0.9,275.5,262,terrestrial
563040400,2021-01-02T03:10:00Z,44.14297833333333,28.663098333333334,0.9,273,264,terrestrial
563040400,2021-01-02T03:10:09Z,44.14297833333333,28.663098333333334,0.9,273,264,terrestrial
563040400,2021-01-02T03:10:11Z,44.142975,28.663038333333333,0.9,273.3,264,terrestrial
563040400,2021-01-02T03:12:25Z,44.142975,28.663038333333333,0.9,273.3,264,terrestrial
563040400,2021-01-02T03:15:02Z,44.142961666666665,28.661401666666666,0.9,272.1,263,terrestrial
563040400,2021-01-02T03:15:11Z,44.142961666666665,28.661346666666667,0.9,274.5,262,terrestrial
563040400,2021-01-02T03:19:33Z,44.142963333333334,28.660498333333333,0.5,258,258,dynamic
563040400,2021-01-02T03:20:01Z,44.142955,28.66035,0.5,266,259,terrestrial
563040400,2021-01-02T03:20:02Z,44.142955,28.66035,0.5,266,259,terrestrial
563040400,2021-01-02T03:24:22Z,44.142955,28.66035,0.5,266,259,terrestrial
563040400,2021-01-02T03:24:30Z,44.142955,28.66035,0.5,266,259,terrestrial
563040400,2021-01-02T03:25:00Z,44.14307,28.659368333333333,0.4,272.5,247,terrestrial
563040400,2021-01-02T03:25:07Z,44.14307,28.659368333333333,0.4,272.5,247,terrestrial
563040400,2021-01-02T03:25:58Z,44.14307,28.659368333333333,0.4,272.5,247,terrestrial
563040400,2021-01-02T03:30:00Z,44.14311166666667,28.658541666666668,0.5,283.5,253,terrestrial
563040400,2021-01-02T03:30:11Z,44.14311166666667,28.658541666666668,0.5,283.5,253,terrestrial
563040400,2021-01-02T03:30:17Z,44.14311166666667,28.658541666666668,0.5,283.5,253,terrestrial
563040400,2021-01-02T03:30:30Z,44.14311166666667,28.658541666666668,0.5,283.5,253,terrestrial
563040400,2021-01-02T03:33:56Z,44.14310666666667,28.657746666666668,0.5,273,252,dynamic
563040400,2021-01-02T03:35:08Z,44.14309,28.657608333333332,0.4,253.2,252,terrestrial
563040400,2021-01-02T03:35:11Z,44.143073333333334,28.657565,0.3,244.2,253,terrestrial
563040400,2021-01-02T03:36:28Z,44.143073333333334,28.657565,0.3,244.2,253,terrestrial
563040400,2021-01-02T03:40:10Z,44.142853333333335,28.656645,0.5,270.1,250,terrestrial
563040400,2021-01-02T03:40:11Z,44.142853333333335,28.656645,0.5,270.1,250,terrestrial
563040400,2021-01-02T03:42:28Z,44.142853333333335,28.656645,0.5,270.1,250,terrestrial
563040400,2021-01-02T03:45:01Z,44.14281666666667,28.65622,0,259.7,251,terrestrial
563040400,2021-01-02T03:45:10Z,44.14281666666667,28.65622,0,259.7,251,terrestrial
563040400,2021-01-02T03:48:25Z,44.14281666666667,28.65622,0,259.7,251,terrestrial
563040400,2021-01-02T03:49:52Z,44.142761666666665,28.656225,0,260,251,dynamic
563040400,2021-01-02T03:50:00Z,44.14276,28.656216666666666,0,259.7,251,terrestrial
563040400,2021-01-02T03:50:03Z,44.14276,28.656216666666666,0,259.7,251,terrestrial
563040400,2021-01-02T03:51:37Z,44.14278,28.656226666666665,0,260,251,dynamic
563040400,2021-01-02T03:54:23Z,44.14278,28.656226666666665,0,260,251,terrestrial
563040400,2021-01-02T03:54:32Z,44.14278,28.656226666666665,0,260,251,terrestrial
563040400,2021-01-02T03:55:11Z,44.14279666666667,28.656225,0,259.7,251,terrestrial
563040400,2021-01-02T03:55:17Z,44.14279666666667,28.656225,0,259.7,251,terrestrial
563040400,2021-01-02T03:55:34Z,44.14279666666667,28.656225,0,259.7,251,terrestrial
563040400,2021-01-02T04:01:27Z,44.142763333333335,28.65626333333333,0,259.7,249,terrestrial
563040400,2021-01-02T04:01:31Z,44.142763333333335,28.65626333333333,0,259.7,249,terrestrial
563040400,2021-01-02T04:01:33Z,44.142763333333335,28.65626333333333,0,259.7,249,terrestrial
563040400,2021-01-02T04:07:26Z,44.14277833333333,28.656253333333332,0,259.7,249,terrestrial
563040400,2021-01-02T04:07:27Z,44.14277833333333,28.656253333333332,0,259.7,249,terrestrial
563040400,2021-01-02T04:07:31Z,44.14277833333333,28.656253333333332,0,259.7,249,terrestrial
563040400,2021-01-02T04:07:34Z,44.14277833333333,28.656253333333332,0,260,249,dynamic
563040400,2021-01-02T04:07:39Z,44.14277833333333,28.656253333333332,0,260,249,terrestrial
563040400,2021-01-02T04:08:28Z,44.14277833333333,28.656253333333332,0,260,249,terrestrial
563040400,2021-01-02T04:08:40Z,44.14277833333333,28.656253333333332,0,260,249,terrestrial
563040400,2021-01-02T04:10:26Z,44.142786666666666,28.656253333333332,0,259.7,251,terrestrial
563040400,2021-01-02T04:10:30Z,44.142786666666666,28.656253333333332,0,259.7,251,terrestrial
563040400,2021-01-02T04:13:29Z,44.142786666666666,28.656253333333332,0,259.7,251,terrestrial
563040400,2021-01-02T04:13:31Z,44.142786666666666,28.656253333333332,0,259.7,251,terrestrial
563040400,2021-01-02T04:14:26Z,44.142786666666666,28.656253333333332,0,259.7,251,terrestrial
563040400,2021-01-02T04:16:24Z,44.14277333333333,28.656223333333333,0,259.7,252,terrestrial
563040400,2021-01-02T04:22:25Z,44.142763333333335,28.656241666666666,0,259.7,252,terrestrial
563040400,2021-01-02T04:22:32Z,44.142763333333335,28.656241666666666,0,259.7,252,terrestrial
563040400,2021-01-02T04:22:36Z,44.142763333333335,28.656241666666666,0,260,252,dynamic
563040400,2021-01-02T04:25:27Z,44.14279333333333,28.656283333333334,0,259.7,252,terrestrial
563040400,2021-01-02T04:25:33Z,44.14279333333333,28.656283333333334,0,259.7,252,terrestrial
563040400,2021-01-02T04:25:39Z,44.14279333333333,28.656283333333334,0,259.7,252,terrestrial
563040400,2021-01-02T04:31:28Z,44.142786666666666,28.656205,0,259.7,252,terrestrial
563040400,2021-01-02T04:31:35Z,44.142786666666666,28.656205,0,259.7,252,terrestrial
563040400,2021-01-02T04:37:23Z,44.14279333333333,28.65623,0,259.7,252,terrestrial
563040400,2021-01-02T04:37:30Z,44.14279333333333,28.65623,0,259.7,252,terrestrial
563040400,2021-01-02T04:37:35Z,44.14279333333333,28.65623,0,259.7,252,terrestrial
563040400,2021-01-02T04:40:23Z,44.142786666666666,28.656205,0,260,252,dynamic
563040400,2021-01-02T04:40:34Z,44.142786666666666,28.656205,0,259.7,252,terrestrial
563040400,2021-01-02T04:43:28Z,44.142795,28.656285,0,259.7,252,terrestrial
563040400,2021-01-02T04:43:38Z,44.142795,28.656285,0,259.7,252,terrestrial
563040400,2021-01-02T04:46:25Z,44.142761666666665,28.656228333333335,0,259.7,252,terrestrial
563040400,2021-01-02T04:49:27Z,44.142761666666665,28.656228333333335,0,259.7,252,terrestrial
563040400,2021-01-02T04:49:28Z,44.14281666666667,28.656243333333332,0,259.7,252,terrestrial
563040400,2021-01-02T04:52:27Z,44.14278,28.656245,0,259.7,252,terrestrial
563040400,2021-01-02T04:55:24Z,44.14279666666667,28.65623,0,260,252,dynamic
563040400,2021-01-02T04:55:28Z,44.14279666666667,28.65623,0,259.7,252,terrestrial
563040400,2021-01-02T05:01:27Z,44.142781666666664,28.656258333333334,0,259.7,252,terrestrial
563040400,2021-01-02T05:01:34Z,44.142781666666664,28.656258333333334,0,259.7,252,terrestrial
563040400,2021-01-02T05:01:35Z,44.142781666666664,28.656258333333334,0,259.7,252,terrestrial
563040400,2021-01-02T05:07:23Z,44.14277666666667,28.656241666666666,0,259.7,252,terrestrial
563040400,2021-01-02T05:07:27Z,44.14277666666667,28.656241666666666,0,259.7,252,terrestrial
563040400,2021-01-02T05:07:31Z,44.14277666666667,28.656241666666666,0,259.7,252,terrestrial
563040400,2021-01-02T05:07:35Z,44.14277666666667,28.656241666666666,0,259.7,252,terrestrial
563040400,2021-01-02T05:08:55Z,44.14277666666667,28.656241666666666,0,259.7,252,terrestrial
563040400,2021-01-02T05:08:57Z,44.14277666666667,28.656241666666666,0,259.7,252,terrestrial
563040400,2021-01-02T05:10:26Z,44.142786666666666,28.656231666666667,0,259.7,252,terrestrial
563040400,2021-01-02T05:10:29Z,44.142786666666666,28.656231666666667,0,259.7,252,terrestrial
563040400,2021-01-02T05:13:33Z,44.142786666666666,28.656231666666667,0,259.7,252,terrestrial
563040400,2021-01-02T05:13:37Z,44.14277666666667,28.65624,0,260,252,dynamic
563040400,2021-01-02T05:13:40Z,44.14277666666667,28.65624,0,260,252,terrestrial
563040400,2021-01-02T05:15:03Z,44.14277666666667,28.65624,0,260,252,terrestrial
563040400,2021-01-02T05:16:33Z,44.142775,28.65622,0,259.7,252,terrestrial
563040400,2021-01-02T05:19:28Z,44.142805,28.656261666666666,0,259.7,252,terrestrial
563040400,2021-01-02T05:19:35Z,44.142805,28.656261666666666,0,259.7,252,terrestrial
563040400,2021-01-02T05:19:43Z,44.142805,28.656261666666666,0,259.7,252,terrestrial
563040400,2021-01-02T05:22:27Z,44.14279333333333,28.656276666666667,0,259.7,252,terrestrial
563040400,2021-01-02T05:22:33Z,44.14279333333333,28.656276666666667,0,259.7,252,terrestrial
563040400,2021-01-02T05:25:23Z,44.14279166666667,28.656246666666668,0,259.7,252,terrestrial
563040400,2021-01-02T05:25:29Z,44.14279166666667,28.656246666666668,0,259.7,252,terrestrial
563040400,2021-01-02T05:28:37Z,44.142795,28.656245,0,260,252,dynamic
563040400,2021-01-02T05:31:27Z,44.14278,28.656241666666666,0,259.7,252,terrestrial
563040400,2021-01-02T05:31:32Z,44.14278,28.656241666666666,0,259.7,252,terrestrial
563040400,2021-01-02T05:34:19Z,44.14277833333333,28.656265,0,260,252,dynamic
563040400,2021-01-02T05:37:28Z,44.142763333333335,28.656235,0,259.7,252,terrestrial
563040400,2021-01-02T05:37:32Z,44.142763333333335,28.656235,0,259.7,252,terrestrial
563040400,2021-01-02T05:37:33Z,44.142763333333335,28.656235,0,259.7,252,terrestrial
563040400,2021-01-02T05:40:26Z,44.142768333333336,28.656223333333333,0,259.7,252,terrestrial
563040400,2021-01-02T05:43:35Z,44.142768333333336,28.656223333333333,0,259.7,252,terrestrial
563040400,2021-01-02T05:46:36Z,44.142785,28.656231666666667,0,260,252,dynamic
563040400,2021-01-02T05:49:21Z,44.14279666666667,28.656235,0,260,252,dynamic
563040400,2021-01-02T05:49:25Z,44.14279666666667,28.656235,0,259.7,252,terrestrial
563040400,2021-01-02T05:49:27Z,44.14279666666667,28.656235,0,259.7,252,terrestrial
563040400,2021-01-02T05:49:32Z,44.14279666666667,28.656235,0,259.7,252,terrestrial
563040400,2021-01-02T05:49:42Z,44.14279666666667,28.656235,0,259.7,252,terrestrial
563040400,2021-01-02T05:52:28Z,44.14279333333333,28.656268333333333,0,259.7,252,terrestrial
563040400,2021-01-02T05:55:26Z,44.14279,28.656258333333334,0,259.7,252,terrestrial
563040400,2021-01-02T05:55:33Z,44.14279,28.656258333333334,0,259.7,252,terrestrial
563040400,2021-01-02T05:55:34Z,44.14279,28.656258333333334,0,259.7,252,terrestrial
563040400,2021-01-02T06:01:26Z,44.142781666666664,28.656228333333335,0,259.7,252,terrestrial
563040400,2021-01-02T06:01:32Z,44.142781666666664,28.656228333333335,0,259.7,252,terrestrial
563040400,2021-01-02T06:01:33Z,44.142781666666664,28.656228333333335,0,259.7,252,terrestrial
563040400,2021-01-02T06:07:24Z,44.142775,28.656208333333332,0,259.7,252,terrestrial
563040400,2021-01-02T06:07:36Z,44.142775,28.656208333333332,0,259.7,252,terrestrial
563040400,2021-01-02T06:10:27Z,44.142768333333336,28.656235,0,259.7,252,terrestrial
563040400,2021-01-02T06:10:33Z,44.142768333333336,28.656235,0,259.7,252,terrestrial
563040400,2021-01-02T06:13:27Z,44.142768333333336,28.656235,0,259.7,252,terrestrial
563040400,2021-01-02T06:13:34Z,44.142768333333336,28.656235,0,259.7,252,terrestrial
563040400,2021-01-02T06:16:26Z,44.142786666666666,28.65626333333333,0,259.7,252,terrestrial
563040400,2021-01-02T06:16:37Z,44.142786666666666,28.65626333333333,0,260,252,dynamic
563040400,2021-01-02T06:19:22Z,44.142768333333336,28.656245,0,260,252,dynamic
563040400,2021-01-02T06:19:26Z,44.142768333333336,28.656245,0,259.7,252,terrestrial
563040400,2021-01-02T06:19:32Z,44.142768333333336,28.656245,0,259.7,252,terrestrial
563040400,2021-01-02T06:19:35Z,44.142768333333336,28.656245,0,259.7,252,terrestrial
563040400,2021-01-02T06:22:26Z,44.142765,28.656193333333334,0,259.7,252,terrestrial
563040400,2021-01-02T06:25:23Z,44.142788333333336,28.656231666666667,0,259.7,252,terrestrial
563040400,2021-01-02T06:25:27Z,44.142788333333336,28.656231666666667,0,259.7,252,terrestrial
563040400,2021-01-02T06:25:35Z,44.142788333333336,28.656231666666667,0,259.7,252,terrestrial
563040400,2021-01-02T06:25:38Z,44.142788333333336,28.656231666666667,0,259.7,252,terrestrial
563040400,2021-01-02T06:31:30Z,44.14280333333333,28.656258333333334,0,259.7,252,terrestrial
563040400,2021-01-02T06:31:32Z,44.14280333333333,28.656258333333334,0,259.7,252,terrestrial
563040400,2021-01-02T06:31:40Z,44.14280333333333,28.656258333333334,0,259.7,252,terrestrial
563040400,2021-01-02T06:34:23Z,44.14279666666667,28.656275,0,259.7,252,terrestrial
563040400,2021-01-02T06:34:34Z,44.14279666666667,28.656275,0,260,252,dynamic
563040400,2021-01-02T06:37:24Z,44.14282,28.656268333333333,0,260,252,dynamic
563040400,2021-01-02T06:37:27Z,44.14282,28.656268333333333,0,260,252,terrestrial
563040400,2021-01-02T06:37:28Z,44.14282,28.656268333333333,0,259.7,252,terrestrial
563040400,2021-01-02T06:37:29Z,44.14282,28.656268333333333,0,259.7,252,terrestrial
563040400,2021-01-02T06:37:37Z,44.14282,28.656268333333333,0,259.7,252,terrestrial
563040400,2021-01-02T06:40:26Z,44.14279166666667,28.656221666666667,0,259.7,252,terrestrial
563040400,2021-01-02T06:43:26Z,44.14279166666667,28.656221666666667,0,259.7,252,terrestrial
563040400,2021-01-02T06:43:28Z,44.14279166666667,28.656221666666667,0,259.7,252,terrestrial
563040400,2021-01-02T06:43:29Z,44.14279166666667,28.656258333333334,0,259.7,252,terrestrial
563040400,2021-01-02T06:45:21Z,44.14279166666667,28.656258333333334,0,259.7,252,terrestrial
563040400,2021-01-02T06:49:27Z,44.14279166666667,28.656258333333334,0,259.7,252,terrestrial
563040400,2021-01-02T06:49:28Z,44.14279833333333,28.656251666666666,0,259.7,252,terrestrial
563040400,2021-01-02T06:49:32Z,44.14279833333333,28.656251666666666,0,259.7,252,terrestrial
563040400,2021-01-02T06:49:34Z,44.14279833333333,28.656251666666666,0,259.7,252,terrestrial
563040400,2021-01-02T06:49:39Z,44.14279833333333,28.656251666666666,0,260,252,dynamic
563040400,2021-01-02T06:52:24Z,44.14279833333333,28.656245,0,260,252,dynamic
563040400,2021-01-02T06:52:29Z,44.14279833333333,28.656245,0,259.7,252,terrestrial
563040400,2021-01-02T06:52:36Z,44.14279833333333,28.656245,0,259.7,252,terrestrial
563040400,2021-01-02T06:58:28Z,44.142783333333334,28.65626,0,259.7,251,terrestrial
563040400,2021-01-02T06:58:33Z,44.142783333333334,28.65626,0,259.7,251,terrestrial
563040400,2021-01-02T07:01:42Z,44.142783333333334,28.65626,0,259.7,251,terrestrial
563040400,2021-01-02T07:04:28Z,44.14278,28.656221666666667,0,259.7,251,terrestrial
563040400,2021-01-02T07:04:40Z,44.14278,28.656221666666667,0,260,251,dynamic
563040400,2021-01-02T07:07:26Z,44.14277833333333,28.656248333333334,0,259.7,250,terrestrial
563040400,2021-01-02T07:07:32Z,44.14277833333333,28.656248333333334,0,259.7,250,terrestrial
563040400,2021-01-02T07:07:34Z,44.14277833333333,28.656248333333334,0,259.7,250,terrestrial
563040400,2021-01-02T07:10:24Z,44.14277666666667,28.65626,0,260,250,dynamic
563040400,2021-01-02T07:10:28Z,44.14277666666667,28.65626,0,259.7,250,terrestrial
563040400,2021-01-02T07:13:27Z,44.14277666666667,28.65626,0,259.7,250,terrestrial
563040400,2021-01-02T07:16:28Z,44.142785,28.656241666666666,0,259.7,250,terrestrial
563040400,2021-01-02T07:19:39Z,44.142785,28.656241666666666,0,259.7,250,terrestrial
563040400,2021-01-02T07:22:23Z,44.142783333333334,28.656258333333334,0,259.7,252,terrestrial
563040400,2021-01-02T07:25:24Z,44.14279166666667,28.65626,0,259.7,252,terrestrial
563040400,2021-01-02T07:25:27Z,44.14279166666667,28.65626,0,259.7,252,terrestrial
563040400,2021-01-02T07:25:31Z,44.14279166666667,28.65626,0,259.7,252,terrestrial
563040400,2021-01-02T07:25:35Z,44.14279166666667,28.65626,0,259.7,252,terrestrial
563040400,2021-01-02T07:25:42Z,44.14279166666667,28.65626,0,259.7,252,terrestrial
563040400,2021-01-02T07:31:26Z,44.142745,28.65621833333333,0,259.7,253,terrestrial
563040400,2021-01-02T07:31:31Z,44.142745,28.65621833333333,0,259.7,253,terrestrial
563040400,2021-01-02T07:37:32Z,44.142768333333336,28.65623,0,259.7,254,terrestrial
563040400,2021-01-02T07:37:36Z,44.142768333333336,28.65623,0,260,254,dynamic
563040400,2021-01-02T07:40:31Z,44.14277166666667,28.656233333333333,0,259.7,254,terrestrial
563040400,2021-01-02T07:43:23Z,44.14281,28.656245,0,259.7,254,terrestrial
563040400,2021-01-02T07:43:33Z,44.14281,28.656245,0,259.7,254,terrestrial
563040400,2021-01-02T07:46:37Z,44.142788333333336,28.656223333333333,0,259.7,254,terrestrial
563040400,2021-01-02T07:49:26Z,44.14276,28.656201666666668,0,259.7,254,terrestrial
563040400,2021-01-02T07:49:34Z,44.14276,28.656201666666668,0,259.7,254,terrestrial
563040400,2021-01-02T07:49:40Z,44.14276,28.656201666666668,0,259.7,254,terrestrial
563040400,2021-01-02T07:52:23Z,44.142801666666664,28.656258333333334,0,259.7,254,terrestrial
563040400,2021-01-02T07:55:27Z,44.142801666666664,28.656258333333334,0,259.7,254,terrestrial
563040400,2021-01-02T07:55:34Z,44.142801666666664,28.656258333333334,0,259.7,254,terrestrial
563040400,2021-01-02T07:55:35Z,44.14279166666667,28.65624,0,260,254,dynamic
563040400,2021-01-02T07:55:43Z,44.14279166666667,28.65624,0,260,254,terrestrial
563040400,2021-01-02T07:58:28Z,44.14279666666667,28.656255,0,259.7,253,terrestrial
563040400,2021-01-02T08:01:27Z,44.14279666666667,28.656255,0,259.7,253,terrestrial
563040400,2021-01-02T08:01:35Z,44.14279666666667,28.656255,0,259.7,253,terrestrial
563040400,2021-01-02T08:03:19Z,44.14279666666667,28.656255,0,259.7,253,terrestrial
563040400,2021-01-02T08:04:27Z,44.142785,28.656243333333332,0,259.7,253,terrestrial
563040400,2021-01-02T08:07:27Z,44.142785,28.656243333333332,0,259.7,253,terrestrial
563040400,2021-01-02T08:10:28Z,44.142783333333334,28.656233333333333,0,259.7,253,terrestrial
563040400,2021-01-02T08:10:40Z,44.142783333333334,28.656233333333333,0,260,253,dynamic
563040400,2021-01-02T08:13:27Z,44.142783333333334,28.656233333333333,0,260,253,terrestrial
563040400,2021-01-02T08:13:29Z,44.142783333333334,28.65624,0,259.7,252,terrestrial
563040400,2021-01-02T08:13:34Z,44.142783333333334,28.65624,0,259.7,252,terrestrial
563040400,2021-01-02T08:13:37Z,44.142783333333334,28.65624,0,259.7,252,terrestrial
563040400,2021-01-02T08:15:35Z,44.142783333333334,28.65624,0,259.7,252,terrestrial
563040400,2021-01-02T08:15:41Z,44.142783333333334,28.65624,0,259.7,252,terrestrial
563040400,2021-01-02T08:15:42Z,44.142783333333334,28.65624,0,259.7,252,terrestrial
563040400,2021-01-02T08:16:30Z,44.142786666666666,28.656243333333332,0,259.7,252,terrestrial
563040400,2021-01-02T08:19:30Z,44.142786666666666,28.656243333333332,0,259.7,252,terrestrial
563040400,2021-01-02T08:19:36Z,44.142786666666666,28.656243333333332,0,259.7,252,terrestrial
563040400,2021-01-02T08:22:26Z,44.14279166666667,28.656221666666667,0,260,252,dynamic
563040400,2021-01-02T08:22:31Z,44.14279166666667,28.656221666666667,0,259.7,252,terrestrial
563040400,2021-01-02T08:25:24Z,44.142781666666664,28.65624,0,259.7,252,terrestrial
563040400,2021-01-02T08:25:30Z,44.142781666666664,28.65624,0,259.7,252,terrestrial
563040400,2021-01-02T08:25:40Z,44.142781666666664,28.65624,0,259.7,252,terrestrial
563040400,2021-01-02T08:28:43Z,44.142763333333335,28.65625,0,260,252,dynamic
563040400,2021-01-02T08:31:28Z,44.142786666666666,28.656238333333334,0,259.7,252,terrestrial
563040400,2021-01-02T08:31:34Z,44.142786666666666,28.656238333333334,0,259.7,252,terrestrial
563040400,2021-01-02T08:31:36Z,44.142786666666666,28.656238333333334,0,259.7,252,terrestrial
563040400,2021-01-02T08:33:09Z,44.142786666666666,28.656238333333334,0,259.7,252,terrestrial
563040400,2021-01-02T08:33:10Z,44.142786666666666,28.656238333333334,0,259.7,252,terrestrial
563040400,2021-01-02T08:37:29Z,44.14279,28.656253333333332,0,259.7,252,terrestrial
563040400,2021-01-02T08:37:36Z,44.14279,28.656253333333332,0,259.7,252,terrestrial
563040400,2021-01-02T08:40:28Z,44.14279,28.656241666666666,0,260,252,dynamic
563040400,2021-01-02T08:40:32Z,44.14279,28.656241666666666,0,259.7,252,terrestrial
563040400,2021-01-02T08:43:31Z,44.14275666666666,28.656278333333333,0,259.7,252,terrestrial
563040400,2021-01-02T08:43:35Z,44.14275666666666,28.656278333333333,0,259.7,252,terrestrial
563040400,2021-01-02T08:46:33Z,44.142775,28.656233333333333,0,259.7,252,terrestrial
563040400,2021-01-02T08:46:38Z,44.142775,28.656233333333333,0,259.7,252,terrestrial
563040400,2021-01-02T08:46:44Z,44.142775,28.656233333333333,0,260,252,dynamic
563040400,2021-01-02T08:49:27Z,44.142775,28.656233333333333,0,260,252,terrestrial
563040400,2021-01-02T08:49:32Z,44.142775,28.656233333333333,0,260,252,terrestrial
563040400,2021-01-02T08:49:41Z,44.142775,28.656233333333333,0,260,252,terrestrial
563040400,2021-01-02T08:52:33Z,44.14278,28.656235,0,259.7,252,terrestrial
563040400,2021-01-02T08:55:30Z,44.14277166666667,28.656243333333332,0,259.7,252,terrestrial
563040400,2021-01-02T08:55:32Z,44.14277166666667,28.656243333333332,0,259.7,252,terrestrial
563040400,2021-01-02T08:58:20Z,44.142805,28.656225,0,260,252,dynamic
563040400,2021-01-02T09:01:24Z,44.14275666666666,28.656258333333334,0,259.7,252,terrestrial
563040400,2021-01-02T09:01:27Z,44.14275666666666,28.656258333333334,0,259.7,252,terrestrial
563040400,2021-01-02T09:01:31Z,44.14275666666666,28.656258333333334,0,259.7,252,terrestrial
563040400,2021-01-02T09:01:34Z,44.14275666666666,28.656258333333334,0,259.7,252,terrestrial
563040400,2021-01-02T09:07:27Z,44.142795,28.656258333333334,0,259.7,252,terrestrial
563040400,2021-01-02T09:07:38Z,44.142795,28.656258333333334,0,259.7,252,terrestrial
563040400,2021-01-02T09:10:27Z,44.14275666666666,28.656283333333334,0,259.7,252,terrestrial
563040400,2021-01-02T09:13:28Z,44.14275666666666,28.656283333333334,0,259.7,252,terrestrial
563040400,2021-01-02T09:13:33Z,44.14275666666666,28.656283333333334,0,259.7,252,terrestrial
563040400,2021-01-02T09:16:27Z,44.142775,28.656223333333333,0,259.7,252,terrestrial
563040400,2021-01-02T09:19:31Z,44.142775,28.656223333333333,0,259.7,252,terrestrial
563040400,2021-01-02T09:19:39Z,44.142785,28.656238333333334,0,260,252,dynamic
563040400,2021-01-02T09:19:40Z,44.142785,28.656238333333334,0,260,252,terrestrial
563040400,2021-01-02T09:22:27Z,44.14279,28.656253333333332,0.1,259.7,252,terrestrial
563040400,2021-01-02T09:25:27Z,44.14284,28.656228333333335,0.1,259.7,252,terrestrial
563040400,2021-01-02T09:25:31Z,44.14284,28.656228333333335,0.1,259.7,252,terrestrial
563040400,2021-01-02T09:25:32Z,44.14284,28.656228333333335,0.1,259.7,252,terrestrial
563040400,2021-01-02T09:31:29Z,44.142783333333334,28.656265,0,259.7,252,terrestrial
563040400,2021-01-02T09:31:34Z,44.142783333333334,28.656265,0,259.7,252,terrestrial
563040400,2021-01-02T09:37:30Z,44.142801666666664,28.656205,0,259.7,252,terrestrial
563040400,2021-01-02T09:37:33Z,44.142801666666664,28.656205,0,259.7,252,terrestrial
563040400,2021-01-02T09:37:36Z,44.142801666666664,28.656205,0,259.7,252,terrestrial
563040400,2021-01-02T09:37:39Z,44.142801666666664,28.656205,0,259.7,252,terrestrial
563040400,2021-01-02T09:37:41Z,44.142801666666664,28.656205,0,260,252,dynamic
563040400,2021-01-02T09:40:29Z,44.14277333333333,28.656235,0,259.7,252,terrestrial
563040400,2021-01-02T09:43:27Z,44.14277333333333,28.656235,0,259.7,252,terrestrial
563040400,2021-01-02T09:43:32Z,44.142775,28.656253333333332,0,259.7,252,terrestrial
563040400,2021-01-02T09:43:35Z,44.142775,28.656253333333332,0,259.7,252,terrestrial
563040400,2021-01-02T09:46:31Z,44.14276666666667,28.656233333333333,0,259.7,252,terrestrial
563040400,2021-01-02T09:49:39Z,44.14276666666667,28.656233333333333,0,259.7,252,terrestrial
563040400,2021-01-02T09:52:30Z,44.142775,28.656201666666668,0,259.7,252,terrestrial
563040400,2021-01-02T09:52:42Z,44.142775,28.656201666666668,0,260,252,dynamic
563040400,2021-01-02T09:55:31Z,44.142865,28.656271666666665,0.1,231.4,252,terrestrial
563040400,2021-01-02T09:55:33Z,44.142865,28.656271666666665,0.1,231.4,252,terrestrial
563040400,2021-01-02T10:01:27Z,44.14275333333333,28.656226666666665,0,231,252,dynamic
563040400,2021-01-02T10:01:32Z,44.14275333333333,28.656226666666665,0,231.4,252,terrestrial
563040400,2021-01-02T10:01:38Z,44.14275333333333,28.656226666666665,0,231.4,252,terrestrial
563040400,2021-01-02T10:07:24Z,44.14274833333333,28.656205,0.1,231.4,252,terrestrial
563040400,2021-01-02T10:07:30Z,44.14274833333333,28.656205,0.1,231.4,252,terrestrial
563040400,2021-01-02T10:07:34Z,44.14274833333333,28.656205,0.1,231.4,252,terrestrial
563040400,2021-01-02T10:10:28Z,44.14281,28.656205,0,231.4,252,terrestrial
563040400,2021-01-02T10:13:28Z,44.142738333333334,28.656275,0,231.4,252,terrestrial
563040400,2021-01-02T10:16:24Z,44.14275,28.65626333333333,0,231.4,252,terrestrial
563040400,2021-01-02T10:22:29Z,44.14279,28.656211666666668,0,231.4,252,terrestrial
563040400,2021-01-02T10:25:27Z,44.142783333333334,28.656223333333333,0,231.4,252,terrestrial
563040400,2021-01-02T10:25:34Z,44.142783333333334,28.656223333333333,0,231.4,252,terrestrial
563040400,2021-01-02T10:25:35Z,44.142783333333334,28.656223333333333,0,231.4,252,terrestrial
563040400,2021-01-02T10:31:29Z,44.14275833333333,28.65624,0.1,231.4,251,terrestrial
563040400,2021-01-02T10:31:30Z,44.14275833333333,28.65624,0.1,231.4,251,terrestrial
563040400,2021-01-02T10:31:34Z,44.14275833333333,28.65624,0.1,231.4,251,terrestrial
563040400,2021-01-02T10:31:38Z,44.14275833333333,28.65624,0.1,231.4,251,terrestrial
563040400,2021-01-02T10:37:27Z,44.14275833333333,28.65624,0.1,231.4,251,terrestrial
563040400,2021-01-02T10:37:28Z,44.14275833333333,28.65624,0.1,231.4,251,terrestrial
563040400,2021-01-02T10:37:31Z,44.14275166666667,28.656278333333333,0.1,231.4,251,terrestrial
563040400,2021-01-02T10:37:32Z,44.14275166666667,28.656278333333333,0.1,231.4,251,terrestrial
563040400,2021-01-02T10:37:36Z,44.14275166666667,28.656278333333333,0.1,231.4,251,terrestrial
563040400,2021-01-02T10:38:46Z,44.14275166666667,28.656278333333333,0.1,231.4,251,terrestrial
563040400,2021-01-02T10:40:32Z,44.142781666666664,28.656343333333332,0,231.4,251,terrestrial
563040400,2021-01-02T10:43:27Z,44.142781666666664,28.656343333333332,0,231.4,251,terrestrial
563040400,2021-01-02T10:43:31Z,44.14274,28.656298333333332,0,231.4,252,terrestrial
563040400,2021-01-02T10:43:37Z,44.14274,28.656298333333332,0,231.4,252,terrestrial
563040400,2021-01-02T10:43:43Z,44.14274,28.656298333333332,0,231,252,dynamic
563040400,2021-01-02T10:44:48Z,44.14274,28.656298333333332,0,231,252,terrestrial
563040400,2021-01-02T10:46:32Z,44.14279333333333,28.656241666666666,0,231.4,252,terrestrial
563040400,2021-01-02T10:49:28Z,44.14279333333333,28.656241666666666,0,231.4,252,terrestrial
563040400,2021-01-02T10:52:31Z,44.14275833333333,28.656355,0,231.4,252,terrestrial
563040400,2021-01-02T10:55:27Z,44.14273166666667,28.65642,0,231.4,252,terrestrial
563040400,2021-01-02T10:55:35Z,44.14273166666667,28.65642,0,231.4,252,terrestrial
563040400,2021-01-02T11:01:24Z,44.142768333333336,28.65625,0,231.4,252,terrestrial
563040400,2021-01-02T11:01:28Z,44.142768333333336,28.65625,0,231.4,252,terrestrial
563040400,2021-01-02T11:01:30Z,44.142768333333336,28.65625,0,231.4,252,terrestrial
563040400,2021-01-02T11:01:37Z,44.142768333333336,28.65625,0,231.4,252,terrestrial
563040400,2021-01-02T11:02:37Z,44.142768333333336,28.65625,0,231.4,252,terrestrial
563040400,2021-01-02T11:07:25Z,44.142763333333335,28.656245,0,231.4,252,terrestrial
563040400,2021-01-02T11:07:31Z,44.142763333333335,28.656245,0,231.4,252,terrestrial
563040400,2021-01-02T11:07:35Z,44.142763333333335,28.656245,0,231.4,252,terrestrial
563040400,2021-01-02T11:10:32Z,44.14284,28.656228333333335,0,231.4,252,terrestrial
563040400,2021-01-02T11:13:27Z,44.14284,28.656228333333335,0,231.4,252,terrestrial
563040400,2021-01-02T11:13:28Z,44.14277833333333,28.656235,0,231.4,252,terrestrial
563040400,2021-01-02T11:13:34Z,44.14277833333333,28.656235,0,231.4,252,terrestrial
563040400,2021-01-02T11:13:36Z,44.14277833333333,28.656235,0,231.4,252,terrestrial
563040400,2021-01-02T11:16:33Z,44.142785,28.656288333333332,0,231.4,252,terrestrial
563040400,2021-01-02T11:16:45Z,44.142785,28.656288333333332,0,231,252,dynamic
563040400,2021-01-02T11:19:26Z,44.14277166666667,28.656231666666667,0,231.4,252,terrestrial
563040400,2021-01-02T11:19:34Z,44.14277166666667,28.656231666666667,0,231.4,252,terrestrial
563040400,2021-01-02T11:19:37Z,44.14277166666667,28.656231666666667,0,231.4,252,terrestrial
563040400,2021-01-02T11:22:24Z,44.142781666666664,28.656256666666668,0,231.4,252,terrestrial
563040400,2021-01-02T11:25:27Z,44.14275333333333,28.656258333333334,0,231.4,252,terrestrial
563040400,2021-01-02T11:25:34Z,44.14275333333333,28.656258333333334,0,231.4,252,terrestrial
563040400,2021-01-02T11:25:35Z,44.14275333333333,28.656258333333334,0,231.4,252,terrestrial
563040400,2021-01-02T11:27:04Z,44.14275333333333,28.656258333333334,0,231.4,252,terrestrial
563040400,2021-01-02T11:27:05Z,44.14275333333333,28.656258333333334,0,231.4,252,terrestrial
563040400,2021-01-02T11:31:26Z,44.142738333333334,28.656353333333332,0,231.4,252,terrestrial
563040400,2021-01-02T11:31:32Z,44.142738333333334,28.656353333333332,0,231.4,252,terrestrial
563040400,2021-01-02T11:31:43Z,44.142738333333334,28.656353333333332,0,231.4,252,terrestrial
563040400,2021-01-02T11:37:30Z,44.14279833333333,28.65626333333333,0,231.4,252,terrestrial
563040400,2021-01-02T11:37:34Z,44.14279833333333,28.65626333333333,0,231.4,252,terrestrial
563040400,2021-01-02T11:37:36Z,44.14279833333333,28.65626333333333,0,231.4,252,terrestrial
563040400,2021-01-02T11:37:37Z,44.14279833333333,28.65626333333333,0,231.4,252,terrestrial
563040400,2021-01-02T11:40:29Z,44.14281833333333,28.656325,0,231.4,251,terrestrial
563040400,2021-01-02T11:40:36Z,44.14281833333333,28.656325,0,231.4,251,terrestrial
563040400,2021-01-02T11:43:27Z,44.14281833333333,28.656325,0,231.4,251,terrestrial
563040400,2021-01-02T11:43:35Z,44.14281833333333,28.656325,0,231.4,251,terrestrial
563040400,2021-01-02T11:43:39Z,44.14281833333333,28.656325,0,231.4,251,terrestrial
563040400,2021-01-02T11:46:25Z,44.142768333333336,28.656241666666666,0,231,251,dynamic
563040400,2021-01-02T11:46:29Z,44.142768333333336,28.656241666666666,0,231.4,251,terrestrial
563040400,2021-01-02T11:46:35Z,44.142768333333336,28.656241666666666,0,231.4,251,terrestrial
563040400,2021-01-02T11:49:35Z,44.142768333333336,28.656241666666666,0,231.4,251,terrestrial
563040400,2021-01-02T11:52:28Z,44.14279833333333,28.656278333333333,0,231.4,251,terrestrial
563040400,2021-01-02T11:52:34Z,44.14279833333333,28.656278333333333,0,231.4,251,terrestrial
563040400,2021-01-02T11:55:25Z,44.142786666666666,28.656241666666666,0,231.4,252,terrestrial
563040400,2021-01-02T11:55:31Z,44.142786666666666,28.656241666666666,0,231.4,252,terrestrial
563040400,2021-01-02T11:55:34Z,44.142786666666666,28.656241666666666,0,231.4,252,terrestrial
563040400,2021-01-02T12:01:27Z,44.14277166666667,28.656235,0,231.4,252,terrestrial
563040400,2021-01-02T12:01:28Z,44.14277166666667,28.656235,0,231.4,252,terrestrial
563040400,2021-01-02T12:01:32Z,44.14277166666667,28.656235,0,231.4,252,terrestrial
563040400,2021-01-02T12:01:44Z,44.14277166666667,28.656235,0,231.4,252,terrestrial
563040400,2021-01-02T12:07:30Z,44.142788333333336,28.65624,0.1,231.4,252,terrestrial
563040400,2021-01-02T12:07:36Z,44.142788333333336,28.65624,0.1,231.4,252,terrestrial
563040400,2021-01-02T12:07:42Z,44.142788333333336,28.65624,0.1,231,252,dynamic
563040400,2021-01-02T12:10:28Z,44.142775,28.656265,0,231.4,252,terrestrial
563040400,2021-01-02T12:13:27Z,44.142775,28.656265,0,231.4,252,terrestrial
563040400,2021-01-02T12:13:29Z,44.14281,28.656178333333333,0,231.4,252,terrestrial
563040400,2021-01-02T12:13:34Z,44.14281,28.656178333333333,0,231.4,252,terrestrial
563040400,2021-01-02T12:15:23Z,44.14281,28.656178333333333,0,231.4,252,terrestrial
563040400,2021-01-02T12:16:25Z,44.14281666666667,28.656276666666667,0,231.4,252,terrestrial
563040400,2021-01-02T12:16:31Z,44.14281666666667,28.656276666666667,0,231.4,252,terrestrial
563040400,2021-01-02T12:19:33Z,44.14281666666667,28.656276666666667,0,231.4,252,terrestrial
563040400,2021-01-02T12:22:26Z,44.14274,28.656243333333332,0,231.4,252,terrestrial
563040400,2021-01-02T12:25:30Z,44.142775,28.656286666666666,0,231.4,252,terrestrial
563040400,2021-01-02T12:25:37Z,44.142775,28.656286666666666,0,231.4,252,terrestrial
563040400,2021-01-02T12:25:41Z,44.142775,28.656286666666666,0,231,252,dynamic
563040400,2021-01-02T12:31:35Z,44.142775,28.656286666666666,0,231,252,terrestrial
563040400,2021-01-02T12:31:36Z,44.142775,28.656286666666666,0,231,252,terrestrial
563040400,2021-01-02T12:34:25Z,44.14276,28.656235,0,231.4,252,terrestrial
563040400,2021-01-02T12:34:31Z,44.14276,28.656235,0,231.4,252,terrestrial
563040400,2021-01-02T12:37:27Z,44.14276,28.656235,0,231.4,252,terrestrial
563040400,2021-01-02T12:37:27Z,44.142763333333335,28.656248333333334,0,231,252,dynamic
563040400,2021-01-02T12:37:30Z,44.142763333333335,28.656248333333334,0,231.4,252,terrestrial
563040400,2021-01-02T12:37:34Z,44.142763333333335,28.656248333333334,0,231.4,252,terrestrial
563040400,2021-01-02T12:37:37Z,44.142763333333335,28.656248333333334,0,231.4,252,terrestrial
563040400,2021-01-02T12:37:38Z,44.142763333333335,28.656248333333334,0,231.4,252,terrestrial
563040400,2021-01-02T12:39:45Z,44.142763333333335,28.656248333333334,0,231.4,252,terrestrial
563040400,2021-01-02T12:40:28Z,44.14279666666667,28.656253333333332,0,231.4,252,terrestrial
563040400,2021-01-02T12:40:33Z,44.14279666666667,28.656253333333332,0,231.4,252,terrestrial
563040400,2021-01-02T12:43:28Z,44.14279666666667,28.656253333333332,0,231.4,252,terrestrial
563040400,2021-01-02T12:43:37Z,44.14281,28.656246666666668,0,231,252,dynamic
563040400,2021-01-02T12:46:28Z,44.142768333333336,28.65624,0,231.4,252,terrestrial
563040400,2021-01-02T12:46:35Z,44.142768333333336,28.65624,0,231.4,252,terrestrial
563040400,2021-01-02T12:49:27Z,44.142768333333336,28.65624,0,231.4,252,terrestrial
563040400,2021-01-02T12:49:42Z,44.142768333333336,28.65624,0,231.4,252,terrestrial
563040400,2021-01-02T12:52:29Z,44.142685,28.656276666666667,0,231.4,252,terrestrial
563040400,2021-01-02T12:55:26Z,44.14275,28.656238333333334,0,231,252,dynamic
563040400,2021-01-02T12:55:30Z,44.14275,28.656238333333334,0,231.4,252,terrestrial
563040400,2021-01-02T12:55:40Z,44.14275,28.656238333333334,0,231.4,252,terrestrial
563040400,2021-01-02T12:55:41Z,44.14275,28.656238333333334,0,231.4,252,terrestrial
563040400,2021-01-02T12:55:47Z,44.14275,28.656238333333334,0,231.4,252,terrestrial
563040400,2021-01-02T12:58:41Z,44.14274833333333,28.656241666666666,0,231,252,dynamic
563040400,2021-01-02T13:01:27Z,44.14274833333333,28.656241666666666,0,231,252,terrestrial
563040400,2021-01-02T13:01:31Z,44.14273166666667,28.65626,0,231.4,252,terrestrial
563040400,2021-01-02T13:01:34Z,44.14273166666667,28.65626,0,231.4,252,terrestrial
563040400,2021-01-02T13:01:38Z,44.14273166666667,28.65626,0,231.4,252,terrestrial
563040400,2021-01-02T13:01:39Z,44.14273166666667,28.65626,0,231.4,252,terrestrial
563040400,2021-01-02T13:07:25Z,44.142813333333336,28.656283333333334,0,231.4,252,terrestrial
563040400,2021-01-02T13:07:33Z,44.142813333333336,28.656283333333334,0,231.4,252,terrestrial
563040400,2021-01-02T13:07:35Z,44.142813333333336,28.656283333333334,0,231.4,252,terrestrial
563040400,2021-01-02T13:10:27Z,44.142805,28.656301666666668,0,231.4,252,terrestrial
563040400,2021-01-02T13:13:23Z,44.14279333333333,28.656265,0,231,252,dynamic
563040400,2021-01-02T13:13:27Z,44.14279333333333,28.656265,0,231.4,252,terrestrial
563040400,2021-01-02T13:13:28Z,44.14279333333333,28.656265,0,231.4,252,terrestrial
563040400,2021-01-02T13:13:35Z,44.14279333333333,28.656265,0,231.4,252,terrestrial
563040400,2021-01-02T13:13:41Z,44.14279333333333,28.656265,0,231.4,252,terrestrial
563040400,2021-01-02T13:16:30Z,44.14279333333333,28.656275,0,231.4,252,terrestrial
563040400,2021-01-02T13:16:36Z,44.14279333333333,28.656275,0,231.4,252,terrestrial
563040400,2021-01-02T13:16:41Z,44.14279333333333,28.656275,0,231,252,dynamic
563040400,2021-01-02T13:19:31Z,44.14279333333333,28.656275,0,231,252,terrestrial
563040400,2021-01-02T13:19:39Z,44.14279333333333,28.656275,0,231,252,terrestrial
563040400,2021-01-02T13:22:24Z,44.142745,28.656215,0,231.4,252,terrestrial
563040400,2021-01-02T13:25:31Z,44.142786666666666,28.65624,0,231.4,251,terrestrial
563040400,2021-01-02T13:25:34Z,44.142786666666666,28.65624,0,231.4,251,terrestrial
563040400,2021-01-02T13:25:36Z,44.142786666666666,28.65624,0,231.4,251,terrestrial
563040400,2021-01-02T13:31:26Z,44.14274833333333,28.656235,0,231.4,251,terrestrial
563040400,2021-01-02T13:31:32Z,44.14274833333333,28.656235,0,231.4,251,terrestrial
563040400,2021-01-02T13:31:35Z,44.14274833333333,28.656235,0,231.4,251,terrestrial
563040400,2021-01-02T13:31:37Z,44.14274833333333,28.656235,0,231.4,251,terrestrial
563040400,2021-01-02T13:37:28Z,44.14279333333333,28.656235,0,231.4,251,terrestrial
563040400,2021-01-02T13:37:34Z,44.14279333333333,28.656235,0,231.4,251,terrestrial
563040400,2021-01-02T13:37:40Z,44.14279333333333,28.656235,0,231.4,251,terrestrial
563040400,2021-01-02T13:40:26Z,44.14275333333333,28.65629,0,231.4,251,terrestrial
563040400,2021-01-02T13:40:32Z,44.14275333333333,28.65629,0,231.4,251,terrestrial
563040400,2021-01-02T13:43:25Z,44.14279333333333,28.656276666666667,0,231.4,251,terrestrial
563040400,2021-01-02T13:43:34Z,44.14279333333333,28.656276666666667,0,231.4,251,terrestrial
563040400,2021-01-02T13:46:27Z,44.14277833333333,28.656246666666668,0,231,251,dynamic
563040400,2021-01-02T13:46:31Z,44.14277833333333,28.656246666666668,0,231.4,251,terrestrial
563040400,2021-01-02T13:49:30Z,44.142801666666664,28.65627,0,231.4,251,terrestrial
563040400,2021-01-02T13:49:41Z,44.142801666666664,28.65627,0,231.4,251,terrestrial
563040400,2021-01-02T13:49:42Z,44.142801666666664,28.65627,0,231,251,dynamic
563040400,2021-01-02T13:52:29Z,44.142785,28.656298333333332,0,231.4,252,terrestrial
563040400,2021-01-02T13:55:32Z,44.142805,28.65627,0,231.4,252,terrestrial
563040400,2021-01-02T13:55:33Z,44.142805,28.65627,0,231.4,252,terrestrial
563040400,2021-01-02T13:55:34Z,44.142805,28.65627,0,231.4,252,terrestrial
563040400,2021-01-02T13:55:36Z,44.142805,28.65627,0,231.4,252,terrestrial
563040400,2021-01-02T14:01:27Z,44.142805,28.65627,0,231.4,252,terrestrial
563040400,2021-01-02T14:01:29Z,44.14276,28.656275,0,231,252,dynamic
563040400,2021-01-02T14:01:33Z,44.14276,28.656275,0,231.4,252,terrestrial
563040400,2021-01-02T14:01:36Z,44.14276,28.656275,0,231.4,252,terrestrial
563040400,2021-01-02T14:01:38Z,44.14276,28.656275,0,231.4,252,terrestrial
563040400,2021-01-02T14:04:42Z,44.142755,28.656271666666665,0,231,252,dynamic
563040400,2021-01-02T14:07:33Z,44.142801666666664,28.656243333333332,0,231.4,252,terrestrial
563040400,2021-01-02T14:07:39Z,44.142801666666664,28.656243333333332,0,231.4,252,terrestrial
563040400,2021-01-02T14:10:32Z,44.14281666666667,28.656253333333332,0,231.4,252,terrestrial
563040400,2021-01-02T14:10:43Z,44.14281666666667,28.656253333333332,0,231.4,252,terrestrial
563040400,2021-01-02T14:13:27Z,44.14281666666667,28.656253333333332,0,231.4,252,terrestrial
563040400,2021-01-02T14:16:31Z,44.142741666666666,28.656316666666665,0,231.4,252,terrestrial
563040400,2021-01-02T14:19:30Z,44.142775,28.656373333333335,0,231,252,dynamic
563040400,2021-01-02T14:19:34Z,44.142775,28.656373333333335,0,231.4,252,terrestrial
563040400,2021-01-02T14:22:31Z,44.142763333333335,28.656276666666667,0,231.4,253,terrestrial
563040400,2021-01-02T14:22:37Z,44.142763333333335,28.656276666666667,0,231.4,253,terrestrial
563040400,2021-01-02T14:25:26Z,44.142745,28.656323333333333,0,231.4,253,terrestrial
563040400,2021-01-02T14:25:28Z,44.142745,28.656323333333333,0,231.4,253,terrestrial
563040400,2021-01-02T14:25:32Z,44.142745,28.656323333333333,0,231.4,253,terrestrial
563040400,2021-01-02T14:31:25Z,44.1427,28.65628,0,231.4,253,terrestrial
563040400,2021-01-02T14:37:26Z,44.142763333333335,28.656223333333333,0,231,252,dynamic
563040400,2021-01-02T14:37:29Z,44.142763333333335,28.656223333333333,0,231.4,252,terrestrial
563040400,2021-01-02T14:37:35Z,44.142763333333335,28.656223333333333,0,231.4,252,terrestrial
563040400,2021-01-02T14:37:36Z,44.142763333333335,28.656223333333333,0,231.4,252,terrestrial
563040400,2021-01-02T14:40:30Z,44.142768333333336,28.656175,0,231.4,252,terrestrial
563040400,2021-01-02T14:43:30Z,44.1427,28.656301666666668,0,231.4,252,terrestrial
563040400,2021-01-02T14:43:34Z,44.1427,28.656301666666668,0,231.4,252,terrestrial
563040400,2021-01-02T14:46:30Z,44.142755,28.656241666666666,0,231.4,252,terrestrial
563040400,2021-01-02T14:46:35Z,44.142755,28.656241666666666,0,231.4,252,terrestrial
563040400,2021-01-02T14:49:28Z,44.142755,28.656241666666666,0,231.4,252,terrestrial
563040400,2021-01-02T14:49:36Z,44.142755,28.656241666666666,0,231.4,252,terrestrial
563040400,2021-01-02T14:52:28Z,44.14282333333333,28.656271666666665,0,231.4,252,terrestrial
563040400,2021-01-02T14:55:25Z,44.142775,28.656288333333332,0,231,252,dynamic
563040400,2021-01-02T14:55:29Z,44.142775,28.656288333333332,0,231.4,252,terrestrial
563040400,2021-01-02T14:55:33Z,44.142775,28.656288333333332,0,231.4,252,terrestrial
563040400,2021-01-02T14:55:41Z,44.142775,28.656288333333332,0,231.4,252,terrestrial
563040400,2021-01-02T15:01:37Z,44.142775,28.656288333333332,0,231.4,252,terrestrial
563040400,2021-01-02T15:04:25Z,44.14279333333333,28.656253333333332,0,231.4,251,terrestrial
563040400,2021-01-02T15:07:29Z,44.14275,28.656275,0,231.4,251,terrestrial
563040400,2021-01-02T15:07:33Z,44.14275,28.656275,0,231.4,251,terrestrial
563040400,2021-01-02T15:07:34Z,44.14275,28.656275,0,231.4,251,terrestrial
563040400,2021-01-02T15:07:39Z,44.14275,28.656275,0,231.4,251,terrestrial
563040400,2021-01-02T15:13:31Z,44.14281166666667,28.656301666666668,0,231.4,251,terrestrial
563040400,2021-01-02T15:13:35Z,44.14281166666667,28.656301666666668,0,231.4,251,terrestrial
563040400,2021-01-02T15:13:38Z,44.14281166666667,28.656301666666668,0,231.4,251,terrestrial
563040400,2021-01-02T15:13:42Z,44.14281166666667,28.656301666666668,0,231,251,dynamic
563040400,2021-01-02T15:13:44Z,44.14281166666667,28.656301666666668,0,231,251,terrestrial
563040400,2021-01-02T15:16:31Z,44.142788333333336,28.656303333333334,0,231.4,251,terrestrial
563040400,2021-01-02T15:19:32Z,44.14275166666667,28.656288333333332,0,231.4,251,terrestrial
563040400,2021-01-02T15:19:33Z,44.14275166666667,28.656288333333332,0,231.4,251,terrestrial
563040400,2021-01-02T15:19:34Z,44.14275166666667,28.656288333333332,0,231.4,251,terrestrial
563040400,2021-01-02T15:22:25Z,44.14275166666667,28.656288333333332,0,231.4,251,terrestrial
563040400,2021-01-02T15:22:31Z,44.142716666666665,28.656336666666668,0,231.4,251,terrestrial
563040400,2021-01-02T15:22:38Z,44.142716666666665,28.656336666666668,0,231.4,251,terrestrial
563040400,2021-01-02T15:25:28Z,44.142716666666665,28.656336666666668,0,231.4,251,terrestrial
563040400,2021-01-02T15:25:38Z,44.142716666666665,28.656336666666668,0,231.4,251,terrestrial
563040400,2021-01-02T15:28:29Z,44.14279,28.656313333333333,0.1,231.4,251,terrestrial
563040400,2021-01-02T15:28:55Z,44.14279,28.656313333333333,0.1,231.4,251,terrestrial
563040400,2021-01-02T15:31:27Z,44.14268333333333,28.656461666666665,0,231,251,dynamic
563040400,2021-01-02T15:31:31Z,44.14268333333333,28.656461666666665,0,231.4,251,terrestrial
563040400,2021-01-02T15:31:33Z,44.14268333333333,28.656461666666665,0,231.4,251,terrestrial
563040400,2021-01-02T15:31:37Z,44.14268333333333,28.656461666666665,0,231.4,251,terrestrial
563040400,2021-01-02T15:37:27Z,44.14268333333333,28.656461666666665,0,231.4,251,terrestrial
563040400,2021-01-02T15:37:31Z,44.142865,28.656228333333335,0,231.4,252,terrestrial
563040400,2021-01-02T15:37:32Z,44.142865,28.656228333333335,0,231.4,252,terrestrial
563040400,2021-01-02T15:37:37Z,44.142865,28.656228333333335,0,231.4,252,terrestrial
563040400,2021-01-02T15:40:26Z,44.142765,28.656301666666668,0,231.4,252,terrestrial
563040400,2021-01-02T15:43:26Z,44.14277166666667,28.65623666666667,0,231.4,252,terrestrial
563040400,2021-01-02T15:46:28Z,44.14274666666667,28.656276666666667,0,231,252,dynamic
563040400,2021-01-02T15:46:31Z,44.14274666666667,28.656276666666667,0,231.4,252,terrestrial
563040400,2021-01-02T15:49:28Z,44.14274666666667,28.656276666666667,0,231.4,252,terrestrial
563040400,2021-01-02T15:49:31Z,44.14279333333333,28.656238333333334,0,231.4,252,terrestrial
563040400,2021-01-02T15:49:35Z,44.14279333333333,28.656238333333334,0,231.4,252,terrestrial
563040400,2021-01-02T15:52:32Z,44.14273166666667,28.656223333333333,0,231.4,252,terrestrial
563040400,2021-01-02T15:55:32Z,44.142763333333335,28.656235,0,231.4,252,terrestrial
563040400,2021-01-02T15:55:34Z,44.142763333333335,28.656235,0,231.4,252,terrestrial
563040400,2021-01-02T15:55:37Z,44.142763333333335,28.656235,0,231.4,252,terrestrial
563040400,2021-01-02T16:01:29Z,44.14278,28.656243333333332,0,231,252,dynamic
563040400,2021-01-02T16:01:33Z,44.14278,28.656243333333332,0,231.4,252,terrestrial
563040400,2021-01-02T16:01:39Z,44.14278,28.656243333333332,0,231.4,252,terrestrial
563040400,2021-01-02T16:01:42Z,44.14278,28.656243333333332,0,231.4,252,terrestrial
563040400,2021-01-02T16:07:26Z,44.14279666666667,28.65625,0,231.4,252,terrestrial
563040400,2021-01-02T16:07:27Z,44.14279666666667,28.65625,0,231.4,252,terrestrial
563040400,2021-01-02T16:07:29Z,44.14279666666667,28.65625,0,231.4,252,terrestrial
563040400,2021-01-02T16:07:37Z,44.14279666666667,28.65625,0,231.4,252,terrestrial
563040400,2021-01-02T16:10:33Z,44.14281,28.656275,0,231.4,252,terrestrial
563040400,2021-01-02T16:13:27Z,44.14281,28.656275,0,231.4,252,terrestrial
563040400,2021-01-02T16:13:28Z,44.142775,28.656235,0,231.4,253,terrestrial
563040400,2021-01-02T16:13:31Z,44.142775,28.656235,0,231.4,253,terrestrial
563040400,2021-01-02T16:13:32Z,44.142775,28.656235,0,231.4,253,terrestrial
563040400,2021-01-02T16:16:34Z,44.142768333333336,28.656333333333333,0,231.4,253,terrestrial
563040400,2021-01-02T16:16:35Z,44.142768333333336,28.656333333333333,0,231.4,253,terrestrial
563040400,2021-01-02T16:16:45Z,44.142768333333336,28.656333333333333,0,231,253,dynamic
563040400,2021-01-02T16:19:27Z,44.142768333333336,28.656333333333333,0,231,253,terrestrial
563040400,2021-01-02T16:19:30Z,44.142768333333336,28.656333333333333,0,231,253,terrestrial
563040400,2021-01-02T16:22:16Z,44.142768333333336,28.656333333333333,0,231,253,terrestrial
563040400,2021-01-02T16:22:17Z,44.142768333333336,28.656333333333333,0,231,253,terrestrial
563040400,2021-01-02T16:22:26Z,44.14272666666667,28.656335,0,231.4,253,terrestrial
563040400,2021-01-02T16:22:31Z,44.14272666666667,28.656335,0,231.4,253,terrestrial
563040400,2021-01-02T16:25:26Z,44.14279833333333,28.656238333333334,0,231.4,253,terrestrial
563040400,2021-01-02T16:25:28Z,44.14279833333333,28.656238333333334,0,231.4,253,terrestrial
563040400,2021-01-02T16:25:36Z,44.14279833333333,28.656238333333334,0,231.4,253,terrestrial
563040400,2021-01-02T16:25:41Z,44.14279833333333,28.656238333333334,0,231.4,253,terrestrial
563040400,2021-01-02T16:31:27Z,44.14279833333333,28.656238333333334,0,231.4,253,terrestrial
563040400,2021-01-02T16:31:34Z,44.14279833333333,28.656238333333334,0,231.4,253,terrestrial
563040400,2021-01-02T16:34:30Z,44.142788333333336,28.656238333333334,0,231.4,252,terrestrial
563040400,2021-01-02T16:34:42Z,44.142788333333336,28.656238333333334,0,231,252,dynamic
563040400,2021-01-02T16:37:30Z,44.14277166666667,28.656226666666665,0,231.4,252,terrestrial
563040400,2021-01-02T16:37:33Z,44.14277166666667,28.656226666666665,0,231.4,252,terrestrial
563040400,2021-01-02T16:37:35Z,44.14277166666667,28.656226666666665,0,231.4,252,terrestrial
563040400,2021-01-02T16:37:43Z,44.14277166666667,28.656226666666665,0,231.4,252,terrestrial
563040400,2021-01-02T16:40:30Z,44.142786666666666,28.656241666666666,0,231.4,252,terrestrial
563040400,2021-01-02T16:43:26Z,44.14279833333333,28.65626,0,231.4,251,terrestrial
563040400,2021-01-02T16:43:34Z,44.14279833333333,28.65626,0,231.4,251,terrestrial
563040400,2021-01-02T16:43:35Z,44.14279833333333,28.65626,0,231.4,251,terrestrial
563040400,2021-01-02T16:45:52Z,44.14279833333333,28.65626,0,231.4,251,terrestrial
563040400,2021-01-02T16:46:26Z,44.142801666666664,28.656235,0,231.4,251,terrestrial
563040400,2021-01-02T16:49:27Z,44.142801666666664,28.656235,0,231.4,251,terrestrial
563040400,2021-01-02T16:49:29Z,44.142801666666664,28.656235,0,231.4,251,terrestrial
563040400,2021-01-02T16:49:30Z,44.142775,28.656223333333333,0,231.4,251,terrestrial
563040400,2021-01-02T16:49:33Z,44.142775,28.656223333333333,0,231.4,251,terrestrial
563040400,2021-01-02T16:51:32Z,44.142775,28.656223333333333,0,231.4,251,terrestrial
563040400,2021-01-02T16:52:26Z,44.14279333333333,28.656211666666668,0,231,251,dynamic
563040400,2021-01-02T16:52:29Z,44.14279333333333,28.656211666666668,0,231.4,251,terrestrial
563040400,2021-01-02T16:55:26Z,44.142826666666664,28.656205,0.1,231.4,251,terrestrial
563040400,2021-01-02T16:55:30Z,44.142826666666664,28.656205,0.1,231.4,251,terrestrial
563040400,2021-01-02T16:55:33Z,44.142826666666664,28.656205,0.1,231.4,251,terrestrial
563040400,2021-01-02T16:55:38Z,44.142826666666664,28.656205,0.1,231.4,251,terrestrial
563040400,2021-01-02T17:01:28Z,44.142826666666664,28.656205,0.1,231.4,251,terrestrial
563040400,2021-01-02T17:01:29Z,44.142826666666664,28.656205,0.1,231.4,251,terrestrial
563040400,2021-01-02T17:01:37Z,44.142826666666664,28.656205,0.1,231.4,251,terrestrial
563040400,2021-01-02T17:04:29Z,44.14275666666666,28.656223333333333,0,231.4,251,terrestrial
563040400,2021-01-02T17:07:35Z,44.14275666666666,28.656223333333333,0,231.4,251,terrestrial
563040400,2021-01-02T17:10:24Z,44.142741666666666,28.656178333333333,0,231,251,dynamic
563040400,2021-01-02T17:10:28Z,44.142741666666666,28.656178333333333,0,231.4,251,terrestrial
563040400,2021-01-02T17:13:28Z,44.142741666666666,28.656178333333333,0,231.4,251,terrestrial
563040400,2021-01-02T17:13:35Z,44.142741666666666,28.656178333333333,0,231.4,251,terrestrial
563040400,2021-01-02T17:16:28Z,44.142735,28.65628,0,231.4,251,terrestrial
563040400,2021-01-02T17:19:26Z,44.14279166666667,28.65622,0,231.4,251,terrestrial
563040400,2021-01-02T17:19:33Z,44.14279166666667,28.65622,0,231.4,251,terrestrial
563040400,2021-01-02T17:19:41Z,44.14279166666667,28.65622,0,231.4,251,terrestrial
563040400,2021-01-02T17:22:31Z,44.14281166666667,28.65627,0,231.4,251,terrestrial
563040400,2021-01-02T17:25:28Z,44.142768333333336,28.656235,0,231.4,251,terrestrial
563040400,2021-01-02T17:25:40Z,44.142768333333336,28.656235,0,231.4,251,terrestrial
563040400,2021-01-02T17:25:41Z,44.142768333333336,28.656235,0,231.4,251,terrestrial
563040400,2021-01-02T17:25:48Z,44.142768333333336,28.656235,0,231.4,251,terrestrial
563040400,2021-01-02T17:28:26Z,44.14279666666667,28.656266666666667,0,231,251,dynamic
563040400,2021-01-02T17:31:28Z,44.142768333333336,28.656243333333332,0,231.4,251,terrestrial
563040400,2021-01-02T17:31:33Z,44.142768333333336,28.656243333333332,0,231.4,251,terrestrial
563040400,2021-01-02T17:37:29Z,44.142768333333336,28.656243333333332,0,231.4,251,terrestrial
563040400,2021-01-02T17:40:28Z,44.14277666666667,28.656245,0,231.4,251,terrestrial
563040400,2021-01-02T17:40:34Z,44.14277666666667,28.656245,0,231.4,251,terrestrial
563040400,2021-01-02T17:46:25Z,44.14275833333333,28.656216666666666,0,231,251,dynamic
563040400,2021-01-02T17:46:28Z,44.14275833333333,28.656216666666666,0,231.4,251,terrestrial
563040400,2021-01-02T17:49:31Z,44.142763333333335,28.656265,0,231.4,251,terrestrial
563040400,2021-01-02T17:49:35Z,44.142763333333335,28.656265,0,231.4,251,terrestrial
563040400,2021-01-02T17:52:30Z,44.142775,28.656251666666666,0,231.4,251,terrestrial
563040400,2021-01-02T17:55:32Z,44.14281,28.65625,0.1,231.4,251,terrestrial
563040400,2021-01-02T17:55:38Z,44.14281,28.65625,0.1,231.4,251,terrestrial
563040400,2021-01-02T18:01:28Z,44.14281,28.65625,0.1,231.4,251,terrestrial
563040400,2021-01-02T18:01:35Z,44.14281,28.65625,0.1,231.4,251,terrestrial
563040400,2021-01-02T18:01:43Z,44.142775,28.656215,0,231,251,dynamic
563040400,2021-01-02T18:04:28Z,44.142808333333335,28.656258333333334,0,231.4,251,terrestrial
563040400,2021-01-02T18:07:26Z,44.14288333333333,28.656223333333333,0,231.4,251,terrestrial
563040400,2021-01-02T18:07:31Z,44.14288333333333,28.656223333333333,0,231.4,251,terrestrial
563040400,2021-01-02T18:07:33Z,44.14288333333333,28.656223333333333,0,231.4,251,terrestrial
563040400,2021-01-02T18:07:38Z,44.14288333333333,28.656223333333333,0,231.4,251,terrestrial
563040400,2021-01-02T18:08:26Z,44.14288333333333,28.656223333333333,0,231.4,251,terrestrial
563040400,2021-01-02T18:10:26Z,44.142801666666664,28.656256666666668,0,231.4,251,terrestrial
563040400,2021-01-02T18:13:28Z,44.142801666666664,28.656256666666668,0,231.4,251,terrestrial
563040400,2021-01-02T18:13:29Z,44.14279333333333,28.656205,0,231.4,251,terrestrial
563040400,2021-01-02T18:13:31Z,44.14279333333333,28.656205,0,231.4,251,terrestrial
563040400,2021-01-02T18:13:37Z,44.14279333333333,28.656205,0,231.4,251,terrestrial
563040400,2021-01-02T18:16:29Z,44.142768333333336,28.656228333333335,0,231.4,251,terrestrial
563040400,2021-01-02T18:19:26Z,44.14275666666666,28.656238333333334,0,231.4,251,terrestrial
563040400,2021-01-02T18:19:36Z,44.14275666666666,28.656238333333334,0,231.4,251,terrestrial
563040400,2021-01-02T18:19:38Z,44.14275666666666,28.656238333333334,0,231,251,dynamic
563040400,2021-01-02T18:19:45Z,44.14275666666666,28.656238333333334,0,231,251,terrestrial
563040400,2021-01-02T18:20:21Z,44.14275666666666,28.656238333333334,0,231,251,terrestrial
563040400,2021-01-02T18:22:29Z,44.14276,28.656271666666665,0,231.4,251,terrestrial
563040400,2021-01-02T18:25:27Z,44.142775,28.65629,0,231.4,251,terrestrial
563040400,2021-01-02T18:25:29Z,44.142775,28.65629,0,231.4,251,terrestrial
563040400,2021-01-02T18:25:34Z,44.142775,28.65629,0,231.4,251,terrestrial
563040400,2021-01-02T18:25:37Z,44.142775,28.65629,0,231.4,251,terrestrial
563040400,2021-01-02T18:31:32Z,44.14278,28.65634,0,231.4,251,terrestrial
563040400,2021-01-02T18:31:36Z,44.14278,28.65634,0,231.4,251,terrestrial
563040400,2021-01-02T18:31:39Z,44.14278,28.65634,0,231.4,251,terrestrial
563040400,2021-01-02T18:34:27Z,44.142745,28.656273333333335,0,231,251,dynamic
563040400,2021-01-02T18:37:28Z,44.142745,28.656273333333335,0,231,251,terrestrial
563040400,2021-01-02T18:37:32Z,44.142808333333335,28.656391666666668,0,231.4,251,terrestrial
563040400,2021-01-02T18:40:30Z,44.142678333333336,28.656283333333334,0,231.4,251,terrestrial
563040400,2021-01-02T18:43:27Z,44.142858333333336,28.65641,0,231.4,251,terrestrial
563040400,2021-01-02T18:43:36Z,44.142858333333336,28.65641,0,231.4,251,terrestrial
563040400,2021-01-02T18:43:41Z,44.142858333333336,28.65641,0,231.4,251,terrestrial
563040400,2021-01-02T18:46:30Z,44.14270833333333,28.656171666666665,0,231.4,251,terrestrial
563040400,2021-01-02T18:49:28Z,44.14270833333333,28.656171666666665,0,231.4,251,terrestrial
563040400,2021-01-02T18:49:29Z,44.142738333333334,28.656335,0.1,231.4,251,terrestrial
563040400,2021-01-02T18:49:36Z,44.142738333333334,28.656335,0.1,231.4,251,terrestrial
563040400,2021-01-02T18:49:37Z,44.142738333333334,28.656335,0.1,231.4,251,terrestrial
563040400,2021-01-02T18:49:44Z,44.142738333333334,28.656335,0.1,231.4,251,terrestrial
563040400,2021-01-02T18:49:46Z,44.142738333333334,28.656335,0.1,231.4,251,terrestrial
563040400,2021-01-02T18:52:27Z,44.14276666666667,28.656453333333335,0,231,251,dynamic
563040400,2021-01-02T18:52:30Z,44.14276666666667,28.656453333333335,0,231.4,251,terrestrial
563040400,2021-01-02T18:52:37Z,44.14276666666667,28.656453333333335,0,231.4,251,terrestrial
563040400,2021-01-02T18:55:31Z,44.14281,28.656123333333333,0,231.4,251,terrestrial
563040400,2021-01-02T18:55:36Z,44.14281,28.656123333333333,0,231.4,251,terrestrial
563040400,2021-01-02T18:55:39Z,44.14281,28.656123333333333,0,231.4,251,terrestrial
563040400,2021-01-02T19:01:28Z,44.14281,28.656123333333333,0,231.4,251,terrestrial
563040400,2021-01-02T19:01:36Z,44.14281,28.656123333333333,0,231.4,251,terrestrial
563040400,2021-01-02T19:01:37Z,44.14281,28.656123333333333,0,231.4,251,terrestrial
563040400,2021-01-02T19:01:39Z,44.14281,28.656123333333333,0,231.4,251,terrestrial
563040400,2021-01-02T19:04:31Z,44.142808333333335,28.656235,0,231.4,251,terrestrial
563040400,2021-01-02T19:07:30Z,44.14275,28.65625,0,231,251,dynamic
563040400,2021-01-02T19:07:34Z,44.14275,28.65625,0,231.4,251,terrestrial
563040400,2021-01-02T19:07:35Z,44.14275,28.65625,0,231.4,251,terrestrial
563040400,2021-01-02T19:07:41Z,44.14275,28.65625,0,231.4,251,terrestrial
563040400,2021-01-02T19:10:30Z,44.142875,28.656185,0,231.4,251,terrestrial
563040400,2021-01-02T19:16:28Z,44.14291333333333,28.6562,0.1,231.4,251,terrestrial
563040400,2021-01-02T19:19:30Z,44.14291333333333,28.6562,0.1,231.4,251,terrestrial
563040400,2021-01-02T19:19:31Z,44.14279166666667,28.656253333333332,0,231.4,251,terrestrial
563040400,2021-01-02T19:19:34Z,44.14279166666667,28.656253333333332,0,231.4,251,terrestrial
563040400,2021-01-02T19:19:36Z,44.14279166666667,28.656253333333332,0,231.4,251,terrestrial
563040400,2021-01-02T19:22:30Z,44.142785,28.656258333333334,0,231.4,251,terrestrial
563040400,2021-01-02T19:22:33Z,44.142785,28.656258333333334,0,231.4,251,terrestrial
563040400,2021-01-02T19:25:27Z,44.142788333333336,28.656256666666668,0,231.4,251,terrestrial
563040400,2021-01-02T19:25:28Z,44.142788333333336,28.656256666666668,0,231.4,251,terrestrial
563040400,2021-01-02T19:25:33Z,44.142788333333336,28.656256666666668,0,231.4,251,terrestrial
563040400,2021-01-02T19:25:36Z,44.142788333333336,28.656256666666668,0,231.4,251,terrestrial
563040400,2021-01-02T19:25:38Z,44.142788333333336,28.656256666666668,0,231,251,dynamic
563040400,2021-01-02T19:31:35Z,44.142788333333336,28.656256666666668,0,231,251,terrestrial
563040400,2021-01-02T19:31:40Z,44.142788333333336,28.656256666666668,0,231,251,terrestrial
563040400,2021-01-02T19:34:29Z,44.14282166666667,28.656316666666665,0,231.4,251,terrestrial
563040400,2021-01-02T19:37:36Z,44.14282166666667,28.656316666666665,0,231.4,251,terrestrial
563040400,2021-01-02T19:40:30Z,44.14286666666667,28.656338333333334,0,231.4,252,terrestrial
563040400,2021-01-02T19:40:42Z,44.14286666666667,28.656338333333334,0,231,252,dynamic
563040400,2021-01-02T19:43:32Z,44.14272166666667,28.656231666666667,0,231.4,252,terrestrial
563040400,2021-01-02T19:43:35Z,44.14272166666667,28.656231666666667,0,231.4,252,terrestrial
563040400,2021-01-02T19:43:38Z,44.14272166666667,28.656231666666667,0,231.4,252,terrestrial
563040400,2021-01-02T19:43:39Z,44.14272166666667,28.656231666666667,0,231.4,252,terrestrial
563040400,2021-01-02T19:43:40Z,44.14272166666667,28.656231666666667,0,231.4,252,terrestrial
563040400,2021-01-02T19:46:31Z,44.142786666666666,28.656335,0,231.4,252,terrestrial
563040400,2021-01-02T19:52:30Z,44.14285666666667,28.656295,0,231.4,252,terrestrial
563040400,2021-01-02T19:55:29Z,44.14284166666667,28.656261666666666,0,231.4,252,terrestrial
563040400,2021-01-02T19:55:36Z,44.14284166666667,28.656261666666666,0,231.4,252,terrestrial
563040400,2021-01-02T19:55:44Z,44.14284166666667,28.656261666666666,0,231.4,252,terrestrial
563040400,2021-01-02T19:58:23Z,44.14272166666667,28.656353333333332,0,231,252,dynamic
563040400,2021-01-02T20:01:29Z,44.14272166666667,28.656353333333332,0,231,252,terrestrial
563040400,2021-01-02T20:01:30Z,44.14272666666667,28.656216666666666,0,231.4,252,terrestrial
563040400,2021-01-02T20:01:36Z,44.14272666666667,28.656216666666666,0,231.4,252,terrestrial
563040400,2021-01-02T20:01:43Z,44.14272666666667,28.656216666666666,0,231.4,252,terrestrial
563040400,2021-01-02T20:07:31Z,44.14273333333333,28.656328333333335,0,231.4,252,terrestrial
563040400,2021-01-02T20:07:32Z,44.14273333333333,28.656328333333335,0,231.4,252,terrestrial
563040400,2021-01-02T20:07:34Z,44.14273333333333,28.656328333333335,0,231.4,252,terrestrial
563040400,2021-01-02T20:07:36Z,44.14273333333333,28.656328333333335,0,231.4,252,terrestrial
563040400,2021-01-02T20:10:29Z,44.142738333333334,28.656271666666665,0,231.4,252,terrestrial
563040400,2021-01-02T20:13:28Z,44.142738333333334,28.656271666666665,0,231.4,252,terrestrial
563040400,2021-01-02T20:13:28Z,44.142775,28.656295,0,231,253,dynamic
563040400,2021-01-02T20:13:31Z,44.142775,28.656295,0,231.4,253,terrestrial
563040400,2021-01-02T20:13:38Z,44.142775,28.656295,0,231.4,253,terrestrial
563040400,2021-01-02T20:13:41Z,44.142775,28.656295,0,231.4,253,terrestrial
563040400,2021-01-02T20:16:28Z,44.14276666666667,28.656246666666668,0,250.1,252,terrestrial
563040400,2021-01-02T20:19:31Z,44.142786666666666,28.65626,0,250.1,252,terrestrial
563040400,2021-01-02T20:19:35Z,44.142786666666666,28.65626,0,250.1,252,terrestrial
563040400,2021-01-02T20:19:45Z,44.142786666666666,28.65626,0,250.1,252,terrestrial
563040400,2021-01-02T20:19:48Z,44.142786666666666,28.65626,0,250.1,252,terrestrial
563040400,2021-01-02T20:22:30Z,44.14275,28.656223333333333,0,250.1,252,terrestrial
563040400,2021-01-02T20:25:28Z,44.14275,28.656223333333333,0,250.1,252,terrestrial
563040400,2021-01-02T20:25:31Z,44.14277333333333,28.656261666666666,0,250.1,252,terrestrial
563040400,2021-01-02T20:31:27Z,44.14277333333333,28.656261666666666,0,250.1,252,terrestrial
563040400,2021-01-02T20:31:27Z,44.14279,28.656193333333334,0,250,252,dynamic
563040400,2021-01-02T20:31:30Z,44.14279,28.656193333333334,0,250.1,252,terrestrial
563040400,2021-01-02T20:37:35Z,44.14279,28.656193333333334,0,250.1,252,terrestrial
563040400,2021-01-02T20:37:44Z,44.14279,28.656193333333334,0,250.1,252,terrestrial
563040400,2021-01-02T20:40:30Z,44.142775,28.656196666666666,0,250.1,252,terrestrial
563040400,2021-01-02T20:43:28Z,44.142775,28.656196666666666,0,250.1,252,terrestrial
563040400,2021-01-02T20:46:31Z,44.142783333333334,28.656223333333333,0,250.1,252,terrestrial
563040400,2021-01-02T20:49:28Z,44.142783333333334,28.656223333333333,0,250.1,252,terrestrial
563040400,2021-01-02T20:49:32Z,44.142763333333335,28.656241666666666,0,250.1,252,terrestrial
563040400,2021-01-02T20:49:34Z,44.142763333333335,28.656241666666666,0,250.1,252,terrestrial
563040400,2021-01-02T20:49:36Z,44.142763333333335,28.656241666666666,0,250.1,252,terrestrial
563040400,2021-01-02T20:49:44Z,44.142763333333335,28.656241666666666,0,250,252,dynamic
563040400,2021-01-02T20:52:27Z,44.142775,28.656303333333334,0,250.1,252,terrestrial
563040400,2021-01-02T20:55:34Z,44.142775,28.656286666666666,0,250.1,252,terrestrial
563040400,2021-01-02T20:55:37Z,44.142775,28.656286666666666,0,250.1,252,terrestrial
563040400,2021-01-02T20:55:38Z,44.142775,28.656286666666666,0,250.1,252,terrestrial
563040400,2021-01-02T20:55:42Z,44.142775,28.656286666666666,0,250.1,252,terrestrial
563040400,2021-01-02T21:01:28Z,44.142775,28.656286666666666,0,250.1,252,terrestrial
563040400,2021-01-02T21:01:35Z,44.14279,28.656205,0,250.1,252,terrestrial
563040400,2021-01-02T21:01:38Z,44.14279,28.656205,0,250.1,252,terrestrial
563040400,2021-01-02T21:01:47Z,44.14279,28.656205,0,250.1,252,terrestrial
563040400,2021-01-02T21:07:36Z,44.14279,28.656205,0,250.1,252,terrestrial
563040400,2021-01-02T21:07:44Z,44.14279,28.656205,0,250.1,252,terrestrial
563040400,2021-01-02T21:07:45Z,44.14279,28.656205,0,250.1,252,terrestrial
563040400,2021-01-02T21:07:46Z,44.14278,28.656198333333332,0,250,252,dynamic
563040400,2021-01-02T21:10:27Z,44.142745,28.656258333333334,0,250.1,252,terrestrial
563040400,2021-01-02T21:13:34Z,44.14278,28.656183333333335,0,250.1,252,terrestrial
563040400,2021-01-02T21:16:31Z,44.142741666666666,28.656255,0,250.1,252,terrestrial
563040400,2021-01-02T21:19:24Z,44.14275166666667,28.656333333333333,0,250,252,dynamic
563040400,2021-01-02T21:19:27Z,44.14275166666667,28.656333333333333,0,250.1,252,terrestrial
563040400,2021-01-02T21:22:31Z,44.14290666666667,28.656288333333332,0.1,250.1,252,terrestrial
563040400,2021-01-02T21:25:28Z,44.14290666666667,28.656288333333332,0.1,250.1,252,terrestrial
563040400,2021-01-02T21:25:42Z,44.14290666666667,28.656288333333332,0.1,250.1,252,terrestrial
563040400,2021-01-02T21:25:42Z,44.142765,28.656366666666667,0,250,251,dynamic
563040400,2021-01-02T21:25:47Z,44.142765,28.656366666666667,0,250,251,terrestrial
563040400,2021-01-02T21:28:30Z,44.14279,28.656268333333333,0,250.1,251,terrestrial
563040400,2021-01-02T21:31:27Z,44.142805,28.656223333333333,0,250.1,251,terrestrial
563040400,2021-01-02T21:31:29Z,44.142805,28.656223333333333,0,250.1,251,terrestrial
563040400,2021-01-02T21:31:36Z,44.142805,28.656223333333333,0,250.1,251,terrestrial
563040400,2021-01-02T21:31:38Z,44.142805,28.656223333333333,0,250.1,251,terrestrial
563040400,2021-01-02T21:34:26Z,44.142795,28.656238333333334,0,250,251,dynamic
563040400,2021-01-02T21:37:28Z,44.142786666666666,28.656271666666665,0,250.1,251,terrestrial
563040400,2021-01-02T21:37:35Z,44.142786666666666,28.656271666666665,0,250.1,251,terrestrial
563040400,2021-01-02T21:37:36Z,44.142786666666666,28.656271666666665,0,250.1,251,terrestrial
563040400,2021-01-02T21:37:38Z,44.142786666666666,28.656271666666665,0,250.1,251,terrestrial
563040400,2021-01-02T21:40:30Z,44.14276,28.656306666666666,0,250.1,251,terrestrial
563040400,2021-01-02T21:43:32Z,44.14279333333333,28.656231666666667,0,250.1,251,terrestrial
563040400,2021-01-02T21:43:43Z,44.14279333333333,28.656231666666667,0,250,251,dynamic
563040400,2021-01-02T21:46:31Z,44.14276,28.656288333333332,0,250.1,251,terrestrial
563040400,2021-01-02T21:49:29Z,44.14277666666667,28.65628,0,250,251,dynamic
563040400,2021-01-02T21:52:27Z,44.14277833333333,28.656295,0,250.1,251,terrestrial
563040400,2021-01-02T21:55:31Z,44.14277666666667,28.656213333333334,0,250.1,252,terrestrial
563040400,2021-01-02T21:55:35Z,44.14277666666667,28.656213333333334,0,250.1,252,terrestrial
563040400,2021-01-02T21:55:37Z,44.14277666666667,28.656213333333334,0,250.1,252,terrestrial
563040400,2021-01-02T21:55:43Z,44.14277666666667,28.656213333333334,0,250.1,252,terrestrial
563040400,2021-01-02T21:55:45Z,44.14277666666667,28.656213333333334,0,250.1,252,terrestrial
563040400,2021-01-02T22:01:36Z,44.14277666666667,28.656213333333334,0,250.1,252,terrestrial
563040400,2021-01-02T22:01:38Z,44.14277666666667,28.656213333333334,0,250.1,252,terrestrial
563040400,2021-01-02T22:01:39Z,44.142805,28.656235,0,250,252,dynamic
563040400,2021-01-02T22:01:44Z,44.142805,28.656235,0,250,252,terrestrial
563040400,2021-01-02T22:04:31Z,44.142775,28.656245,0.1,250.1,252,terrestrial
563040400,2021-01-02T22:07:28Z,44.14277166666667,28.656225,0,250.1,252,terrestrial
563040400,2021-01-02T22:07:29Z,44.14277166666667,28.656225,0,250.1,252,terrestrial
563040400,2021-01-02T22:07:30Z,44.14277166666667,28.656225,0,250.1,252,terrestrial
563040400,2021-01-02T22:07:32Z,44.14277166666667,28.656225,0,250.1,252,terrestrial
563040400,2021-01-02T22:10:30Z,44.142763333333335,28.656258333333334,0,250.1,252,terrestrial
563040400,2021-01-02T22:13:28Z,44.142763333333335,28.656258333333334,0,250.1,252,terrestrial
563040400,2021-01-02T22:13:32Z,44.142761666666665,28.656265,0,250.1,252,terrestrial
563040400,2021-01-02T22:13:34Z,44.142761666666665,28.656265,0,250.1,252,terrestrial
563040400,2021-01-02T22:16:31Z,44.142783333333334,28.656306666666666,0,250.1,253,terrestrial
563040400,2021-01-02T22:19:30Z,44.14275666666666,28.656238333333334,0,250.1,253,terrestrial
563040400,2021-01-02T22:19:36Z,44.14275666666666,28.656238333333334,0,250.1,253,terrestrial
563040400,2021-01-02T22:22:28Z,44.142755,28.656243333333332,0,250,253,dynamic
563040400,2021-01-02T22:22:30Z,44.142755,28.656243333333332,0,250.1,253,terrestrial
563040400,2021-01-02T22:25:36Z,44.142755,28.656243333333332,0,250.1,253,terrestrial
563040400,2021-01-02T22:25:45Z,44.142755,28.656243333333332,0,250.1,253,terrestrial
563040400,2021-01-02T22:25:47Z,44.142755,28.656243333333332,0,250.1,253,terrestrial
563040400,2021-01-02T22:28:31Z,44.14275666666666,28.656265,0,250.1,253,terrestrial
563040400,2021-01-02T22:31:33Z,44.14279666666667,28.65623,0,250.1,253,terrestrial
563040400,2021-01-02T22:31:35Z,44.14279666666667,28.65623,0,250.1,253,terrestrial
563040400,2021-01-02T22:31:36Z,44.14279666666667,28.65623,0,250.1,253,terrestrial
563040400,2021-01-02T22:31:39Z,44.14279666666667,28.65623,0,250.1,253,terrestrial
563040400,2021-01-02T22:31:44Z,44.14279666666667,28.65623,0,250,253,dynamic
563040400,2021-01-02T22:34:36Z,44.14279666666667,28.65623,0,250,253,terrestrial
563040400,2021-01-02T22:34:37Z,44.14279666666667,28.65623,0,250,253,terrestrial
563040400,2021-01-02T22:34:38Z,44.14279666666667,28.65623,0,250,253,terrestrial
563040400,2021-01-02T22:34:40Z,44.14279666666667,28.65623,0,250,253,terrestrial
563040400,2021-01-02T22:37:30Z,44.142775,28.656256666666668,0,250,252,dynamic
563040400,2021-01-02T22:37:36Z,44.142775,28.656256666666668,0,250,252,terrestrial
563040400,2021-01-02T22:40:30Z,44.142788333333336,28.65626,0,250.1,252,terrestrial
563040400,2021-01-02T22:40:38Z,44.142788333333336,28.65626,0,250.1,252,terrestrial
563040400,2021-01-02T22:46:32Z,44.142781666666664,28.656275,0,250.1,252,terrestrial
563040400,2021-01-02T22:49:29Z,44.142781666666664,28.656275,0,250.1,252,terrestrial
563040400,2021-01-02T22:49:31Z,44.142723333333336,28.656316666666665,0,250.1,252,terrestrial
563040400,2021-01-02T22:49:32Z,44.142723333333336,28.656316666666665,0,250.1,252,terrestrial
563040400,2021-01-02T22:49:33Z,44.142723333333336,28.656316666666665,0,250.1,252,terrestrial
563040400,2021-01-02T22:49:39Z,44.142723333333336,28.656316666666665,0,250.1,252,terrestrial
563040400,2021-01-02T22:49:42Z,44.142723333333336,28.656316666666665,0,250,252,dynamic
563040400,2021-01-02T22:52:32Z,44.142775,28.656248333333334,0,250.1,251,terrestrial
563040400,2021-01-02T22:55:27Z,44.14275666666666,28.656298333333332,0,250,251,dynamic
563040400,2021-01-02T22:55:36Z,44.14275666666666,28.656298333333332,0,250,251,terrestrial
563040400,2021-01-02T22:55:39Z,44.14275666666666,28.656298333333332,0,250,251,terrestrial
563040400,2021-01-02T22:58:31Z,44.14279166666667,28.656276666666667,0,250.1,252,terrestrial
563040400,2021-01-02T23:01:29Z,44.142763333333335,28.656391666666668,0.1,250.1,252,terrestrial
563040400,2021-01-02T23:01:33Z,44.142763333333335,28.656391666666668,0.1,250.1,252,terrestrial
563040400,2021-01-02T23:01:34Z,44.142763333333335,28.656391666666668,0.1,250.1,252,terrestrial
563040400,2021-01-02T23:01:38Z,44.142763333333335,28.656391666666668,0.1,250.1,252,terrestrial
563040400,2021-01-02T23:04:44Z,44.142786666666666,28.656295,0.1,250,252,dynamic
563040400,2021-01-02T23:07:31Z,44.142786666666666,28.656295,0.1,250,252,terrestrial
563040400,2021-01-02T23:07:32Z,44.14272666666667,28.656343333333332,0.1,266.1,252,terrestrial
563040400,2021-01-02T23:07:34Z,44.14272666666667,28.656343333333332,0.1,266.1,252,terrestrial
563040400,2021-01-02T23:10:28Z,44.14279333333333,28.656201666666668,0.1,266,252,dynamic
563040400,2021-01-02T23:10:30Z,44.14279333333333,28.656201666666668,0.1,266.1,252,terrestrial
563040400,2021-01-02T23:13:33Z,44.14275333333333,28.656241666666666,0,266.1,252,terrestrial
563040400,2021-01-02T23:13:35Z,44.14275333333333,28.656241666666666,0,266.1,252,terrestrial
563040400,2021-01-02T23:13:36Z,44.14275333333333,28.656241666666666,0,266.1,252,terrestrial
563040400,2021-01-02T23:16:29Z,44.14270833333333,28.65633,0,266.1,252,terrestrial
563040400,2021-01-02T23:16:30Z,44.14270833333333,28.65633,0,266.1,252,terrestrial
563040400,2021-01-02T23:16:36Z,44.14270833333333,28.65633,0,266.1,252,terrestrial
563040400,2021-01-02T23:19:35Z,44.14270833333333,28.65633,0,266.1,252,terrestrial
563040400,2021-01-02T23:19:46Z,44.142715,28.656361666666665,0.1,266,252,dynamic
563040400,2021-01-02T23:22:28Z,44.14278,28.656373333333335,0,266.1,252,terrestrial
563040400,2021-01-02T23:22:34Z,44.14278,28.656373333333335,0,266.1,252,terrestrial
563040400,2021-01-02T23:22:45Z,44.14278,28.656373333333335,0,266.1,252,terrestrial
563040400,2021-01-02T23:25:33Z,44.14270833333333,28.656546666666667,0,266.1,252,terrestrial
563040400,2021-01-02T23:25:36Z,44.14270833333333,28.656546666666667,0,266.1,252,terrestrial
563040400,2021-01-02T23:25:40Z,44.14270833333333,28.656546666666667,0,266.1,252,terrestrial
563040400,2021-01-02T23:31:32Z,44.142806666666665,28.656268333333333,0,266.1,252,terrestrial
563040400,2021-01-02T23:31:36Z,44.142806666666665,28.656268333333333,0,266.1,252,terrestrial
563040400,2021-01-02T23:31:38Z,44.142806666666665,28.656268333333333,0,266.1,252,terrestrial
563040400,2021-01-02T23:31:39Z,44.142806666666665,28.656268333333333,0,266.1,252,terrestrial
563040400,2021-01-02T23:37:29Z,44.142806666666665,28.656268333333333,0,266.1,252,terrestrial
563040400,2021-01-02T23:37:30Z,44.142805,28.65626,0,266.1,252,terrestrial
563040400,2021-01-02T23:37:38Z,44.142805,28.65626,0,266.1,252,terrestrial
563040400,2021-01-02T23:40:28Z,44.14276,28.656271666666665,0,266.1,252,terrestrial
563040400,2021-01-02T23:40:36Z,44.14276,28.656271666666665,0,266.1,252,terrestrial
563040400,2021-01-02T23:43:28Z,44.142801666666664,28.656256666666668,0,266,252,dynamic
563040400,2021-01-02T23:43:35Z,44.142801666666664,28.656256666666668,0,266,252,terrestrial
563040400,2021-01-02T23:43:42Z,44.142801666666664,28.656256666666668,0,266,252,terrestrial
563040400,2021-01-02T23:46:32Z,44.14279,28.656271666666665,0,266.1,252,terrestrial
563040400,2021-01-02T23:46:41Z,44.14279,28.656271666666665,0,266.1,252,terrestrial
563040400,2021-01-02T23:49:44Z,44.14279,28.656271666666665,0,266.1,252,terrestrial
563040400,2021-01-02T23:52:33Z,44.14281,28.656241666666666,0,266.1,252,terrestrial
563040400,2021-01-02T23:52:45Z,44.14281,28.656241666666666,0,266,252,dynamic
563040400,2021-01-02T23:55:31Z,44.14279166666667,28.65627,0,266.1,252,terrestrial
563040400,2021-01-02T23:55:36Z,44.14279166666667,28.65627,0,266.1,252,terrestrial
563040400,2021-01-02T23:55:39Z,44.14279166666667,28.65627,0,266.1,252,terrestrial
563040400,2021-01-02T23:55:40Z,44.14279166666667,28.65627,0,266,252,dynamic
563040400,2021-01-02T23:58:29Z,44.142775,28.656258333333334,0,266,252,dynamic
563040400,2021-01-02T23:58:33Z,44.142775,28.656258333333334,0,266,252,terrestrial
563040400,2021-01-03T00:01:30Z,44.142775,28.65626,0,266.1,252,terrestrial
563040400,2021-01-03T00:01:36Z,44.142775,28.65626,0,266.1,252,terrestrial
563040400,2021-01-03T00:01:37Z,44.142775,28.65626,0,266.1,252,terrestrial
563040400,2021-01-03T00:04:36Z,44.142775,28.65626,0,266.1,252,terrestrial
563040400,2021-01-03T00:07:34Z,44.14277166666667,28.65627,0,266.1,252,terrestrial
563040400,2021-01-03T00:07:40Z,44.14277166666667,28.65627,0,266.1,252,terrestrial
563040400,2021-01-03T00:07:45Z,44.14277166666667,28.65627,0,266.1,252,terrestrial
563040400,2021-01-03T00:10:30Z,44.142715,28.656316666666665,0,266.1,252,terrestrial
563040400,2021-01-03T00:10:40Z,44.142715,28.656316666666665,0,266.1,252,terrestrial
563040400,2021-01-03T00:10:42Z,44.142715,28.656316666666665,0,266,252,dynamic
563040400,2021-01-03T00:10:43Z,44.142715,28.656316666666665,0,266,252,terrestrial
563040400,2021-01-03T00:13:29Z,44.142715,28.656316666666665,0,266,252,terrestrial
563040400,2021-01-03T00:13:37Z,44.142715,28.656316666666665,0,266,252,terrestrial
563040400,2021-01-03T00:13:44Z,44.142763333333335,28.656291666666668,0,266,252,dynamic
563040400,2021-01-03T00:16:32Z,44.14272666666667,28.65631,0,266.1,252,terrestrial
563040400,2021-01-03T00:16:42Z,44.14272666666667,28.65631,0,266.1,252,terrestrial
563040400,2021-01-03T00:16:44Z,44.14272666666667,28.65631,0,266.1,252,terrestrial
563040400,2021-01-03T00:19:34Z,44.14275666666666,28.656223333333333,0,266.1,252,terrestrial
563040400,2021-01-03T00:19:42Z,44.14275666666666,28.656223333333333,0,266.1,252,terrestrial
563040400,2021-01-03T00:19:45Z,44.14275666666666,28.656223333333333,0,266.1,252,terrestrial
563040400,2021-01-03T00:22:28Z,44.14276,28.656216666666666,0,266.1,252,terrestrial
563040400,2021-01-03T00:25:29Z,44.14276,28.656216666666666,0,266.1,252,terrestrial
563040400,2021-01-03T00:25:35Z,44.14276,28.656216666666666,0,266.1,252,terrestrial
563040400,2021-01-03T00:28:33Z,44.142786666666666,28.65623,0,266.1,252,terrestrial
563040400,2021-01-03T00:28:45Z,44.142786666666666,28.65623,0,266,252,dynamic
563040400,2021-01-03T00:31:33Z,44.142786666666666,28.656245,0,266.1,252,terrestrial
563040400,2021-01-03T00:31:36Z,44.142786666666666,28.656245,0,266.1,252,terrestrial
563040400,2021-01-03T00:31:37Z,44.142786666666666,28.656245,0,266.1,252,terrestrial
563040400,2021-01-03T00:31:42Z,44.142786666666666,28.656245,0,266,252,dynamic
563040400,2021-01-03T00:31:51Z,44.142786666666666,28.656245,0,266.1,252,terrestrial
563040400,2021-01-03T00:34:42Z,44.142786666666666,28.656245,0,266.1,252,terrestrial
563040400,2021-01-03T00:34:46Z,44.142786666666666,28.656245,0,266.1,252,terrestrial
563040400,2021-01-03T00:37:35Z,44.142786666666666,28.656245,0,266.1,252,terrestrial
563040400,2021-01-03T00:37:41Z,44.142786666666666,28.656245,0,266.1,252,terrestrial
563040400,2021-01-03T00:43:36Z,44.142786666666666,28.656245,0,266.1,252,terrestrial
563040400,2021-01-03T00:43:44Z,44.142786666666666,28.656245,0,266.1,252,terrestrial
563040400,2021-01-03T00:44:15Z,44.142786666666666,28.656245,0,266.1,252,terrestrial
563040400,2021-01-03T00:46:28Z,44.14276,28.656276666666667,0.1,266.1,252,terrestrial
563040400,2021-01-03T00:46:39Z,44.14276,28.656276666666667,0.1,266,252,dynamic
563040400,2021-01-03T00:46:46Z,44.14276,28.656276666666667,0.1,266,252,terrestrial
563040400,2021-01-03T00:49:31Z,44.14275,28.656233333333333,0,266.1,252,terrestrial
563040400,2021-01-03T00:49:36Z,44.14275,28.656233333333333,0,266.1,252,terrestrial
563040400,2021-01-03T00:52:33Z,44.14279166666667,28.656241666666666,0,266.1,252,terrestrial
563040400,2021-01-03T00:55:31Z,44.14275666666666,28.656361666666665,0.1,266.1,252,terrestrial
563040400,2021-01-03T00:55:35Z,44.14275666666666,28.656361666666665,0.1,266.1,252,terrestrial
563040400,2021-01-03T00:55:38Z,44.14275666666666,28.656361666666665,0.1,266.1,252,terrestrial
563040400,2021-01-03T00:58:48Z,44.14275666666666,28.656361666666665,0.1,266.1,252,terrestrial
563040400,2021-01-03T01:01:32Z,44.14275666666666,28.65632,0,266.1,252,terrestrial
563040400,2021-01-03T01:01:39Z,44.14275666666666,28.65632,0,266.1,252,terrestrial
563040400,2021-01-03T01:04:32Z,44.142806666666665,28.656241666666666,0,266,252,dynamic
563040400,2021-01-03T01:07:31Z,44.142805,28.656283333333334,0,266.1,252,terrestrial
563040400,2021-01-03T01:07:38Z,44.142805,28.656283333333334,0,266.1,252,terrestrial
563040400,2021-01-03T01:07:43Z,44.142805,28.656283333333334,0,266.1,252,terrestrial
563040400,2021-01-03T01:10:34Z,44.142768333333336,28.656376666666667,0.1,266.1,252,terrestrial
563040400,2021-01-03T01:10:41Z,44.142768333333336,28.656376666666667,0.1,266.1,252,terrestrial
563040400,2021-01-03T01:10:44Z,44.142768333333336,28.656376666666667,0.1,266.1,252,terrestrial
563040400,2021-01-03T01:16:34Z,44.14279666666667,28.656208333333332,0,266.1,252,terrestrial
563040400,2021-01-03T01:16:42Z,44.14279666666667,28.656208333333332,0,266.1,252,terrestrial
563040400,2021-01-03T01:16:46Z,44.14279666666667,28.656208333333332,0,266,252,dynamic
563040400,2021-01-03T01:17:40Z,44.14279666666667,28.656208333333332,0,266,252,terrestrial
563040400,2021-01-03T01:19:37Z,44.14279666666667,28.656208333333332,0,266,252,terrestrial
563040400,2021-01-03T01:20:32Z,44.14279666666667,28.656208333333332,0,266,252,terrestrial
563040400,2021-01-03T01:22:30Z,44.14277166666667,28.656275,0,266,252,dynamic
563040400,2021-01-03T01:22:33Z,44.14277166666667,28.656275,0,266.1,252,terrestrial
563040400,2021-01-03T01:22:50Z,44.14277166666667,28.656275,0,266.1,252,terrestrial
563040400,2021-01-03T01:23:49Z,44.14277166666667,28.656275,0,266.1,252,terrestrial
563040400,2021-01-03T01:23:50Z,44.14277166666667,28.656275,0,266.1,252,terrestrial
563040400,2021-01-03T01:23:51Z,44.14277166666667,28.656275,0,266.1,252,terrestrial
563040400,2021-01-03T01:25:35Z,44.14277833333333,28.656265,0,266.1,252,terrestrial
563040400,2021-01-03T01:25:41Z,44.14277833333333,28.656265,0,266.1,252,terrestrial
563040400,2021-01-03T01:31:36Z,44.14277833333333,28.656265,0,266.1,252,terrestrial
563040400,2021-01-03T01:31:48Z,44.14279666666667,28.656241666666666,0,266,252,dynamic
563040400,2021-01-03T01:32:35Z,44.14279666666667,28.656241666666666,0,266,252,terrestrial
563040400,2021-01-03T01:32:36Z,44.14279666666667,28.656241666666666,0,266,252,terrestrial
563040400,2021-01-03T01:34:36Z,44.14276,28.656235,0,266.1,252,terrestrial
563040400,2021-01-03T01:34:43Z,44.14276,28.656235,0,266.1,252,terrestrial
563040400,2021-01-03T01:34:53Z,44.14276,28.656235,0,266.1,252,terrestrial
563040400,2021-01-03T01:35:33Z,44.14276,28.656235,0,266.1,252,terrestrial
563040400,2021-01-03T01:37:28Z,44.14276,28.656235,0,266.1,252,terrestrial
563040400,2021-01-03T01:37:35Z,44.14279833333333,28.65622,0,266,252,dynamic
563040400,2021-01-03T01:37:37Z,44.14279833333333,28.65622,0,266.1,252,terrestrial
563040400,2021-01-03T01:37:45Z,44.14279833333333,28.65622,0,266.1,252,terrestrial
563040400,2021-01-03T01:40:36Z,44.14275333333333,28.656243333333332,0,266.1,252,terrestrial
563040400,2021-01-03T01:40:45Z,44.14275333333333,28.656243333333332,0,266.1,252,terrestrial
563040400,2021-01-03T01:40:46Z,44.14275333333333,28.656243333333332,0,266.1,252,terrestrial
563040400,2021-01-03T01:43:29Z,44.142775,28.656231666666667,0,266.1,252,terrestrial
563040400,2021-01-03T01:43:47Z,44.142775,28.656231666666667,0,266.1,252,terrestrial
563040400,2021-01-03T01:46:34Z,44.14277833333333,28.656251666666666,0,266.1,252,terrestrial
563040400,2021-01-03T01:49:33Z,44.14278,28.656243333333332,0,266.1,252,terrestrial
563040400,2021-01-03T01:49:44Z,44.14278,28.656243333333332,0,266,252,dynamic
563040400,2021-01-03T01:52:35Z,44.14278,28.656283333333334,0,266.1,252,terrestrial
563040400,2021-01-03T01:55:28Z,44.14278,28.656283333333334,0,266.1,252,terrestrial
563040400,2021-01-03T01:55:30Z,44.14276666666667,28.65626,0,266,252,dynamic
563040400,2021-01-03T01:55:32Z,44.14276666666667,28.65626,0,266.1,252,terrestrial
563040400,2021-01-03T01:55:36Z,44.14276666666667,28.65626,0,266.1,252,terrestrial
563040400,2021-01-03T01:56:42Z,44.14276666666667,28.65626,0,266.1,252,terrestrial
563040400,2021-01-03T01:58:34Z,44.14276666666667,28.65626,0,266.1,252,terrestrial
563040400,2021-01-03T01:58:42Z,44.14276666666667,28.65626,0,266.1,252,terrestrial
563040400,2021-01-03T01:58:52Z,44.14276666666667,28.65626,0,266.1,252,terrestrial
563040400,2021-01-03T02:01:43Z,44.14276666666667,28.65626,0,266.1,252,terrestrial
563040400,2021-01-03T02:02:59Z,44.14276666666667,28.65626,0,266.1,252,terrestrial
563040400,2021-01-03T02:04:33Z,44.142786666666666,28.656255,0,266.1,252,terrestrial
563040400,2021-01-03T02:04:34Z,44.142786666666666,28.656255,0,266.1,252,terrestrial
563040400,2021-01-03T02:07:29Z,44.14277833333333,28.65627,0,266.1,252,terrestrial
563040400,2021-01-03T02:07:30Z,44.14277833333333,28.65627,0,266.1,252,terrestrial
563040400,2021-01-03T02:07:35Z,44.14277833333333,28.65627,0,266.1,252,terrestrial
563040400,2021-01-03T02:07:37Z,44.14277833333333,28.65627,0,266.1,252,terrestrial
563040400,2021-01-03T02:08:41Z,44.14277833333333,28.65627,0,266.1,252,terrestrial
563040400,2021-01-03T02:10:33Z,44.14275666666666,28.656223333333333,0,266.1,252,terrestrial
563040400,2021-01-03T02:10:49Z,44.14275666666666,28.656223333333333,0,266.1,252,terrestrial
563040400,2021-01-03T02:13:32Z,44.14275666666666,28.656223333333333,0,266.1,252,terrestrial
563040400,2021-01-03T02:16:33Z,44.14279333333333,28.65626333333333,0,266.1,252,terrestrial
563040400,2021-01-03T02:16:40Z,44.14279333333333,28.65626333333333,0,266.1,252,terrestrial
563040400,2021-01-03T02:22:32Z,44.14277166666667,28.65627,0,266.1,252,terrestrial
563040400,2021-01-03T02:22:36Z,44.14277166666667,28.65627,0,266.1,252,terrestrial
563040400,2021-01-03T02:22:44Z,44.14277166666667,28.65627,0,266,252,dynamic
563040400,2021-01-03T02:25:30Z,44.142775,28.656235,0,266.1,252,terrestrial
563040400,2021-01-03T02:25:31Z,44.142775,28.656235,0,266.1,252,terrestrial
563040400,2021-01-03T02:25:37Z,44.142775,28.656235,0,266.1,252,terrestrial
563040400,2021-01-03T02:26:52Z,44.142775,28.656235,0,266.1,252,terrestrial
563040400,2021-01-03T02:26:53Z,44.142775,28.656235,0,266.1,252,terrestrial
563040400,2021-01-03T02:28:32Z,44.142775,28.656235,0,266.1,252,terrestrial
563040400,2021-01-03T02:28:37Z,44.142775,28.656235,0,266.1,252,terrestrial
563040400,2021-01-03T02:29:27Z,44.142775,28.656235,0,266.1,252,terrestrial
563040400,2021-01-03T02:31:33Z,44.14276,28.656211666666668,0,266.1,252,terrestrial
563040400,2021-01-03T02:37:29Z,44.14276,28.656211666666668,0,266.1,252,terrestrial
563040400,2021-01-03T02:37:41Z,44.142768333333336,28.656241666666666,0,266.1,252,terrestrial
563040400,2021-01-03T02:37:46Z,44.142768333333336,28.656241666666666,0,266,252,dynamic
563040400,2021-01-03T02:40:33Z,44.14277166666667,28.656265,0,266.1,252,terrestrial
563040400,2021-01-03T02:43:33Z,44.142768333333336,28.656238333333334,0,266,252,dynamic
563040400,2021-01-03T02:43:36Z,44.142768333333336,28.656238333333334,0,266.1,252,terrestrial
563040400,2021-01-03T02:46:32Z,44.14273333333333,28.656231666666667,0,266.1,252,terrestrial
563040400,2021-01-03T02:49:29Z,44.14274833333333,28.656238333333334,0,266.1,252,terrestrial
563040400,2021-01-03T02:52:29Z,44.14275666666666,28.656215,0,266.1,251,terrestrial
563040400,2021-01-03T02:52:30Z,44.14275666666666,28.656215,0,266.1,251,terrestrial
563040400,2021-01-03T02:55:37Z,44.14275666666666,28.656215,0,266.1,251,terrestrial
563040400,2021-01-03T02:55:44Z,44.142783333333334,28.656246666666668,0,266,251,dynamic
563040400,2021-01-03T02:56:47Z,44.142783333333334,28.656246666666668,0,266,251,terrestrial
563040400,2021-01-03T02:58:32Z,44.14279166666667,28.656241666666666,0,266.1,251,terrestrial
563040400,2021-01-03T02:58:46Z,44.14279166666667,28.656241666666666,0,266.1,251,terrestrial
563040400,2021-01-03T03:01:26Z,44.142763333333335,28.65626,0,266,251,dynamic
563040400,2021-01-03T03:01:29Z,44.142763333333335,28.65626,0,266.1,251,terrestrial
563040400,2021-01-03T03:01:34Z,44.142763333333335,28.65626,0,266.1,251,terrestrial
563040400,2021-01-03T03:01:35Z,44.142763333333335,28.65626,0,266.1,251,terrestrial
563040400,2021-01-03T03:01:37Z,44.142763333333335,28.65626,0,266.1,251,terrestrial
563040400,2021-01-03T03:01:45Z,44.142763333333335,28.65626,0,266.1,251,terrestrial
563040400,2021-01-03T03:07:33Z,44.14279333333333,28.656298333333332,0,266.1,252,terrestrial
563040400,2021-01-03T03:07:35Z,44.14279333333333,28.656298333333332,0,266.1,252,terrestrial
563040400,2021-01-03T03:07:38Z,44.14279333333333,28.656298333333332,0,266.1,252,terrestrial
563040400,2021-01-03T03:07:39Z,44.14279333333333,28.656298333333332,0,266.1,252,terrestrial
563040400,2021-01-03T03:10:31Z,44.14281666666667,28.656235,0,266.1,252,terrestrial
563040400,2021-01-03T03:13:29Z,44.14279666666667,28.656211666666668,0,266.1,252,terrestrial
563040400,2021-01-03T03:13:36Z,44.14279666666667,28.656211666666668,0,266.1,252,terrestrial
563040400,2021-01-03T03:13:40Z,44.14279666666667,28.656211666666668,0,266,252,dynamic
563040400,2021-01-03T03:16:31Z,44.142786666666666,28.656288333333332,0,266,252,dynamic
563040400,2021-01-03T03:19:29Z,44.14275666666666,28.656261666666666,0,266.1,252,terrestrial
563040400,2021-01-03T03:19:36Z,44.14275666666666,28.656261666666666,0,266.1,252,terrestrial
563040400,2021-01-03T03:19:37Z,44.14275666666666,28.656261666666666,0,266.1,252,terrestrial
563040400,2021-01-03T03:19:43Z,44.14275666666666,28.656261666666666,0,266.1,252,terrestrial
563040400,2021-01-03T03:25:31Z,44.14275166666667,28.656265,0,266.1,252,terrestrial
563040400,2021-01-03T03:25:36Z,44.14275166666667,28.656265,0,266.1,252,terrestrial
563040400,2021-01-03T03:25:38Z,44.14275166666667,28.656265,0,266.1,252,terrestrial
563040400,2021-01-03T03:27:00Z,44.14275166666667,28.656265,0,266.1,252,terrestrial
563040400,2021-01-03T03:28:45Z,44.142735,28.656238333333334,0,266,252,dynamic
563040400,2021-01-03T03:31:33Z,44.142785,28.656271666666665,0,266.1,252,terrestrial
563040400,2021-01-03T03:31:40Z,44.142785,28.656271666666665,0,266.1,252,terrestrial
563040400,2021-01-03T03:34:32Z,44.142806666666665,28.656283333333334,0,266,252,dynamic
563040400,2021-01-03T03:34:43Z,44.142806666666665,28.656283333333334,0,266,252,terrestrial
563040400,2021-01-03T03:37:38Z,44.142806666666665,28.656283333333334,0,266,252,terrestrial
563040400,2021-01-03T03:37:39Z,44.142806666666665,28.656283333333334,0,266,252,terrestrial
563040400,2021-01-03T03:38:56Z,44.142806666666665,28.656283333333334,0,266,252,terrestrial
563040400,2021-01-03T03:39:03Z,44.142806666666665,28.656283333333334,0,266,252,terrestrial
563040400,2021-01-03T03:40:35Z,44.14281,28.656301666666668,0,266.1,251,terrestrial
563040400,2021-01-03T03:40:42Z,44.14281,28.656301666666668,0,266.1,251,terrestrial
563040400,2021-01-03T03:43:36Z,44.14281,28.656301666666668,0,266.1,251,terrestrial
563040400,2021-01-03T03:46:36Z,44.14279,28.65626,0,266.1,252,terrestrial
563040400,2021-01-03T03:46:44Z,44.14279,28.65626,0,266.1,252,terrestrial
563040400,2021-01-03T03:46:53Z,44.14279,28.65626,0,266.1,252,terrestrial
563040400,2021-01-03T03:49:29Z,44.14276,28.656256666666668,0,266.1,252,terrestrial
563040400,2021-01-03T03:49:32Z,44.14276,28.656256666666668,0,266.1,252,terrestrial
563040400,2021-01-03T03:49:37Z,44.14276,28.656256666666668,0,266.1,252,terrestrial
563040400,2021-01-03T03:50:30Z,44.14276,28.656256666666668,0,266.1,252,terrestrial
563040400,2021-01-03T03:52:37Z,44.142801666666664,28.656265,0,266.1,252,terrestrial
563040400,2021-01-03T03:52:39Z,44.142801666666664,28.656265,0,266.1,252,terrestrial
563040400,2021-01-03T03:55:29Z,44.14273166666667,28.656256666666668,0,266.1,252,terrestrial
563040400,2021-01-03T03:55:30Z,44.14273166666667,28.656256666666668,0,266.1,252,terrestrial
563040400,2021-01-03T04:01:32Z,44.14275,28.656301666666668,0,266.1,252,terrestrial
563040400,2021-01-03T04:01:37Z,44.14275,28.656301666666668,0,266.1,252,terrestrial
563040400,2021-01-03T04:01:39Z,44.14275,28.656301666666668,0,266.1,252,terrestrial
563040400,2021-01-03T04:04:47Z,44.14275,28.656301666666668,0,266.1,252,terrestrial
563040400,2021-01-03T04:04:50Z,44.142805,28.656271666666665,0,266,252,dynamic
563040400,2021-01-03T04:05:40Z,44.142805,28.656271666666665,0,266,252,terrestrial
563040400,2021-01-03T04:07:29Z,44.142715,28.65627,0,266.1,252,terrestrial
563040400,2021-01-03T04:07:36Z,44.142715,28.65627,0,266.1,252,terrestrial
563040400,2021-01-03T04:07:41Z,44.142715,28.65627,0,266.1,252,terrestrial
563040400,2021-01-03T04:08:51Z,44.142715,28.65627,0,266.1,252,terrestrial
563040400,2021-01-03T04:10:36Z,44.142763333333335,28.656235,0,266.1,252,terrestrial
563040400,2021-01-03T04:10:54Z,44.142763333333335,28.656235,0,266.1,252,terrestrial
563040400,2021-01-03T04:13:32Z,44.14276,28.656228333333335,0,266.1,252,terrestrial
563040400,2021-01-03T04:13:36Z,44.14276,28.656228333333335,0,266.1,252,terrestrial
563040400,2021-01-03T04:16:36Z,44.14272666666667,28.656295,0,266.1,252,terrestrial
563040400,2021-01-03T04:16:42Z,44.14272666666667,28.656295,0,266.1,252,terrestrial
563040400,2021-01-03T04:19:37Z,44.14272666666667,28.656295,0,266.1,252,terrestrial
563040400,2021-01-03T04:19:45Z,44.14272666666667,28.656295,0,266.1,252,terrestrial
563040400,2021-01-03T04:22:35Z,44.142786666666666,28.656216666666666,0,266.1,252,terrestrial
563040400,2021-01-03T04:22:43Z,44.142786666666666,28.656216666666666,0,266.1,252,terrestrial
563040400,2021-01-03T04:22:47Z,44.142786666666666,28.656216666666666,0,266,252,dynamic
563040400,2021-01-03T04:25:36Z,44.142781666666664,28.656246666666668,0,266.1,252,terrestrial
563040400,2021-01-03T04:25:37Z,44.142781666666664,28.656246666666668,0,266.1,252,terrestrial
563040400,2021-01-03T04:25:43Z,44.142781666666664,28.656246666666668,0,266.1,252,terrestrial
563040400,2021-01-03T04:28:27Z,44.14274666666667,28.656283333333334,0.1,266,252,dynamic
563040400,2021-01-03T04:28:40Z,44.14274666666667,28.656283333333334,0.1,266,252,terrestrial
563040400,2021-01-03T04:31:36Z,44.14274666666667,28.656283333333334,0.1,266,252,terrestrial
563040400,2021-01-03T04:31:38Z,44.142768333333336,28.65626,0,266.1,252,terrestrial
563040400,2021-01-03T04:31:43Z,44.142768333333336,28.65626,0,266.1,252,terrestrial
563040400,2021-01-03T04:34:40Z,44.142768333333336,28.65626,0,266.1,252,terrestrial
563040400,2021-01-03T04:37:29Z,44.142768333333336,28.65626,0,266.1,252,terrestrial
563040400,2021-01-03T04:40:32Z,44.14279,28.656253333333332,0.1,266.1,252,terrestrial
563040400,2021-01-03T04:40:43Z,44.14279,28.656253333333332,0.1,266.1,252,terrestrial
563040400,2021-01-03T04:40:43Z,44.14279,28.656253333333332,0.1,266,252,dynamic
563040400,2021-01-03T04:43:29Z,44.142871666666665,28.656365,0,266,252,dynamic
563040400,2021-01-03T04:43:31Z,44.142871666666665,28.656365,0,266.1,252,terrestrial
563040400,2021-01-03T04:43:36Z,44.142871666666665,28.656365,0,266.1,252,terrestrial
563040400,2021-01-03T04:43:44Z,44.142871666666665,28.656365,0,266.1,252,terrestrial
563040400,2021-01-03T04:46:31Z,44.142775,28.656256666666668,0.1,266.1,252,terrestrial
563040400,2021-01-03T04:46:38Z,44.142775,28.656256666666668,0.1,266.1,252,terrestrial
563040400,2021-01-03T04:46:44Z,44.142775,28.656256666666668,0.1,266.1,252,terrestrial
563040400,2021-01-03T04:48:27Z,44.142775,28.656256666666668,0.1,266.1,252,terrestrial
563040400,2021-01-03T04:49:29Z,44.142775,28.656256666666668,0.1,266.1,252,terrestrial
563040400,2021-01-03T04:49:31Z,44.14272666666667,28.656206666666666,0,266.1,251,terrestrial
563040400,2021-01-03T04:49:32Z,44.14272666666667,28.656206666666666,0,266.1,251,terrestrial
563040400,2021-01-03T04:49:33Z,44.14272666666667,28.656206666666666,0,266.1,251,terrestrial
563040400,2021-01-03T04:52:32Z,44.14277166666667,28.656288333333332,0,266.1,251,terrestrial
563040400,2021-01-03T04:52:45Z,44.14277166666667,28.656288333333332,0,266.1,251,terrestrial
563040400,2021-01-03T04:54:10Z,44.14277166666667,28.656288333333332,0,266.1,251,terrestrial
563040400,2021-01-03T04:55:28Z,44.14277166666667,28.656288333333332,0,266.1,251,terrestrial
563040400,2021-01-03T04:55:31Z,44.142828333333334,28.656223333333333,0,266.1,251,terrestrial
563040400,2021-01-03T04:55:34Z,44.142828333333334,28.656223333333333,0,266.1,251,terrestrial
563040400,2021-01-03T04:55:36Z,44.142828333333334,28.656223333333333,0,266.1,251,terrestrial
563040400,2021-01-03T04:58:37Z,44.142828333333334,28.656223333333333,0,266.1,251,terrestrial
563040400,2021-01-03T05:01:29Z,44.142828333333334,28.656223333333333,0,266.1,251,terrestrial
563040400,2021-01-03T05:01:30Z,44.14279666666667,28.656258333333334,0,266,251,dynamic
563040400,2021-01-03T05:01:33Z,44.14279666666667,28.656258333333334,0,266.1,251,terrestrial
563040400,2021-01-03T05:01:35Z,44.14279666666667,28.656258333333334,0,266.1,251,terrestrial
563040400,2021-01-03T05:01:39Z,44.14279666666667,28.656258333333334,0,266.1,251,terrestrial
563040400,2021-01-03T05:04:39Z,44.14279666666667,28.656258333333334,0,266.1,251,terrestrial
563040400,2021-01-03T05:04:45Z,44.14279666666667,28.656258333333334,0,266.1,251,terrestrial
563040400,2021-01-03T05:06:08Z,44.14279666666667,28.656258333333334,0,266.1,251,terrestrial
563040400,2021-01-03T05:07:35Z,44.142741666666666,28.65625,0,266.1,251,terrestrial
563040400,2021-01-03T05:07:36Z,44.142741666666666,28.65625,0,266.1,251,terrestrial
563040400,2021-01-03T05:07:40Z,44.142741666666666,28.65625,0,266.1,251,terrestrial
563040400,2021-01-03T05:07:44Z,44.142741666666666,28.65625,0,266.1,251,terrestrial
563040400,2021-01-03T05:09:19Z,44.142741666666666,28.65625,0,266.1,251,terrestrial
563040400,2021-01-03T05:09:20Z,44.142741666666666,28.65625,0,266.1,251,terrestrial
563040400,2021-01-03T05:10:32Z,44.142743333333335,28.656211666666668,0,266.1,251,terrestrial
563040400,2021-01-03T05:13:29Z,44.142743333333335,28.656211666666668,0,266.1,251,terrestrial
563040400,2021-01-03T05:13:35Z,44.142743333333335,28.656211666666668,0,266.1,251,terrestrial
563040400,2021-01-03T05:16:29Z,44.142763333333335,28.656238333333334,0,266.1,251,terrestrial
563040400,2021-01-03T05:16:38Z,44.142763333333335,28.656238333333334,0,266.1,251,terrestrial
563040400,2021-01-03T05:19:29Z,44.142785,28.656246666666668,0.1,266.1,251,terrestrial
563040400,2021-01-03T05:22:32Z,44.142745,28.656258333333334,0,266.1,251,terrestrial
563040400,2021-01-03T05:22:37Z,44.142745,28.656258333333334,0,266.1,251,terrestrial
563040400,2021-01-03T05:22:45Z,44.142745,28.656258333333334,0,266.1,251,terrestrial
563040400,2021-01-03T05:22:52Z,44.142745,28.656258333333334,0,266.1,251,terrestrial
563040400,2021-01-03T05:24:38Z,44.142745,28.656258333333334,0,266.1,251,terrestrial
563040400,2021-01-03T05:25:29Z,44.142745,28.656258333333334,0,266.1,251,terrestrial
563040400,2021-01-03T05:25:34Z,44.14276,28.656283333333334,0,266.1,251,terrestrial
563040400,2021-01-03T05:25:35Z,44.14276,28.656283333333334,0,266.1,251,terrestrial
563040400,2021-01-03T05:25:40Z,44.14276,28.656283333333334,0,266.1,251,terrestrial
563040400,2021-01-03T05:25:41Z,44.14276,28.656283333333334,0,266.1,251,terrestrial
563040400,2021-01-03T05:28:46Z,44.142775,28.656241666666666,0,266,251,dynamic
563040400,2021-01-03T05:31:34Z,44.142788333333336,28.656205,0,266.1,251,terrestrial
563040400,2021-01-03T05:31:37Z,44.142788333333336,28.656205,0,266.1,251,terrestrial
563040400,2021-01-03T05:31:41Z,44.142788333333336,28.656205,0,266.1,251,terrestrial
563040400,2021-01-03T05:34:36Z,44.142788333333336,28.656205,0,266.1,251,terrestrial
563040400,2021-01-03T05:34:39Z,44.142788333333336,28.656205,0,266.1,251,terrestrial
563040400,2021-01-03T05:37:30Z,44.142788333333336,28.656205,0,266.1,251,terrestrial
563040400,2021-01-03T05:37:31Z,44.142788333333336,28.656205,0,266.1,251,terrestrial
563040400,2021-01-03T05:37:32Z,44.142768333333336,28.656186666666667,0,266.1,251,terrestrial
563040400,2021-01-03T05:37:33Z,44.142768333333336,28.656186666666667,0,266.1,251,terrestrial
563040400,2021-01-03T05:43:40Z,44.142768333333336,28.656186666666667,0,266.1,251,terrestrial
563040400,2021-01-03T05:43:48Z,44.142768333333336,28.656186666666667,0,266.1,251,terrestrial
563040400,2021-01-03T05:46:35Z,44.14278,28.656283333333334,0,266.1,251,terrestrial
563040400,2021-01-03T05:46:47Z,44.14278,28.656283333333334,0,266,251,dynamic
563040400,2021-01-03T05:49:35Z,44.14276,28.656251666666666,0,266.1,252,terrestrial
563040400,2021-01-03T05:49:43Z,44.14276,28.656251666666666,0,266.1,252,terrestrial
563040400,2021-01-03T05:51:59Z,44.14276,28.656251666666666,0,266.1,252,terrestrial
563040400,2021-01-03T05:52:34Z,44.14275333333333,28.656235,0,266.1,252,terrestrial
563040400,2021-01-03T05:55:28Z,44.14275333333333,28.656235,0,266.1,252,terrestrial
563040400,2021-01-03T05:55:35Z,44.14276666666667,28.6562,0,266.1,252,terrestrial
563040400,2021-01-03T05:55:40Z,44.14276666666667,28.6562,0,266.1,252,terrestrial
563040400,2021-01-03T06:01:34Z,44.142763333333335,28.6562,0,266.1,252,terrestrial
563040400,2021-01-03T06:01:39Z,44.142763333333335,28.6562,0,266.1,252,terrestrial
563040400,2021-01-03T06:01:43Z,44.142763333333335,28.6562,0,266.1,252,terrestrial
563040400,2021-01-03T06:03:22Z,44.142763333333335,28.6562,0,266.1,252,terrestrial
563040400,2021-01-03T06:04:35Z,44.142763333333335,28.6562,0,266.1,252,terrestrial
563040400,2021-01-03T06:04:40Z,44.142763333333335,28.6562,0,266.1,252,terrestrial
563040400,2021-01-03T06:07:30Z,44.14279,28.656243333333332,0,266.1,252,terrestrial
563040400,2021-01-03T06:07:31Z,44.14279,28.656243333333332,0,266.1,252,terrestrial
563040400,2021-01-03T06:07:32Z,44.14279,28.656243333333332,0,266.1,252,terrestrial
563040400,2021-01-03T06:10:30Z,44.14276666666667,28.65622,0,266,252,dynamic
563040400,2021-01-03T06:10:32Z,44.14276666666667,28.65622,0,266.1,252,terrestrial
563040400,2021-01-03T06:13:29Z,44.14276666666667,28.65622,0,266.1,252,terrestrial
563040400,2021-01-03T06:13:34Z,44.14274666666667,28.656226666666665,0,266.1,252,terrestrial
563040400,2021-01-03T06:13:35Z,44.14274666666667,28.656226666666665,0,266.1,252,terrestrial
563040400,2021-01-03T06:16:33Z,44.14276,28.656205,0,266.1,252,terrestrial
563040400,2021-01-03T06:19:33Z,44.142801666666664,28.65621833333333,0,266.1,252,terrestrial
563040400,2021-01-03T06:19:35Z,44.142801666666664,28.65621833333333,0,266.1,252,terrestrial
563040400,2021-01-03T06:22:33Z,44.142846666666664,28.656226666666665,0,266.1,252,terrestrial
563040400,2021-01-03T06:22:40Z,44.142846666666664,28.656226666666665,0,266.1,252,terrestrial
563040400,2021-01-03T06:22:42Z,44.142846666666664,28.656226666666665,0,266.1,252,terrestrial
563040400,2021-01-03T06:25:31Z,44.14281,28.656275,0,266,252,dynamic
563040400,2021-01-03T06:25:36Z,44.14281,28.656275,0,266,252,terrestrial
563040400,2021-01-03T06:25:43Z,44.14281,28.656275,0,266,252,terrestrial
563040400,2021-01-03T06:28:29Z,44.142786666666666,28.656243333333332,0,266.1,252,terrestrial
563040400,2021-01-03T06:31:33Z,44.142835,28.656283333333334,0,18.2,252,terrestrial
563040400,2021-01-03T06:31:39Z,44.142835,28.656283333333334,0,18.2,252,terrestrial
563040400,2021-01-03T06:31:45Z,44.142835,28.656283333333334,0,18.2,252,terrestrial
563040400,2021-01-03T06:33:34Z,44.142835,28.656283333333334,0,18.2,252,terrestrial
563040400,2021-01-03T06:34:35Z,44.142835,28.656283333333334,0,18.2,252,terrestrial
563040400,2021-01-03T06:34:43Z,44.142835,28.656283333333334,0,18.2,252,terrestrial
563040400,2021-01-03T06:37:29Z,44.142835,28.656283333333334,0,18.2,252,terrestrial
563040400,2021-01-03T06:37:31Z,44.142786666666666,28.656286666666666,0,18.2,252,terrestrial
563040400,2021-01-03T06:37:36Z,44.142786666666666,28.656286666666666,0,18.2,252,terrestrial
563040400,2021-01-03T06:39:33Z,44.142786666666666,28.656286666666666,0,18.2,252,terrestrial
563040400,2021-01-03T06:40:30Z,44.14279166666667,28.65623666666667,0,18.2,252,terrestrial
563040400,2021-01-03T06:40:38Z,44.14279166666667,28.65623666666667,0,18.2,252,terrestrial
563040400,2021-01-03T06:40:48Z,44.14279166666667,28.65623666666667,0,18.2,252,terrestrial
563040400,2021-01-03T06:43:30Z,44.142745,28.65623666666667,0,18,252,dynamic
563040400,2021-01-03T06:43:33Z,44.142745,28.65623666666667,0,18.2,252,terrestrial
563040400,2021-01-03T06:46:31Z,44.142783333333334,28.656298333333332,0,18.2,252,terrestrial
563040400,2021-01-03T06:46:38Z,44.142783333333334,28.656298333333332,0,18.2,252,terrestrial
563040400,2021-01-03T06:48:27Z,44.142783333333334,28.656298333333332,0,18.2,252,terrestrial
563040400,2021-01-03T06:49:34Z,44.142801666666664,28.656358333333333,0,18.2,252,terrestrial
563040400,2021-01-03T06:52:31Z,44.142786666666666,28.656283333333334,0,18.2,252,terrestrial
563040400,2021-01-03T06:55:36Z,44.142763333333335,28.656216666666666,0,18.2,252,terrestrial
563040400,2021-01-03T06:55:40Z,44.142763333333335,28.656216666666666,0,18.2,252,terrestrial
563040400,2021-01-03T06:55:41Z,44.142763333333335,28.656216666666666,0,18.2,252,terrestrial
563040400,2021-01-03T06:55:48Z,44.142763333333335,28.656216666666666,0,18,252,dynamic
563040400,2021-01-03T06:55:50Z,44.142763333333335,28.656216666666666,0,18,252,terrestrial
563040400,2021-01-03T07:01:29Z,44.142763333333335,28.656216666666666,0,18,252,terrestrial
563040400,2021-01-03T07:01:36Z,44.14284166666667,28.656296666666666,0,18.2,252,terrestrial
563040400,2021-01-03T07:01:38Z,44.14284166666667,28.656296666666666,0,18.2,252,terrestrial
563040400,2021-01-03T07:04:37Z,44.14284166666667,28.656296666666666,0,18.2,252,terrestrial
563040400,2021-01-03T07:04:43Z,44.14284166666667,28.656296666666666,0,18.2,252,terrestrial
563040400,2021-01-03T07:07:35Z,44.14274833333333,28.656223333333333,0,18.2,252,terrestrial
563040400,2021-01-03T07:07:41Z,44.14274833333333,28.656223333333333,0,18.2,252,terrestrial
563040400,2021-01-03T07:10:30Z,44.142738333333334,28.656243333333332,0,18.2,252,terrestrial
563040400,2021-01-03T07:13:34Z,44.14277333333333,28.656291666666668,0,18.2,251,terrestrial
563040400,2021-01-03T07:13:35Z,44.14277333333333,28.656291666666668,0,18.2,251,terrestrial
563040400,2021-01-03T07:13:35Z,44.14277333333333,28.656291666666668,0,18,251,dynamic
563040400,2021-01-03T07:13:43Z,44.14277333333333,28.656291666666668,0,18,251,terrestrial
563040400,2021-01-03T07:15:39Z,44.14277333333333,28.656291666666668,0,18,251,terrestrial
563040400,2021-01-03T07:16:34Z,44.14279666666667,28.65623,0,18.2,251,terrestrial
563040400,2021-01-03T07:19:30Z,44.14279666666667,28.656253333333332,0,18.2,251,terrestrial
563040400,2021-01-03T07:19:34Z,44.14279666666667,28.656253333333332,0,18.2,251,terrestrial
563040400,2021-01-03T07:19:37Z,44.14279666666667,28.656253333333332,0,18.2,251,terrestrial
563040400,2021-01-03T07:19:40Z,44.14279666666667,28.656253333333332,0,18.2,251,terrestrial
563040400,2021-01-03T07:19:45Z,44.14279666666667,28.656253333333332,0,18.2,251,terrestrial
563040400,2021-01-03T07:22:32Z,44.14275666666666,28.656225,0,18.2,251,terrestrial
563040400,2021-01-03T07:22:41Z,44.14275666666666,28.656225,0,18.2,251,terrestrial
563040400,2021-01-03T07:25:29Z,44.14275666666666,28.656225,0,18.2,251,terrestrial
563040400,2021-01-03T07:25:30Z,44.14279666666667,28.656208333333332,0,18.2,251,terrestrial
563040400,2021-01-03T07:25:35Z,44.14279666666667,28.656208333333332,0,18.2,251,terrestrial
563040400,2021-01-03T07:25:37Z,44.14279666666667,28.656208333333332,0,18.2,251,terrestrial
563040400,2021-01-03T07:27:51Z,44.14279666666667,28.656208333333332,0,18.2,251,terrestrial
563040400,2021-01-03T07:31:32Z,44.14274,28.656226666666665,0,18,251,dynamic
563040400,2021-01-03T07:31:35Z,44.14274,28.656226666666665,0,18.2,251,terrestrial
563040400,2021-01-03T07:31:38Z,44.14274,28.656226666666665,0,18.2,251,terrestrial
563040400,2021-01-03T07:37:30Z,44.142775,28.656216666666666,0,18.2,251,terrestrial
563040400,2021-01-03T07:37:34Z,44.142775,28.656216666666666,0,18.2,251,terrestrial
563040400,2021-01-03T07:37:36Z,44.142775,28.656216666666666,0,18.2,251,terrestrial
563040400,2021-01-03T07:37:38Z,44.142775,28.656216666666666,0,18.2,251,terrestrial
563040400,2021-01-03T07:37:42Z,44.142775,28.656216666666666,0,18.2,251,terrestrial
563040400,2021-01-03T07:39:50Z,44.142775,28.656216666666666,0,18.2,251,terrestrial
563040400,2021-01-03T07:39:59Z,44.142775,28.656216666666666,0,18.2,251,terrestrial
563040400,2021-01-03T07:40:33Z,44.142775,28.656231666666667,0,18.2,251,terrestrial
563040400,2021-01-03T07:43:30Z,44.14279333333333,28.656223333333333,0,18.2,252,terrestrial
563040400,2021-01-03T07:43:38Z,44.14279333333333,28.656223333333333,0,18.2,252,terrestrial
563040400,2021-01-03T07:46:32Z,44.142768333333336,28.656228333333335,0,18.2,252,terrestrial
563040400,2021-01-03T07:46:33Z,44.142768333333336,28.656228333333335,0,18,252,dynamic
563040400,2021-01-03T07:49:30Z,44.142768333333336,28.656228333333335,0,18,252,terrestrial
563040400,2021-01-03T07:49:31Z,44.142768333333336,28.656228333333335,0,18,252,terrestrial
563040400,2021-01-03T07:49:35Z,44.142786666666666,28.65621833333333,0,18.2,252,terrestrial
563040400,2021-01-03T07:49:39Z,44.142786666666666,28.65621833333333,0,18.2,252,terrestrial
563040400,2021-01-03T07:52:30Z,44.14277666666667,28.656245,0,18.2,252,terrestrial
563040400,2021-01-03T07:52:32Z,44.14277666666667,28.656245,0,18.2,252,terrestrial
563040400,2021-01-03T07:52:39Z,44.14277666666667,28.656245,0,18.2,252,terrestrial
563040400,2021-01-03T07:55:30Z,44.14277166666667,28.65622,0,18.2,252,terrestrial
563040400,2021-01-03T07:55:35Z,44.14277166666667,28.65622,0,18.2,252,terrestrial
563040400,2021-01-03T07:55:36Z,44.14277166666667,28.65622,0,18.2,252,terrestrial
563040400,2021-01-03T08:01:33Z,44.14278,28.656245,0,18.2,252,terrestrial
563040400,2021-01-03T08:01:39Z,44.14278,28.656245,0,18.2,252,terrestrial
563040400,2021-01-03T08:01:40Z,44.14278,28.656245,0,18.2,252,terrestrial
563040400,2021-01-03T08:04:30Z,44.14274833333333,28.656231666666667,0,18,252,dynamic
563040400,2021-01-03T08:04:39Z,44.14274833333333,28.656231666666667,0,18,252,terrestrial
563040400,2021-01-03T08:07:29Z,44.14274833333333,28.656231666666667,0,18,252,terrestrial
563040400,2021-01-03T08:07:33Z,44.142741666666666,28.656265,0,18.2,252,terrestrial
563040400,2021-01-03T08:07:39Z,44.142741666666666,28.656265,0,18.2,252,terrestrial
563040400,2021-01-03T08:10:36Z,44.14277,28.656246666666668,0,18.2,252,terrestrial
563040400,2021-01-03T08:10:42Z,44.14277,28.656246666666668,0,18.2,252,terrestrial
563040400,2021-01-03T08:13:30Z,44.14277,28.656246666666668,0,18.2,252,terrestrial
563040400,2021-01-03T08:13:35Z,44.14277666666667,28.656258333333334,0,18.2,253,terrestrial
563040400,2021-01-03T08:16:34Z,44.142745,28.656216666666666,0,18.2,253,terrestrial
563040400,2021-01-03T08:19:29Z,44.142745,28.656216666666666,0,18.2,253,terrestrial
563040400,2021-01-03T08:19:44Z,44.142745,28.656216666666666,0,18.2,253,terrestrial
563040400,2021-01-03T08:21:50Z,44.142745,28.656216666666666,0,18.2,253,terrestrial
563040400,2021-01-03T08:22:34Z,44.142763333333335,28.656255,0,18.2,253,terrestrial
563040400,2021-01-03T08:22:35Z,44.142763333333335,28.656255,0,18.2,253,terrestrial
563040400,2021-01-03T08:22:43Z,44.142763333333335,28.656255,0,18.2,253,terrestrial
563040400,2021-01-03T08:25:35Z,44.14276,28.656235,0,18.2,253,terrestrial
563040400,2021-01-03T08:25:37Z,44.14276,28.656235,0,18.2,253,terrestrial
563040400,2021-01-03T08:25:46Z,44.14276,28.656235,0,18.2,253,terrestrial
563040400,2021-01-03T08:31:35Z,44.14276,28.656235,0,18.2,253,terrestrial
563040400,2021-01-03T08:31:36Z,44.14275666666666,28.65634,0,18.2,253,terrestrial
563040400,2021-01-03T08:31:40Z,44.14275666666666,28.65634,0,18.2,253,terrestrial
563040400,2021-01-03T08:34:34Z,44.142743333333335,28.656368333333333,0,18,253,dynamic
563040400,2021-01-03T08:37:30Z,44.14254666666667,28.656585,0.1,18.2,253,terrestrial
563040400,2021-01-03T08:37:34Z,44.14254666666667,28.656585,0.1,18.2,253,terrestrial
563040400,2021-01-03T08:37:42Z,44.14254666666667,28.656585,0.1,18,253,dynamic
563040400,2021-01-03T08:40:36Z,44.14270166666667,28.656396666666666,0.1,18.2,253,terrestrial
563040400,2021-01-03T08:40:37Z,44.14270166666667,28.656396666666666,0.1,18.2,253,terrestrial
563040400,2021-01-03T08:43:33Z,44.142786666666666,28.656241666666666,0.1,18.2,252,terrestrial
563040400,2021-01-03T08:46:53Z,44.142786666666666,28.656241666666666,0.1,18.2,252,terrestrial
563040400,2021-01-03T08:49:35Z,44.14277,28.656221666666667,0,18,252,dynamic
563040400,2021-01-03T08:49:38Z,44.14277,28.656221666666667,0,18,252,terrestrial
563040400,2021-01-03T08:52:33Z,44.142853333333335,28.656226666666665,0,18.2,252,terrestrial
563040400,2021-01-03T08:52:41Z,44.142853333333335,28.656226666666665,0,18.2,252,terrestrial
563040400,2021-01-03T08:52:46Z,44.142853333333335,28.656226666666665,0,18,252,dynamic
563040400,2021-01-03T08:55:30Z,44.142828333333334,28.656198333333332,0,18.2,252,terrestrial
563040400,2021-01-03T08:55:37Z,44.142828333333334,28.656198333333332,0,18.2,252,terrestrial
563040400,2021-01-03T08:55:45Z,44.142828333333334,28.656198333333332,0,18.2,252,terrestrial
563040400,2021-01-03T09:01:33Z,44.142806666666665,28.65623,0,18.2,252,terrestrial
563040400,2021-01-03T09:01:35Z,44.142806666666665,28.65623,0,18.2,252,terrestrial
563040400,2021-01-03T09:01:38Z,44.142806666666665,28.65623,0,18.2,252,terrestrial
563040400,2021-01-03T09:04:38Z,44.142806666666665,28.65623,0,18.2,252,terrestrial
563040400,2021-01-03T09:04:41Z,44.142806666666665,28.65623,0,18.2,252,terrestrial
563040400,2021-01-03T09:07:28Z,44.14274,28.656216666666666,0,18,252,dynamic
563040400,2021-01-03T09:07:31Z,44.14274,28.656216666666666,0,18.2,252,terrestrial
563040400,2021-01-03T09:07:40Z,44.14274,28.656216666666666,0,18.2,252,terrestrial
563040400,2021-01-03T09:08:50Z,44.14274,28.656216666666666,0,18.2,252,terrestrial
563040400,2021-01-03T09:10:30Z,44.14276,28.656211666666668,0,18.2,252,terrestrial
563040400,2021-01-03T09:10:42Z,44.14276,28.656211666666668,0,18,252,dynamic
563040400,2021-01-03T09:13:34Z,44.14282333333333,28.656196666666666,0,18.2,252,terrestrial
563040400,2021-01-03T09:16:35Z,44.142941666666665,28.656293333333334,0.1,18.2,252,terrestrial
563040400,2021-01-03T09:16:39Z,44.142941666666665,28.656293333333334,0.1,18.2,252,terrestrial
563040400,2021-01-03T09:22:30Z,44.14272666666667,28.656288333333332,0.1,18.2,252,terrestrial
563040400,2021-01-03T09:22:31Z,44.14272666666667,28.656288333333332,0.1,18.2,252,terrestrial
563040400,2021-01-03T09:25:29Z,44.14272666666667,28.656288333333332,0.1,18.2,252,terrestrial
563040400,2021-01-03T09:25:31Z,44.14277333333333,28.656253333333332,0,18,252,dynamic
563040400,2021-01-03T09:25:34Z,44.14277333333333,28.656253333333332,0,18.2,252,terrestrial
563040400,2021-01-03T09:25:35Z,44.14277333333333,28.656253333333332,0,18.2,252,terrestrial
563040400,2021-01-03T09:25:40Z,44.14277333333333,28.656253333333332,0,18.2,252,terrestrial
563040400,2021-01-03T09:28:38Z,44.14277333333333,28.656253333333332,0,18.2,252,terrestrial
563040400,2021-01-03T09:30:27Z,44.14277333333333,28.656253333333332,0,18.2,252,terrestrial
563040400,2021-01-03T09:31:30Z,44.14276666666667,28.656228333333335,0,18.2,252,terrestrial
563040400,2021-01-03T09:31:37Z,44.14276666666667,28.656228333333335,0,18.2,252,terrestrial
563040400,2021-01-03T09:37:29Z,44.14276666666667,28.656228333333335,0,18.2,252,terrestrial
563040400,2021-01-03T09:37:35Z,44.142808333333335,28.656205,0.1,18.2,252,terrestrial
563040400,2021-01-03T09:37:37Z,44.142808333333335,28.656205,0.1,18.2,252,terrestrial
563040400,2021-01-03T09:37:42Z,44.142808333333335,28.656205,0.1,18.2,252,terrestrial
563040400,2021-01-03T09:40:34Z,44.142786666666666,28.656253333333332,0,18.2,252,terrestrial
563040400,2021-01-03T09:40:46Z,44.142786666666666,28.656253333333332,0,18,252,dynamic
563040400,2021-01-03T09:43:34Z,44.142763333333335,28.65626333333333,0,18.2,252,terrestrial
563040400,2021-01-03T09:43:36Z,44.142763333333335,28.65626333333333,0,18.2,252,terrestrial
563040400,2021-01-03T09:46:30Z,44.14288833333333,28.656183333333335,0.1,18.2,252,terrestrial
563040400,2021-01-03T09:49:30Z,44.14288833333333,28.656183333333335,0.1,18.2,252,terrestrial
563040400,2021-01-03T09:49:37Z,44.14288833333333,28.656183333333335,0.1,18.2,252,terrestrial
563040400,2021-01-03T09:52:32Z,44.14279166666667,28.656256666666668,0,18.2,252,terrestrial
563040400,2021-01-03T09:52:50Z,44.14279166666667,28.656256666666668,0,18.2,252,terrestrial
563040400,2021-01-03T09:55:34Z,44.14279,28.656241666666666,0,18,251,dynamic
563040400,2021-01-03T09:55:36Z,44.14279,28.656241666666666,0,18,251,terrestrial
563040400,2021-01-03T09:55:37Z,44.14279,28.656241666666666,0,18.2,251,terrestrial
563040400,2021-01-03T09:55:42Z,44.14279,28.656241666666666,0,18.2,251,terrestrial
563040400,2021-01-03T10:01:30Z,44.14279,28.656241666666666,0,18.2,251,terrestrial
563040400,2021-01-03T10:01:35Z,44.142723333333336,28.656248333333334,0.1,18.2,252,terrestrial
563040400,2021-01-03T10:01:36Z,44.142723333333336,28.656248333333334,0.1,18.2,252,terrestrial
563040400,2021-01-03T10:01:43Z,44.142723333333336,28.656248333333334,0.1,18.2,252,terrestrial
563040400,2021-01-03T10:07:29Z,44.142723333333336,28.656248333333334,0.1,18.2,252,terrestrial
563040400,2021-01-03T10:07:34Z,44.142741666666666,28.656163333333332,0.1,18.2,252,terrestrial
563040400,2021-01-03T10:10:33Z,44.14277333333333,28.656243333333332,0,18.2,252,terrestrial
563040400,2021-01-03T10:10:35Z,44.14277333333333,28.656243333333332,0,18,252,dynamic
563040400,2021-01-03T10:16:33Z,44.14277833333333,28.656258333333334,0,18.2,252,terrestrial
563040400,2021-01-03T10:19:30Z,44.14277833333333,28.656258333333334,0,18.2,252,terrestrial
563040400,2021-01-03T10:19:34Z,44.14277833333333,28.656258333333334,0,18.2,252,terrestrial
563040400,2021-01-03T10:19:35Z,44.142801666666664,28.656196666666666,0,18.2,251,terrestrial
563040400,2021-01-03T10:19:38Z,44.142801666666664,28.656196666666666,0,18.2,251,terrestrial
563040400,2021-01-03T10:22:37Z,44.142785,28.65625,0,18.2,251,terrestrial
563040400,2021-01-03T10:25:30Z,44.14278,28.656298333333332,0,18.2,251,terrestrial
563040400,2021-01-03T10:25:31Z,44.14278,28.656298333333332,0,18.2,251,terrestrial
563040400,2021-01-03T10:25:38Z,44.14278,28.656298333333332,0,18.2,251,terrestrial
563040400,2021-01-03T10:25:42Z,44.14278,28.656298333333332,0,18.2,251,terrestrial
563040400,2021-01-03T10:28:31Z,44.14278,28.656265,0,18,251,dynamic
563040400,2021-01-03T10:31:31Z,44.14278,28.656258333333334,0,18.2,252,terrestrial
563040400,2021-01-03T10:31:37Z,44.14278,28.656258333333334,0,18.2,252,terrestrial
563040400,2021-01-03T10:34:31Z,44.14278,28.656258333333334,0,18.2,252,terrestrial
563040400,2021-01-03T10:37:32Z,44.14272666666667,28.656296666666666,0,18.2,252,terrestrial
563040400,2021-01-03T10:43:29Z,44.14272666666667,28.656296666666666,0,18.2,252,terrestrial
563040400,2021-01-03T10:43:35Z,44.14279333333333,28.656241666666666,0,18.2,252,terrestrial
563040400,2021-01-03T10:43:42Z,44.14279333333333,28.656241666666666,0,18.2,252,terrestrial
563040400,2021-01-03T10:43:47Z,44.14279333333333,28.656241666666666,0,18,252,dynamic
563040400,2021-01-03T10:46:36Z,44.14277666666667,28.656228333333335,0,18.2,252,terrestrial
563040400,2021-01-03T10:46:37Z,44.14277666666667,28.656228333333335,0,18.2,252,terrestrial
563040400,2021-01-03T10:46:43Z,44.14277666666667,28.656228333333335,0,18.2,252,terrestrial
563040400,2021-01-03T10:47:44Z,44.14277666666667,28.656228333333335,0,18.2,252,terrestrial
563040400,2021-01-03T10:47:45Z,44.14277666666667,28.656228333333335,0,18.2,252,terrestrial
563040400,2021-01-03T10:49:31Z,44.142786666666666,28.656248333333334,0,18.2,252,terrestrial
563040400,2021-01-03T10:52:36Z,44.142801666666664,28.65625,0,18.2,252,terrestrial
563040400,2021-01-03T10:55:34Z,44.14279333333333,28.656265,0,18.2,252,terrestrial
563040400,2021-01-03T10:55:39Z,44.14279333333333,28.656265,0,18.2,252,terrestrial
563040400,2021-01-03T10:58:36Z,44.14279,28.656265,0,18,253,dynamic
563040400,2021-01-03T11:01:34Z,44.14279166666667,28.656243333333332,0,18.2,252,terrestrial
563040400,2021-01-03T11:04:42Z,44.14279166666667,28.656243333333332,0,18.2,252,terrestrial
563040400,2021-01-03T11:07:45Z,44.142768333333336,28.656228333333335,0,18.2,252,terrestrial
563040400,2021-01-03T11:10:39Z,44.14279666666667,28.656241666666666,0,18.2,252,terrestrial
563040400,2021-01-03T11:13:31Z,44.142781666666664,28.656233333333333,0,18.2,252,terrestrial
563040400,2021-01-03T11:13:36Z,44.142781666666664,28.656233333333333,0,18,252,dynamic
563040400,2021-01-03T11:16:31Z,44.14277333333333,28.656223333333333,0,18.2,252,terrestrial
563040400,2021-01-03T11:16:32Z,44.14277333333333,28.656223333333333,0,18.2,252,terrestrial
563040400,2021-01-03T11:16:41Z,44.14277333333333,28.656223333333333,0,18.2,252,terrestrial
563040400,2021-01-03T11:16:48Z,44.14277333333333,28.656223333333333,0,18.2,252,terrestrial
563040400,2021-01-03T11:19:35Z,44.14277333333333,28.656223333333333,0,18.2,252,terrestrial
563040400,2021-01-03T11:19:36Z,44.14278,28.65621,0,18.2,252,terrestrial
563040400,2021-01-03T11:19:37Z,44.14278,28.65621,0,18.2,252,terrestrial
563040400,2021-01-03T11:20:56Z,44.14278,28.65621,0,18.2,252,terrestrial
563040400,2021-01-03T11:22:32Z,44.14279833333333,28.656253333333332,0,18.2,251,terrestrial
563040400,2021-01-03T11:22:35Z,44.14279833333333,28.656253333333332,0,18.2,251,terrestrial
563040400,2021-01-03T11:22:36Z,44.14279833333333,28.656253333333332,0,18.2,251,terrestrial
563040400,2021-01-03T11:22:37Z,44.14279833333333,28.656253333333332,0,18.2,251,terrestrial
563040400,2021-01-03T11:23:53Z,44.14279833333333,28.656253333333332,0,18.2,251,terrestrial
563040400,2021-01-03T11:25:29Z,44.14279833333333,28.656253333333332,0,18.2,251,terrestrial
563040400,2021-01-03T11:25:30Z,44.14279833333333,28.656253333333332,0,18.2,251,terrestrial
563040400,2021-01-03T11:25:36Z,44.14279833333333,28.656253333333332,0,18.2,251,terrestrial
563040400,2021-01-03T11:25:37Z,44.142775,28.656198333333332,0,18.2,251,terrestrial
563040400,2021-01-03T11:25:39Z,44.142775,28.656198333333332,0,18.2,251,terrestrial
563040400,2021-01-03T11:28:37Z,44.142775,28.656198333333332,0,18.2,251,terrestrial
563040400,2021-01-03T11:31:30Z,44.142775,28.656198333333332,0,18.2,251,terrestrial
563040400,2021-01-03T11:31:36Z,44.142775,28.656198333333332,0,18.2,251,terrestrial
563040400,2021-01-03T11:31:36Z,44.142768333333336,28.656235,0,18,251,dynamic
563040400,2021-01-03T11:31:38Z,44.142768333333336,28.656235,0,18.2,251,terrestrial
563040400,2021-01-03T11:31:39Z,44.142768333333336,28.656235,0,18.2,251,terrestrial
563040400,2021-01-03T11:37:30Z,44.142768333333336,28.656235,0,18.2,251,terrestrial
563040400,2021-01-03T11:37:39Z,44.14279333333333,28.656253333333332,0,18.2,251,terrestrial
563040400,2021-01-03T11:37:40Z,44.14279333333333,28.656253333333332,0,18.2,251,terrestrial
563040400,2021-01-03T11:40:33Z,44.14279666666667,28.656216666666666,0,18.2,251,terrestrial
563040400,2021-01-03T11:40:43Z,44.14279666666667,28.656216666666666,0,18.2,251,terrestrial
563040400,2021-01-03T11:40:46Z,44.14279666666667,28.656216666666666,0,18.2,251,terrestrial
563040400,2021-01-03T11:43:36Z,44.14279666666667,28.656216666666666,0,18.2,251,terrestrial
563040400,2021-01-03T11:43:39Z,44.14277,28.656206666666666,0,18.2,251,terrestrial
563040400,2021-01-03T11:46:35Z,44.14279666666667,28.656253333333332,0,18.2,251,terrestrial
563040400,2021-01-03T11:46:47Z,44.14279666666667,28.656253333333332,0,18.2,251,terrestrial
563040400,2021-01-03T11:49:35Z,44.14279666666667,28.656253333333332,0,18.2,251,terrestrial
563040400,2021-01-03T11:49:36Z,44.14278,28.656211666666668,0,18,251,dynamic
563040400,2021-01-03T11:49:37Z,44.14278,28.656211666666668,0,18,251,terrestrial
563040400,2021-01-03T11:49:38Z,44.14278,28.656211666666668,0,18.2,251,terrestrial
563040400,2021-01-03T11:52:34Z,44.14277833333333,28.65622,0,18.2,252,terrestrial
563040400,2021-01-03T11:55:35Z,44.14277833333333,28.65622,0,18.2,252,terrestrial
563040400,2021-01-03T11:55:38Z,44.14275,28.656226666666665,0,18.2,252,terrestrial
563040400,2021-01-03T11:55:39Z,44.14275,28.656226666666665,0,18.2,252,terrestrial
563040400,2021-01-03T11:55:44Z,44.14275,28.656226666666665,0,18.2,252,terrestrial
563040400,2021-01-03T11:57:09Z,44.14275,28.656226666666665,0,18.2,252,terrestrial
563040400,2021-01-03T12:01:39Z,44.142763333333335,28.656256666666668,0,18.2,253,terrestrial
563040400,2021-01-03T12:01:42Z,44.142763333333335,28.656256666666668,0,18.2,253,terrestrial
563040400,2021-01-03T12:07:37Z,44.14279,28.656215,0,18,253,dynamic
563040400,2021-01-03T12:07:39Z,44.14279,28.656215,0,18.2,253,terrestrial
563040400,2021-01-03T12:10:35Z,44.142786666666666,28.65624,0,18.2,253,terrestrial
563040400,2021-01-03T12:10:47Z,44.142786666666666,28.65624,0,18,253,dynamic
563040400,2021-01-03T12:13:29Z,44.142786666666666,28.65624,0,18,253,terrestrial
563040400,2021-01-03T12:13:31Z,44.142785,28.656233333333333,0,18.2,253,terrestrial
563040400,2021-01-03T12:16:34Z,44.14279333333333,28.656255,0,18.2,253,terrestrial
563040400,2021-01-03T12:16:35Z,44.14279333333333,28.656255,0,18.2,253,terrestrial
563040400,2021-01-03T12:22:33Z,44.14281,28.656235,0,18.2,252,terrestrial
563040400,2021-01-03T12:25:31Z,44.142738333333334,28.656198333333332,0,18.2,252,terrestrial
563040400,2021-01-03T12:25:33Z,44.142738333333334,28.656198333333332,0,18.2,252,terrestrial
563040400,2021-01-03T12:25:36Z,44.142738333333334,28.656198333333332,0,18.2,252,terrestrial
563040400,2021-01-03T12:27:23Z,44.142738333333334,28.656198333333332,0,18.2,252,terrestrial
563040400,2021-01-03T12:28:36Z,44.142738333333334,28.656198333333332,0,18.2,252,terrestrial
563040400,2021-01-03T12:31:35Z,44.142783333333334,28.656241666666666,0,18.2,252,terrestrial
563040400,2021-01-03T12:31:40Z,44.142783333333334,28.656241666666666,0,18.2,252,terrestrial
563040400,2021-01-03T12:37:29Z,44.142783333333334,28.656241666666666,0,18.2,252,terrestrial
563040400,2021-01-03T12:37:34Z,44.142801666666664,28.656235,0,18.2,252,terrestrial
563040400,2021-01-03T12:37:35Z,44.142801666666664,28.656235,0,18.2,252,terrestrial
563040400,2021-01-03T12:37:39Z,44.142801666666664,28.656235,0,18.2,252,terrestrial
563040400,2021-01-03T12:37:43Z,44.142801666666664,28.656235,0,18.2,252,terrestrial
563040400,2021-01-03T12:40:34Z,44.14279,28.656256666666668,0,18,252,dynamic
563040400,2021-01-03T12:40:36Z,44.14279,28.656256666666668,0,18.2,252,terrestrial
563040400,2021-01-03T12:40:37Z,44.14279,28.656256666666668,0,18.2,252,terrestrial
563040400,2021-01-03T12:43:30Z,44.14279,28.656256666666668,0,18.2,252,terrestrial
563040400,2021-01-03T12:43:36Z,44.14279,28.656256666666668,0,18.2,252,terrestrial
563040400,2021-01-03T12:43:44Z,44.14279,28.656256666666668,0,18.2,252,terrestrial
563040400,2021-01-03T12:46:46Z,44.142801666666664,28.656271666666665,0,18,252,dynamic
563040400,2021-01-03T12:49:32Z,44.14277166666667,28.656256666666668,0,18.2,252,terrestrial
563040400,2021-01-03T12:49:35Z,44.14277166666667,28.656256666666668,0,18.2,252,terrestrial
563040400,2021-01-03T12:49:36Z,44.14277166666667,28.656256666666668,0,18.2,252,terrestrial
563040400,2021-01-03T12:49:37Z,44.14277166666667,28.656256666666668,0,18.2,252,terrestrial
563040400,2021-01-03T12:52:31Z,44.14275666666666,28.656208333333332,0,18.2,253,terrestrial
563040400,2021-01-03T12:55:34Z,44.14282,28.656258333333334,0,18.2,253,terrestrial
563040400,2021-01-03T12:55:40Z,44.14282,28.656258333333334,0,18.2,253,terrestrial
563040400,2021-01-03T12:58:34Z,44.142808333333335,28.656283333333334,0,18,253,dynamic
563040400,2021-01-03T12:58:44Z,44.142808333333335,28.656283333333334,0,18,253,terrestrial
563040400,2021-01-03T13:01:33Z,44.142826666666664,28.656235,0,18.2,253,terrestrial
563040400,2021-01-03T13:01:36Z,44.142826666666664,28.656235,0,18.2,253,terrestrial
563040400,2021-01-03T13:01:41Z,44.142826666666664,28.656235,0,18.2,253,terrestrial
563040400,2021-01-03T13:04:49Z,44.14279,28.656245,0,18,253,dynamic
563040400,2021-01-03T13:07:40Z,44.14279,28.656265,0,18.2,253,terrestrial
563040400,2021-01-03T13:07:43Z,44.14279,28.656265,0,18.2,253,terrestrial
563040400,2021-01-03T13:10:38Z,44.142775,28.656228333333335,0,18.2,253,terrestrial
563040400,2021-01-03T13:13:30Z,44.142775,28.656228333333335,0,18.2,253,terrestrial
563040400,2021-01-03T13:13:37Z,44.142775,28.656228333333335,0,18.2,253,terrestrial
563040400,2021-01-03T13:13:45Z,44.142775,28.656228333333335,0,18.2,253,terrestrial
563040400,2021-01-03T13:19:30Z,44.142775,28.656228333333335,0,18.2,253,terrestrial
563040400,2021-01-03T13:19:30Z,44.142805,28.656255,0,18,252,dynamic
563040400,2021-01-03T13:19:31Z,44.142805,28.656255,0,18,252,terrestrial
563040400,2021-01-03T13:22:35Z,44.142775,28.65627,0,18.2,252,terrestrial
563040400,2021-01-03T13:22:36Z,44.142775,28.65627,0,18.2,252,terrestrial
563040400,2021-01-03T13:22:37Z,44.142775,28.65627,0,18.2,252,terrestrial
563040400,2021-01-03T13:22:43Z,44.142775,28.65627,0,18.2,252,terrestrial
563040400,2021-01-03T13:22:45Z,44.142775,28.65627,0,18,252,dynamic
563040400,2021-01-03T13:25:35Z,44.142775,28.65627,0,18,252,terrestrial
563040400,2021-01-03T13:25:44Z,44.14279,28.656265,0,18.2,251,terrestrial
563040400,2021-01-03T13:31:37Z,44.142745,28.656288333333332,0,18.2,251,terrestrial
563040400,2021-01-03T13:31:38Z,44.142745,28.656288333333332,0,18.2,251,terrestrial
563040400,2021-01-03T13:34:30Z,44.142775,28.65626,0,18,251,dynamic
563040400,2021-01-03T13:34:33Z,44.142775,28.65626,0,18,251,terrestrial
563040400,2021-01-03T13:34:36Z,44.142775,28.65626,0,18,251,terrestrial
563040400,2021-01-03T13:37:32Z,44.142775,28.65626,0,18,251,terrestrial
563040400,2021-01-03T13:37:37Z,44.142775,28.65626,0,18,251,terrestrial
563040400,2021-01-03T13:37:39Z,44.14276666666667,28.656241666666666,0,18.2,251,terrestrial
563040400,2021-01-03T13:40:35Z,44.142775,28.656226666666665,0,18.2,251,terrestrial
563040400,2021-01-03T13:40:38Z,44.142775,28.656226666666665,0,18.2,251,terrestrial
563040400,2021-01-03T13:40:42Z,44.142775,28.656226666666665,0,18.2,251,terrestrial
563040400,2021-01-03T13:40:45Z,44.142775,28.656226666666665,0,18.2,251,terrestrial
563040400,2021-01-03T13:40:51Z,44.142775,28.656226666666665,0,18.2,251,terrestrial
563040400,2021-01-03T13:43:30Z,44.142775,28.656226666666665,0,18.2,251,terrestrial
563040400,2021-01-03T13:43:39Z,44.142775,28.656226666666665,0,18.2,251,terrestrial
563040400,2021-01-03T13:46:40Z,44.14279833333333,28.656295,0,18.2,251,terrestrial
563040400,2021-01-03T13:46:41Z,44.14279833333333,28.656295,0,18.2,251,terrestrial
563040400,2021-01-03T13:49:30Z,44.14279833333333,28.656295,0,18.2,251,terrestrial
563040400,2021-01-03T13:49:32Z,44.14279833333333,28.656228333333335,0,18.2,251,terrestrial
563040400,2021-01-03T13:49:36Z,44.14279833333333,28.656228333333335,0,18.2,251,terrestrial
563040400,2021-01-03T13:52:11Z,44.14279833333333,28.656228333333335,0,18.2,251,terrestrial
563040400,2021-01-03T13:52:34Z,44.14282333333333,28.656228333333335,0,18.2,251,terrestrial
563040400,2021-01-03T13:52:53Z,44.14282333333333,28.656228333333335,0,18,251,dynamic
563040400,2021-01-03T13:55:32Z,44.14278,28.656235,0,18.2,251,terrestrial
563040400,2021-01-03T13:55:37Z,44.14278,28.656235,0,18.2,251,terrestrial
563040400,2021-01-03T13:55:38Z,44.14278,28.656235,0,18.2,251,terrestrial
563040400,2021-01-03T14:01:36Z,44.1428,28.656216666666666,0,18.2,251,terrestrial
563040400,2021-01-03T14:01:46Z,44.1428,28.656216666666666,0,18.2,251,terrestrial
563040400,2021-01-03T14:04:38Z,44.1428,28.656216666666666,0,18.2,251,terrestrial
563040400,2021-01-03T14:04:45Z,44.1428,28.656216666666666,0,18.2,251,terrestrial
563040400,2021-01-03T14:07:32Z,44.14284,28.65626,0,18.2,252,terrestrial
563040400,2021-01-03T14:07:37Z,44.14284,28.65626,0,18.2,252,terrestrial
563040400,2021-01-03T14:07:42Z,44.14284,28.65626,0,18.2,252,terrestrial
563040400,2021-01-03T14:10:35Z,44.142765,28.656238333333334,0,18.2,252,terrestrial
563040400,2021-01-03T14:10:47Z,44.142765,28.656238333333334,0,18,252,dynamic
563040400,2021-01-03T14:13:36Z,44.142765,28.656238333333334,0,18,252,terrestrial
563040400,2021-01-03T14:13:45Z,44.142765,28.656238333333334,0,18,252,terrestrial
563040400,2021-01-03T14:16:34Z,44.142786666666666,28.65621833333333,0,18.2,252,terrestrial
563040400,2021-01-03T14:19:34Z,44.14281,28.656246666666668,0,18.2,252,terrestrial
563040400,2021-01-03T14:22:34Z,44.142781666666664,28.65623666666667,0,18.2,252,terrestrial
563040400,2021-01-03T14:25:34Z,44.142785,28.65624,0,18.2,252,terrestrial
563040400,2021-01-03T14:25:37Z,44.142785,28.65624,0,18.2,252,terrestrial
563040400,2021-01-03T14:25:40Z,44.142785,28.65624,0,18.2,252,terrestrial
563040400,2021-01-03T14:25:49Z,44.142785,28.65624,0,18,252,dynamic
563040400,2021-01-03T14:31:37Z,44.142785,28.65624,0,18,252,terrestrial
563040400,2021-01-03T14:34:37Z,44.142801666666664,28.656243333333332,0,18.2,252,terrestrial
563040400,2021-01-03T14:37:30Z,44.142801666666664,28.656243333333332,0,18.2,252,terrestrial
563040400,2021-01-03T14:37:31Z,44.142801666666664,28.656243333333332,0,18.2,252,terrestrial
563040400,2021-01-03T14:37:32Z,44.14278,28.656225,0,18.2,252,terrestrial
563040400,2021-01-03T14:37:33Z,44.14278,28.656225,0,18.2,252,terrestrial
563040400,2021-01-03T14:37:37Z,44.14278,28.656225,0,18.2,252,terrestrial
563040400,2021-01-03T14:40:32Z,44.14277666666667,28.656223333333333,0,18.2,252,terrestrial
563040400,2021-01-03T14:40:37Z,44.14277666666667,28.656223333333333,0,18.2,252,terrestrial
563040400,2021-01-03T14:40:42Z,44.14277666666667,28.656223333333333,0,18.2,252,terrestrial
563040400,2021-01-03T14:43:29Z,44.14277666666667,28.656223333333333,0,18.2,252,terrestrial
563040400,2021-01-03T14:43:33Z,44.142785,28.65626333333333,0,18,252,dynamic
563040400,2021-01-03T14:43:36Z,44.142785,28.65626333333333,0,18.2,252,terrestrial
563040400,2021-01-03T14:43:38Z,44.142785,28.65626333333333,0,18.2,252,terrestrial
563040400,2021-01-03T14:46:34Z,44.142775,28.65623666666667,0.1,18.2,252,terrestrial
563040400,2021-01-03T14:49:30Z,44.142775,28.65623666666667,0.1,18.2,252,terrestrial
563040400,2021-01-03T14:49:41Z,44.142775,28.65623666666667,0.1,18.2,252,terrestrial
563040400,2021-01-03T14:52:35Z,44.14279333333333,28.656241666666666,0,18.2,252,terrestrial
563040400,2021-01-03T14:55:34Z,44.142786666666666,28.656226666666665,0.1,18.2,252,terrestrial
563040400,2021-01-03T14:55:36Z,44.142786666666666,28.656226666666665,0.1,18.2,252,terrestrial
563040400,2021-01-03T14:55:38Z,44.142786666666666,28.656226666666665,0.1,18.2,252,terrestrial
563040400,2021-01-03T15:01:29Z,44.142786666666666,28.656226666666665,0.1,18.2,252,terrestrial
563040400,2021-01-03T15:01:30Z,44.142786666666666,28.656226666666665,0.1,18.2,252,terrestrial
563040400,2021-01-03T15:01:34Z,44.142805,28.65623666666667,0,18,253,dynamic
563040400,2021-01-03T15:01:35Z,44.142805,28.65623666666667,0,18,253,terrestrial
563040400,2021-01-03T15:01:36Z,44.142805,28.65623666666667,0,18.2,253,terrestrial
563040400,2021-01-03T15:07:31Z,44.142805,28.65623666666667,0,18.2,253,terrestrial
563040400,2021-01-03T15:10:32Z,44.14281666666667,28.656211666666668,0,18.2,252,terrestrial
563040400,2021-01-03T15:10:33Z,44.14281666666667,28.656211666666668,0,18.2,252,terrestrial
563040400,2021-01-03T15:10:42Z,44.14281666666667,28.656211666666668,0,18.2,252,terrestrial
563040400,2021-01-03T15:16:32Z,44.14279166666667,28.65622,0,18.2,252,terrestrial
563040400,2021-01-03T15:16:35Z,44.14279166666667,28.65622,0,18.2,252,terrestrial
563040400,2021-01-03T15:16:40Z,44.14279166666667,28.65622,0,18.2,252,terrestrial
563040400,2021-01-03T15:19:35Z,44.14280333333333,28.656223333333333,0,18,252,dynamic
563040400,2021-01-03T15:19:37Z,44.14280333333333,28.656223333333333,0,18.2,252,terrestrial
563040400,2021-01-03T15:22:36Z,44.14277833333333,28.656233333333333,0,18.2,252,terrestrial
563040400,2021-01-03T15:25:30Z,44.14277833333333,28.656233333333333,0,18.2,252,terrestrial
563040400,2021-01-03T15:25:34Z,44.14284,28.656171666666665,0,18.2,252,terrestrial
563040400,2021-01-03T15:25:38Z,44.14284,28.656171666666665,0,18.2,252,terrestrial
563040400,2021-01-03T15:25:45Z,44.14284,28.656171666666665,0,18.2,252,terrestrial
563040400,2021-01-03T15:28:36Z,44.14275666666666,28.65628,0,18.2,252,terrestrial
563040400,2021-01-03T15:28:43Z,44.14275666666666,28.65628,0,18.2,252,terrestrial
563040400,2021-01-03T15:31:34Z,44.14275666666666,28.65628,0,18.2,252,terrestrial
563040400,2021-01-03T15:31:35Z,44.14281833333333,28.656205,0,18.2,252,terrestrial
563040400,2021-01-03T15:31:36Z,44.14281833333333,28.656205,0,18.2,252,terrestrial
563040400,2021-01-03T15:31:37Z,44.14281833333333,28.656205,0,18.2,252,terrestrial
563040400,2021-01-03T15:34:38Z,44.14281833333333,28.656205,0,18.2,252,terrestrial
563040400,2021-01-03T15:34:39Z,44.14281833333333,28.656205,0,18.2,252,terrestrial
563040400,2021-01-03T15:35:22Z,44.14281833333333,28.656205,0,18.2,252,terrestrial
563040400,2021-01-03T15:35:23Z,44.14281833333333,28.656205,0,18.2,252,terrestrial
563040400,2021-01-03T15:37:30Z,44.14281833333333,28.656205,0,18.2,252,terrestrial
563040400,2021-01-03T15:37:31Z,44.1428,28.656205,0,18,252,dynamic
563040400,2021-01-03T15:37:32Z,44.1428,28.656205,0,18.2,252,terrestrial
563040400,2021-01-03T15:37:38Z,44.1428,28.656205,0,18.2,252,terrestrial
563040400,2021-01-03T15:40:35Z,44.14278,28.656223333333333,0,18.2,251,terrestrial
563040400,2021-01-03T15:40:47Z,44.14278,28.656223333333333,0,18,251,dynamic
563040400,2021-01-03T15:41:03Z,44.14278,28.656223333333333,0,18,251,terrestrial
563040400,2021-01-03T15:41:04Z,44.14278,28.656223333333333,0,18,251,terrestrial
563040400,2021-01-03T15:43:36Z,44.14278,28.656223333333333,0,18,251,terrestrial
563040400,2021-01-03T15:43:45Z,44.14278,28.656223333333333,0,18,251,terrestrial
563040400,2021-01-03T15:49:30Z,44.14278,28.656223333333333,0,18,251,terrestrial
563040400,2021-01-03T15:49:32Z,44.142783333333334,28.656228333333335,0,18.2,250,terrestrial
563040400,2021-01-03T15:49:38Z,44.142783333333334,28.656228333333335,0,18.2,250,terrestrial
563040400,2021-01-03T15:49:46Z,44.142783333333334,28.656228333333335,0,18.2,250,terrestrial
563040400,2021-01-03T15:52:32Z,44.142783333333334,28.656228333333335,0,18.2,250,terrestrial
563040400,2021-01-03T15:52:33Z,44.14281,28.656235,0,18,251,dynamic
563040400,2021-01-03T15:52:34Z,44.14281,28.656235,0,18.2,251,terrestrial
563040400,2021-01-03T15:55:31Z,44.14281,28.656235,0,18.2,251,terrestrial
563040400,2021-01-03T15:55:34Z,44.14278,28.656228333333335,0,18.2,251,terrestrial
563040400,2021-01-03T16:01:31Z,44.14278,28.656228333333335,0,18.2,251,terrestrial
563040400,2021-01-03T16:04:32Z,44.14277833333333,28.656206666666666,0,18.2,250,terrestrial
563040400,2021-01-03T16:07:32Z,44.14279333333333,28.656275,0,18.2,250,terrestrial
563040400,2021-01-03T16:07:36Z,44.14279333333333,28.656275,0,18.2,250,terrestrial
563040400,2021-01-03T16:07:37Z,44.14279333333333,28.656275,0,18.2,250,terrestrial
563040400,2021-01-03T16:07:41Z,44.14279333333333,28.656275,0,18.2,250,terrestrial
563040400,2021-01-03T16:10:34Z,44.1428,28.656246666666668,0,18.2,250,terrestrial
563040400,2021-01-03T16:13:37Z,44.1428,28.656246666666668,0,18.2,250,terrestrial
563040400,2021-01-03T16:13:44Z,44.1428,28.656246666666668,0,18.2,250,terrestrial
563040400,2021-01-03T16:16:34Z,44.142801666666664,28.656223333333333,0,18.2,250,terrestrial
563040400,2021-01-03T16:16:46Z,44.142801666666664,28.656223333333333,0,18,250,dynamic
563040400,2021-01-03T16:19:36Z,44.142801666666664,28.656223333333333,0,18,250,terrestrial
563040400,2021-01-03T16:22:14Z,44.142801666666664,28.656223333333333,0,18,250,terrestrial
563040400,2021-01-03T16:22:31Z,44.142786666666666,28.656208333333332,0,18.2,251,terrestrial
563040400,2021-01-03T16:25:29Z,44.142786666666666,28.656208333333332,0,18.2,251,terrestrial
563040400,2021-01-03T16:25:35Z,44.142806666666665,28.656233333333333,0,18,251,dynamic
563040400,2021-01-03T16:25:37Z,44.142806666666665,28.656233333333333,0,18.2,251,terrestrial
563040400,2021-01-03T16:25:43Z,44.142806666666665,28.656233333333333,0,18.2,251,terrestrial
563040400,2021-01-03T16:31:37Z,44.142806666666665,28.656233333333333,0,18.2,251,terrestrial
563040400,2021-01-03T16:31:38Z,44.142813333333336,28.656271666666665,0,18.2,251,terrestrial
563040400,2021-01-03T16:31:40Z,44.142813333333336,28.656271666666665,0,18.2,251,terrestrial
563040400,2021-01-03T16:31:44Z,44.142813333333336,28.656271666666665,0,18.2,251,terrestrial
563040400,2021-01-03T16:31:49Z,44.142813333333336,28.656271666666665,0,18,251,dynamic
563040400,2021-01-03T16:37:31Z,44.142813333333336,28.656271666666665,0,18,251,terrestrial
563040400,2021-01-03T16:37:37Z,44.142805,28.656238333333334,0,18.2,251,terrestrial
563040400,2021-01-03T16:43:37Z,44.14279333333333,28.656235,0,18,252,dynamic
563040400,2021-01-03T16:43:39Z,44.14279333333333,28.656235,0,18.2,252,terrestrial
563040400,2021-01-03T16:43:45Z,44.14279333333333,28.656235,0,18.2,252,terrestrial
563040400,2021-01-03T16:46:32Z,44.14276,28.65622,0,18.2,252,terrestrial
563040400,2021-01-03T16:49:40Z,44.14281,28.656301666666668,0,18.2,252,terrestrial
563040400,2021-01-03T16:49:52Z,44.14281,28.656301666666668,0,18,252,dynamic
563040400,2021-01-03T16:52:35Z,44.14277333333333,28.656223333333333,0,18.2,252,terrestrial
563040400,2021-01-03T16:55:33Z,44.14282,28.65629,0,18.2,252,terrestrial
563040400,2021-01-03T16:55:36Z,44.14282,28.65629,0,18.2,252,terrestrial
563040400,2021-01-03T16:55:38Z,44.14282,28.65629,0,18.2,252,terrestrial
563040400,2021-01-03T17:01:33Z,44.142846666666664,28.656253333333332,0,18,252,dynamic
563040400,2021-01-03T17:01:35Z,44.142846666666664,28.656253333333332,0,18.2,252,terrestrial
563040400,2021-01-03T17:01:36Z,44.142846666666664,28.656253333333332,0,18.2,252,terrestrial
563040400,2021-01-03T17:01:38Z,44.142846666666664,28.656253333333332,0,18.2,252,terrestrial
563040400,2021-01-03T17:01:41Z,44.142846666666664,28.656253333333332,0,18.2,252,terrestrial
563040400,2021-01-03T17:07:31Z,44.142846666666664,28.656253333333332,0,18.2,252,terrestrial
563040400,2021-01-03T17:07:32Z,44.14281,28.656286666666666,0.1,18.2,252,terrestrial
563040400,2021-01-03T17:07:35Z,44.14281,28.656286666666666,0.1,18.2,252,terrestrial
563040400,2021-01-03T17:09:06Z,44.14281,28.656286666666666,0.1,18.2,252,terrestrial
563040400,2021-01-03T17:10:36Z,44.14279666666667,28.656268333333333,0,18.2,252,terrestrial
563040400,2021-01-03T17:10:43Z,44.14279666666667,28.656268333333333,0,18.2,252,terrestrial
563040400,2021-01-03T17:10:48Z,44.14279666666667,28.656268333333333,0,18,252,dynamic
563040400,2021-01-03T17:13:35Z,44.14277833333333,28.656246666666668,0,18.2,252,terrestrial
563040400,2021-01-03T17:13:38Z,44.14277833333333,28.656246666666668,0,18.2,252,terrestrial
563040400,2021-01-03T17:16:35Z,44.142768333333336,28.656216666666666,0,18,252,dynamic
563040400,2021-01-03T17:16:37Z,44.142768333333336,28.656216666666666,0,18.2,252,terrestrial
563040400,2021-01-03T17:16:53Z,44.142768333333336,28.656216666666666,0,18.2,252,terrestrial
563040400,2021-01-03T17:19:35Z,44.142768333333336,28.656216666666666,0,18.2,252,terrestrial
563040400,2021-01-03T17:19:37Z,44.142786666666666,28.656246666666668,0,18.2,252,terrestrial
563040400,2021-01-03T17:19:43Z,44.142786666666666,28.656246666666668,0,18.2,252,terrestrial
563040400,2021-01-03T17:20:59Z,44.142786666666666,28.656246666666668,0,18.2,252,terrestrial
563040400,2021-01-03T17:21:14Z,44.142786666666666,28.656246666666668,0,18.2,252,terrestrial
563040400,2021-01-03T17:22:37Z,44.142761666666665,28.656221666666667,0,18.2,252,terrestrial
563040400,2021-01-03T17:25:30Z,44.142761666666665,28.656221666666667,0,18.2,252,terrestrial
563040400,2021-01-03T17:25:36Z,44.142761666666665,28.656221666666667,0,18.2,252,terrestrial
563040400,2021-01-03T17:28:42Z,44.14279333333333,28.656235,0,18.2,252,terrestrial
563040400,2021-01-03T17:28:51Z,44.14279333333333,28.656235,0,18,252,dynamic
563040400,2021-01-03T17:31:40Z,44.14279333333333,28.656235,0,18,252,terrestrial
563040400,2021-01-03T17:34:39Z,44.142801666666664,28.656228333333335,0,18,252,dynamic
563040400,2021-01-03T17:34:40Z,44.142801666666664,28.656228333333335,0,18.2,252,terrestrial
563040400,2021-01-03T17:37:29Z,44.142801666666664,28.656228333333335,0,18.2,252,terrestrial
563040400,2021-01-03T17:37:37Z,44.142801666666664,28.656228333333335,0,18.2,252,terrestrial
563040400,2021-01-03T17:40:42Z,44.14279333333333,28.656258333333334,0,18.2,252,terrestrial
563040400,2021-01-03T17:43:30Z,44.14279333333333,28.656258333333334,0,18.2,252,terrestrial
563040400,2021-01-03T17:43:39Z,44.14275333333333,28.656228333333335,0,18.2,252,terrestrial
563040400,2021-01-03T17:46:40Z,44.142781666666664,28.656205,0,18.2,252,terrestrial
563040400,2021-01-03T17:49:31Z,44.142781666666664,28.656205,0,18.2,252,terrestrial
563040400,2021-01-03T17:49:38Z,44.142781666666664,28.656205,0,18.2,252,terrestrial
563040400,2021-01-03T17:49:40Z,44.142786666666666,28.656251666666666,0,18.2,252,terrestrial
563040400,2021-01-03T17:49:52Z,44.142786666666666,28.656251666666666,0,18,252,dynamic
563040400,2021-01-03T17:52:43Z,44.142786666666666,28.656205,0,18.2,252,terrestrial
563040400,2021-01-03T17:52:56Z,44.142786666666666,28.656205,0,18.2,252,terrestrial
563040400,2021-01-03T17:53:37Z,44.142786666666666,28.656205,0,18.2,252,terrestrial
563040400,2021-01-03T17:55:37Z,44.142786666666666,28.656205,0,18.2,252,terrestrial
563040400,2021-01-03T17:55:41Z,44.142825,28.656233333333333,0,18.2,252,terrestrial
563040400,2021-01-03T17:55:49Z,44.142825,28.656233333333333,0,18.2,252,terrestrial
563040400,2021-01-03T17:58:41Z,44.1428,28.656248333333334,0,18.2,252,terrestrial
563040400,2021-01-03T17:58:58Z,44.1428,28.656248333333334,0,18.2,252,terrestrial
563040400,2021-01-03T17:59:15Z,44.1428,28.656248333333334,0,18.2,252,terrestrial
563040400,2021-01-03T18:01:33Z,44.142786666666666,28.656235,0,18.2,252,terrestrial
563040400,2021-01-03T18:01:34Z,44.142786666666666,28.656235,0,18.2,252,terrestrial
563040400,2021-01-03T18:04:43Z,44.142786666666666,28.656235,0,18.2,252,terrestrial
563040400,2021-01-03T18:07:34Z,44.142805,28.656228333333335,0,18,252,dynamic
563040400,2021-01-03T18:07:36Z,44.142805,28.656228333333335,0,18.2,252,terrestrial
563040400,2021-01-03T18:07:37Z,44.142805,28.656228333333335,0,18.2,252,terrestrial
563040400,2021-01-03T18:13:30Z,44.142805,28.656228333333335,0,18.2,252,terrestrial
563040400,2021-01-03T18:13:32Z,44.142763333333335,28.656216666666666,0,18.2,252,terrestrial
563040400,2021-01-03T18:13:33Z,44.142763333333335,28.656216666666666,0,18.2,252,terrestrial
563040400,2021-01-03T18:13:37Z,44.142763333333335,28.656216666666666,0,18.2,252,terrestrial
563040400,2021-01-03T18:13:41Z,44.142763333333335,28.656216666666666,0,18.2,252,terrestrial
563040400,2021-01-03T18:16:32Z,44.142786666666666,28.656228333333335,0,18.2,252,terrestrial
563040400,2021-01-03T18:16:33Z,44.142786666666666,28.656228333333335,0,18.2,252,terrestrial
563040400,2021-01-03T18:16:35Z,44.142786666666666,28.656228333333335,0,18.2,252,terrestrial
563040400,2021-01-03T18:16:37Z,44.142786666666666,28.656228333333335,0,18.2,252,terrestrial
563040400,2021-01-03T18:16:40Z,44.142786666666666,28.656228333333335,0,18.2,252,terrestrial
563040400,2021-01-03T18:19:33Z,44.14275,28.656216666666666,0,18.2,252,terrestrial
563040400,2021-01-03T18:22:35Z,44.142785,28.656238333333334,0,18.2,252,terrestrial
563040400,2021-01-03T18:22:44Z,44.142785,28.656238333333334,0,18.2,252,terrestrial
563040400,2021-01-03T18:22:47Z,44.142785,28.656238333333334,0,18,252,dynamic
563040400,2021-01-03T18:22:49Z,44.142785,28.656238333333334,0,18,252,terrestrial
563040400,2021-01-03T18:25:36Z,44.14277333333333,28.656253333333332,0,18.2,252,terrestrial
563040400,2021-01-03T18:25:42Z,44.14277333333333,28.656253333333332,0,18.2,252,terrestrial
563040400,2021-01-03T18:25:44Z,44.14277333333333,28.656253333333332,0,18.2,252,terrestrial
563040400,2021-01-03T18:25:48Z,44.14277333333333,28.656253333333332,0,18.2,252,terrestrial
563040400,2021-01-03T18:25:50Z,44.14277333333333,28.656253333333332,0,18.2,252,terrestrial
563040400,2021-01-03T18:28:37Z,44.14277333333333,28.656253333333332,0,18.2,252,terrestrial
563040400,2021-01-03T18:28:44Z,44.14277333333333,28.656253333333332,0,18.2,252,terrestrial
563040400,2021-01-03T18:31:38Z,44.14277333333333,28.656253333333332,0,18.2,252,terrestrial
563040400,2021-01-03T18:31:40Z,44.14277333333333,28.656253333333332,0,18.2,252,terrestrial
563040400,2021-01-03T18:31:43Z,44.14277333333333,28.656253333333332,0,18.2,252,terrestrial
563040400,2021-01-03T18:34:45Z,44.14277333333333,28.656253333333332,0,18.2,252,terrestrial
563040400,2021-01-03T18:34:47Z,44.14277333333333,28.656253333333332,0,18.2,252,terrestrial
563040400,2021-01-03T18:34:51Z,44.14277333333333,28.656253333333332,0,18.2,252,terrestrial
563040400,2021-01-03T18:37:32Z,44.14279,28.656225,0,18.2,252,terrestrial
563040400,2021-01-03T18:40:35Z,44.142808333333335,28.656203333333334,0,18.2,252,terrestrial
563040400,2021-01-03T18:40:47Z,44.142808333333335,28.656203333333334,0,18,252,dynamic
563040400,2021-01-03T18:43:39Z,44.142808333333335,28.656203333333334,0,18,252,terrestrial
563040400,2021-01-03T18:43:40Z,44.142808333333335,28.656203333333334,0,18,252,terrestrial
563040400,2021-01-03T18:46:38Z,44.142835,28.656258333333334,0,18.2,251,terrestrial
563040400,2021-01-03T18:49:39Z,44.14279,28.65621833333333,0,18.2,251,terrestrial
563040400,2021-01-03T18:52:38Z,44.142805,28.656235,0.1,18.2,251,terrestrial
563040400,2021-01-03T18:55:39Z,44.14284166666667,28.656268333333333,0,18.2,251,terrestrial
563040400,2021-01-03T18:55:46Z,44.14284166666667,28.656268333333333,0,18.2,251,terrestrial
563040400,2021-01-03T18:55:50Z,44.14284166666667,28.656268333333333,0,18,251,dynamic
563040400,2021-01-03T19:01:35Z,44.14284166666667,28.656268333333333,0,18,251,terrestrial
563040400,2021-01-03T19:01:36Z,44.14284166666667,28.656268333333333,0,18,251,terrestrial
563040400,2021-01-03T19:01:37Z,44.14279166666667,28.656226666666665,0,18.2,251,terrestrial
563040400,2021-01-03T19:01:40Z,44.14279166666667,28.656226666666665,0,18.2,251,terrestrial
563040400,2021-01-03T19:07:33Z,44.14279166666667,28.656226666666665,0,18.2,251,terrestrial
563040400,2021-01-03T19:07:35Z,44.14279166666667,28.656226666666665,0,18.2,251,terrestrial
563040400,2021-01-03T19:07:36Z,44.14279833333333,28.656233333333333,0,18.2,251,terrestrial
563040400,2021-01-03T19:07:38Z,44.14279833333333,28.656233333333333,0,18.2,251,terrestrial
563040400,2021-01-03T19:10:35Z,44.142828333333334,28.656223333333333,0,18.2,251,terrestrial
563040400,2021-01-03T19:13:48Z,44.142905,28.656268333333333,0.1,18,251,dynamic
563040400,2021-01-03T19:16:36Z,44.1428,28.65623,0,18.2,252,terrestrial
563040400,2021-01-03T19:16:39Z,44.1428,28.65623,0,18.2,252,terrestrial
563040400,2021-01-03T19:22:35Z,44.14275666666666,28.656221666666667,0,18.2,252,terrestrial
563040400,2021-01-03T19:22:37Z,44.14275666666666,28.656221666666667,0,18.2,252,terrestrial
563040400,2021-01-03T19:22:41Z,44.14275666666666,28.656221666666667,0,18.2,252,terrestrial
563040400,2021-01-03T19:22:45Z,44.14275666666666,28.656221666666667,0,18.2,252,terrestrial
563040400,2021-01-03T19:25:31Z,44.14275666666666,28.656221666666667,0,18.2,252,terrestrial
563040400,2021-01-03T19:25:33Z,44.14284,28.656241666666666,0,18.2,252,terrestrial
563040400,2021-01-03T19:28:37Z,44.14279333333333,28.656245,0,18,252,dynamic
563040400,2021-01-03T19:31:32Z,44.14279333333333,28.656245,0,18,252,terrestrial
563040400,2021-01-03T19:31:35Z,44.14279333333333,28.656245,0,18,252,terrestrial
563040400,2021-01-03T19:31:36Z,44.14273,28.656225,0,18.2,252,terrestrial
563040400,2021-01-03T19:31:37Z,44.14273,28.656225,0,18.2,252,terrestrial
563040400,2021-01-03T19:31:38Z,44.14273,28.656225,0,18.2,252,terrestrial
563040400,2021-01-03T19:37:30Z,44.14273,28.656225,0,18.2,252,terrestrial
563040400,2021-01-03T19:37:32Z,44.14273,28.656225,0,18.2,252,terrestrial
563040400,2021-01-03T19:37:33Z,44.142763333333335,28.656288333333332,0,18.2,252,terrestrial
563040400,2021-01-03T19:37:35Z,44.142763333333335,28.656288333333332,0,18.2,252,terrestrial
563040400,2021-01-03T19:37:45Z,44.142763333333335,28.656288333333332,0,18,252,dynamic
563040400,2021-01-03T19:40:37Z,44.142805,28.656235,0,18.2,253,terrestrial
563040400,2021-01-03T19:40:38Z,44.142805,28.656235,0,18.2,253,terrestrial
563040400,2021-01-03T19:40:39Z,44.142805,28.656235,0,18.2,253,terrestrial
563040400,2021-01-03T19:43:33Z,44.14277,28.656235,0,18.2,253,terrestrial
563040400,2021-01-03T19:46:33Z,44.14278,28.656241666666666,0,18,253,dynamic
563040400,2021-01-03T19:46:35Z,44.14278,28.656241666666666,0,18.2,253,terrestrial
563040400,2021-01-03T19:49:35Z,44.14278,28.656241666666666,0,18.2,253,terrestrial
563040400,2021-01-03T19:49:36Z,44.14278,28.656241666666666,0,18.2,253,terrestrial
563040400,2021-01-03T19:49:40Z,44.14278,28.656241666666666,0,18.2,253,terrestrial
563040400,2021-01-03T19:49:43Z,44.14278,28.656241666666666,0,18.2,253,terrestrial
563040400,2021-01-03T19:49:44Z,44.14278,28.656241666666666,0,18.2,253,terrestrial
563040400,2021-01-03T19:52:33Z,44.14277166666667,28.656201666666668,0,18.2,253,terrestrial
563040400,2021-01-03T19:52:34Z,44.14277166666667,28.656201666666668,0,18.2,253,terrestrial
563040400,2021-01-03T19:52:37Z,44.14277166666667,28.656201666666668,0,18.2,253,terrestrial
563040400,2021-01-03T19:52:43Z,44.14277166666667,28.656201666666668,0,18.2,253,terrestrial
563040400,2021-01-03T19:52:45Z,44.14277166666667,28.656201666666668,0,18,253,dynamic
563040400,2021-01-03T19:52:48Z,44.14277166666667,28.656201666666668,0,18,253,terrestrial
563040400,2021-01-03T19:55:34Z,44.14277166666667,28.656201666666668,0,18,253,terrestrial
563040400,2021-01-03T19:55:36Z,44.14277166666667,28.656201666666668,0,18,253,terrestrial
563040400,2021-01-03T19:55:37Z,44.14277166666667,28.656201666666668,0,18,253,terrestrial
563040400,2021-01-03T19:55:38Z,44.142801666666664,28.656251666666666,0,18.2,253,terrestrial
563040400,2021-01-03T19:55:41Z,44.142801666666664,28.656251666666666,0,18.2,253,terrestrial
563040400,2021-01-03T20:01:37Z,44.14279333333333,28.65622,0,18,253,dynamic
563040400,2021-01-03T20:01:39Z,44.14279333333333,28.65622,0,18.2,253,terrestrial
563040400,2021-01-03T20:01:41Z,44.14279333333333,28.65622,0,18.2,253,terrestrial
563040400,2021-01-03T20:04:35Z,44.14279333333333,28.65622,0,18.2,253,terrestrial
563040400,2021-01-03T20:04:40Z,44.14279333333333,28.65622,0,18.2,253,terrestrial
563040400,2021-01-03T20:04:45Z,44.14279333333333,28.65622,0,18.2,253,terrestrial
563040400,2021-01-03T20:07:36Z,44.14279333333333,28.65622,0,18.2,253,terrestrial
563040400,2021-01-03T20:07:37Z,44.14279333333333,28.65622,0,18.2,253,terrestrial
563040400,2021-01-03T20:07:39Z,44.14277333333333,28.656205,0,18.2,253,terrestrial
563040400,2021-01-03T20:07:42Z,44.14277333333333,28.656205,0,18.2,253,terrestrial
563040400,2021-01-03T20:10:33Z,44.142786666666666,28.65624,0,18.2,253,terrestrial
563040400,2021-01-03T20:10:47Z,44.142786666666666,28.65624,0,18.2,253,terrestrial
563040400,2021-01-03T20:10:51Z,44.142786666666666,28.65624,0,18.2,253,terrestrial
563040400,2021-01-03T20:16:37Z,44.14274666666667,28.656223333333333,0,18.2,252,terrestrial
563040400,2021-01-03T20:16:38Z,44.14274666666667,28.656223333333333,0,18.2,252,terrestrial
563040400,2021-01-03T20:19:37Z,44.142775,28.656215,0,18.2,252,terrestrial
563040400,2021-01-03T20:19:38Z,44.142775,28.656215,0,18.2,252,terrestrial
563040400,2021-01-03T20:19:42Z,44.142775,28.656215,0,18.2,252,terrestrial
563040400,2021-01-03T20:22:39Z,44.14279333333333,28.656233333333333,0,18.2,252,terrestrial
563040400,2021-01-03T20:22:43Z,44.14279333333333,28.656233333333333,0,18.2,252,terrestrial
563040400,2021-01-03T20:25:39Z,44.142805,28.656278333333333,0,18.2,252,terrestrial
563040400,2021-01-03T20:25:45Z,44.142805,28.656278333333333,0,18.2,252,terrestrial
563040400,2021-01-03T20:25:48Z,44.142805,28.656278333333333,0,18.2,252,terrestrial
563040400,2021-01-03T20:25:50Z,44.142805,28.656278333333333,0,18.2,252,terrestrial
563040400,2021-01-03T20:25:50Z,44.142805,28.656278333333333,0,18,252,dynamic
563040400,2021-01-03T20:31:39Z,44.142805,28.656278333333333,0,18,252,terrestrial
563040400,2021-01-03T20:31:41Z,44.142805,28.656278333333333,0,18,252,terrestrial
563040400,2021-01-03T20:31:46Z,44.142805,28.656278333333333,0,18,252,terrestrial
563040400,2021-01-03T20:31:47Z,44.14279833333333,28.656233333333333,0,18.2,252,terrestrial
563040400,2021-01-03T20:31:50Z,44.14279833333333,28.656233333333333,0,18.2,252,terrestrial
563040400,2021-01-03T20:34:42Z,44.14279833333333,28.656233333333333,0,18.2,252,terrestrial
563040400,2021-01-03T20:34:44Z,44.14279833333333,28.656233333333333,0,18.2,252,terrestrial
563040400,2021-01-03T20:37:40Z,44.14279833333333,28.656233333333333,0,18.2,252,terrestrial
563040400,2021-01-03T20:37:45Z,44.14279833333333,28.656233333333333,0,18.2,252,terrestrial
563040400,2021-01-03T20:37:48Z,44.14279833333333,28.656233333333333,0,18.2,252,terrestrial
563040400,2021-01-03T20:38:03Z,44.142781666666664,28.656246666666668,0,18.2,252,terrestrial
563040400,2021-01-03T20:40:35Z,44.142775,28.656211666666668,0,18.2,252,terrestrial
563040400,2021-01-03T20:43:34Z,44.142768333333336,28.6562,0,18.2,253,terrestrial
563040400,2021-01-03T20:43:38Z,44.142768333333336,28.6562,0,18.2,253,terrestrial
563040400,2021-01-03T20:43:41Z,44.142768333333336,28.6562,0,18.2,253,terrestrial
563040400,2021-01-03T20:43:45Z,44.142768333333336,28.6562,0,18.2,253,terrestrial
563040400,2021-01-03T20:46:38Z,44.142775,28.656198333333332,0,18.2,253,terrestrial
563040400,2021-01-03T20:46:51Z,44.142775,28.656198333333332,0,18.2,253,terrestrial
563040400,2021-01-03T20:49:33Z,44.14278,28.656286666666666,0,18.2,253,terrestrial
563040400,2021-01-03T20:49:35Z,44.14278,28.656286666666666,0,18,253,dynamic
563040400,2021-01-03T20:52:39Z,44.142768333333336,28.656215,0,18.2,253,terrestrial
563040400,2021-01-03T20:52:44Z,44.142768333333336,28.656215,0,18,253,dynamic
563040400,2021-01-03T20:55:30Z,44.142768333333336,28.656215,0,18,253,terrestrial
563040400,2021-01-03T20:55:35Z,44.14279166666667,28.656223333333333,0,18.2,253,terrestrial
563040400,2021-01-03T21:01:31Z,44.14279166666667,28.656223333333333,0,18.2,253,terrestrial
563040400,2021-01-03T21:01:33Z,44.14274833333333,28.656201666666668,0,18.2,252,terrestrial
563040400,2021-01-03T21:01:46Z,44.14274833333333,28.656201666666668,0,18.2,252,terrestrial
563040400,2021-01-03T21:01:49Z,44.14274833333333,28.656201666666668,0,18.2,252,terrestrial
563040400,2021-01-03T21:04:34Z,44.14274833333333,28.656201666666668,0,18.2,252,terrestrial
563040400,2021-01-03T21:04:41Z,44.14274833333333,28.656201666666668,0,18.2,252,terrestrial
563040400,2021-01-03T21:04:44Z,44.14274833333333,28.656201666666668,0,18.2,252,terrestrial
563040400,2021-01-03T21:07:30Z,44.14274833333333,28.656201666666668,0,18.2,252,terrestrial
563040400,2021-01-03T21:07:37Z,44.14281166666667,28.656246666666668,0,18,252,dynamic
563040400,2021-01-03T21:07:38Z,44.14281166666667,28.656246666666668,0,18,252,terrestrial
563040400,2021-01-03T21:07:39Z,44.14281166666667,28.656246666666668,0,18.2,252,terrestrial
563040400,2021-01-03T21:07:46Z,44.14281166666667,28.656246666666668,0,18.2,252,terrestrial
563040400,2021-01-03T21:07:49Z,44.14281166666667,28.656246666666668,0,18.2,252,terrestrial
563040400,2021-01-03T21:10:33Z,44.14279333333333,28.656241666666666,0,18.2,252,terrestrial
563040400,2021-01-03T21:10:41Z,44.14279333333333,28.656241666666666,0,18.2,252,terrestrial
563040400,2021-01-03T21:10:44Z,44.14279333333333,28.656241666666666,0,18.2,252,terrestrial
563040400,2021-01-03T21:13:39Z,44.14279333333333,28.656241666666666,0,18.2,252,terrestrial
563040400,2021-01-03T21:13:42Z,44.14279333333333,28.656241666666666,0,18.2,252,terrestrial
563040400,2021-01-03T21:16:37Z,44.142768333333336,28.656241666666666,0,18.2,252,terrestrial
563040400,2021-01-03T21:19:34Z,44.14275,28.656178333333333,0,18.2,252,terrestrial
563040400,2021-01-03T21:19:38Z,44.14275,28.656178333333333,0,18.2,252,terrestrial
563040400,2021-01-03T21:19:40Z,44.14275,28.656178333333333,0,18.2,252,terrestrial
563040400,2021-01-03T21:22:36Z,44.142768333333336,28.656208333333332,0,18.2,251,terrestrial
563040400,2021-01-03T21:22:39Z,44.142768333333336,28.656208333333332,0,18,251,dynamic
563040400,2021-01-03T21:25:30Z,44.142768333333336,28.656208333333332,0,18,251,terrestrial
563040400,2021-01-03T21:25:38Z,44.142768333333336,28.656208333333332,0,18,251,terrestrial
563040400,2021-01-03T21:25:39Z,44.142781666666664,28.656238333333334,0,18.2,251,terrestrial
563040400,2021-01-03T21:25:40Z,44.142781666666664,28.656238333333334,0,18.2,251,terrestrial
563040400,2021-01-03T21:25:45Z,44.142781666666664,28.656238333333334,0,18.2,251,terrestrial
563040400,2021-01-03T21:28:46Z,44.142781666666664,28.656238333333334,0,18.2,251,terrestrial
563040400,2021-01-03T21:28:49Z,44.142781666666664,28.656238333333334,0,18.2,251,terrestrial
563040400,2021-01-03T21:28:55Z,44.142781666666664,28.656238333333334,0,18.2,251,terrestrial
563040400,2021-01-03T21:28:58Z,44.142781666666664,28.656238333333334,0,18.2,251,terrestrial
563040400,2021-01-03T21:31:40Z,44.1428,28.656273333333335,0,18.2,251,terrestrial
563040400,2021-01-03T21:31:43Z,44.1428,28.656273333333335,0,18.2,251,terrestrial
563040400,2021-01-03T21:31:44Z,44.1428,28.656273333333335,0,18.2,251,terrestrial
563040400,2021-01-03T21:31:48Z,44.1428,28.656273333333335,0,18.2,251,terrestrial
563040400,2021-01-03T21:31:52Z,44.1428,28.656273333333335,0,18,251,dynamic
563040400,2021-01-03T21:37:29Z,44.14281166666667,28.65622,0,18,251,dynamic
563040400,2021-01-03T21:37:34Z,44.14281166666667,28.65622,0,18.2,251,terrestrial
563040400,2021-01-03T21:37:35Z,44.14281166666667,28.65622,0,18.2,251,terrestrial
563040400,2021-01-03T21:37:42Z,44.14281166666667,28.65622,0,18.2,251,terrestrial
563040400,2021-01-03T21:40:38Z,44.142783333333334,28.656246666666668,0,18,250,dynamic
563040400,2021-01-03T21:40:41Z,44.142783333333334,28.656246666666668,0,18,250,terrestrial
563040400,2021-01-03T21:40:43Z,44.142783333333334,28.656246666666668,0,18.2,250,terrestrial
563040400,2021-01-03T21:40:47Z,44.142783333333334,28.656246666666668,0,18.2,250,terrestrial
563040400,2021-01-03T21:40:49Z,44.142783333333334,28.656246666666668,0,18.2,250,terrestrial
563040400,2021-01-03T21:43:36Z,44.14279333333333,28.656238333333334,0,18.2,250,terrestrial
563040400,2021-01-03T21:46:40Z,44.14279666666667,28.656253333333332,0,18.2,250,terrestrial
563040400,2021-01-03T21:46:41Z,44.14279666666667,28.656253333333332,0,18.2,250,terrestrial
563040400,2021-01-03T21:46:45Z,44.14279666666667,28.656253333333332,0,18.2,250,terrestrial
563040400,2021-01-03T21:46:46Z,44.14279666666667,28.656253333333332,0,18.2,250,terrestrial
563040400,2021-01-03T21:46:48Z,44.14279666666667,28.656253333333332,0,18.2,250,terrestrial
563040400,2021-01-03T21:46:54Z,44.14279666666667,28.656253333333332,0,18.2,250,terrestrial
563040400,2021-01-03T21:49:34Z,44.14279666666667,28.656253333333332,0,18.2,250,terrestrial
563040400,2021-01-03T21:49:35Z,44.14279666666667,28.656253333333332,0,18.2,250,terrestrial
563040400,2021-01-03T21:49:36Z,44.14279666666667,28.656253333333332,0,18.2,250,terrestrial
563040400,2021-01-03T21:49:38Z,44.14277833333333,28.656235,0,18.2,250,terrestrial
563040400,2021-01-03T21:49:39Z,44.14277833333333,28.656235,0,18.2,250,terrestrial
563040400,2021-01-03T21:49:43Z,44.14277833333333,28.656235,0,18.2,250,terrestrial
563040400,2021-01-03T21:52:39Z,44.14275666666666,28.656235,0,18.2,250,terrestrial
563040400,2021-01-03T21:55:30Z,44.14275666666666,28.656235,0,18.2,250,terrestrial
563040400,2021-01-03T21:55:35Z,44.142781666666664,28.656235,0,18.2,251,terrestrial
563040400,2021-01-03T21:58:39Z,44.142745,28.65622,0,18,251,dynamic
563040400,2021-01-03T22:01:33Z,44.142785,28.656196666666666,0,18.2,251,terrestrial
563040400,2021-01-03T22:01:41Z,44.142785,28.656196666666666,0,18.2,251,terrestrial
563040400,2021-01-03T22:07:31Z,44.142785,28.656196666666666,0,18.2,251,terrestrial
563040400,2021-01-03T22:07:34Z,44.14275,28.656241666666666,0,18.2,252,terrestrial
563040400,2021-01-03T22:07:35Z,44.14275,28.656241666666666,0,18.2,252,terrestrial
563040400,2021-01-03T22:07:46Z,44.14275,28.656241666666666,0,18,252,dynamic
563040400,2021-01-03T22:10:38Z,44.14277666666667,28.656235,0,18.2,252,terrestrial
563040400,2021-01-03T22:10:43Z,44.14277666666667,28.656235,0,18.2,252,terrestrial
563040400,2021-01-03T22:10:45Z,44.14277666666667,28.656235,0,18.2,252,terrestrial
563040400,2021-01-03T22:10:49Z,44.14277666666667,28.656235,0,18.2,252,terrestrial
563040400,2021-01-03T22:10:52Z,44.14277666666667,28.656235,0,18.2,252,terrestrial
563040400,2021-01-03T22:13:38Z,44.142745,28.656196666666666,0,18.2,253,terrestrial
563040400,2021-01-03T22:16:37Z,44.142775,28.656226666666665,0,18.2,253,terrestrial
563040400,2021-01-03T22:16:41Z,44.142775,28.656226666666665,0,18.2,253,terrestrial
563040400,2021-01-03T22:16:48Z,44.142775,28.656226666666665,0,18.2,253,terrestrial
563040400,2021-01-03T22:16:50Z,44.142775,28.656226666666665,0,18.2,253,terrestrial
563040400,2021-01-03T22:19:36Z,44.14275,28.656196666666666,0,18.2,253,terrestrial
563040400,2021-01-03T22:19:42Z,44.14275,28.656196666666666,0,18.2,253,terrestrial
563040400,2021-01-03T22:19:47Z,44.14275,28.656196666666666,0,18.2,253,terrestrial
563040400,2021-01-03T22:22:33Z,44.142783333333334,28.656258333333334,0,18.2,253,terrestrial
563040400,2021-01-03T22:25:32Z,44.142783333333334,28.656258333333334,0,18.2,253,terrestrial
563040400,2021-01-03T22:25:34Z,44.14279166666667,28.656228333333335,0,18.2,253,terrestrial
563040400,2021-01-03T22:25:35Z,44.14279166666667,28.656228333333335,0,18.2,253,terrestrial
563040400,2021-01-03T22:25:39Z,44.14279166666667,28.656228333333335,0,18.2,253,terrestrial
563040400,2021-01-03T22:25:40Z,44.14279166666667,28.656228333333335,0,18.2,253,terrestrial
563040400,2021-01-03T22:31:31Z,44.14279166666667,28.656228333333335,0,18.2,253,terrestrial
563040400,2021-01-03T22:31:38Z,44.142765,28.656215,0,18,253,dynamic
563040400,2021-01-03T22:31:39Z,44.142765,28.656215,0,18.2,253,terrestrial
563040400,2021-01-03T22:37:31Z,44.142765,28.656215,0,18.2,253,terrestrial
563040400,2021-01-03T22:37:38Z,44.142765,28.656215,0,18.2,253,terrestrial
563040400,2021-01-03T22:37:42Z,44.142765,28.656215,0,18.2,253,terrestrial
563040400,2021-01-03T22:40:36Z,44.14277833333333,28.656211666666668,0,18.2,253,terrestrial
563040400,2021-01-03T22:43:43Z,44.14277833333333,28.656211666666668,0,18.2,253,terrestrial
563040400,2021-01-03T22:43:51Z,44.14277833333333,28.656211666666668,0,18.2,253,terrestrial
563040400,2021-01-03T22:43:55Z,44.14277833333333,28.656211666666668,0,18.2,253,terrestrial
563040400,2021-01-03T22:46:39Z,44.14274666666667,28.656228333333335,0,18.2,253,terrestrial
563040400,2021-01-03T22:46:46Z,44.14274666666667,28.656228333333335,0,18,253,dynamic
563040400,2021-01-03T22:49:41Z,44.14277166666667,28.656228333333335,0,18.2,253,terrestrial
563040400,2021-01-03T22:52:39Z,44.14279333333333,28.656228333333335,0,18.2,254,terrestrial
563040400,2021-01-03T22:55:38Z,44.14279333333333,28.656228333333335,0,18.2,254,terrestrial
563040400,2021-01-03T22:55:45Z,44.14279333333333,28.656228333333335,0,18.2,254,terrestrial
563040400,2021-01-03T22:58:43Z,44.14279833333333,28.656235,0,18.2,254,terrestrial
563040400,2021-01-03T23:01:31Z,44.14279833333333,28.656235,0,18.2,254,terrestrial
563040400,2021-01-03T23:01:39Z,44.14279333333333,28.65626,0,18.2,254,terrestrial
563040400,2021-01-03T23:01:47Z,44.14279333333333,28.65626,0,18.2,254,terrestrial
563040400,2021-01-03T23:04:33Z,44.142763333333335,28.656223333333333,0,18,253,dynamic
563040400,2021-01-03T23:07:44Z,44.142763333333335,28.656223333333333,0,18,253,terrestrial
563040400,2021-01-03T23:10:39Z,44.142786666666666,28.656251666666666,0,18.2,253,terrestrial
563040400,2021-01-03T23:13:32Z,44.142786666666666,28.656251666666666,0,18.2,253,terrestrial
563040400,2021-01-03T23:16:37Z,44.142805,28.656241666666666,0,18.2,253,terrestrial
563040400,2021-01-03T23:19:33Z,44.142788333333336,28.656233333333333,0,18,252,dynamic
563040400,2021-01-03T23:19:34Z,44.142788333333336,28.656233333333333,0,18.2,252,terrestrial
563040400,2021-01-03T23:22:37Z,44.14279333333333,28.656238333333334,0,18.2,252,terrestrial
563040400,2021-01-03T23:25:30Z,44.14279333333333,28.656238333333334,0,18.2,252,terrestrial
563040400,2021-01-03T23:25:34Z,44.142765,28.656241666666666,0,18.2,252,terrestrial
563040400,2021-01-03T23:31:38Z,44.142765,28.656241666666666,0,18.2,252,terrestrial
563040400,2021-01-03T23:31:41Z,44.142765,28.656241666666666,0,18.2,252,terrestrial
563040400,2021-01-03T23:34:37Z,44.142765,28.656245,0,18.2,251,terrestrial
563040400,2021-01-03T23:34:49Z,44.142765,28.656245,0,18,251,dynamic
563040400,2021-01-03T23:37:35Z,44.14277,28.656241666666666,0,18.2,251,terrestrial
563040400,2021-01-03T23:37:42Z,44.14277,28.656241666666666,0,18.2,251,terrestrial
563040400,2021-01-03T23:40:34Z,44.142786666666666,28.656238333333334,0,18.2,251,terrestrial
563040400,2021-01-03T23:43:37Z,44.142786666666666,28.656238333333334,0,18.2,251,terrestrial
563040400,2021-01-03T23:46:38Z,44.14279833333333,28.65621833333333,0,18.2,251,terrestrial
563040400,2021-01-03T23:46:47Z,44.14279833333333,28.65621833333333,0,18.2,251,terrestrial
563040400,2021-01-03T23:49:30Z,44.14279833333333,28.65621833333333,0,18.2,251,terrestrial
563040400,2021-01-03T23:49:38Z,44.142786666666666,28.656216666666666,0,18,251,dynamic
563040400,2021-01-03T23:49:39Z,44.142786666666666,28.656216666666666,0,18.2,251,terrestrial
563040400,2021-01-03T23:52:39Z,44.14277166666667,28.656241666666666,0,18.2,251,terrestrial
563040400,2021-01-03T23:55:38Z,44.14277166666667,28.656241666666666,0,18.2,251,terrestrial
563040400,2021-01-03T23:55:40Z,44.14277166666667,28.656241666666666,0,18.2,251,terrestrial
563040400,2021-01-03T23:55:45Z,44.14277166666667,28.656241666666666,0,18.2,251,terrestrial
563040400,2021-01-03T23:58:35Z,44.14280333333333,28.656271666666665,0,18.2,251,terrestrial
563040400,2021-01-03T23:58:42Z,44.14280333333333,28.656271666666665,0,18.2,251,terrestrial
563040400,2021-01-03T23:58:44Z,44.14280333333333,28.656271666666665,0,18.2,251,terrestrial
563040400,2021-01-04T00:01:35Z,44.14279833333333,28.656246666666668,0,18.2,251,terrestrial
563040400,2021-01-04T00:01:40Z,44.14279833333333,28.656246666666668,0,18.2,251,terrestrial
563040400,2021-01-04T00:01:43Z,44.14279833333333,28.656246666666668,0,18.2,251,terrestrial
563040400,2021-01-04T00:07:37Z,44.142805,28.656235,0,18,251,dynamic
563040400,2021-01-04T00:07:38Z,44.142805,28.656235,0,18.2,251,terrestrial
563040400,2021-01-04T00:10:34Z,44.142763333333335,28.656223333333333,0,18.2,252,terrestrial
563040400,2021-01-04T00:13:39Z,44.142763333333335,28.656223333333333,0,18.2,252,terrestrial
563040400,2021-01-04T00:13:40Z,44.142763333333335,28.656206666666666,0,18.2,252,terrestrial
563040400,2021-01-04T00:13:42Z,44.142763333333335,28.656206666666666,0,18.2,252,terrestrial
563040400,2021-01-04T00:13:46Z,44.142763333333335,28.656206666666666,0,18.2,252,terrestrial
563040400,2021-01-04T00:13:50Z,44.142763333333335,28.656206666666666,0,18.2,252,terrestrial
563040400,2021-01-04T00:16:40Z,44.142768333333336,28.656246666666668,0,18.2,252,terrestrial
563040400,2021-01-04T00:19:34Z,44.142785,28.656241666666666,0,18.2,252,terrestrial
563040400,2021-01-04T00:19:37Z,44.142785,28.656241666666666,0,18.2,252,terrestrial
563040400,2021-01-04T00:22:40Z,44.14278,28.656246666666668,0,18,252,dynamic
563040400,2021-01-04T00:22:41Z,44.14278,28.656246666666668,0,18.2,252,terrestrial
563040400,2021-01-04T00:22:51Z,44.14278,28.656246666666668,0,18.2,252,terrestrial
563040400,2021-01-04T00:25:37Z,44.14277,28.656256666666668,0,18.2,252,terrestrial
563040400,2021-01-04T00:25:43Z,44.14277,28.656256666666668,0,18.2,252,terrestrial
563040400,2021-01-04T00:31:37Z,44.142788333333336,28.656238333333334,0,18.2,252,terrestrial
563040400,2021-01-04T00:31:38Z,44.142788333333336,28.656238333333334,0,18.2,252,terrestrial
563040400,2021-01-04T00:31:45Z,44.142788333333336,28.656238333333334,0,18.2,252,terrestrial
563040400,2021-01-04T00:37:30Z,44.142788333333336,28.656238333333334,0,18.2,252,terrestrial
563040400,2021-01-04T00:37:34Z,44.14279666666667,28.656211666666668,0,18.2,252,terrestrial
563040400,2021-01-04T00:37:38Z,44.14279666666667,28.656211666666668,0,18.2,252,terrestrial
563040400,2021-01-04T00:37:41Z,44.14279666666667,28.656211666666668,0,18.2,252,terrestrial
563040400,2021-01-04T00:37:43Z,44.14279666666667,28.656211666666668,0,18.2,252,terrestrial
563040400,2021-01-04T00:40:40Z,44.142763333333335,28.656211666666668,0,18,252,dynamic
563040400,2021-01-04T00:40:41Z,44.142763333333335,28.656211666666668,0,18.2,252,terrestrial
563040400,2021-01-04T00:43:35Z,44.142763333333335,28.656211666666668,0,18.2,252,terrestrial
563040400,2021-01-04T00:46:40Z,44.142718333333335,28.65600166666667,0.2,250.7,252,terrestrial
563040400,2021-01-04T00:49:31Z,44.142718333333335,28.65600166666667,0.2,250.7,252,terrestrial
563040400,2021-01-04T00:49:46Z,44.142718333333335,28.65600166666667,0.2,250.7,252,terrestrial
563040400,2021-01-04T00:52:34Z,44.14266,28.655825,0,249.7,253,terrestrial
563040400,2021-01-04T00:55:37Z,44.14266,28.655835,0,249.7,253,terrestrial
563040400,2021-01-04T00:55:38Z,44.14266,28.655835,0,249.7,253,terrestrial
563040400,2021-01-04T00:55:43Z,44.14266,28.655835,0,249.7,253,terrestrial
563040400,2021-01-04T00:58:46Z,44.14265666666667,28.655808333333333,0,250,253,dynamic
563040400,2021-01-04T01:01:30Z,44.14265666666667,28.655808333333333,0,250,253,terrestrial
563040400,2021-01-04T01:01:37Z,44.14265666666667,28.655808333333333,0,250,253,terrestrial
563040400,2021-01-04T01:01:38Z,44.14266333333333,28.65579333333333,0,249.7,253,terrestrial
563040400,2021-01-04T01:01:44Z,44.14266333333333,28.65579333333333,0,249.7,253,terrestrial
563040400,2021-01-04T01:02:31Z,44.14266333333333,28.65579333333333,0,249.7,253,terrestrial
563040400,2021-01-04T01:04:39Z,44.142651666666666,28.65576,0.1,250,253,dynamic
563040400,2021-01-04T01:07:34Z,44.142653333333335,28.655775,0,249.7,253,terrestrial
563040400,2021-01-04T01:07:36Z,44.142653333333335,28.655775,0,249.7,253,terrestrial
563040400,2021-01-04T01:07:38Z,44.142653333333335,28.655775,0,249.7,253,terrestrial
563040400,2021-01-04T01:07:44Z,44.142653333333335,28.655775,0,249.7,253,terrestrial
563040400,2021-01-04T01:10:37Z,44.142646666666664,28.655801666666665,0.1,249.7,253,terrestrial
563040400,2021-01-04T01:10:41Z,44.142646666666664,28.655801666666665,0.1,249.7,253,terrestrial
563040400,2021-01-04T01:10:44Z,44.142646666666664,28.655801666666665,0.1,249.7,253,terrestrial
563040400,2021-01-04T01:11:36Z,44.142646666666664,28.655801666666665,0.1,249.7,253,terrestrial
563040400,2021-01-04T01:11:37Z,44.142646666666664,28.655801666666665,0.1,249.7,253,terrestrial
563040400,2021-01-04T01:13:30Z,44.142646666666664,28.655801666666665,0.1,249.7,253,terrestrial
563040400,2021-01-04T01:13:33Z,44.142646666666664,28.655801666666665,0.1,249.7,253,terrestrial
563040400,2021-01-04T01:13:33Z,44.14266,28.655746666666666,0,250,252,dynamic
563040400,2021-01-04T01:13:35Z,44.14266,28.655746666666666,0,249.7,252,terrestrial
563040400,2021-01-04T01:14:24Z,44.14266,28.655746666666666,0,249.7,252,terrestrial
563040400,2021-01-04T01:14:26Z,44.14266,28.655746666666666,0,249.7,252,terrestrial
563040400,2021-01-04T01:16:37Z,44.14266333333333,28.65575,0,249.7,252,terrestrial
563040400,2021-01-04T01:16:39Z,44.14266333333333,28.65575,0,249.7,252,terrestrial
563040400,2021-01-04T01:16:49Z,44.14266333333333,28.65575,0,250,252,dynamic
563040400,2021-01-04T01:19:35Z,44.14266,28.655783333333332,0,249.7,252,terrestrial
563040400,2021-01-04T01:19:38Z,44.14266,28.655783333333332,0,249.7,252,terrestrial
563040400,2021-01-04T01:22:38Z,44.142671666666665,28.655758333333335,0,249.7,252,terrestrial
563040400,2021-01-04T01:22:48Z,44.142671666666665,28.655758333333335,0,249.7,252,terrestrial
563040400,2021-01-04T01:25:30Z,44.142671666666665,28.655758333333335,0,249.7,252,terrestrial
563040400,2021-01-04T01:25:34Z,44.142671666666665,28.655758333333335,0,249.7,252,terrestrial
563040400,2021-01-04T01:25:38Z,44.14271333333333,28.655753333333333,0,249.7,252,terrestrial
563040400,2021-01-04T01:25:40Z,44.14271333333333,28.655753333333333,0,249.7,252,terrestrial
563040400,2021-01-04T01:25:41Z,44.14271333333333,28.655753333333333,0,249.7,252,terrestrial
563040400,2021-01-04T01:26:31Z,44.14271333333333,28.655753333333333,0,249.7,252,terrestrial
563040400,2021-01-04T01:28:41Z,44.142675,28.655756666666665,0,250,252,dynamic
563040400,2021-01-04T01:31:38Z,44.14268333333333,28.65576,0,249.7,252,terrestrial
563040400,2021-01-04T01:31:39Z,44.14268333333333,28.65576,0,249.7,252,terrestrial
563040400,2021-01-04T01:31:50Z,44.14268333333333,28.65576,0,250,252,dynamic
563040400,2021-01-04T01:37:41Z,44.14268333333333,28.65576,0,250,252,terrestrial
563040400,2021-01-04T01:40:35Z,44.14264,28.65573,0,249.7,252,terrestrial
563040400,2021-01-04T01:40:44Z,44.14264,28.65573,0,249.7,252,terrestrial
563040400,2021-01-04T01:43:39Z,44.142678333333336,28.65573,0,249.7,252,terrestrial
563040400,2021-01-04T01:43:47Z,44.142678333333336,28.65573,0,249.7,252,terrestrial
563040400,2021-01-04T01:46:39Z,44.142678333333336,28.655763333333333,0,249.7,252,terrestrial
563040400,2021-01-04T01:49:31Z,44.142678333333336,28.655763333333333,0,249.7,252,terrestrial
563040400,2021-01-04T01:49:34Z,44.142678333333336,28.655763333333333,0,249.7,252,terrestrial
563040400,2021-01-04T01:49:37Z,44.142678333333336,28.655763333333333,0,249.7,252,terrestrial
563040400,2021-01-04T01:49:40Z,44.142685,28.655741666666668,0,249.7,252,terrestrial
563040400,2021-01-04T01:49:43Z,44.142685,28.655741666666668,0,250,252,dynamic
563040400,2021-01-04T01:50:47Z,44.142685,28.655741666666668,0,250,252,terrestrial
563040400,2021-01-04T01:50:55Z,44.142685,28.655741666666668,0,250,252,terrestrial
563040400,2021-01-04T01:52:34Z,44.14266,28.655713333333335,0,249.7,252,terrestrial
563040400,2021-01-04T01:55:38Z,44.14266,28.655713333333335,0,249.7,252,terrestrial
563040400,2021-01-04T01:55:40Z,44.142646666666664,28.655741666666668,0,249.7,252,terrestrial
563040400,2021-01-04T01:56:53Z,44.142646666666664,28.655741666666668,0,249.7,252,terrestrial
563040400,2021-01-04T02:01:35Z,44.14264,28.655705,0,249.7,252,terrestrial
563040400,2021-01-04T02:04:48Z,44.14265666666667,28.655716666666667,0,250,252,dynamic
563040400,2021-01-04T02:07:39Z,44.142678333333336,28.65574833333333,0,249.7,251,terrestrial
563040400,2021-01-04T02:07:41Z,44.142678333333336,28.65574833333333,0,249.7,251,terrestrial
563040400,2021-01-04T02:07:47Z,44.142678333333336,28.65574833333333,0,249.7,251,terrestrial
563040400,2021-01-04T02:07:48Z,44.142678333333336,28.65574833333333,0,249.7,251,terrestrial
563040400,2021-01-04T02:08:51Z,44.142678333333336,28.65574833333333,0,249.7,251,terrestrial
563040400,2021-01-04T02:10:40Z,44.14268666666667,28.655746666666666,0,249.7,251,terrestrial
563040400,2021-01-04T02:10:47Z,44.14268666666667,28.655746666666666,0,249.7,251,terrestrial
563040400,2021-01-04T02:11:45Z,44.14268666666667,28.655746666666666,0,249.7,251,terrestrial
563040400,2021-01-04T02:13:40Z,44.14265833333334,28.655741666666668,0,249.7,251,terrestrial
563040400,2021-01-04T02:16:39Z,44.142671666666665,28.655736666666666,0,250,251,dynamic
563040400,2021-01-04T02:16:40Z,44.142671666666665,28.655736666666666,0,249.7,251,terrestrial
563040400,2021-01-04T02:16:53Z,44.142671666666665,28.655736666666666,0,249.7,251,terrestrial
563040400,2021-01-04T02:19:45Z,44.142671666666665,28.655736666666666,0,249.7,251,terrestrial
563040400,2021-01-04T02:19:51Z,44.14270833333333,28.655746666666666,0,250,251,dynamic
563040400,2021-01-04T02:20:29Z,44.14270833333333,28.655746666666666,0,250,251,terrestrial
563040400,2021-01-04T02:22:41Z,44.14266666666666,28.655755,0,249.7,251,terrestrial
563040400,2021-01-04T02:25:32Z,44.14266666666666,28.655755,0,249.7,251,terrestrial
563040400,2021-01-04T02:25:39Z,44.14267666666667,28.655741666666668,0,249.7,251,terrestrial
563040400,2021-01-04T02:25:45Z,44.14267666666667,28.655741666666668,0,249.7,251,terrestrial
563040400,2021-01-04T02:31:31Z,44.14267666666667,28.655741666666668,0,249.7,251,terrestrial
563040400,2021-01-04T02:31:37Z,44.14266833333333,28.655711666666665,0,249.7,251,terrestrial
563040400,2021-01-04T02:34:38Z,44.14259333333333,28.655726666666666,0,250,251,dynamic
563040400,2021-01-04T02:37:32Z,44.14259333333333,28.655726666666666,0,250,251,terrestrial
563040400,2021-01-04T02:37:39Z,44.14259333333333,28.655726666666666,0,250,251,terrestrial
563040400,2021-01-04T02:37:40Z,44.14265,28.65574,0,249.7,251,terrestrial
563040400,2021-01-04T02:37:41Z,44.14265,28.65574,0,249.7,251,terrestrial
563040400,2021-01-04T02:37:45Z,44.14265,28.65574,0,249.7,251,terrestrial
563040400,2021-01-04T02:37:51Z,44.14265,28.65574,0,250,251,dynamic
563040400,2021-01-04T02:40:37Z,44.14263666666667,28.65576,0,249.7,251,terrestrial
563040400,2021-01-04T02:43:41Z,44.14266666666666,28.655723333333334,0,249.7,251,terrestrial
563040400,2021-01-04T02:46:38Z,44.142671666666665,28.655741666666668,0,249.7,251,terrestrial
563040400,2021-01-04T02:49:31Z,44.142671666666665,28.655741666666668,0,249.7,251,terrestrial
563040400,2021-01-04T02:49:42Z,44.14266333333333,28.655781666666666,0,249.7,251,terrestrial
563040400,2021-01-04T02:52:35Z,44.142685,28.655735,0,249.7,252,terrestrial
563040400,2021-01-04T02:55:38Z,44.142685,28.655735,0,249.7,252,terrestrial
563040400,2021-01-04T02:55:42Z,44.14270333333333,28.655765,0,249.7,252,terrestrial
563040400,2021-01-04T02:55:46Z,44.14270333333333,28.655765,0,250,252,dynamic
563040400,2021-01-04T02:58:49Z,44.142696666666666,28.655753333333333,0.1,250,252,dynamic
563040400,2021-01-04T03:01:35Z,44.14266666666666,28.655795,0,249.7,252,terrestrial
563040400,2021-01-04T03:01:40Z,44.14266666666666,28.655795,0,249.7,252,terrestrial
563040400,2021-01-04T03:07:35Z,44.14266666666666,28.655795,0,249.7,252,terrestrial
563040400,2021-01-04T03:07:37Z,44.14268333333333,28.655801666666665,0,250,252,dynamic
563040400,2021-01-04T03:07:38Z,44.14268333333333,28.655801666666665,0,250,252,terrestrial
563040400,2021-01-04T03:07:39Z,44.14268333333333,28.655801666666665,0,249.7,252,terrestrial
563040400,2021-01-04T03:07:41Z,44.14268333333333,28.655801666666665,0,249.7,252,terrestrial
563040400,2021-01-04T03:08:26Z,44.14268333333333,28.655801666666665,0,249.7,252,terrestrial
563040400,2021-01-04T03:08:27Z,44.14268333333333,28.655801666666665,0,249.7,252,terrestrial
563040400,2021-01-04T03:10:38Z,44.142678333333336,28.65576,0,249.7,252,terrestrial
563040400,2021-01-04T03:10:44Z,44.142678333333336,28.65576,0,249.7,252,terrestrial
563040400,2021-01-04T03:13:43Z,44.142678333333336,28.65576,0,249.7,252,terrestrial
563040400,2021-01-04T03:16:38Z,44.14269,28.65576666666667,0,249.7,252,terrestrial
563040400,2021-01-04T03:16:50Z,44.14269,28.65576666666667,0,250,252,dynamic
563040400,2021-01-04T03:19:30Z,44.14269,28.65576666666667,0,250,252,terrestrial
563040400,2021-01-04T03:19:38Z,44.14269,28.65576666666667,0,250,252,terrestrial
563040400,2021-01-04T03:22:37Z,44.142685,28.655723333333334,0,249.7,252,terrestrial
563040400,2021-01-04T03:22:40Z,44.142685,28.655723333333334,0,250,252,dynamic
563040400,2021-01-04T03:25:35Z,44.142691666666664,28.65574833333333,0,249.7,252,terrestrial
563040400,2021-01-04T03:25:39Z,44.142691666666664,28.65574833333333,0,249.7,252,terrestrial
563040400,2021-01-04T03:25:43Z,44.142691666666664,28.65574833333333,0,249.7,252,terrestrial
563040400,2021-01-04T03:25:48Z,44.142691666666664,28.65574833333333,0,249.7,252,terrestrial
563040400,2021-01-04T03:31:30Z,44.142691666666664,28.65574833333333,0,249.7,252,terrestrial
563040400,2021-01-04T03:31:38Z,44.142691666666664,28.65574833333333,0,249.7,252,terrestrial
563040400,2021-01-04T03:31:39Z,44.14264166666667,28.65572166666667,0,249.7,252,terrestrial
563040400,2021-01-04T03:31:44Z,44.14264166666667,28.65572166666667,0,249.7,252,terrestrial
563040400,2021-01-04T03:34:43Z,44.14268166666667,28.655735,0,250,252,dynamic
563040400,2021-01-04T03:37:34Z,44.14268166666667,28.655735,0,250,252,terrestrial
563040400,2021-01-04T03:37:39Z,44.14266,28.655715,0,249.7,252,terrestrial
563040400,2021-01-04T03:37:40Z,44.14266,28.655715,0,249.7,252,terrestrial
563040400,2021-01-04T03:38:40Z,44.14266,28.655715,0,249.7,252,terrestrial
563040400,2021-01-04T03:40:50Z,44.14266,28.655715,0,249.7,252,terrestrial
563040400,2021-01-04T03:43:35Z,44.14266,28.655715,0,249.7,252,terrestrial
563040400,2021-01-04T03:43:36Z,44.14268833333333,28.655733333333334,0,249.7,252,terrestrial
563040400,2021-01-04T03:43:39Z,44.14268833333333,28.655733333333334,0,249.7,252,terrestrial
563040400,2021-01-04T03:43:40Z,44.14268833333333,28.655733333333334,0,249.7,252,terrestrial
563040400,2021-01-04T03:44:19Z,44.14268833333333,28.655733333333334,0,249.7,252,terrestrial
563040400,2021-01-04T03:46:36Z,44.14266333333333,28.655693333333332,0,249.7,252,terrestrial
563040400,2021-01-04T03:49:31Z,44.14266333333333,28.655693333333332,0,249.7,252,terrestrial
563040400,2021-01-04T03:49:38Z,44.142648333333334,28.655741666666668,0,249.7,252,terrestrial
563040400,2021-01-04T03:49:45Z,44.142648333333334,28.655741666666668,0,249.7,252,terrestrial
563040400,2021-01-04T03:49:50Z,44.142648333333334,28.655741666666668,0,250,252,dynamic
563040400,2021-01-04T03:52:36Z,44.14269,28.655756666666665,0,249.7,252,terrestrial
563040400,2021-01-04T03:52:37Z,44.14269,28.655756666666665,0,249.7,252,terrestrial
563040400,2021-01-04T03:52:44Z,44.14269,28.655756666666665,0,249.7,252,terrestrial
563040400,2021-01-04T03:55:38Z,44.142678333333336,28.655771666666666,0,250,252,dynamic
563040400,2021-01-04T03:55:40Z,44.142678333333336,28.655771666666666,0,249.7,252,terrestrial
563040400,2021-01-04T03:55:45Z,44.142678333333336,28.655771666666666,0,249.7,252,terrestrial
563040400,2021-01-04T03:55:46Z,44.142678333333336,28.655771666666666,0,249.7,252,terrestrial
563040400,2021-01-04T03:58:49Z,44.142678333333336,28.655771666666666,0,249.7,252,terrestrial
563040400,2021-01-04T04:01:30Z,44.142678333333336,28.655771666666666,0,249.7,252,terrestrial
563040400,2021-01-04T04:01:37Z,44.142678333333336,28.655771666666666,0,249.7,252,terrestrial
563040400,2021-01-04T04:01:39Z,44.14266,28.655746666666666,0,249.7,252,terrestrial
563040400,2021-01-04T04:02:23Z,44.14266,28.655746666666666,0,249.7,252,terrestrial
563040400,2021-01-04T04:04:47Z,44.14266,28.655746666666666,0,249.7,252,terrestrial
563040400,2021-01-04T04:04:51Z,44.14263,28.655711666666665,0,250,252,dynamic
563040400,2021-01-04T04:07:40Z,44.142665,28.655746666666666,0,249.7,252,terrestrial
563040400,2021-01-04T04:07:42Z,44.142665,28.655746666666666,0,249.7,252,terrestrial
563040400,2021-01-04T04:10:35Z,44.14261166666667,28.655786666666668,0,249.7,252,terrestrial
563040400,2021-01-04T04:10:53Z,44.14261166666667,28.655786666666668,0,249.7,252,terrestrial
563040400,2021-01-04T04:10:54Z,44.14261166666667,28.655786666666668,0,249.7,252,terrestrial
563040400,2021-01-04T04:13:32Z,44.14261166666667,28.655786666666668,0,249.7,252,terrestrial
563040400,2021-01-04T04:13:40Z,44.14266,28.655711666666665,0,250,252,dynamic
563040400,2021-01-04T04:16:35Z,44.14266166666667,28.655726666666666,0,249.7,252,terrestrial
563040400,2021-01-04T04:16:42Z,44.14266166666667,28.655726666666666,0,249.7,252,terrestrial
563040400,2021-01-04T04:19:39Z,44.14266166666667,28.655726666666666,0,249.7,252,terrestrial
563040400,2021-01-04T04:19:41Z,44.142645,28.655675,0,249.7,252,terrestrial
563040400,2021-01-04T04:19:52Z,44.142645,28.655675,0,250,252,dynamic
563040400,2021-01-04T04:22:38Z,44.142693333333334,28.655761666666667,0,249.7,252,terrestrial
563040400,2021-01-04T04:22:47Z,44.142693333333334,28.655761666666667,0,249.7,252,terrestrial
563040400,2021-01-04T04:22:49Z,44.142693333333334,28.655761666666667,0,249.7,252,terrestrial
563040400,2021-01-04T04:25:41Z,44.14266,28.655758333333335,0,249.7,252,terrestrial
563040400,2021-01-04T04:25:47Z,44.14266,28.655758333333335,0,249.7,252,terrestrial
563040400,2021-01-04T04:28:41Z,44.14266,28.655758333333335,0,249.7,252,terrestrial
563040400,2021-01-04T04:28:42Z,44.142673333333335,28.655708333333333,0,250,252,dynamic
563040400,2021-01-04T04:28:51Z,44.142673333333335,28.655708333333333,0,250,252,terrestrial
563040400,2021-01-04T04:31:49Z,44.14267666666667,28.655753333333333,0,249.7,252,terrestrial
563040400,2021-01-04T04:37:31Z,44.14267666666667,28.655753333333333,0,249.7,252,terrestrial
563040400,2021-01-04T04:37:37Z,44.14267666666667,28.655753333333333,0,249.7,252,terrestrial
563040400,2021-01-04T04:40:36Z,44.14266,28.655708333333333,0,249.7,252,terrestrial
563040400,2021-01-04T04:40:48Z,44.14266,28.655708333333333,0,250,252,dynamic
563040400,2021-01-04T04:43:38Z,44.14268333333333,28.655735,0,249.7,252,terrestrial
563040400,2021-01-04T04:43:44Z,44.14268333333333,28.655735,0,250,252,dynamic
563040400,2021-01-04T04:46:37Z,44.14266,28.655741666666668,0,249.7,252,terrestrial
563040400,2021-01-04T04:46:41Z,44.14266,28.655741666666668,0,250,252,dynamic
563040400,2021-01-04T04:46:45Z,44.14266,28.655741666666668,0,250,252,terrestrial
563040400,2021-01-04T04:46:52Z,44.14266,28.655741666666668,0,250,252,terrestrial
563040400,2021-01-04T04:49:31Z,44.14266,28.655741666666668,0,250,252,terrestrial
563040400,2021-01-04T04:49:36Z,44.14270166666667,28.65573,0,249.7,252,terrestrial
563040400,2021-01-04T04:52:38Z,44.14268,28.655778333333334,0,249.7,252,terrestrial
563040400,2021-01-04T04:55:39Z,44.14266666666666,28.655768333333334,0,249.7,252,terrestrial
563040400,2021-01-04T04:55:44Z,44.14266666666666,28.655768333333334,0,249.7,252,terrestrial
563040400,2021-01-04T04:58:42Z,44.14266666666666,28.655768333333334,0,249.7,252,terrestrial
563040400,2021-01-04T04:58:50Z,44.14266666666666,28.655768333333334,0,249.7,252,terrestrial
563040400,2021-01-04T05:01:32Z,44.14266666666666,28.655768333333334,0,249.7,252,terrestrial
563040400,2021-01-04T05:01:41Z,44.14266666666666,28.65574833333333,0,249.7,252,terrestrial
563040400,2021-01-04T05:01:42Z,44.14266666666666,28.65574833333333,0,249.7,252,terrestrial
563040400,2021-01-04T05:04:43Z,44.14266666666666,28.65574833333333,0,249.7,252,terrestrial
563040400,2021-01-04T05:04:45Z,44.14266666666666,28.65574833333333,0,249.7,252,terrestrial
563040400,2021-01-04T05:07:39Z,44.14266,28.65579,0,249.7,252,terrestrial
563040400,2021-01-04T05:07:40Z,44.14266,28.65579,0,249.7,252,terrestrial
563040400,2021-01-04T05:10:40Z,44.14271166666666,28.655831666666668,0,249.7,252,terrestrial
563040400,2021-01-04T05:10:50Z,44.14271166666666,28.655831666666668,0,249.7,252,terrestrial
563040400,2021-01-04T05:10:52Z,44.14271166666666,28.655831666666668,0,250,252,dynamic
563040400,2021-01-04T05:12:24Z,44.14271166666666,28.655831666666668,0,250,252,terrestrial
563040400,2021-01-04T05:13:36Z,44.142675,28.655753333333333,0,249.7,252,terrestrial
563040400,2021-01-04T05:16:42Z,44.14266,28.655713333333335,0,249.7,252,terrestrial
563040400,2021-01-04T05:16:42Z,44.14266,28.655713333333335,0,250,252,dynamic
563040400,2021-01-04T05:19:38Z,44.14266,28.655713333333335,0,250,252,terrestrial
563040400,2021-01-04T05:19:40Z,44.142678333333336,28.65574,0,249.7,252,terrestrial
563040400,2021-01-04T05:21:15Z,44.142678333333336,28.65574,0,249.7,252,terrestrial
563040400,2021-01-04T05:21:16Z,44.142678333333336,28.65574,0,249.7,252,terrestrial
563040400,2021-01-04T05:22:36Z,44.142673333333335,28.655765,0,249.7,252,terrestrial
563040400,2021-01-04T05:25:32Z,44.142673333333335,28.655765,0,249.7,252,terrestrial
563040400,2021-01-04T05:25:36Z,44.142693333333334,28.65576,0,249.7,252,terrestrial
563040400,2021-01-04T05:25:39Z,44.142693333333334,28.65576,0,249.7,252,terrestrial
563040400,2021-01-04T05:25:42Z,44.142693333333334,28.65576,0,249.7,252,terrestrial
563040400,2021-01-04T05:27:39Z,44.142693333333334,28.65576,0,249.7,252,terrestrial
563040400,2021-01-04T05:28:52Z,44.14264166666667,28.655761666666667,0,250,252,dynamic
563040400,2021-01-04T05:31:31Z,44.14264166666667,28.655761666666667,0,250,252,terrestrial
563040400,2021-01-04T05:31:39Z,44.142646666666664,28.655746666666666,0,249.7,252,terrestrial
563040400,2021-01-04T05:31:40Z,44.142646666666664,28.655746666666666,0,249.7,252,terrestrial
563040400,2021-01-04T05:34:38Z,44.142671666666665,28.655741666666668,0,250,252,dynamic
563040400,2021-01-04T05:37:36Z,44.14264166666667,28.655675,0,249.7,252,terrestrial
563040400,2021-01-04T05:37:43Z,44.14264166666667,28.655675,0,249.7,252,terrestrial
563040400,2021-01-04T05:40:39Z,44.14267,28.655746666666666,0,249.7,252,terrestrial
563040400,2021-01-04T05:43:37Z,44.14267,28.655746666666666,0,249.7,252,terrestrial
563040400,2021-01-04T05:43:39Z,44.142651666666666,28.655741666666668,0,249.7,252,terrestrial
563040400,2021-01-04T05:43:43Z,44.142651666666666,28.655741666666668,0,249.7,252,terrestrial
563040400,2021-01-04T05:45:27Z,44.142651666666666,28.655741666666668,0,249.7,252,terrestrial
563040400,2021-01-04T05:46:41Z,44.142678333333336,28.65576,0,249.7,252,terrestrial
563040400,2021-01-04T05:46:53Z,44.142678333333336,28.65576,0,250,252,dynamic
563040400,2021-01-04T05:49:32Z,44.142678333333336,28.65576,0,250,252,terrestrial
563040400,2021-01-04T05:49:39Z,44.142675,28.655725,0,249.7,252,terrestrial
563040400,2021-01-04T05:49:42Z,44.142675,28.655725,0,249.7,252,terrestrial
563040400,2021-01-04T05:49:42Z,44.142675,28.655725,0,250,252,dynamic
563040400,2021-01-04T05:52:42Z,44.14266833333333,28.655695,0,249.7,252,terrestrial
563040400,2021-01-04T05:55:35Z,44.14266833333333,28.655695,0,249.7,252,terrestrial
563040400,2021-01-04T05:55:41Z,44.142696666666666,28.65574,0,249.7,253,terrestrial
563040400,2021-01-04T05:55:44Z,44.142696666666666,28.65574,0,249.7,253,terrestrial
563040400,2021-01-04T05:57:18Z,44.142696666666666,28.65574,0,249.7,253,terrestrial
563040400,2021-01-04T05:58:41Z,44.142696666666666,28.65574,0,249.7,253,terrestrial
563040400,2021-01-04T06:01:39Z,44.14264166666667,28.655696666666667,0,249.7,253,terrestrial
563040400,2021-01-04T06:01:40Z,44.14264166666667,28.655696666666667,0,249.7,253,terrestrial
563040400,2021-01-04T06:01:55Z,44.14264166666667,28.655696666666667,0,250,253,dynamic
563040400,2021-01-04T06:04:44Z,44.14267666666667,28.655711666666665,0,250,253,dynamic
563040400,2021-01-04T06:07:36Z,44.14267666666667,28.655711666666665,0,250,253,terrestrial
563040400,2021-01-04T06:07:40Z,44.14269,28.65577,0,249.7,253,terrestrial
563040400,2021-01-04T06:07:43Z,44.14269,28.65577,0,249.7,253,terrestrial
563040400,2021-01-04T06:10:41Z,44.142665,28.655703333333335,0,249.7,253,terrestrial
563040400,2021-01-04T06:13:31Z,44.142665,28.655703333333335,0,249.7,253,terrestrial
563040400,2021-01-04T06:13:41Z,44.142675,28.655746666666666,0,249.7,253,terrestrial
563040400,2021-01-04T06:13:44Z,44.142675,28.655746666666666,0,249.7,253,terrestrial
563040400,2021-01-04T06:15:12Z,44.142675,28.655746666666666,0,249.7,253,terrestrial
563040400,2021-01-04T06:16:42Z,44.14268833333333,28.655773333333332,0,249.7,253,terrestrial
563040400,2021-01-04T06:19:41Z,44.142675,28.655741666666668,0,249.7,253,terrestrial
563040400,2021-01-04T06:19:53Z,44.142675,28.655741666666668,0,250,253,dynamic
563040400,2021-01-04T06:22:36Z,44.142645,28.655715,0,249.7,253,terrestrial
563040400,2021-01-04T06:22:44Z,44.142645,28.655715,0,249.7,253,terrestrial
563040400,2021-01-04T06:25:31Z,44.142645,28.655715,0,249.7,253,terrestrial
563040400,2021-01-04T06:25:37Z,44.142645,28.655715,0,249.7,253,terrestrial
563040400,2021-01-04T06:25:40Z,44.14271166666666,28.655756666666665,0,249.7,253,terrestrial
563040400,2021-01-04T06:31:36Z,44.14270333333333,28.655783333333332,0,249.7,253,terrestrial
563040400,2021-01-04T06:31:37Z,44.14270333333333,28.655783333333332,0,249.7,253,terrestrial
563040400,2021-01-04T06:31:40Z,44.14270333333333,28.655783333333332,0,249.7,253,terrestrial
563040400,2021-01-04T06:33:26Z,44.14270333333333,28.655783333333332,0,249.7,253,terrestrial
563040400,2021-01-04T06:34:48Z,44.14270333333333,28.655783333333332,0,249.7,253,terrestrial
563040400,2021-01-04T06:37:32Z,44.14270333333333,28.655783333333332,0,249.7,253,terrestrial
563040400,2021-01-04T06:37:38Z,44.14270333333333,28.655741666666668,0,250,253,dynamic
563040400,2021-01-04T06:37:39Z,44.14270333333333,28.655741666666668,0,249.7,253,terrestrial
563040400,2021-01-04T06:40:36Z,44.142685,28.6558,0,249.7,252,terrestrial
563040400,2021-01-04T06:40:46Z,44.142685,28.6558,0,249.7,252,terrestrial
563040400,2021-01-04T06:43:31Z,44.142685,28.6558,0,249.7,252,terrestrial
563040400,2021-01-04T06:46:49Z,44.142685,28.6558,0,249.7,252,terrestrial
563040400,2021-01-04T06:48:31Z,44.142685,28.6558,0,249.7,252,terrestrial
563040400,2021-01-04T06:49:41Z,44.142678333333336,28.655725,0,249.7,252,terrestrial
563040400,2021-01-04T06:52:41Z,44.14268833333333,28.655768333333334,0,249.7,252,terrestrial
563040400,2021-01-04T06:55:43Z,44.14268833333333,28.655723333333334,0,249.7,252,terrestrial
563040400,2021-01-04T06:55:45Z,44.14268833333333,28.655723333333334,0,249.7,252,terrestrial
563040400,2021-01-04T06:55:48Z,44.14268833333333,28.655723333333334,0,249.7,252,terrestrial
563040400,2021-01-04T06:55:55Z,44.14268833333333,28.655723333333334,0,250,252,dynamic
563040400,2021-01-04T06:58:47Z,44.14268833333333,28.655723333333334,0,250,252,terrestrial
563040400,2021-01-04T07:01:44Z,44.142653333333335,28.655726666666666,0,249.7,252,terrestrial
563040400,2021-01-04T07:01:58Z,44.142653333333335,28.655726666666666,0,249.7,252,terrestrial
563040400,2021-01-04T07:07:42Z,44.142653333333335,28.655726666666666,0,249.7,252,terrestrial
563040400,2021-01-04T07:07:43Z,44.142685,28.655693333333332,0,249.7,252,terrestrial
563040400,2021-01-04T07:07:52Z,44.142685,28.655693333333332,0,249.7,252,terrestrial
563040400,2021-01-04T07:09:26Z,44.142685,28.655693333333332,0,249.7,252,terrestrial
563040400,2021-01-04T07:10:42Z,44.14268833333333,28.655771666666666,0,249.7,252,terrestrial
563040400,2021-01-04T07:10:48Z,44.14268833333333,28.655771666666666,0,249.7,252,terrestrial
563040400,2021-01-04T07:10:53Z,44.14268833333333,28.655771666666666,0,249.7,252,terrestrial
563040400,2021-01-04T07:13:55Z,44.14272166666667,28.655751666666667,0,250,252,dynamic
563040400,2021-01-04T07:16:42Z,44.14269,28.65574,0,249.7,252,terrestrial
563040400,2021-01-04T07:16:48Z,44.14269,28.65574,0,249.7,252,terrestrial
563040400,2021-01-04T07:16:54Z,44.14269,28.65574,0,249.7,252,terrestrial
563040400,2021-01-04T07:18:24Z,44.14269,28.65574,0,249.7,252,terrestrial
563040400,2021-01-04T07:19:42Z,44.14269,28.65574,0,249.7,252,terrestrial
563040400,2021-01-04T07:19:44Z,44.14269,28.655733333333334,0,249.7,252,terrestrial
563040400,2021-01-04T07:21:40Z,44.14269,28.655733333333334,0,249.7,252,terrestrial
563040400,2021-01-04T07:22:36Z,44.142696666666666,28.655751666666667,0,249.7,252,terrestrial
563040400,2021-01-04T07:22:46Z,44.142696666666666,28.655751666666667,0,249.7,252,terrestrial
563040400,2021-01-04T07:25:32Z,44.142696666666666,28.655751666666667,0,249.7,252,terrestrial
563040400,2021-01-04T07:25:35Z,44.142696666666666,28.655751666666667,0,249.7,252,terrestrial
563040400,2021-01-04T07:25:47Z,44.142696666666666,28.655751666666667,0,249.7,252,terrestrial
563040400,2021-01-04T07:26:58Z,44.142696666666666,28.655751666666667,0,249.7,252,terrestrial
563040400,2021-01-04T07:28:40Z,44.142673333333335,28.655711666666665,0,249.7,252,terrestrial
563040400,2021-01-04T07:28:43Z,44.142673333333335,28.655711666666665,0,249.7,252,terrestrial
563040400,2021-01-04T07:28:45Z,44.142673333333335,28.655711666666665,0,249.7,252,terrestrial
563040400,2021-01-04T07:31:36Z,44.142651666666666,28.65574833333333,0,249.7,252,terrestrial
563040400,2021-01-04T07:31:38Z,44.142651666666666,28.65574833333333,0,249.7,252,terrestrial
563040400,2021-01-04T07:31:48Z,44.142651666666666,28.65574833333333,0,250,252,dynamic
563040400,2021-01-04T07:33:08Z,44.142651666666666,28.65574833333333,0,250,252,terrestrial
563040400,2021-01-04T07:34:47Z,44.142651666666666,28.65574833333333,0,250,252,terrestrial
563040400,2021-01-04T07:37:31Z,44.142651666666666,28.65574833333333,0,250,252,terrestrial
563040400,2021-01-04T07:37:37Z,44.142651666666666,28.65574833333333,0,250,252,terrestrial
563040400,2021-01-04T07:37:39Z,44.142678333333336,28.655711666666665,0,249.7,252,terrestrial
563040400,2021-01-04T07:37:40Z,44.142678333333336,28.655711666666665,0,249.7,252,terrestrial
563040400,2021-01-04T07:37:43Z,44.142678333333336,28.655711666666665,0,249.7,252,terrestrial
563040400,2021-01-04T07:39:13Z,44.142678333333336,28.655711666666665,0,249.7,252,terrestrial
563040400,2021-01-04T07:40:38Z,44.142678333333336,28.655758333333335,0,249.7,252,terrestrial
563040400,2021-01-04T07:43:34Z,44.142678333333336,28.655758333333335,0,249.7,252,terrestrial
563040400,2021-01-04T07:43:39Z,44.142678333333336,28.655758333333335,0,249.7,252,terrestrial
563040400,2021-01-04T07:43:40Z,44.14268166666667,28.655675,0,250,252,dynamic
563040400,2021-01-04T07:43:41Z,44.14268166666667,28.655675,0,249.7,252,terrestrial
563040400,2021-01-04T07:45:15Z,44.14268166666667,28.655675,0,249.7,252,terrestrial
563040400,2021-01-04T07:46:43Z,44.142673333333335,28.655711666666665,0,249.7,252,terrestrial
563040400,2021-01-04T07:46:51Z,44.142673333333335,28.655711666666665,0,250,252,dynamic
563040400,2021-01-04T07:49:32Z,44.142673333333335,28.655711666666665,0,250,252,terrestrial
563040400,2021-01-04T07:49:39Z,44.14268833333333,28.655741666666668,0,249.7,252,terrestrial
563040400,2021-01-04T07:49:43Z,44.14268833333333,28.655741666666668,0,249.7,252,terrestrial
563040400,2021-01-04T07:52:39Z,44.142606666666666,28.655735,0,249.7,252,terrestrial
563040400,2021-01-04T07:55:36Z,44.142606666666666,28.655735,0,249.7,252,terrestrial
563040400,2021-01-04T07:55:39Z,44.14268333333333,28.655745,0,249.7,252,terrestrial
563040400,2021-01-04T07:55:43Z,44.14268333333333,28.655745,0,249.7,252,terrestrial
563040400,2021-01-04T08:01:37Z,44.14268333333333,28.655745,0,249.7,252,terrestrial
563040400,2021-01-04T08:01:38Z,44.14267,28.65573,0,249.7,252,terrestrial
563040400,2021-01-04T08:01:38Z,44.14267,28.65573,0,250,252,dynamic
563040400,2021-01-04T08:01:42Z,44.14267,28.65573,0,249.7,252,terrestrial
563040400,2021-01-04T08:04:53Z,44.14270333333333,28.655741666666668,0,250,252,dynamic
563040400,2021-01-04T08:07:38Z,44.14266666666666,28.655745,0,249.7,252,terrestrial
563040400,2021-01-04T08:07:45Z,44.14266666666666,28.655745,0,249.7,252,terrestrial
563040400,2021-01-04T08:10:41Z,44.14268,28.65573,0,249.7,252,terrestrial
563040400,2021-01-04T08:13:31Z,44.14268,28.65573,0,249.7,252,terrestrial
563040400,2021-01-04T08:13:41Z,44.14270833333333,28.655743333333334,0,249.7,252,terrestrial
563040400,2021-01-04T08:13:46Z,44.14270833333333,28.655743333333334,0,249.7,252,terrestrial
563040400,2021-01-04T08:16:38Z,44.142696666666666,28.655738333333332,0,249.7,252,terrestrial
563040400,2021-01-04T08:16:38Z,44.142696666666666,28.655738333333332,0,250,252,dynamic
563040400,2021-01-04T08:22:39Z,44.14266666666666,28.655716666666667,0,249.7,252,terrestrial
563040400,2021-01-04T08:25:31Z,44.14266666666666,28.655716666666667,0,249.7,252,terrestrial
563040400,2021-01-04T08:25:40Z,44.142696666666666,28.655723333333334,0,249.7,252,terrestrial
563040400,2021-01-04T08:25:46Z,44.142696666666666,28.655723333333334,0,249.7,252,terrestrial
563040400,2021-01-04T08:25:47Z,44.142696666666666,28.655723333333334,0,249.7,252,terrestrial
563040400,2021-01-04T08:31:45Z,44.142696666666666,28.655723333333334,0,249.7,252,terrestrial
563040400,2021-01-04T08:37:37Z,44.142696666666666,28.655723333333334,0,249.7,252,terrestrial
563040400,2021-01-04T08:37:42Z,44.14269,28.655751666666667,0,249.7,252,terrestrial
563040400,2021-01-04T08:37:54Z,44.14269,28.655751666666667,0,250,252,dynamic
563040400,2021-01-04T08:43:37Z,44.142685,28.655746666666666,0,249.7,252,terrestrial
563040400,2021-01-04T08:49:39Z,44.142653333333335,28.655746666666666,0,249.7,252,terrestrial
563040400,2021-01-04T08:55:52Z,44.14266833333333,28.655695,0,250,252,dynamic
563040400,2021-01-04T08:55:54Z,44.14266833333333,28.655695,0,250,252,terrestrial
563040400,2021-01-04T08:58:42Z,44.142671666666665,28.655753333333333,0,249.7,252,terrestrial
563040400,2021-01-04T09:01:48Z,44.142671666666665,28.655753333333333,0,249.7,252,terrestrial
563040400,2021-01-04T09:10:39Z,44.14266,28.655736666666666,0,249.7,252,terrestrial
563040400,2021-01-04T09:13:40Z,44.14262333333333,28.655746666666666,0,249.7,252,terrestrial
563040400,2021-01-04T09:13:52Z,44.14262333333333,28.655746666666666,0,250,252,dynamic
563040400,2021-01-04T09:16:42Z,44.142651666666666,28.655778333333334,0,249.7,251,terrestrial
563040400,2021-01-04T09:19:37Z,44.142696666666666,28.655736666666666,0,249.7,251,terrestrial
563040400,2021-01-04T09:19:39Z,44.142696666666666,28.655736666666666,0,249.7,251,terrestrial
563040400,2021-01-04T09:22:40Z,44.142705,28.655705,0,249.7,251,terrestrial
563040400,2021-01-04T09:22:40Z,44.142705,28.655705,0,250,251,dynamic
563040400,2021-01-04T09:25:32Z,44.142705,28.655705,0,250,251,terrestrial
563040400,2021-01-04T09:25:40Z,44.142693333333334,28.655711666666665,0.1,249.7,251,terrestrial
563040400,2021-01-04T09:31:36Z,44.142675,28.655775,0,249.7,250,terrestrial
563040400,2021-01-04T09:31:46Z,44.142675,28.655775,0,249.7,250,terrestrial
563040400,2021-01-04T09:31:48Z,44.142675,28.655775,0,250,250,dynamic
563040400,2021-01-04T09:34:45Z,44.142675,28.655775,0,250,250,terrestrial
563040400,2021-01-04T09:37:36Z,44.142675,28.655775,0,250,250,terrestrial
563040400,2021-01-04T09:37:40Z,44.14262166666666,28.655741666666668,0,250,250,dynamic
563040400,2021-01-04T09:37:41Z,44.14262166666666,28.655741666666668,0,249.7,250,terrestrial
563040400,2021-01-04T09:37:47Z,44.14262166666666,28.655741666666668,0,249.7,250,terrestrial
563040400,2021-01-04T09:40:38Z,44.14264,28.655781666666666,0,249.7,250,terrestrial
563040400,2021-01-04T09:43:31Z,44.14264,28.655781666666666,0,249.7,250,terrestrial
563040400,2021-01-04T09:43:39Z,44.14264,28.655781666666666,0,249.7,250,terrestrial
563040400,2021-01-04T09:43:41Z,44.14265,28.655718333333333,0,249.7,251,terrestrial
563040400,2021-01-04T09:44:30Z,44.14265,28.655718333333333,0,249.7,251,terrestrial
563040400,2021-01-04T09:44:32Z,44.14265,28.655718333333333,0,249.7,251,terrestrial
563040400,2021-01-04T09:46:39Z,44.1427,28.655778333333334,0,249.7,251,terrestrial
563040400,2021-01-04T09:46:46Z,44.1427,28.655778333333334,0,249.7,251,terrestrial
563040400,2021-01-04T09:49:40Z,44.14270833333333,28.655731666666668,0.1,249.7,251,terrestrial
563040400,2021-01-04T09:49:49Z,44.14270833333333,28.655731666666668,0.1,249.7,251,terrestrial
563040400,2021-01-04T09:50:32Z,44.14270833333333,28.655731666666668,0.1,249.7,251,terrestrial
563040400,2021-01-04T09:52:42Z,44.142671666666665,28.655743333333334,0,249.7,251,terrestrial
563040400,2021-01-04T09:55:31Z,44.142671666666665,28.655743333333334,0,249.7,251,terrestrial
563040400,2021-01-04T09:55:39Z,44.14262166666666,28.655693333333332,0,249.7,251,terrestrial
563040400,2021-01-04T10:01:41Z,44.14265833333334,28.655746666666666,0,249.7,252,terrestrial
563040400,2021-01-04T10:01:48Z,44.14265833333334,28.655746666666666,0,249.7,252,terrestrial
563040400,2021-01-04T10:01:53Z,44.14265833333334,28.655746666666666,0,250,252,dynamic
563040400,2021-01-04T10:01:57Z,44.14265833333334,28.655746666666666,0,249.7,252,terrestrial
563040400,2021-01-04T10:04:50Z,44.14265833333334,28.655746666666666,0,249.7,252,terrestrial
563040400,2021-01-04T10:06:02Z,44.14265833333334,28.655746666666666,0,249.7,252,terrestrial
563040400,2021-01-04T10:07:40Z,44.142651666666666,28.655776666666668,0,249.7,252,terrestrial
563040400,2021-01-04T10:10:41Z,44.14266333333333,28.655773333333332,0,249.7,252,terrestrial
563040400,2021-01-04T10:13:32Z,44.14266333333333,28.655773333333332,0,249.7,252,terrestrial
563040400,2021-01-04T10:16:37Z,44.14270166666667,28.655778333333334,0,249.7,253,terrestrial
563040400,2021-01-04T10:16:38Z,44.14270166666667,28.655778333333334,0,249.7,253,terrestrial
563040400,2021-01-04T10:16:55Z,44.14270166666667,28.655778333333334,0,249.7,253,terrestrial
563040400,2021-01-04T10:17:48Z,44.14270166666667,28.655778333333334,0,249.7,253,terrestrial
563040400,2021-01-04T10:19:31Z,44.14270166666667,28.655778333333334,0,249.7,253,terrestrial
563040400,2021-01-04T10:19:42Z,44.14266666666666,28.65573,0,249.7,253,terrestrial
563040400,2021-01-04T10:19:54Z,44.14266666666666,28.65573,0,250,253,dynamic
563040400,2021-01-04T10:22:40Z,44.142696666666666,28.65572,0,249.7,253,terrestrial
563040400,2021-01-04T10:25:42Z,44.142671666666665,28.655753333333333,0,250,253,dynamic
563040400,2021-01-04T10:25:56Z,44.142671666666665,28.655753333333333,0,249.7,253,terrestrial
563040400,2021-01-04T10:28:38Z,44.142671666666665,28.655753333333333,0,249.7,253,terrestrial
563040400,2021-01-04T10:31:42Z,44.14266333333333,28.655718333333333,0,249.7,253,terrestrial
563040400,2021-01-04T10:31:47Z,44.14266333333333,28.655718333333333,0,249.7,253,terrestrial
563040400,2021-01-04T10:31:57Z,44.14266333333333,28.655718333333333,0,249.7,253,terrestrial
563040400,2021-01-04T10:32:36Z,44.14266333333333,28.655718333333333,0,249.7,253,terrestrial
563040400,2021-01-04T10:37:31Z,44.14266333333333,28.655718333333333,0,249.7,253,terrestrial
563040400,2021-01-04T10:37:40Z,44.14266333333333,28.655718333333333,0,249.7,253,terrestrial
563040400,2021-01-04T10:37:50Z,44.14268166666667,28.655756666666665,0,250,253,dynamic
563040400,2021-01-04T10:38:36Z,44.14268166666667,28.655756666666665,0,250,253,terrestrial
563040400,2021-01-04T10:40:38Z,44.142685,28.65573,0,249.7,253,terrestrial
563040400,2021-01-04T10:40:40Z,44.142685,28.65573,0,249.7,253,terrestrial
563040400,2021-01-04T10:43:39Z,44.142678333333336,28.655746666666666,0,250,253,dynamic
563040400,2021-01-04T10:43:43Z,44.142678333333336,28.655746666666666,0,250,253,terrestrial
563040400,2021-01-04T10:46:41Z,44.14268666666667,28.65574,0,249.7,252,terrestrial
563040400,2021-01-04T10:46:55Z,44.14268666666667,28.65574,0,249.7,252,terrestrial
563040400,2021-01-04T10:49:43Z,44.14266666666666,28.655753333333333,0,249.7,252,terrestrial
563040400,2021-01-04T10:49:54Z,44.14266666666666,28.655753333333333,0,249.7,252,terrestrial
563040400,2021-01-04T10:51:02Z,44.14266666666666,28.655753333333333,0,249.7,252,terrestrial
563040400,2021-01-04T10:51:03Z,44.14266666666666,28.655753333333333,0,249.7,252,terrestrial
563040400,2021-01-04T10:52:43Z,44.14268166666667,28.655753333333333,0,249.7,252,terrestrial
563040400,2021-01-04T10:52:46Z,44.14268166666667,28.655753333333333,0,249.7,252,terrestrial
563040400,2021-01-04T10:52:55Z,44.14268166666667,28.655753333333333,0,250,252,dynamic
563040400,2021-01-04T10:55:41Z,44.142651666666666,28.655791666666666,0,249.7,252,terrestrial
563040400,2021-01-04T10:55:45Z,44.142651666666666,28.655791666666666,0,249.7,252,terrestrial
563040400,2021-01-04T10:55:54Z,44.142651666666666,28.655791666666666,0,249.7,252,terrestrial
563040400,2021-01-04T10:56:33Z,44.142651666666666,28.655791666666666,0,249.7,252,terrestrial
563040400,2021-01-04T10:56:34Z,44.142651666666666,28.655791666666666,0,249.7,252,terrestrial
563040400,2021-01-04T11:01:32Z,44.142651666666666,28.655791666666666,0,249.7,252,terrestrial
563040400,2021-01-04T11:01:38Z,44.14266666666666,28.65572166666667,0,249.7,251,terrestrial
563040400,2021-01-04T11:01:38Z,44.14266666666666,28.65572166666667,0,250,251,dynamic
563040400,2021-01-04T11:07:31Z,44.14266666666666,28.65572166666667,0,250,251,terrestrial
563040400,2021-01-04T11:07:42Z,44.142678333333336,28.65582,0,249.7,251,terrestrial
563040400,2021-01-04T11:10:40Z,44.14263,28.655846666666665,0,249.7,251,terrestrial
563040400,2021-01-04T11:10:52Z,44.14263,28.655846666666665,0,250,251,dynamic
563040400,2021-01-04T11:13:31Z,44.14263,28.655846666666665,0,250,251,terrestrial
563040400,2021-01-04T11:13:41Z,44.14266666666666,28.65576,0,249.7,251,terrestrial
563040400,2021-01-04T11:16:37Z,44.14265833333334,28.65573,0,249.7,251,terrestrial
563040400,2021-01-04T11:19:31Z,44.14265833333334,28.65573,0,249.7,251,terrestrial
563040400,2021-01-04T11:19:37Z,44.142648333333334,28.655716666666667,0,250,251,dynamic
563040400,2021-01-04T11:22:38Z,44.14266833333333,28.655731666666668,0,249.7,251,terrestrial
563040400,2021-01-04T11:25:31Z,44.14266833333333,28.655731666666668,0,249.7,251,terrestrial
563040400,2021-01-04T11:25:37Z,44.14268166666667,28.655716666666667,0,249.7,251,terrestrial
563040400,2021-01-04T11:31:31Z,44.14268166666667,28.655716666666667,0,249.7,251,terrestrial
563040400,2021-01-04T11:31:40Z,44.14268166666667,28.655716666666667,0,249.7,251,terrestrial
563040400,2021-01-04T11:31:41Z,44.14266666666666,28.655753333333333,0,249.7,251,terrestrial
563040400,2021-01-04T11:37:39Z,44.142678333333336,28.655735,0,249.7,252,terrestrial
563040400,2021-01-04T11:40:40Z,44.14264333333333,28.655735,0,249.7,252,terrestrial
563040400,2021-01-04T11:43:32Z,44.14264333333333,28.655735,0,249.7,252,terrestrial
563040400,2021-01-04T11:46:39Z,44.14266833333333,28.655708333333333,0,249.7,252,terrestrial
563040400,2021-01-04T11:46:51Z,44.14266833333333,28.655708333333333,0,250,252,dynamic
563040400,2021-01-04T11:49:32Z,44.14266833333333,28.655708333333333,0,250,252,terrestrial
563040400,2021-01-04T11:49:41Z,44.142678333333336,28.655765,0,249.7,252,terrestrial
563040400,2021-01-04T11:49:45Z,44.142678333333336,28.655765,0,249.7,252,terrestrial
563040400,2021-01-04T11:52:37Z,44.142685,28.65572,0,249.7,252,terrestrial
563040400,2021-01-04T11:55:42Z,44.14266666666666,28.65574833333333,0,249.7,252,terrestrial
563040400,2021-01-04T12:01:31Z,44.14266666666666,28.65574833333333,0,249.7,252,terrestrial
563040400,2021-01-04T12:01:51Z,44.14266666666666,28.65574833333333,0,249.7,252,terrestrial
563040400,2021-01-04T12:04:37Z,44.142675,28.655758333333335,0,249.7,252,terrestrial
563040400,2021-01-04T12:04:49Z,44.142675,28.655758333333335,0,250,252,dynamic
563040400,2021-01-04T12:07:42Z,44.142675,28.655758333333335,0,250,252,terrestrial
563040400,2021-01-04T12:10:42Z,44.142645,28.655735,0,249.7,252,terrestrial
563040400,2021-01-04T12:13:32Z,44.142645,28.655735,0,249.7,252,terrestrial
563040400,2021-01-04T12:13:40Z,44.142673333333335,28.655753333333333,0,249.7,252,terrestrial
563040400,2021-01-04T12:13:45Z,44.142673333333335,28.655753333333333,0,249.7,252,terrestrial
563040400,2021-01-04T12:16:42Z,44.142678333333336,28.655741666666668,0,249.7,252,terrestrial
563040400,2021-01-04T12:19:41Z,44.142648333333334,28.655706666666667,0,249.7,252,terrestrial
563040400,2021-01-04T12:19:53Z,44.142648333333334,28.655706666666667,0,250,252,dynamic
563040400,2021-01-04T12:22:44Z,44.14266,28.655713333333335,0,249.7,252,terrestrial
563040400,2021-01-04T12:25:32Z,44.14266,28.655713333333335,0,249.7,252,terrestrial
563040400,2021-01-04T12:25:39Z,44.14266,28.655713333333335,0,249.7,252,terrestrial
563040400,2021-01-04T12:25:40Z,44.14267,28.655761666666667,0,249.7,252,terrestrial
563040400,2021-01-04T12:28:42Z,44.14267,28.655761666666667,0,249.7,252,terrestrial
563040400,2021-01-04T12:28:42Z,44.142645,28.655711666666665,0,250,252,dynamic
563040400,2021-01-04T12:31:41Z,44.142645,28.655711666666665,0,250,252,terrestrial
563040400,2021-01-04T12:31:42Z,44.14266166666667,28.655705,0,249.7,252,terrestrial
563040400,2021-01-04T12:34:52Z,44.14266166666667,28.655705,0,249.7,252,terrestrial
563040400,2021-01-04T12:37:39Z,44.14266166666667,28.655705,0,249.7,252,terrestrial
563040400,2021-01-04T12:37:42Z,44.14265833333334,28.655703333333335,0,249.7,252,terrestrial
563040400,2021-01-04T12:37:59Z,44.14265833333334,28.655703333333335,0,249.7,252,terrestrial
563040400,2021-01-04T12:40:40Z,44.142655,28.655718333333333,0,249.7,252,terrestrial
563040400,2021-01-04T12:43:42Z,44.14268166666667,28.655765,0,249.7,252,terrestrial
563040400,2021-01-04T12:43:42Z,44.14268166666667,28.655765,0,250,252,dynamic
563040400,2021-01-04T12:46:41Z,44.142646666666664,28.655723333333334,0,249.7,252,terrestrial
563040400,2021-01-04T12:49:32Z,44.142646666666664,28.655723333333334,0,249.7,252,terrestrial
563040400,2021-01-04T12:49:42Z,44.142671666666665,28.655738333333332,0,249.7,252,terrestrial
563040400,2021-01-04T12:52:40Z,44.142673333333335,28.655755,0,249.7,252,terrestrial
563040400,2021-01-04T12:52:54Z,44.142673333333335,28.655755,0,249.7,252,terrestrial
563040400,2021-01-04T12:52:56Z,44.142673333333335,28.655755,0,250,252,dynamic
563040400,2021-01-04T12:55:44Z,44.14266333333333,28.655723333333334,0,249.7,252,terrestrial
563040400,2021-01-04T12:55:55Z,44.14266333333333,28.655723333333334,0,249.7,252,terrestrial
563040400,2021-01-04T13:01:32Z,44.14266333333333,28.655723333333334,0,249.7,252,terrestrial
563040400,2021-01-04T13:01:43Z,44.142665,28.655735,0,249.7,252,terrestrial
563040400,2021-01-04T13:01:43Z,44.142665,28.655735,0,250,252,dynamic
563040400,2021-01-04T13:01:44Z,44.142665,28.655735,0,250,252,terrestrial
563040400,2021-01-04T13:01:56Z,44.142665,28.655735,0,249.7,252,terrestrial
563040400,2021-01-04T13:04:46Z,44.142665,28.655735,0,249.7,252,terrestrial
563040400,2021-01-04T13:07:35Z,44.142665,28.655735,0,249.7,252,terrestrial
563040400,2021-01-04T13:10:41Z,44.142693333333334,28.655776666666668,0,249.7,253,terrestrial
563040400,2021-01-04T13:10:47Z,44.142693333333334,28.655776666666668,0,249.7,253,terrestrial
563040400,2021-01-04T13:13:35Z,44.142693333333334,28.655776666666668,0,249.7,253,terrestrial
563040400,2021-01-04T13:16:41Z,44.142696666666666,28.655735,0,249.7,252,terrestrial
563040400,2021-01-04T13:19:38Z,44.142685,28.655738333333332,0,249.7,252,terrestrial
563040400,2021-01-04T13:22:40Z,44.142655,28.655768333333334,0,249.7,252,terrestrial
563040400,2021-01-04T13:22:41Z,44.142655,28.655768333333334,0,249.7,252,terrestrial
563040400,2021-01-04T13:22:50Z,44.142655,28.655768333333334,0,249.7,252,terrestrial
563040400,2021-01-04T13:25:31Z,44.142655,28.655768333333334,0,249.7,252,terrestrial
563040400,2021-01-04T13:25:33Z,44.142655,28.655768333333334,0,249.7,252,terrestrial
563040400,2021-01-04T13:25:41Z,44.142673333333335,28.655763333333333,0,249.7,252,terrestrial
563040400,2021-01-04T13:25:44Z,44.142673333333335,28.655763333333333,0,249.7,252,terrestrial
563040400,2021-01-04T13:25:54Z,44.142673333333335,28.655763333333333,0,249.7,252,terrestrial
563040400,2021-01-04T13:27:53Z,44.142673333333335,28.655763333333333,0,249.7,252,terrestrial
563040400,2021-01-04T13:28:54Z,44.142678333333336,28.655746666666666,0,250,252,dynamic
563040400,2021-01-04T13:31:39Z,44.14266333333333,28.65574833333333,0,249.7,252,terrestrial
563040400,2021-01-04T13:31:43Z,44.14266333333333,28.65574833333333,0,249.7,252,terrestrial
563040400,2021-01-04T13:37:32Z,44.14266333333333,28.65574833333333,0,249.7,252,terrestrial
563040400,2021-01-04T13:37:33Z,44.14266333333333,28.65574833333333,0,249.7,252,terrestrial
563040400,2021-01-04T13:37:44Z,44.14268166666667,28.655765,0,249.7,252,terrestrial
563040400,2021-01-04T13:40:41Z,44.142696666666666,28.65574,0,249.7,252,terrestrial
563040400,2021-01-04T13:40:42Z,44.142696666666666,28.65574,0,249.7,252,terrestrial
563040400,2021-01-04T13:40:47Z,44.142696666666666,28.65574,0,249.7,252,terrestrial
563040400,2021-01-04T13:43:39Z,44.142696666666666,28.65574,0,249.7,252,terrestrial
563040400,2021-01-04T13:43:44Z,44.14266666666666,28.655731666666668,0,249.7,252,terrestrial
563040400,2021-01-04T13:46:37Z,44.142678333333336,28.655738333333332,0,249.7,252,terrestrial
563040400,2021-01-04T13:46:38Z,44.142678333333336,28.655738333333332,0,249.7,252,terrestrial
563040400,2021-01-04T13:49:32Z,44.142678333333336,28.655738333333332,0,249.7,252,terrestrial
563040400,2021-01-04T13:49:37Z,44.142678333333336,28.655738333333332,0,249.7,252,terrestrial
563040400,2021-01-04T13:49:43Z,44.14266666666666,28.655778333333334,0,250,252,dynamic
563040400,2021-01-04T13:52:40Z,44.142738333333334,28.65578,0,249.7,252,terrestrial
563040400,2021-01-04T13:52:51Z,44.142738333333334,28.65578,0,249.7,252,terrestrial
563040400,2021-01-04T13:55:44Z,44.14269,28.655753333333333,0,249.7,252,terrestrial
563040400,2021-01-04T13:55:53Z,44.14269,28.655753333333333,0,249.7,252,terrestrial
563040400,2021-01-04T13:58:53Z,44.14269,28.655753333333333,0,249.7,252,terrestrial
563040400,2021-01-04T14:01:32Z,44.14269,28.655753333333333,0,249.7,252,terrestrial
563040400,2021-01-04T14:01:34Z,44.14269,28.655753333333333,0,249.7,252,terrestrial
563040400,2021-01-04T14:01:38Z,44.14267666666667,28.655741666666668,0,249.7,252,terrestrial
563040400,2021-01-04T14:01:43Z,44.14267666666667,28.655741666666668,0,249.7,252,terrestrial
563040400,2021-01-04T14:01:50Z,44.14267666666667,28.655741666666668,0,250,252,dynamic
563040400,2021-01-04T14:04:43Z,44.142695,28.655741666666668,0,250,252,dynamic
563040400,2021-01-04T14:07:40Z,44.14270333333333,28.65572,0,249.7,252,terrestrial
563040400,2021-01-04T14:10:42Z,44.14265666666667,28.655753333333333,0,249.7,251,terrestrial
563040400,2021-01-04T14:13:31Z,44.14265666666667,28.655753333333333,0,249.7,251,terrestrial
563040400,2021-01-04T14:13:39Z,44.14266666666666,28.655781666666666,0,249.7,251,terrestrial
563040400,2021-01-04T14:16:44Z,44.14266666666666,28.655741666666668,0,249.7,252,terrestrial
563040400,2021-01-04T14:16:51Z,44.14266666666666,28.655741666666668,0,249.7,252,terrestrial
563040400,2021-01-04T14:19:40Z,44.14266666666666,28.655741666666668,0,249.7,252,terrestrial
563040400,2021-01-04T14:19:43Z,44.142648333333334,28.65576,0,249.7,252,terrestrial
563040400,2021-01-04T14:22:38Z,44.1427,28.655746666666666,0.1,249.7,252,terrestrial
563040400,2021-01-04T14:22:38Z,44.1427,28.655746666666666,0.1,250,252,dynamic
563040400,2021-01-04T14:22:51Z,44.1427,28.655746666666666,0.1,250,252,terrestrial
563040400,2021-01-04T14:24:17Z,44.1427,28.655746666666666,0.1,250,252,terrestrial
563040400,2021-01-04T14:25:42Z,44.142675,28.655765,0,249.7,252,terrestrial
563040400,2021-01-04T14:31:38Z,44.14266,28.65573,0,249.7,252,terrestrial
563040400,2021-01-04T14:37:32Z,44.14266,28.65573,0,249.7,252,terrestrial
563040400,2021-01-04T14:37:43Z,44.14266666666666,28.655743333333334,0,249.7,251,terrestrial
563040400,2021-01-04T14:40:41Z,44.14265833333334,28.655741666666668,0,249.7,252,terrestrial
563040400,2021-01-04T14:40:48Z,44.14265833333334,28.655741666666668,0,249.7,252,terrestrial
563040400,2021-01-04T14:40:50Z,44.14265833333334,28.655741666666668,0,249.7,252,terrestrial
563040400,2021-01-04T14:43:39Z,44.14265833333334,28.655741666666668,0,249.7,252,terrestrial
563040400,2021-01-04T14:43:43Z,44.14265833333334,28.655741666666668,0,249.7,252,terrestrial
563040400,2021-01-04T14:46:41Z,44.14269,28.655745,0,249.7,252,terrestrial
563040400,2021-01-04T14:46:50Z,44.14269,28.655745,0,249.7,252,terrestrial
563040400,2021-01-04T14:46:53Z,44.14269,28.655745,0,249.7,252,terrestrial
563040400,2021-01-04T14:48:18Z,44.14269,28.655745,0,249.7,252,terrestrial
563040400,2021-01-04T14:49:32Z,44.14269,28.655745,0,249.7,252,terrestrial
563040400,2021-01-04T14:49:41Z,44.14266,28.655738333333332,0,249.7,252,terrestrial
563040400,2021-01-04T14:49:54Z,44.14266,28.655738333333332,0,250,252,dynamic
563040400,2021-01-04T14:52:41Z,44.142671666666665,28.655743333333334,0,249.7,252,terrestrial
563040400,2021-01-04T14:55:38Z,44.142671666666665,28.655743333333334,0,249.7,252,terrestrial
563040400,2021-01-04T14:55:41Z,44.142678333333336,28.655726666666666,0,249.7,252,terrestrial
563040400,2021-01-04T14:55:41Z,44.142678333333336,28.655726666666666,0,250,252,dynamic
563040400,2021-01-04T14:55:46Z,44.142678333333336,28.655726666666666,0,249.7,252,terrestrial
563040400,2021-01-04T14:57:10Z,44.142678333333336,28.655726666666666,0,249.7,252,terrestrial
563040400,2021-01-04T15:01:32Z,44.142678333333336,28.655726666666666,0,249.7,252,terrestrial
563040400,2021-01-04T15:01:39Z,44.142678333333336,28.655726666666666,0,249.7,252,terrestrial
563040400,2021-01-04T15:01:42Z,44.14266666666666,28.655726666666666,0,249.7,252,terrestrial
563040400,2021-01-04T15:01:49Z,44.14266666666666,28.655726666666666,0,249.7,252,terrestrial
563040400,2021-01-04T15:07:43Z,44.14268166666667,28.655723333333334,0,249.7,252,terrestrial
563040400,2021-01-04T15:07:49Z,44.14268166666667,28.655723333333334,0,249.7,252,terrestrial
563040400,2021-01-04T15:07:55Z,44.14268166666667,28.655723333333334,0,250,252,dynamic
563040400,2021-01-04T15:10:38Z,44.142685,28.655711666666665,0,249.7,252,terrestrial
563040400,2021-01-04T15:13:31Z,44.142685,28.655711666666665,0,249.7,252,terrestrial
563040400,2021-01-04T15:13:41Z,44.142685,28.655711666666665,0,249.7,252,terrestrial
563040400,2021-01-04T15:13:44Z,44.14265,28.65576,0,249.7,252,terrestrial
563040400,2021-01-04T15:19:39Z,44.14265,28.65576,0,249.7,252,terrestrial
563040400,2021-01-04T15:19:45Z,44.142685,28.655705,0,249.7,253,terrestrial
563040400,2021-01-04T15:19:47Z,44.142685,28.655705,0,249.7,253,terrestrial
563040400,2021-01-04T15:22:41Z,44.142646666666664,28.655755,0,249.7,253,terrestrial
563040400,2021-01-04T15:25:39Z,44.1427,28.655708333333333,0,249.7,253,terrestrial
563040400,2021-01-04T15:25:46Z,44.1427,28.655708333333333,0,249.7,253,terrestrial
563040400,2021-01-04T15:31:35Z,44.1427,28.655708333333333,0,249.7,253,terrestrial
563040400,2021-01-04T15:31:38Z,44.1427,28.655708333333333,0,249.7,253,terrestrial
563040400,2021-01-04T15:31:41Z,44.14266,28.655715,0,249.7,252,terrestrial
563040400,2021-01-04T15:31:41Z,44.14266,28.655715,0,250,252,dynamic
563040400,2021-01-04T15:31:45Z,44.14266,28.655715,0,249.7,252,terrestrial
563040400,2021-01-04T15:37:32Z,44.14266,28.655715,0,249.7,252,terrestrial
563040400,2021-01-04T15:37:36Z,44.14266,28.655715,0,249.7,252,terrestrial
563040400,2021-01-04T15:37:40Z,44.14266,28.655715,0,249.7,252,terrestrial
563040400,2021-01-04T15:37:42Z,44.142673333333335,28.655741666666668,0,249.7,252,terrestrial
563040400,2021-01-04T15:37:44Z,44.142673333333335,28.655741666666668,0,249.7,252,terrestrial
563040400,2021-01-04T15:39:13Z,44.142673333333335,28.655741666666668,0,249.7,252,terrestrial
563040400,2021-01-04T15:40:42Z,44.142685,28.65576,0,249.7,252,terrestrial
563040400,2021-01-04T15:43:38Z,44.142685,28.65576,0,249.7,252,terrestrial
563040400,2021-01-04T15:43:43Z,44.142693333333334,28.65577,0,249.7,251,terrestrial
563040400,2021-01-04T15:43:45Z,44.142693333333334,28.65577,0,249.7,251,terrestrial
563040400,2021-01-04T15:46:41Z,44.142678333333336,28.655735,0,249.7,251,terrestrial
563040400,2021-01-04T15:46:42Z,44.142678333333336,28.655735,0,250,251,dynamic
563040400,2021-01-04T15:49:31Z,44.142678333333336,28.655735,0,250,251,terrestrial
563040400,2021-01-04T15:49:42Z,44.142673333333335,28.655726666666666,0,249.7,251,terrestrial
563040400,2021-01-04T15:55:38Z,44.142671666666665,28.65573,0,249.7,251,terrestrial
563040400,2021-01-04T15:55:40Z,44.142671666666665,28.65573,0,249.7,251,terrestrial
563040400,2021-01-04T15:55:45Z,44.142671666666665,28.65573,0,249.7,251,terrestrial
563040400,2021-01-04T16:01:32Z,44.142671666666665,28.65573,0,249.7,251,terrestrial
563040400,2021-01-04T16:01:45Z,44.142675,28.655741666666668,0,249.7,252,terrestrial
563040400,2021-01-04T16:04:43Z,44.14266666666666,28.655738333333332,0,250,252,dynamic
563040400,2021-01-04T16:07:40Z,44.14266666666666,28.655738333333332,0,250,252,terrestrial
563040400,2021-01-04T16:07:42Z,44.14268,28.655746666666666,0,249.7,251,terrestrial
563040400,2021-01-04T16:07:45Z,44.14268,28.655746666666666,0,249.7,251,terrestrial
563040400,2021-01-04T16:10:38Z,44.14268333333333,28.65574833333333,0,249.7,251,terrestrial
563040400,2021-01-04T16:13:32Z,44.14268333333333,28.65574833333333,0,249.7,251,terrestrial
563040400,2021-01-04T16:13:56Z,44.142671666666665,28.655735,0,250,251,dynamic
563040400,2021-01-04T16:16:43Z,44.14268833333333,28.655795,0,249.7,251,terrestrial
563040400,2021-01-04T16:19:39Z,44.14268833333333,28.655795,0,249.7,251,terrestrial
563040400,2021-01-04T16:19:40Z,44.14268833333333,28.655795,0,249.7,251,terrestrial
563040400,2021-01-04T16:21:12Z,44.14268833333333,28.655795,0,249.7,251,terrestrial
563040400,2021-01-04T16:21:13Z,44.14268833333333,28.655795,0,249.7,251,terrestrial
563040400,2021-01-04T16:22:44Z,44.14266333333333,28.655713333333335,0,249.7,251,terrestrial
563040400,2021-01-04T16:22:44Z,44.14266333333333,28.655713333333335,0,250,251,dynamic
563040400,2021-01-04T16:22:51Z,44.14266333333333,28.655713333333335,0,250,251,terrestrial
563040400,2021-01-04T16:22:58Z,44.14266333333333,28.655713333333335,0,250,251,terrestrial
563040400,2021-01-04T16:24:09Z,44.14266333333333,28.655713333333335,0,250,251,terrestrial
563040400,2021-01-04T16:25:37Z,44.14266333333333,28.655713333333335,0,250,251,terrestrial
563040400,2021-01-04T16:25:40Z,44.14264333333333,28.655725,0,249.7,252,terrestrial
563040400,2021-01-04T16:27:08Z,44.14264333333333,28.655725,0,249.7,252,terrestrial
563040400,2021-01-04T16:28:57Z,44.14266333333333,28.655741666666668,0,250,252,dynamic
563040400,2021-01-04T16:31:43Z,44.14268166666667,28.65572,0,249.7,252,terrestrial
563040400,2021-01-04T16:31:45Z,44.14268166666667,28.65572,0,249.7,252,terrestrial
563040400,2021-01-04T16:34:49Z,44.14268166666667,28.65572,0,249.7,252,terrestrial
563040400,2021-01-04T16:35:53Z,44.14268166666667,28.65572,0,249.7,252,terrestrial
563040400,2021-01-04T16:37:32Z,44.14268166666667,28.65572,0,249.7,252,terrestrial
563040400,2021-01-04T16:37:34Z,44.14268166666667,28.65572,0,249.7,252,terrestrial
563040400,2021-01-04T16:37:40Z,44.14268166666667,28.65572,0,249.7,252,terrestrial
563040400,2021-01-04T16:40:39Z,44.142685,28.655741666666668,0,249.7,253,terrestrial
563040400,2021-01-04T16:40:39Z,44.142685,28.655741666666668,0,250,253,dynamic
563040400,2021-01-04T16:40:45Z,44.142685,28.655741666666668,0,250,253,terrestrial
563040400,2021-01-04T16:43:39Z,44.14273166666667,28.65578,0,249.7,253,terrestrial
563040400,2021-01-04T16:43:40Z,44.14273166666667,28.65578,0,249.7,253,terrestrial
563040400,2021-01-04T16:46:44Z,44.142648333333334,28.655696666666667,0,249.7,252,terrestrial
563040400,2021-01-04T16:46:50Z,44.142648333333334,28.655696666666667,0,249.7,252,terrestrial
563040400,2021-01-04T16:46:55Z,44.142648333333334,28.655696666666667,0,250,252,dynamic
563040400,2021-01-04T16:49:31Z,44.142648333333334,28.655696666666667,0,250,252,terrestrial
563040400,2021-01-04T16:49:39Z,44.142691666666664,28.65576666666667,0,249.7,252,terrestrial
563040400,2021-01-04T16:49:40Z,44.142691666666664,28.65576666666667,0,249.7,252,terrestrial
563040400,2021-01-04T16:52:39Z,44.14266166666667,28.65572,0,249.7,252,terrestrial
563040400,2021-01-04T16:55:41Z,44.14266166666667,28.65572,0,249.7,252,terrestrial
563040400,2021-01-04T16:55:47Z,44.142678333333336,28.655741666666668,0,249.7,252,terrestrial
563040400,2021-01-04T16:55:48Z,44.142678333333336,28.655741666666668,0,249.7,252,terrestrial
563040400,2021-01-04T16:55:51Z,44.142678333333336,28.655741666666668,0,249.7,252,terrestrial
563040400,2021-01-04T16:58:41Z,44.14273166666667,28.655801666666665,0,249.7,252,terrestrial
563040400,2021-01-04T17:01:32Z,44.14273166666667,28.655801666666665,0,249.7,252,terrestrial
563040400,2021-01-04T17:01:41Z,44.142698333333335,28.65575,0,249.7,252,terrestrial
563040400,2021-01-04T17:01:50Z,44.142698333333335,28.65575,0,249.7,252,terrestrial
563040400,2021-01-04T17:07:38Z,44.142698333333335,28.65575,0,249.7,252,terrestrial
563040400,2021-01-04T17:07:44Z,44.14268333333333,28.655765,0,249.7,252,terrestrial
563040400,2021-01-04T17:10:42Z,44.14266666666666,28.65572,0,249.7,252,terrestrial
563040400,2021-01-04T17:10:42Z,44.14266666666666,28.65572,0,250,252,dynamic
563040400,2021-01-04T17:10:49Z,44.14266666666666,28.65572,0,250,252,terrestrial
563040400,2021-01-04T17:10:58Z,44.14266666666666,28.65572,0,250,252,terrestrial
563040400,2021-01-04T17:16:41Z,44.14266666666666,28.655716666666667,0,249.7,251,terrestrial
563040400,2021-01-04T17:16:42Z,44.14266666666666,28.655716666666667,0,249.7,251,terrestrial
563040400,2021-01-04T17:16:47Z,44.14266666666666,28.655716666666667,0,249.7,251,terrestrial
563040400,2021-01-04T17:16:49Z,44.14266666666666,28.655716666666667,0,249.7,251,terrestrial
563040400,2021-01-04T17:17:45Z,44.14266666666666,28.655716666666667,0,249.7,251,terrestrial
563040400,2021-01-04T17:19:31Z,44.14266666666666,28.655716666666667,0,249.7,251,terrestrial
563040400,2021-01-04T17:19:37Z,44.14266666666666,28.655716666666667,0,249.7,251,terrestrial
563040400,2021-01-04T17:19:47Z,44.14265833333334,28.655753333333333,0,249.7,251,terrestrial
563040400,2021-01-04T17:20:25Z,44.14265833333334,28.655753333333333,0,249.7,251,terrestrial
563040400,2021-01-04T17:22:41Z,44.14266,28.655726666666666,0,249.7,251,terrestrial
563040400,2021-01-04T17:22:45Z,44.14266,28.655726666666666,0,249.7,251,terrestrial
563040400,2021-01-04T17:22:49Z,44.14266,28.655726666666666,0,249.7,251,terrestrial
563040400,2021-01-04T17:23:43Z,44.14266,28.655726666666666,0,249.7,251,terrestrial
563040400,2021-01-04T17:25:46Z,44.14268666666667,28.655741666666668,0,249.7,251,terrestrial
563040400,2021-01-04T17:25:46Z,44.14268666666667,28.655741666666668,0,250,251,dynamic
563040400,2021-01-04T17:28:43Z,44.14268666666667,28.655741666666668,0,250,251,terrestrial
563040400,2021-01-04T17:28:49Z,44.14268666666667,28.655741666666668,0,250,251,terrestrial
563040400,2021-01-04T17:31:45Z,44.14267,28.655685,0,249.7,251,terrestrial
563040400,2021-01-04T17:31:46Z,44.14267,28.655685,0,249.7,251,terrestrial
563040400,2021-01-04T17:31:52Z,44.14267,28.655685,0,249.7,251,terrestrial
563040400,2021-01-04T17:32:22Z,44.14267,28.655685,0,249.7,251,terrestrial
563040400,2021-01-04T17:32:23Z,44.14267,28.655685,0,249.7,251,terrestrial
563040400,2021-01-04T17:37:40Z,44.14267,28.655685,0,249.7,251,terrestrial
563040400,2021-01-04T17:37:44Z,44.142678333333336,28.655705,0,249.7,251,terrestrial
563040400,2021-01-04T17:37:57Z,44.142678333333336,28.655705,0,250,251,dynamic
563040400,2021-01-04T17:40:44Z,44.14266833333333,28.65573,0,249.7,251,terrestrial
563040400,2021-01-04T17:43:44Z,44.14266,28.655741666666668,0,249.7,251,terrestrial
563040400,2021-01-04T17:43:44Z,44.14266,28.655741666666668,0,250,251,dynamic
563040400,2021-01-04T17:44:00Z,44.14266,28.655741666666668,0,250,251,terrestrial
563040400,2021-01-04T17:46:39Z,44.14265833333334,28.655718333333333,0,249.7,251,terrestrial
563040400,2021-01-04T17:49:46Z,44.142671666666665,28.6557,0,249.7,251,terrestrial
563040400,2021-01-04T17:49:48Z,44.142671666666665,28.6557,0,249.7,251,terrestrial
563040400,2021-01-04T17:49:57Z,44.142671666666665,28.6557,0,249.7,251,terrestrial
563040400,2021-01-04T17:49:58Z,44.142671666666665,28.6557,0,249.7,251,terrestrial
563040400,2021-01-04T17:52:39Z,44.142655,28.655716666666667,0,249.7,251,terrestrial
563040400,2021-01-04T17:52:41Z,44.142655,28.655716666666667,0,249.7,251,terrestrial
563040400,2021-01-04T17:55:41Z,44.142655,28.655716666666667,0,249.7,251,terrestrial
563040400,2021-01-04T17:55:43Z,44.142655,28.655716666666667,0,249.7,251,terrestrial
563040400,2021-01-04T17:55:46Z,44.14268833333333,28.655756666666665,0,249.7,251,terrestrial
563040400,2021-01-04T17:55:59Z,44.14268833333333,28.655756666666665,0,250,251,dynamic
563040400,2021-01-04T18:01:32Z,44.14268833333333,28.655756666666665,0,250,251,terrestrial
563040400,2021-01-04T18:01:33Z,44.14268833333333,28.655756666666665,0,250,251,terrestrial
563040400,2021-01-04T18:01:35Z,44.14268833333333,28.655756666666665,0,250,251,terrestrial
563040400,2021-01-04T18:01:39Z,44.142675,28.655743333333334,0,249.7,252,terrestrial
563040400,2021-01-04T18:01:39Z,44.142675,28.655743333333334,0,250,252,dynamic
563040400,2021-01-04T18:01:40Z,44.142675,28.655743333333334,0,249.7,252,terrestrial
563040400,2021-01-04T18:01:41Z,44.142675,28.655743333333334,0,249.7,252,terrestrial
563040400,2021-01-04T18:01:46Z,44.142675,28.655743333333334,0,249.7,252,terrestrial
563040400,2021-01-04T18:07:37Z,44.142675,28.655743333333334,0,249.7,252,terrestrial
563040400,2021-01-04T18:07:38Z,44.142675,28.655743333333334,0,249.7,252,terrestrial
563040400,2021-01-04T18:07:45Z,44.14266,28.655735,0,249.7,252,terrestrial
563040400,2021-01-04T18:07:47Z,44.14266,28.655735,0,249.7,252,terrestrial
563040400,2021-01-04T18:07:49Z,44.14266,28.655735,0,249.7,252,terrestrial
563040400,2021-01-04T18:10:43Z,44.14268166666667,28.65572166666667,0,249.7,252,terrestrial
563040400,2021-01-04T18:13:32Z,44.14268166666667,28.65572166666667,0,249.7,252,terrestrial
563040400,2021-01-04T18:13:35Z,44.14268166666667,28.65572166666667,0,249.7,252,terrestrial
563040400,2021-01-04T18:13:37Z,44.14268166666667,28.65572166666667,0,249.7,252,terrestrial
563040400,2021-01-04T18:13:39Z,44.14268166666667,28.65574833333333,0,249.7,252,terrestrial
563040400,2021-01-04T18:13:40Z,44.14268166666667,28.65574833333333,0,249.7,252,terrestrial
563040400,2021-01-04T18:13:42Z,44.14268166666667,28.65574833333333,0,249.7,252,terrestrial
563040400,2021-01-04T18:13:51Z,44.14268166666667,28.65574833333333,0,250,252,dynamic
563040400,2021-01-04T18:16:41Z,44.142705,28.65578,0,249.7,252,terrestrial
563040400,2021-01-04T18:19:31Z,44.142705,28.65578,0,249.7,252,terrestrial
563040400,2021-01-04T18:22:42Z,44.14261833333333,28.655723333333334,0,249.7,252,terrestrial
563040400,2021-01-04T18:25:32Z,44.14261833333333,28.655723333333334,0,249.7,252,terrestrial
563040400,2021-01-04T18:25:39Z,44.142653333333335,28.655715,0,249.7,253,terrestrial
563040400,2021-01-04T18:25:41Z,44.142653333333335,28.655715,0,249.7,253,terrestrial
563040400,2021-01-04T18:25:46Z,44.142653333333335,28.655715,0,249.7,253,terrestrial
563040400,2021-01-04T18:31:40Z,44.14266666666666,28.655745,0,249.7,253,terrestrial
563040400,2021-01-04T18:31:47Z,44.14266666666666,28.655745,0,249.7,253,terrestrial
563040400,2021-01-04T18:34:42Z,44.142718333333335,28.655753333333333,0,250,253,dynamic
563040400,2021-01-04T18:37:33Z,44.142718333333335,28.655753333333333,0,250,253,terrestrial
563040400,2021-01-04T18:37:44Z,44.142671666666665,28.65574,0,249.7,253,terrestrial
563040400,2021-01-04T18:37:51Z,44.142671666666665,28.65574,0,249.7,253,terrestrial
563040400,2021-01-04T18:40:39Z,44.14266166666667,28.655718333333333,0,249.7,253,terrestrial
563040400,2021-01-04T18:43:44Z,44.14268833333333,28.655735,0,249.7,252,terrestrial
563040400,2021-01-04T18:46:39Z,44.142716666666665,28.655741666666668,0,249.7,252,terrestrial
563040400,2021-01-04T18:46:42Z,44.142716666666665,28.655741666666668,0,249.7,252,terrestrial
563040400,2021-01-04T18:46:44Z,44.142716666666665,28.655741666666668,0,249.7,252,terrestrial
563040400,2021-01-04T18:49:45Z,44.14276,28.655783333333332,0,249.7,252,terrestrial
563040400,2021-01-04T18:49:45Z,44.14276,28.655783333333332,0,250,252,dynamic
563040400,2021-01-04T18:52:52Z,44.14276,28.655783333333332,0,250,252,terrestrial
563040400,2021-01-04T18:52:54Z,44.14276,28.655783333333332,0,250,252,terrestrial
563040400,2021-01-04T18:53:01Z,44.14276,28.655783333333332,0,250,252,terrestrial
563040400,2021-01-04T18:55:41Z,44.14276,28.655783333333332,0,250,252,terrestrial
563040400,2021-01-04T18:55:44Z,44.14276,28.655783333333332,0,250,252,terrestrial
563040400,2021-01-04T18:55:45Z,44.14264333333333,28.65573,0,249.7,251,terrestrial
563040400,2021-01-04T18:55:52Z,44.14264333333333,28.65573,0,249.7,251,terrestrial
563040400,2021-01-04T18:58:54Z,44.14264333333333,28.65573,0,249.7,251,terrestrial
563040400,2021-01-04T18:58:57Z,44.14264333333333,28.65573,0,249.7,251,terrestrial
563040400,2021-01-04T19:01:32Z,44.14264333333333,28.65573,0,249.7,251,terrestrial
563040400,2021-01-04T19:01:43Z,44.14270333333333,28.65572166666667,0,249.7,251,terrestrial
563040400,2021-01-04T19:01:56Z,44.14270333333333,28.65572166666667,0,250,251,dynamic
563040400,2021-01-04T19:07:45Z,44.142581666666665,28.655678333333334,0,249.7,251,terrestrial
563040400,2021-01-04T19:07:45Z,44.142581666666665,28.655678333333334,0,250,251,dynamic
563040400,2021-01-04T19:07:53Z,44.142581666666665,28.655678333333334,0,249.7,251,terrestrial
563040400,2021-01-04T19:07:54Z,44.142581666666665,28.655678333333334,0,249.7,251,terrestrial
563040400,2021-01-04T19:07:57Z,44.142581666666665,28.655678333333334,0,249.7,251,terrestrial
563040400,2021-01-04T19:10:41Z,44.14270833333333,28.655735,0,249.7,251,terrestrial
563040400,2021-01-04T19:13:40Z,44.142685,28.655753333333333,0,249.7,251,terrestrial
563040400,2021-01-04T19:13:49Z,44.142685,28.655753333333333,0,249.7,251,terrestrial
563040400,2021-01-04T19:16:39Z,44.142665,28.655743333333334,0,249.7,251,terrestrial
563040400,2021-01-04T19:16:49Z,44.142665,28.655743333333334,0,249.7,251,terrestrial
563040400,2021-01-04T19:19:32Z,44.142665,28.655743333333334,0,249.7,251,terrestrial
563040400,2021-01-04T19:19:40Z,44.142665,28.655743333333334,0,249.7,251,terrestrial
563040400,2021-01-04T19:19:41Z,44.142665,28.655743333333334,0,249.7,251,terrestrial
563040400,2021-01-04T19:19:43Z,44.142665,28.655743333333334,0,249.7,251,terrestrial
563040400,2021-01-04T19:19:44Z,44.14261833333333,28.65573,0,249.7,251,terrestrial
563040400,2021-01-04T19:19:56Z,44.14261833333333,28.65573,0,250,251,dynamic
563040400,2021-01-04T19:22:44Z,44.14265,28.65574,0,249.7,251,terrestrial
563040400,2021-01-04T19:22:54Z,44.14265,28.65574,0,249.7,251,terrestrial
563040400,2021-01-04T19:25:32Z,44.14265,28.65574,0,249.7,251,terrestrial
563040400,2021-01-04T19:25:41Z,44.14265,28.65574,0,249.7,251,terrestrial
563040400,2021-01-04T19:25:43Z,44.14265,28.65574,0,249.7,251,terrestrial
563040400,2021-01-04T19:25:44Z,44.142671666666665,28.655726666666666,0,249.7,252,terrestrial
563040400,2021-01-04T19:25:44Z,44.142671666666665,28.655726666666666,0,250,252,dynamic
563040400,2021-01-04T19:25:46Z,44.142671666666665,28.655726666666666,0,250,252,terrestrial
563040400,2021-01-04T19:25:51Z,44.142671666666665,28.655726666666666,0,249.7,252,terrestrial
563040400,2021-01-04T19:28:48Z,44.142671666666665,28.655726666666666,0,249.7,252,terrestrial
563040400,2021-01-04T19:28:52Z,44.142671666666665,28.655726666666666,0,249.7,252,terrestrial
563040400,2021-01-04T19:31:39Z,44.142671666666665,28.655726666666666,0,249.7,252,terrestrial
563040400,2021-01-04T19:31:42Z,44.14266333333333,28.655751666666667,0,249.7,252,terrestrial
563040400,2021-01-04T19:31:43Z,44.14266333333333,28.655751666666667,0,249.7,252,terrestrial
563040400,2021-01-04T19:34:46Z,44.14266333333333,28.655751666666667,0,249.7,252,terrestrial
563040400,2021-01-04T19:34:50Z,44.14266333333333,28.655751666666667,0,249.7,252,terrestrial
563040400,2021-01-04T19:37:32Z,44.14266333333333,28.655751666666667,0,249.7,252,terrestrial
563040400,2021-01-04T19:37:37Z,44.14266333333333,28.655751666666667,0,249.7,252,terrestrial
563040400,2021-01-04T19:37:40Z,44.14266333333333,28.655751666666667,0,249.7,252,terrestrial
563040400,2021-01-04T19:37:42Z,44.142723333333336,28.655755,0,249.7,252,terrestrial
563040400,2021-01-04T19:37:45Z,44.142723333333336,28.655755,0,249.7,252,terrestrial
563040400,2021-01-04T19:37:54Z,44.142723333333336,28.655755,0,250,252,dynamic
563040400,2021-01-04T19:40:43Z,44.14265666666667,28.655705,0,249.7,252,terrestrial
563040400,2021-01-04T19:40:48Z,44.14265666666667,28.655705,0,249.7,252,terrestrial
563040400,2021-01-04T19:40:54Z,44.14265666666667,28.655705,0,249.7,252,terrestrial
563040400,2021-01-04T19:40:55Z,44.14265666666667,28.655705,0,249.7,252,terrestrial
563040400,2021-01-04T19:43:40Z,44.142653333333335,28.655726666666666,0,249.7,252,terrestrial
563040400,2021-01-04T19:43:45Z,44.142653333333335,28.655726666666666,0,249.7,252,terrestrial
563040400,2021-01-04T19:43:49Z,44.142653333333335,28.655726666666666,0,249.7,252,terrestrial
563040400,2021-01-04T19:46:39Z,44.142665,28.655735,0,249.7,252,terrestrial
563040400,2021-01-04T19:46:40Z,44.142665,28.655735,0,249.7,252,terrestrial
563040400,2021-01-04T19:46:41Z,44.142665,28.655735,0,249.7,252,terrestrial
563040400,2021-01-04T19:46:42Z,44.142665,28.655735,0,249.7,252,terrestrial
563040400,2021-01-04T19:46:45Z,44.142665,28.655735,0,249.7,252,terrestrial
563040400,2021-01-04T19:49:32Z,44.142665,28.655735,0,249.7,252,terrestrial
563040400,2021-01-04T19:49:40Z,44.14263166666667,28.655708333333333,0,249.7,252,terrestrial
563040400,2021-01-04T19:52:47Z,44.142685,28.655743333333334,0,249.7,252,terrestrial
563040400,2021-01-04T19:55:37Z,44.142685,28.655743333333334,0,249.7,252,terrestrial
563040400,2021-01-04T19:55:39Z,44.142685,28.655743333333334,0,249.7,252,terrestrial
563040400,2021-01-04T19:55:44Z,44.14268666666667,28.6557,0,249.7,252,terrestrial
563040400,2021-01-04T19:55:47Z,44.14268666666667,28.6557,0,249.7,252,terrestrial
563040400,2021-01-04T19:58:43Z,44.142678333333336,28.655768333333334,0,250,252,dynamic
563040400,2021-01-04T19:58:48Z,44.142678333333336,28.655768333333334,0,250,252,terrestrial
563040400,2021-01-04T19:58:50Z,44.142678333333336,28.655768333333334,0,250,252,terrestrial
563040400,2021-01-04T19:58:52Z,44.142678333333336,28.655768333333334,0,250,252,terrestrial
563040400,2021-01-04T20:01:42Z,44.14264333333333,28.655715,0,249.7,252,terrestrial
563040400,2021-01-04T20:01:44Z,44.14264333333333,28.655715,0,249.7,252,terrestrial
563040400,2021-01-04T20:01:46Z,44.14264333333333,28.655715,0,249.7,252,terrestrial
563040400,2021-01-04T20:01:48Z,44.14264333333333,28.655715,0,249.7,252,terrestrial
563040400,2021-01-04T20:01:52Z,44.14264333333333,28.655715,0,249.7,252,terrestrial
563040400,2021-01-04T20:04:44Z,44.14264333333333,28.655715,0,249.7,252,terrestrial
563040400,2021-01-04T20:04:49Z,44.14264333333333,28.655715,0,249.7,252,terrestrial
563040400,2021-01-04T20:04:52Z,44.14264333333333,28.655715,0,249.7,252,terrestrial
563040400,2021-01-04T20:07:36Z,44.14264333333333,28.655715,0,249.7,252,terrestrial
563040400,2021-01-04T20:07:38Z,44.14264333333333,28.655715,0,249.7,252,terrestrial
563040400,2021-01-04T20:07:43Z,44.14264333333333,28.655715,0,249.7,252,terrestrial
563040400,2021-01-04T20:07:44Z,44.14264333333333,28.655715,0,249.7,252,terrestrial
563040400,2021-01-04T20:07:46Z,44.14266666666666,28.655716666666667,0,249.7,251,terrestrial
563040400,2021-01-04T20:10:40Z,44.14265833333334,28.6557,0,249.7,251,terrestrial
563040400,2021-01-04T20:10:42Z,44.14265833333334,28.6557,0,249.7,251,terrestrial
563040400,2021-01-04T20:10:45Z,44.14265833333334,28.6557,0,249.7,251,terrestrial
563040400,2021-01-04T20:10:49Z,44.14265833333334,28.6557,0,249.7,251,terrestrial
563040400,2021-01-04T20:10:54Z,44.14265833333334,28.6557,0,249.7,251,terrestrial
563040400,2021-01-04T20:10:56Z,44.14265833333334,28.6557,0,249.7,251,terrestrial
563040400,2021-01-04T20:13:37Z,44.14265833333334,28.6557,0,249.7,251,terrestrial
563040400,2021-01-04T20:13:39Z,44.14265833333334,28.6557,0,249.7,251,terrestrial
563040400,2021-01-04T20:16:42Z,44.142685,28.655693333333332,0,249.7,251,terrestrial
563040400,2021-01-04T20:16:42Z,44.142685,28.655693333333332,0,250,251,dynamic
563040400,2021-01-04T20:16:45Z,44.142685,28.655693333333332,0,249.7,251,terrestrial
563040400,2021-01-04T20:16:46Z,44.142685,28.655693333333332,0,249.7,251,terrestrial
563040400,2021-01-04T20:16:50Z,44.142685,28.655693333333332,0,249.7,251,terrestrial
563040400,2021-01-04T20:19:34Z,44.142685,28.655693333333332,0,249.7,251,terrestrial
563040400,2021-01-04T20:19:36Z,44.142685,28.655693333333332,0,249.7,251,terrestrial
563040400,2021-01-04T20:19:37Z,44.142685,28.655693333333332,0,249.7,251,terrestrial
563040400,2021-01-04T20:22:42Z,44.14271166666666,28.65576,0,249.7,251,terrestrial
563040400,2021-01-04T20:22:44Z,44.14271166666666,28.65576,0,249.7,251,terrestrial
563040400,2021-01-04T20:22:47Z,44.14271166666666,28.65576,0,249.7,251,terrestrial
563040400,2021-01-04T20:22:48Z,44.14271166666666,28.65576,0,249.7,251,terrestrial
563040400,2021-01-04T20:22:49Z,44.14271166666666,28.65576,0,249.7,251,terrestrial
563040400,2021-01-04T20:25:32Z,44.14271166666666,28.65576,0,249.7,251,terrestrial
563040400,2021-01-04T20:25:42Z,44.14271166666666,28.65576,0,249.7,251,terrestrial
563040400,2021-01-04T20:25:43Z,44.14271166666666,28.65576,0,249.7,251,terrestrial
563040400,2021-01-04T20:28:40Z,44.14267666666667,28.655663333333333,0.1,249.7,251,terrestrial
563040400,2021-01-04T20:31:35Z,44.14267666666667,28.655663333333333,0.1,249.7,251,terrestrial
563040400,2021-01-04T20:31:36Z,44.14267666666667,28.655663333333333,0.1,249.7,251,terrestrial
563040400,2021-01-04T20:31:41Z,44.14267666666667,28.655663333333333,0.1,249.7,251,terrestrial
563040400,2021-01-04T20:31:43Z,44.142678333333336,28.65568,0,249.7,251,terrestrial
563040400,2021-01-04T20:31:43Z,44.142678333333336,28.65568,0,250,251,dynamic
563040400,2021-01-04T20:31:44Z,44.142678333333336,28.65568,0,249.7,251,terrestrial
563040400,2021-01-04T20:37:32Z,44.142678333333336,28.65568,0,249.7,251,terrestrial
563040400,2021-01-04T20:37:40Z,44.14267,28.6557,0,249.7,251,terrestrial
563040400,2021-01-04T20:37:41Z,44.14267,28.6557,0,249.7,251,terrestrial
563040400,2021-01-04T20:37:42Z,44.14267,28.6557,0,249.7,251,terrestrial
563040400,2021-01-04T20:37:43Z,44.14267,28.6557,0,249.7,251,terrestrial
563040400,2021-01-04T20:40:44Z,44.142648333333334,28.655685,0.1,249.7,251,terrestrial
563040400,2021-01-04T20:40:56Z,44.142648333333334,28.655685,0.1,250,251,dynamic
563040400,2021-01-04T20:43:36Z,44.142648333333334,28.655685,0.1,250,251,terrestrial
563040400,2021-01-04T20:43:37Z,44.142648333333334,28.655685,0.1,250,251,terrestrial
563040400,2021-01-04T20:43:38Z,44.142648333333334,28.655685,0.1,250,251,terrestrial
563040400,2021-01-04T20:46:43Z,44.142655,28.655743333333334,0,271.4,252,terrestrial
563040400,2021-01-04T20:46:44Z,44.142655,28.655743333333334,0,271.4,252,terrestrial
563040400,2021-01-04T20:46:44Z,44.142655,28.655743333333334,0,271,252,dynamic
563040400,2021-01-04T20:47:00Z,44.142655,28.655743333333334,0,271,252,terrestrial
563040400,2021-01-04T20:47:03Z,44.142655,28.655743333333334,0,271,252,terrestrial
563040400,2021-01-04T20:49:32Z,44.142655,28.655743333333334,0,271,252,terrestrial
563040400,2021-01-04T20:49:41Z,44.142671666666665,28.65573,0,271.4,252,terrestrial
563040400,2021-01-04T20:52:44Z,44.14268333333333,28.65573,0,271.4,252,terrestrial
563040400,2021-01-04T20:52:54Z,44.14268333333333,28.65573,0,271.4,252,terrestrial
563040400,2021-01-04T20:55:40Z,44.142685,28.655733333333334,0,271.4,252,terrestrial
563040400,2021-01-04T20:55:44Z,44.142685,28.655733333333334,0,271.4,252,terrestrial
563040400,2021-01-04T20:55:47Z,44.142685,28.655733333333334,0,271.4,252,terrestrial
563040400,2021-01-04T20:58:52Z,44.14269,28.655715,0,271,252,dynamic
563040400,2021-01-04T21:01:33Z,44.14269,28.655715,0,271,252,terrestrial
563040400,2021-01-04T21:01:37Z,44.14269,28.655715,0,271,252,terrestrial
563040400,2021-01-04T21:01:38Z,44.14269,28.655715,0,271,252,terrestrial
563040400,2021-01-04T21:01:43Z,44.14269,28.655715,0,271,252,terrestrial
563040400,2021-01-04T21:01:45Z,44.14267666666667,28.655723333333334,0,271.4,252,terrestrial
563040400,2021-01-04T21:01:46Z,44.14267666666667,28.655723333333334,0,271,252,dynamic
563040400,2021-01-04T21:01:49Z,44.14267666666667,28.655723333333334,0,271,252,terrestrial
563040400,2021-01-04T21:01:50Z,44.14267666666667,28.655723333333334,0,271.4,252,terrestrial
563040400,2021-01-04T21:04:43Z,44.14267666666667,28.655723333333334,0,271.4,252,terrestrial
563040400,2021-01-04T21:04:50Z,44.14267666666667,28.655723333333334,0,271.4,252,terrestrial
563040400,2021-01-04T21:04:52Z,44.14267666666667,28.655723333333334,0,271.4,252,terrestrial
563040400,2021-01-04T21:07:46Z,44.14263833333333,28.655715,0,271.4,251,terrestrial
563040400,2021-01-04T21:10:43Z,44.142633333333336,28.655716666666667,0,271.4,251,terrestrial
563040400,2021-01-04T21:13:32Z,44.142633333333336,28.655716666666667,0,271.4,251,terrestrial
563040400,2021-01-04T21:13:39Z,44.142633333333336,28.655716666666667,0,271.4,251,terrestrial
563040400,2021-01-04T21:13:40Z,44.142633333333336,28.655716666666667,0,271.4,251,terrestrial
563040400,2021-01-04T21:13:45Z,44.14267,28.655716666666667,0,271.4,251,terrestrial
563040400,2021-01-04T21:13:57Z,44.14267,28.655716666666667,0,271,251,dynamic
563040400,2021-01-04T21:16:42Z,44.14267,28.655716666666667,0,271,251,terrestrial
563040400,2021-01-04T21:16:54Z,44.14267,28.655716666666667,0,271,251,terrestrial
563040400,2021-01-04T21:16:56Z,44.14267,28.655716666666667,0,271,251,terrestrial
563040400,2021-01-04T21:19:39Z,44.14267,28.655716666666667,0,271,251,terrestrial
563040400,2021-01-04T21:19:40Z,44.142685,28.655718333333333,0,271.4,251,terrestrial
563040400,2021-01-04T21:19:44Z,44.142685,28.655718333333333,0,271.4,251,terrestrial
563040400,2021-01-04T21:19:45Z,44.142685,28.655718333333333,0,271.4,251,terrestrial
563040400,2021-01-04T21:19:46Z,44.142685,28.655718333333333,0,271.4,251,terrestrial
563040400,2021-01-04T21:22:44Z,44.14268166666667,28.65573,0,271.4,251,terrestrial
563040400,2021-01-04T21:22:54Z,44.14268166666667,28.65573,0,271.4,251,terrestrial
563040400,2021-01-04T21:22:56Z,44.14268166666667,28.65573,0,271.4,251,terrestrial
563040400,2021-01-04T21:22:58Z,44.14268166666667,28.65573,0,271.4,251,terrestrial
563040400,2021-01-04T21:25:39Z,44.14268166666667,28.65573,0,271.4,251,terrestrial
563040400,2021-01-04T21:25:41Z,44.14268166666667,28.65573,0,271.4,251,terrestrial
563040400,2021-01-04T21:25:44Z,44.14268333333333,28.65569,0,271.4,251,terrestrial
563040400,2021-01-04T21:25:46Z,44.14268333333333,28.65569,0,271.4,251,terrestrial
563040400,2021-01-04T21:25:50Z,44.14268333333333,28.65569,0,271.4,251,terrestrial
563040400,2021-01-04T21:28:45Z,44.14268333333333,28.65569,0,271.4,251,terrestrial
563040400,2021-01-04T21:31:43Z,44.142685,28.65572,0,271.4,251,terrestrial
563040400,2021-01-04T21:34:49Z,44.142685,28.65572,0,271.4,251,terrestrial
563040400,2021-01-04T21:34:50Z,44.142685,28.65572,0,271.4,251,terrestrial
563040400,2021-01-04T21:37:43Z,44.14267,28.655738333333332,0,271,251,dynamic
563040400,2021-01-04T21:37:52Z,44.14267,28.655738333333332,0,271,251,terrestrial
563040400,2021-01-04T21:37:56Z,44.14267,28.655738333333332,0,271,251,terrestrial
563040400,2021-01-04T21:37:57Z,44.14267,28.655738333333332,0,271,251,terrestrial
563040400,2021-01-04T21:40:44Z,44.142678333333336,28.655733333333334,0,271.4,251,terrestrial
563040400,2021-01-04T21:40:52Z,44.142678333333336,28.655733333333334,0,271.4,251,terrestrial
563040400,2021-01-04T21:40:53Z,44.142678333333336,28.655733333333334,0,271.4,251,terrestrial
563040400,2021-01-04T21:40:54Z,44.142678333333336,28.655733333333334,0,271.4,251,terrestrial
563040400,2021-01-04T21:46:40Z,44.142678333333336,28.65576,0,271.4,251,terrestrial
563040400,2021-01-04T21:46:49Z,44.142678333333336,28.65576,0,271.4,251,terrestrial
563040400,2021-01-04T21:46:55Z,44.142678333333336,28.65576,0,271.4,251,terrestrial
563040400,2021-01-04T21:49:33Z,44.142678333333336,28.65576,0,271.4,251,terrestrial
563040400,2021-01-04T21:52:40Z,44.14267,28.655746666666666,0,271.4,251,terrestrial
563040400,2021-01-04T21:52:41Z,44.14267,28.655746666666666,0,271.4,251,terrestrial
563040400,2021-01-04T21:52:48Z,44.14267,28.655746666666666,0,271.4,251,terrestrial
563040400,2021-01-04T21:55:43Z,44.142655,28.655705,0,271.4,251,terrestrial
563040400,2021-01-04T21:55:43Z,44.142655,28.655705,0,271,251,dynamic
563040400,2021-01-04T21:55:51Z,44.142655,28.655705,0,271.4,251,terrestrial
563040400,2021-01-04T21:58:46Z,44.142655,28.655705,0,271.4,251,terrestrial
563040400,2021-01-04T21:58:55Z,44.142655,28.655705,0,271.4,251,terrestrial
563040400,2021-01-04T22:01:32Z,44.142655,28.655705,0,271.4,251,terrestrial
563040400,2021-01-04T22:01:38Z,44.142655,28.655705,0,271.4,251,terrestrial
563040400,2021-01-04T22:01:40Z,44.142655,28.655705,0,271.4,251,terrestrial
563040400,2021-01-04T22:01:45Z,44.142685,28.65573,0,271.4,251,terrestrial
563040400,2021-01-04T22:01:57Z,44.142685,28.65573,0,271.4,251,terrestrial
563040400,2021-01-04T22:04:55Z,44.142685,28.65573,0,271.4,251,terrestrial
563040400,2021-01-04T22:05:00Z,44.14266333333333,28.655711666666665,0,271,251,dynamic
563040400,2021-01-04T22:07:34Z,44.14266333333333,28.655711666666665,0,271,251,terrestrial
563040400,2021-01-04T22:07:37Z,44.14266333333333,28.655711666666665,0,271,251,terrestrial
563040400,2021-01-04T22:07:39Z,44.14266333333333,28.655711666666665,0,271,251,terrestrial
563040400,2021-01-04T22:07:43Z,44.14266666666666,28.655733333333334,0,271.4,251,terrestrial
563040400,2021-01-04T22:07:44Z,44.14266666666666,28.655733333333334,0,271.4,251,terrestrial
563040400,2021-01-04T22:10:47Z,44.142678333333336,28.655718333333333,0,271.4,250,terrestrial
563040400,2021-01-04T22:10:48Z,44.142678333333336,28.655718333333333,0,271.4,250,terrestrial
563040400,2021-01-04T22:10:48Z,44.142678333333336,28.655718333333333,0,271,250,dynamic
563040400,2021-01-04T22:11:02Z,44.142678333333336,28.655718333333333,0,271,250,terrestrial
563040400,2021-01-04T22:11:03Z,44.142678333333336,28.655718333333333,0,271,250,terrestrial
563040400,2021-01-04T22:13:32Z,44.142678333333336,28.655718333333333,0,271,250,terrestrial
563040400,2021-01-04T22:13:34Z,44.142678333333336,28.655718333333333,0,271,250,terrestrial
563040400,2021-01-04T22:13:35Z,44.142678333333336,28.655718333333333,0,271,250,terrestrial
563040400,2021-01-04T22:13:39Z,44.142678333333336,28.655718333333333,0,271,250,terrestrial
563040400,2021-01-04T22:13:44Z,44.142675,28.655738333333332,0,271.4,250,terrestrial
563040400,2021-01-04T22:16:49Z,44.14266,28.65573,0,271.4,250,terrestrial
563040400,2021-01-04T22:19:34Z,44.14266,28.65573,0,271.4,250,terrestrial
563040400,2021-01-04T22:19:36Z,44.14266,28.65573,0,271.4,250,terrestrial
563040400,2021-01-04T22:19:42Z,44.14266,28.65573,0,271.4,250,terrestrial
563040400,2021-01-04T22:19:43Z,44.14266,28.65573,0,271.4,250,terrestrial
563040400,2021-01-04T22:19:45Z,44.142651666666666,28.65573,0,271.4,250,terrestrial
563040400,2021-01-04T22:22:50Z,44.14268166666667,28.655715,0,271.4,250,terrestrial
563040400,2021-01-04T22:22:55Z,44.14268166666667,28.655715,0,271.4,250,terrestrial
563040400,2021-01-04T22:22:58Z,44.14268166666667,28.655715,0,271.4,250,terrestrial
563040400,2021-01-04T22:23:02Z,44.14268166666667,28.655715,0,271,250,dynamic
563040400,2021-01-04T22:25:32Z,44.14268166666667,28.655715,0,271,250,terrestrial
563040400,2021-01-04T22:25:46Z,44.142671666666665,28.655741666666668,0,271.4,250,terrestrial
563040400,2021-01-04T22:25:47Z,44.142671666666665,28.655741666666668,0,271.4,250,terrestrial
563040400,2021-01-04T22:25:48Z,44.142671666666665,28.655741666666668,0,271.4,250,terrestrial
563040400,2021-01-04T22:25:50Z,44.142671666666665,28.655741666666668,0,271.4,250,terrestrial
563040400,2021-01-04T22:28:41Z,44.14266,28.655711666666665,0,271,250,dynamic
563040400,2021-01-04T22:31:48Z,44.14266,28.655711666666665,0,271,250,terrestrial
563040400,2021-01-04T22:34:45Z,44.14268666666667,28.655723333333334,0,271.4,250,terrestrial
563040400,2021-01-04T22:35:04Z,44.14268666666667,28.655723333333334,0,271.4,250,terrestrial
563040400,2021-01-04T22:40:46Z,44.14266166666667,28.655756666666665,0,271.4,252,terrestrial
563040400,2021-01-04T22:40:59Z,44.14266166666667,28.655756666666665,0,271,252,dynamic
563040400,2021-01-04T22:46:40Z,44.14266,28.655746666666666,0,271.4,253,terrestrial
563040400,2021-01-04T22:46:41Z,44.14266,28.655746666666666,0,271,253,dynamic
563040400,2021-01-04T22:46:42Z,44.14266,28.655746666666666,0,271,253,terrestrial
563040400,2021-01-04T22:46:50Z,44.14266,28.655746666666666,0,271,253,terrestrial
563040400,2021-01-04T22:46:57Z,44.14266,28.655746666666666,0,271,253,terrestrial
563040400,2021-01-04T22:49:32Z,44.14266,28.655746666666666,0,271,253,terrestrial
563040400,2021-01-04T22:52:40Z,44.14266666666666,28.655711666666665,0,271.4,253,terrestrial
563040400,2021-01-04T22:52:49Z,44.14266666666666,28.655711666666665,0,271.4,253,terrestrial
563040400,2021-01-04T22:55:40Z,44.142675,28.655753333333333,0,271.4,253,terrestrial
563040400,2021-01-04T22:55:47Z,44.142675,28.655753333333333,0,271.4,253,terrestrial
563040400,2021-01-04T22:55:49Z,44.142675,28.655753333333333,0,271.4,253,terrestrial
563040400,2021-01-04T22:55:50Z,44.142675,28.655753333333333,0,271.4,253,terrestrial
563040400,2021-01-04T22:58:54Z,44.142675,28.655753333333333,0,271.4,253,terrestrial
563040400,2021-01-04T22:58:55Z,44.142675,28.655753333333333,0,271.4,253,terrestrial
563040400,2021-01-04T23:01:33Z,44.142675,28.655753333333333,0,271.4,253,terrestrial
563040400,2021-01-04T23:01:40Z,44.142675,28.655753333333333,0,271.4,253,terrestrial
563040400,2021-01-04T23:01:43Z,44.14266,28.65574833333333,0,271.4,253,terrestrial
563040400,2021-01-04T23:01:51Z,44.14266,28.65574833333333,0,271.4,253,terrestrial
563040400,2021-01-04T23:04:58Z,44.14265666666667,28.655716666666667,0,271,253,dynamic
563040400,2021-01-04T23:07:41Z,44.14266,28.655755,0,271.4,252,terrestrial
563040400,2021-01-04T23:07:48Z,44.14266,28.655755,0,271.4,252,terrestrial
563040400,2021-01-04T23:10:44Z,44.142685,28.655723333333334,0,271.4,252,terrestrial
563040400,2021-01-04T23:10:53Z,44.142685,28.655723333333334,0,271.4,252,terrestrial
563040400,2021-01-04T23:10:55Z,44.142685,28.655723333333334,0,271.4,252,terrestrial
563040400,2021-01-04T23:13:43Z,44.14270166666667,28.655745,0,271.4,252,terrestrial
563040400,2021-01-04T23:16:40Z,44.142678333333336,28.655728333333332,0,271.4,252,terrestrial
563040400,2021-01-04T23:16:41Z,44.142678333333336,28.655728333333332,0,271.4,252,terrestrial
563040400,2021-01-04T23:16:48Z,44.142678333333336,28.655728333333332,0,271.4,252,terrestrial
563040400,2021-01-04T23:19:40Z,44.142678333333336,28.655728333333332,0,271.4,252,terrestrial
563040400,2021-01-04T23:19:41Z,44.14271166666666,28.655718333333333,0,271.4,252,terrestrial
563040400,2021-01-04T23:19:41Z,44.14271166666666,28.655718333333333,0,271,252,dynamic
563040400,2021-01-04T23:19:45Z,44.14271166666666,28.655718333333333,0,271,252,terrestrial
563040400,2021-01-04T23:22:42Z,44.14267,28.655705,0,271.4,252,terrestrial
563040400,2021-01-04T23:25:39Z,44.14267,28.655705,0,271.4,252,terrestrial
563040400,2021-01-04T23:25:45Z,44.14267,28.655705,0,271.4,252,terrestrial
563040400,2021-01-04T23:25:46Z,44.14266666666666,28.655736666666666,0,271.4,252,terrestrial
563040400,2021-01-04T23:25:49Z,44.14266666666666,28.655736666666666,0,271.4,252,terrestrial
563040400,2021-01-04T23:25:52Z,44.14266666666666,28.655736666666666,0,271.4,252,terrestrial
563040400,2021-01-04T23:25:53Z,44.14266666666666,28.655736666666666,0,271.4,252,terrestrial
563040400,2021-01-04T23:25:58Z,44.14266666666666,28.655736666666666,0,271,252,dynamic
563040400,2021-01-04T23:28:48Z,44.14266666666666,28.655736666666666,0,271,252,terrestrial
563040400,2021-01-04T23:28:51Z,44.14266666666666,28.655736666666666,0,271,252,terrestrial
563040400,2021-01-04T23:31:41Z,44.14266666666666,28.655736666666666,0,271,252,terrestrial
563040400,2021-01-04T23:31:42Z,44.14266666666666,28.655736666666666,0,271,252,terrestrial
563040400,2021-01-04T23:31:46Z,44.14267,28.655723333333334,0,271.4,251,terrestrial
563040400,2021-01-04T23:31:54Z,44.14267,28.655723333333334,0,271.4,251,terrestrial
563040400,2021-01-04T23:34:43Z,44.14267,28.655723333333334,0,271.4,251,terrestrial
563040400,2021-01-04T23:34:44Z,44.14265666666667,28.655735,0,271,251,dynamic
563040400,2021-01-04T23:37:41Z,44.142685,28.655741666666668,0,271.4,251,terrestrial
563040400,2021-01-04T23:37:47Z,44.142685,28.655741666666668,0,271.4,251,terrestrial
563040400,2021-01-04T23:40:40Z,44.142678333333336,28.65574833333333,0,271.4,251,terrestrial
563040400,2021-01-04T23:40:49Z,44.142678333333336,28.65574833333333,0,271.4,251,terrestrial
563040400,2021-01-04T23:43:40Z,44.142678333333336,28.65574833333333,0,271.4,251,terrestrial
563040400,2021-01-04T23:43:41Z,44.142678333333336,28.65574833333333,0,271.4,251,terrestrial
563040400,2021-01-04T23:43:44Z,44.142678333333336,28.65574833333333,0,271.4,251,terrestrial
563040400,2021-01-04T23:46:44Z,44.142671666666665,28.655731666666668,0,271.4,252,terrestrial
563040400,2021-01-04T23:46:56Z,44.142671666666665,28.655731666666668,0,271,252,dynamic
563040400,2021-01-04T23:49:32Z,44.142671666666665,28.655731666666668,0,271,252,terrestrial
563040400,2021-01-04T23:49:40Z,44.142671666666665,28.655731666666668,0,271,252,terrestrial
563040400,2021-01-04T23:49:41Z,44.142648333333334,28.655736666666666,0,271.4,252,terrestrial
563040400,2021-01-04T23:52:46Z,44.14266833333333,28.655738333333332,0,271.4,252,terrestrial
563040400,2021-01-04T23:52:47Z,44.14266833333333,28.655738333333332,0,271,252,dynamic
563040400,2021-01-04T23:52:53Z,44.14266833333333,28.655738333333332,0,271.4,252,terrestrial
563040400,2021-01-04T23:52:54Z,44.14266833333333,28.655738333333332,0,271.4,252,terrestrial
563040400,2021-01-04T23:52:58Z,44.14266833333333,28.655738333333332,0,271.4,252,terrestrial
563040400,2021-01-04T23:53:01Z,44.14266833333333,28.655738333333332,0,271.4,252,terrestrial
563040400,2021-01-04T23:55:51Z,44.14267,28.655716666666667,0,271.4,252,terrestrial
563040400,2021-01-04T23:59:00Z,44.14267,28.655716666666667,0,271.4,252,terrestrial
563040400,2021-01-05T00:01:33Z,44.14267,28.655716666666667,0,271.4,252,terrestrial
563040400,2021-01-05T00:01:39Z,44.14267,28.655716666666667,0,271.4,252,terrestrial
563040400,2021-01-05T00:01:40Z,44.14267,28.655716666666667,0,271.4,252,terrestrial
563040400,2021-01-05T00:01:42Z,44.14267,28.655716666666667,0,271.4,252,terrestrial
563040400,2021-01-05T00:01:43Z,44.14266666666666,28.655713333333335,0,271.4,252,terrestrial
563040400,2021-01-05T00:01:44Z,44.14266666666666,28.655713333333335,0,271.4,252,terrestrial
563040400,2021-01-05T00:01:50Z,44.14266666666666,28.655713333333335,0,271.4,252,terrestrial
563040400,2021-01-05T00:04:58Z,44.142678333333336,28.65573,0,271,252,dynamic
563040400,2021-01-05T00:07:39Z,44.142678333333336,28.65573,0,271,252,terrestrial
563040400,2021-01-05T00:07:42Z,44.142678333333336,28.65573,0,271,252,terrestrial
563040400,2021-01-05T00:07:48Z,44.142678333333336,28.65573,0,271,252,terrestrial
563040400,2021-01-05T00:10:45Z,44.14268166666667,28.655741666666668,0,271.4,253,terrestrial
563040400,2021-01-05T00:10:46Z,44.14268166666667,28.655741666666668,0,271,253,dynamic
563040400,2021-01-05T00:10:53Z,44.14268166666667,28.655741666666668,0,271,253,terrestrial
563040400,2021-01-05T00:10:55Z,44.14268166666667,28.655741666666668,0,271,253,terrestrial
563040400,2021-01-05T00:10:59Z,44.14268166666667,28.655741666666668,0,271,253,terrestrial
563040400,2021-01-05T00:11:04Z,44.14268166666667,28.655741666666668,0,271,253,terrestrial
563040400,2021-01-05T00:13:32Z,44.14268166666667,28.655741666666668,0,271,253,terrestrial
563040400,2021-01-05T00:16:46Z,44.142678333333336,28.655713333333335,0,271.4,253,terrestrial
563040400,2021-01-05T00:16:54Z,44.142678333333336,28.655713333333335,0,271.4,253,terrestrial
563040400,2021-01-05T00:17:01Z,44.142678333333336,28.655713333333335,0,271.4,253,terrestrial
563040400,2021-01-05T00:19:44Z,44.142685,28.655745,0,271.4,254,terrestrial
563040400,2021-01-05T00:22:44Z,44.142678333333336,28.655723333333334,0,271.4,254,terrestrial
563040400,2021-01-05T00:22:52Z,44.142678333333336,28.655723333333334,0,271.4,254,terrestrial
563040400,2021-01-05T00:22:53Z,44.142678333333336,28.655723333333334,0,271.4,254,terrestrial
563040400,2021-01-05T00:22:57Z,44.142678333333336,28.655723333333334,0,271,254,dynamic
563040400,2021-01-05T00:25:32Z,44.142678333333336,28.655723333333334,0,271,254,terrestrial
563040400,2021-01-05T00:25:35Z,44.142678333333336,28.655723333333334,0,271,254,terrestrial
563040400,2021-01-05T00:25:39Z,44.142678333333336,28.655723333333334,0,271,254,terrestrial
563040400,2021-01-05T00:25:41Z,44.142696666666666,28.655735,0,271.4,254,terrestrial
563040400,2021-01-05T00:25:42Z,44.142696666666666,28.655735,0,271.4,254,terrestrial
563040400,2021-01-05T00:25:44Z,44.142696666666666,28.655735,0,271.4,254,terrestrial
563040400,2021-01-05T00:28:47Z,44.14268666666667,28.655725,0,271,254,dynamic
563040400,2021-01-05T00:28:48Z,44.14268666666667,28.655725,0,271,254,terrestrial
563040400,2021-01-05T00:29:00Z,44.14268666666667,28.655725,0,271,254,terrestrial
563040400,2021-01-05T00:31:41Z,44.14268666666667,28.655725,0,271,254,terrestrial
563040400,2021-01-05T00:31:44Z,44.142675,28.655741666666668,0,271.4,254,terrestrial
563040400,2021-01-05T00:31:46Z,44.142675,28.655741666666668,0,271.4,254,terrestrial
563040400,2021-01-05T00:34:55Z,44.142675,28.655741666666668,0,271.4,254,terrestrial
563040400,2021-01-05T00:34:56Z,44.142675,28.655741666666668,0,271.4,254,terrestrial
563040400,2021-01-05T00:34:57Z,44.142675,28.655741666666668,0,271.4,254,terrestrial
563040400,2021-01-05T00:37:33Z,44.142675,28.655741666666668,0,271.4,254,terrestrial
563040400,2021-01-05T00:37:36Z,44.142675,28.655741666666668,0,271.4,254,terrestrial
563040400,2021-01-05T00:37:43Z,44.14265,28.655746666666666,0,271.4,253,terrestrial
563040400,2021-01-05T00:40:46Z,44.142671666666665,28.655745,0,271.4,253,terrestrial
563040400,2021-01-05T00:40:57Z,44.142671666666665,28.655745,0,271.4,253,terrestrial
563040400,2021-01-05T00:40:59Z,44.142671666666665,28.655745,0,271,253,dynamic
563040400,2021-01-05T00:41:02Z,44.142671666666665,28.655745,0,271,253,terrestrial
563040400,2021-01-05T00:41:03Z,44.142671666666665,28.655745,0,271,253,terrestrial
563040400,2021-01-05T00:43:41Z,44.14268666666667,28.65575,0,271.4,253,terrestrial
563040400,2021-01-05T00:43:43Z,44.14268666666667,28.65575,0,271.4,253,terrestrial
563040400,2021-01-05T00:46:41Z,44.142675,28.655723333333334,0,271.4,253,terrestrial
563040400,2021-01-05T00:49:33Z,44.142675,28.655723333333334,0,271.4,253,terrestrial
563040400,2021-01-05T00:49:35Z,44.142675,28.655723333333334,0,271.4,253,terrestrial
563040400,2021-01-05T00:49:39Z,44.142675,28.655723333333334,0,271.4,253,terrestrial
563040400,2021-01-05T00:49:41Z,44.142675,28.655723333333334,0,271.4,253,terrestrial
563040400,2021-01-05T00:49:45Z,44.142675,28.655723333333334,0,271.4,253,terrestrial
563040400,2021-01-05T00:52:40Z,44.14266666666666,28.655723333333334,0,271.4,253,terrestrial
563040400,2021-01-05T00:55:37Z,44.14266666666666,28.655723333333334,0,271.4,253,terrestrial
563040400,2021-01-05T00:55:46Z,44.14266666666666,28.655723333333334,0,271.4,253,terrestrial
563040400,2021-01-05T00:55:54Z,44.14266,28.655711666666665,0,271.4,252,terrestrial
563040400,2021-01-05T01:01:45Z,44.14266666666666,28.655716666666667,0,271.4,252,terrestrial
563040400,2021-01-05T01:01:45Z,44.14266666666666,28.655716666666667,0,271,252,dynamic
563040400,2021-01-05T01:01:47Z,44.14266666666666,28.655716666666667,0,271.4,252,terrestrial
563040400,2021-01-05T01:01:56Z,44.14266666666666,28.655716666666667,0,271.4,252,terrestrial
563040400,2021-01-05T01:04:48Z,44.14266666666666,28.655716666666667,0,271.4,252,terrestrial
563040400,2021-01-05T01:04:52Z,44.14266666666666,28.655716666666667,0,271.4,252,terrestrial
563040400,2021-01-05T01:07:36Z,44.14266666666666,28.655716666666667,0,271.4,252,terrestrial
563040400,2021-01-05T01:07:39Z,44.14266666666666,28.655716666666667,0,271.4,252,terrestrial
563040400,2021-01-05T01:07:46Z,44.14265833333334,28.655741666666668,0,271.4,252,terrestrial
563040400,2021-01-05T01:07:48Z,44.14265833333334,28.655741666666668,0,271.4,252,terrestrial
563040400,2021-01-05T01:10:53Z,44.14265833333334,28.655741666666668,0,271.4,252,terrestrial
563040400,2021-01-05T01:10:56Z,44.14265833333334,28.655741666666668,0,271.4,252,terrestrial
563040400,2021-01-05T01:13:34Z,44.14265833333334,28.655741666666668,0,271.4,252,terrestrial
563040400,2021-01-05T01:13:35Z,44.14265833333334,28.655741666666668,0,271.4,252,terrestrial
563040400,2021-01-05T01:13:41Z,44.14265833333334,28.655741666666668,0,271.4,252,terrestrial
563040400,2021-01-05T01:13:43Z,44.14265833333334,28.655741666666668,0,271.4,252,terrestrial
563040400,2021-01-05T01:13:48Z,44.14268,28.655716666666667,0,271.4,252,terrestrial
563040400,2021-01-05T01:13:49Z,44.14268,28.655716666666667,0,271.4,252,terrestrial
563040400,2021-01-05T01:16:41Z,44.14265,28.655705,0,271.4,252,terrestrial
563040400,2021-01-05T01:16:44Z,44.14265,28.655705,0,271.4,252,terrestrial
563040400,2021-01-05T01:16:52Z,44.14265,28.655705,0,271.4,252,terrestrial
563040400,2021-01-05T01:16:53Z,44.14265,28.655705,0,271.4,252,terrestrial
563040400,2021-01-05T01:19:47Z,44.142678333333336,28.655731666666668,0,271.4,252,terrestrial
563040400,2021-01-05T01:19:48Z,44.142678333333336,28.655731666666668,0,271,252,dynamic
563040400,2021-01-05T01:19:50Z,44.142678333333336,28.655731666666668,0,271,252,terrestrial
563040400,2021-01-05T01:19:52Z,44.142678333333336,28.655731666666668,0,271,252,terrestrial
563040400,2021-01-05T01:19:53Z,44.142678333333336,28.655731666666668,0,271,252,terrestrial
563040400,2021-01-05T01:19:57Z,44.142678333333336,28.655731666666668,0,271,252,terrestrial
563040400,2021-01-05T01:22:45Z,44.14265666666667,28.655745,0,271.4,252,terrestrial
563040400,2021-01-05T01:22:47Z,44.14265666666667,28.655745,0,271.4,252,terrestrial
563040400,2021-01-05T01:22:52Z,44.14265666666667,28.655745,0,271.4,252,terrestrial
563040400,2021-01-05T01:22:54Z,44.14265666666667,28.655745,0,271.4,252,terrestrial
563040400,2021-01-05T01:22:58Z,44.14265666666667,28.655745,0,271.4,252,terrestrial
563040400,2021-01-05T01:23:01Z,44.14265666666667,28.655745,0,271.4,252,terrestrial
563040400,2021-01-05T01:25:32Z,44.14265666666667,28.655745,0,271.4,252,terrestrial
563040400,2021-01-05T01:25:37Z,44.14265666666667,28.655745,0,271.4,252,terrestrial
563040400,2021-01-05T01:25:39Z,44.14265666666667,28.655745,0,271.4,252,terrestrial
563040400,2021-01-05T01:25:48Z,44.142671666666665,28.655765,0,271.4,252,terrestrial
563040400,2021-01-05T01:25:52Z,44.142671666666665,28.655765,0,271.4,252,terrestrial
563040400,2021-01-05T01:28:52Z,44.142671666666665,28.655765,0,271.4,252,terrestrial
563040400,2021-01-05T01:28:56Z,44.142671666666665,28.655765,0,271.4,252,terrestrial
563040400,2021-01-05T01:29:00Z,44.142671666666665,28.655765,0,271.4,252,terrestrial
563040400,2021-01-05T01:29:02Z,44.142671666666665,28.655765,0,271.4,252,terrestrial
563040400,2021-01-05T01:31:36Z,44.142671666666665,28.655765,0,271.4,252,terrestrial
563040400,2021-01-05T01:31:39Z,44.142671666666665,28.655765,0,271.4,252,terrestrial
563040400,2021-01-05T01:31:48Z,44.14266166666667,28.655741666666668,0,271.4,252,terrestrial
563040400,2021-01-05T01:31:50Z,44.14266166666667,28.655741666666668,0,271.4,252,terrestrial
563040400,2021-01-05T01:34:48Z,44.14266166666667,28.655741666666668,0,271.4,252,terrestrial
563040400,2021-01-05T01:34:51Z,44.14266166666667,28.655741666666668,0,271.4,252,terrestrial
563040400,2021-01-05T01:34:52Z,44.14266166666667,28.655741666666668,0,271.4,252,terrestrial
563040400,2021-01-05T01:37:32Z,44.14266166666667,28.655741666666668,0,271.4,252,terrestrial
563040400,2021-01-05T01:37:38Z,44.14266166666667,28.655741666666668,0,271.4,252,terrestrial
563040400,2021-01-05T01:37:39Z,44.14266166666667,28.655741666666668,0,271.4,252,terrestrial
563040400,2021-01-05T01:37:42Z,44.14266166666667,28.655741666666668,0,271.4,252,terrestrial
563040400,2021-01-05T01:37:45Z,44.14266166666667,28.655741666666668,0,271.4,252,terrestrial
563040400,2021-01-05T01:37:47Z,44.142671666666665,28.655725,0,271.4,252,terrestrial
563040400,2021-01-05T01:37:48Z,44.142671666666665,28.655725,0,271,252,dynamic
563040400,2021-01-05T01:37:50Z,44.142671666666665,28.655725,0,271.4,252,terrestrial
563040400,2021-01-05T01:40:44Z,44.142671666666665,28.655738333333332,0,271.4,252,terrestrial
563040400,2021-01-05T01:40:50Z,44.142671666666665,28.655738333333332,0,271.4,252,terrestrial
563040400,2021-01-05T01:40:54Z,44.142671666666665,28.655738333333332,0,271.4,252,terrestrial
563040400,2021-01-05T01:40:57Z,44.142671666666665,28.655738333333332,0,271.4,252,terrestrial
563040400,2021-01-05T01:43:41Z,44.142696666666666,28.655723333333334,0,271.4,252,terrestrial
563040400,2021-01-05T01:46:45Z,44.142665,28.655711666666665,0,271.4,252,terrestrial
563040400,2021-01-05T01:49:32Z,44.142665,28.655711666666665,0,271.4,252,terrestrial
563040400,2021-01-05T01:49:35Z,44.142665,28.655711666666665,0,271.4,252,terrestrial
563040400,2021-01-05T01:49:38Z,44.142665,28.655711666666665,0,271.4,252,terrestrial
563040400,2021-01-05T01:49:43Z,44.142665,28.655711666666665,0,271.4,252,terrestrial
563040400,2021-01-05T01:49:46Z,44.142655,28.655741666666668,0,271.4,252,terrestrial
563040400,2021-01-05T01:49:47Z,44.142655,28.655741666666668,0,271.4,252,terrestrial
563040400,2021-01-05T01:52:41Z,44.142671666666665,28.655738333333332,0,271.4,252,terrestrial
563040400,2021-01-05T01:52:44Z,44.142671666666665,28.655738333333332,0,271.4,252,terrestrial
563040400,2021-01-05T01:52:45Z,44.142671666666665,28.655738333333332,0,271.4,252,terrestrial
563040400,2021-01-05T01:52:48Z,44.142671666666665,28.655738333333332,0,271.4,252,terrestrial
563040400,2021-01-05T01:55:37Z,44.142671666666665,28.655738333333332,0,271.4,252,terrestrial
563040400,2021-01-05T01:55:39Z,44.142671666666665,28.655738333333332,0,271.4,252,terrestrial
563040400,2021-01-05T01:55:40Z,44.142671666666665,28.655738333333332,0,271.4,252,terrestrial
563040400,2021-01-05T01:55:44Z,44.14267,28.655728333333332,0,271.4,252,terrestrial
563040400,2021-01-05T01:55:45Z,44.14267,28.655728333333332,0,271,252,dynamic
563040400,2021-01-05T01:55:48Z,44.14267,28.655728333333332,0,271.4,252,terrestrial
563040400,2021-01-05T01:58:51Z,44.14267,28.655728333333332,0,271.4,252,terrestrial
563040400,2021-01-05T01:58:52Z,44.14267,28.655728333333332,0,271.4,252,terrestrial
563040400,2021-01-05T01:58:58Z,44.14267,28.655728333333332,0,271.4,252,terrestrial
563040400,2021-01-05T01:59:01Z,44.14267,28.655728333333332,0,271.4,252,terrestrial
563040400,2021-01-05T02:01:36Z,44.14267,28.655728333333332,0,271.4,252,terrestrial
563040400,2021-01-05T02:01:39Z,44.14267,28.655728333333332,0,271.4,252,terrestrial
563040400,2021-01-05T02:01:41Z,44.14266666666666,28.655735,0,271.4,252,terrestrial
563040400,2021-01-05T02:01:42Z,44.14266666666666,28.655735,0,271.4,252,terrestrial
563040400,2021-01-05T02:01:44Z,44.14266666666666,28.655735,0,271.4,252,terrestrial
563040400,2021-01-05T02:04:47Z,44.14266666666666,28.655735,0,271.4,252,terrestrial
563040400,2021-01-05T02:04:52Z,44.14266666666666,28.655735,0,271.4,252,terrestrial
563040400,2021-01-05T02:07:32Z,44.14266666666666,28.655735,0,271.4,252,terrestrial
563040400,2021-01-05T02:07:39Z,44.14266666666666,28.655735,0,271.4,252,terrestrial
563040400,2021-01-05T02:07:47Z,44.14266666666666,28.655735,0,271.4,252,terrestrial
563040400,2021-01-05T02:10:44Z,44.142665,28.655725,0,271.4,252,terrestrial
563040400,2021-01-05T02:10:49Z,44.142665,28.655725,0,271.4,252,terrestrial
563040400,2021-01-05T02:10:56Z,44.142665,28.655725,0,271,252,dynamic
563040400,2021-01-05T02:13:32Z,44.142665,28.655725,0,271,252,terrestrial
563040400,2021-01-05T02:13:34Z,44.142665,28.655725,0,271,252,terrestrial
563040400,2021-01-05T02:13:36Z,44.142665,28.655725,0,271,252,terrestrial
563040400,2021-01-05T02:13:42Z,44.142665,28.655725,0,271,252,terrestrial
563040400,2021-01-05T02:13:45Z,44.142653333333335,28.655733333333334,0,271.4,252,terrestrial
563040400,2021-01-05T02:13:46Z,44.142653333333335,28.655733333333334,0,271,252,dynamic
563040400,2021-01-05T02:16:49Z,44.142653333333335,28.655733333333334,0,271,252,terrestrial
563040400,2021-01-05T02:16:55Z,44.142653333333335,28.655733333333334,0,271,252,terrestrial
563040400,2021-01-05T02:16:59Z,44.142653333333335,28.655733333333334,0,271,252,terrestrial
563040400,2021-01-05T02:19:34Z,44.142653333333335,28.655733333333334,0,271,252,terrestrial
563040400,2021-01-05T02:19:39Z,44.142653333333335,28.655733333333334,0,271,252,terrestrial
563040400,2021-01-05T02:19:41Z,44.14267,28.655735,0,271.4,252,terrestrial
563040400,2021-01-05T02:19:44Z,44.14267,28.655735,0,271.4,252,terrestrial
563040400,2021-01-05T02:19:45Z,44.14267,28.655735,0,271.4,252,terrestrial
563040400,2021-01-05T02:19:49Z,44.14267,28.655735,0,271.4,252,terrestrial
563040400,2021-01-05T02:22:41Z,44.142678333333336,28.655765,0,271.4,252,terrestrial
563040400,2021-01-05T02:25:37Z,44.142678333333336,28.655765,0,271.4,252,terrestrial
563040400,2021-01-05T02:25:40Z,44.142678333333336,28.655765,0,271.4,252,terrestrial
563040400,2021-01-05T02:25:42Z,44.14266166666667,28.65572,0,271.4,253,terrestrial
563040400,2021-01-05T02:25:44Z,44.14266166666667,28.65572,0,271.4,253,terrestrial
563040400,2021-01-05T02:25:45Z,44.14266166666667,28.65572,0,271.4,253,terrestrial
563040400,2021-01-05T02:25:46Z,44.14266166666667,28.65572,0,271.4,253,terrestrial
563040400,2021-01-05T02:28:57Z,44.142675,28.655753333333333,0,271,253,dynamic
563040400,2021-01-05T02:31:36Z,44.142675,28.655753333333333,0,271,253,terrestrial
563040400,2021-01-05T02:31:39Z,44.142675,28.655753333333333,0,271,253,terrestrial
563040400,2021-01-05T02:31:40Z,44.142675,28.655753333333333,0,271,253,terrestrial
563040400,2021-01-05T02:31:41Z,44.142675,28.655753333333333,0,271,253,terrestrial
563040400,2021-01-05T02:31:46Z,44.14264,28.655746666666666,0,271.4,253,terrestrial
563040400,2021-01-05T02:31:46Z,44.14264,28.655746666666666,0,271,253,dynamic
563040400,2021-01-05T02:31:49Z,44.14264,28.655746666666666,0,271.4,253,terrestrial
563040400,2021-01-05T02:34:48Z,44.14264,28.655746666666666,0,271.4,253,terrestrial
563040400,2021-01-05T02:34:51Z,44.14264,28.655746666666666,0,271.4,253,terrestrial
563040400,2021-01-05T02:34:54Z,44.14264,28.655746666666666,0,271.4,253,terrestrial
563040400,2021-01-05T02:34:57Z,44.14264,28.655746666666666,0,271.4,253,terrestrial
563040400,2021-01-05T02:37:44Z,44.14266,28.655735,0,271.4,252,terrestrial
563040400,2021-01-05T02:37:45Z,44.14266,28.655735,0,271.4,252,terrestrial
563040400,2021-01-05T02:40:41Z,44.142671666666665,28.65573,0,271.4,252,terrestrial
563040400,2021-01-05T02:40:47Z,44.142671666666665,28.65573,0,271.4,252,terrestrial
563040400,2021-01-05T02:40:49Z,44.142671666666665,28.65573,0,271.4,252,terrestrial
563040400,2021-01-05T02:40:52Z,44.142671666666665,28.65573,0,271.4,252,terrestrial
563040400,2021-01-05T02:43:36Z,44.142671666666665,28.65573,0,271.4,252,terrestrial
563040400,2021-01-05T02:43:38Z,44.142671666666665,28.65573,0,271.4,252,terrestrial
563040400,2021-01-05T02:43:42Z,44.14263666666667,28.655763333333333,0,271.4,252,terrestrial
563040400,2021-01-05T02:46:44Z,44.142671666666665,28.655726666666666,0,271.4,252,terrestrial
563040400,2021-01-05T02:46:51Z,44.142671666666665,28.655726666666666,0,271.4,252,terrestrial
563040400,2021-01-05T02:46:56Z,44.142671666666665,28.655726666666666,0,271,252,dynamic
563040400,2021-01-05T02:47:00Z,44.142671666666665,28.655726666666666,0,271,252,terrestrial
563040400,2021-01-05T02:47:04Z,44.142671666666665,28.655726666666666,0,271,252,terrestrial
563040400,2021-01-05T02:49:33Z,44.142671666666665,28.655726666666666,0,271,252,terrestrial
563040400,2021-01-05T02:49:36Z,44.142671666666665,28.655726666666666,0,271,252,terrestrial
563040400,2021-01-05T02:49:37Z,44.142671666666665,28.655726666666666,0,271,252,terrestrial
563040400,2021-01-05T02:50:55Z,44.14265833333334,28.655753333333333,0,271.4,252,terrestrial
563040400,2021-01-05T02:51:06Z,44.142655,28.655756666666665,0,271.4,252,terrestrial
563040400,2021-01-05T02:51:12Z,44.142655,28.655756666666665,0,271.4,252,terrestrial
563040400,2021-01-05T02:55:06Z,44.142646666666664,28.655755,0,271.4,252,terrestrial
563040400,2021-01-05T02:56:53Z,44.142646666666664,28.655755,0,271.4,252,terrestrial
563040400,2021-01-05T02:56:55Z,44.142646666666664,28.655755,0,271.4,252,terrestrial
563040400,2021-01-05T02:57:01Z,44.142646666666664,28.655755,0,271.4,252,terrestrial
563040400,2021-01-05T03:00:02Z,44.14267,28.655741666666668,0,271.4,252,terrestrial
563040400,2021-01-05T03:00:06Z,44.142671666666665,28.65574,0,271.4,252,terrestrial
563040400,2021-01-05T03:02:56Z,44.142671666666665,28.65574,0,271.4,252,terrestrial
563040400,2021-01-05T03:02:59Z,44.142671666666665,28.65574,0,271.4,252,terrestrial
563040400,2021-01-05T03:03:04Z,44.142671666666665,28.65574,0,271.4,252,terrestrial
563040400,2021-01-05T03:03:07Z,44.142671666666665,28.65574,0,271.4,252,terrestrial
563040400,2021-01-05T03:04:56Z,44.14268666666667,28.655753333333333,0,271,252,dynamic
563040400,2021-01-05T03:05:06Z,44.142675,28.655746666666666,0,271.4,252,terrestrial
563040400,2021-01-05T03:08:55Z,44.142675,28.655746666666666,0,271.4,252,terrestrial
563040400,2021-01-05T03:09:01Z,44.142675,28.655746666666666,0,271.4,252,terrestrial
563040400,2021-01-05T03:09:03Z,44.142675,28.655746666666666,0,271.4,252,terrestrial
563040400,2021-01-05T03:10:00Z,44.142671666666665,28.655711666666665,0,271.4,252,terrestrial
563040400,2021-01-05T03:10:07Z,44.142675,28.655715,0,271.4,252,terrestrial
563040400,2021-01-05T03:14:53Z,44.142675,28.655715,0,271.4,252,terrestrial
563040400,2021-01-05T03:14:55Z,44.142675,28.655715,0,271.4,252,terrestrial
563040400,2021-01-05T03:14:58Z,44.142675,28.655715,0,271.4,252,terrestrial
563040400,2021-01-05T03:15:07Z,44.14269,28.655771666666666,0,271.4,252,terrestrial
563040400,2021-01-05T03:17:19Z,44.142651666666666,28.655698333333333,0.2,244,250,dynamic
563040400,2021-01-05T03:19:56Z,44.142268333333334,28.655761666666667,0.4,174,251,dynamic
563040400,2021-01-05T03:20:06Z,44.14225666666667,28.655768333333334,0.4,176.7,251,terrestrial
563040400,2021-01-05T03:20:25Z,44.142228333333335,28.655771666666666,0.4,179.5,250,terrestrial
563040400,2021-01-05T03:20:54Z,44.142228333333335,28.655771666666666,0.4,179.5,250,terrestrial
563040400,2021-01-05T03:20:59Z,44.142228333333335,28.655771666666666,0.4,179.5,250,terrestrial
563040400,2021-01-05T03:21:00Z,44.142228333333335,28.655771666666666,0.4,179.5,250,terrestrial
563040400,2021-01-05T03:21:01Z,44.142228333333335,28.655771666666666,0.4,179.5,250,terrestrial
563040400,2021-01-05T03:25:03Z,44.142358333333334,28.656663333333334,1.1,79.2,251,terrestrial
563040400,2021-01-05T03:25:06Z,44.142365,28.65674,1.1,80.8,252,terrestrial
563040400,2021-01-05T03:26:59Z,44.142365,28.65674,1.1,80.8,252,terrestrial
563040400,2021-01-05T03:27:01Z,44.142365,28.65674,1.1,80.8,252,terrestrial
563040400,2021-01-05T03:30:05Z,44.142606666666666,28.658146666666667,0.6,96.6,259,terrestrial
563040400,2021-01-05T03:30:16Z,44.14259166666667,28.65821,0.4,96,259,terrestrial
563040400,2021-01-05T03:32:28Z,44.142498333333336,28.658628333333333,0.7,108,255,dynamic
563040400,2021-01-05T03:33:00Z,44.142498333333336,28.658628333333333,0.7,108,255,terrestrial
563040400,2021-01-05T03:34:57Z,44.142761666666665,28.659791666666667,1.3,64,250,dynamic
563040400,2021-01-05T03:35:05Z,44.142761666666665,28.659791666666667,1.3,63.9,250,terrestrial
563040400,2021-01-05T03:35:07Z,44.14279,28.659866666666666,1.3,65.5,250,terrestrial
563040400,2021-01-05T03:39:00Z,44.14279,28.659866666666666,1.3,65.5,250,terrestrial
563040400,2021-01-05T03:39:08Z,44.14279,28.659866666666666,1.3,65.5,250,terrestrial
563040400,2021-01-05T03:39:12Z,44.14279,28.659866666666666,1.3,65.5,250,terrestrial
563040400,2021-01-05T03:40:16Z,44.1431,28.661756666666665,0.9,99.2,259,terrestrial
563040400,2021-01-05T03:40:23Z,44.1431,28.661756666666665,0.9,99.2,259,terrestrial
563040400,2021-01-05T03:44:54Z,44.1431,28.661756666666665,0.9,99.2,259,terrestrial
563040400,2021-01-05T03:45:03Z,44.1431,28.661756666666665,0.9,99.2,259,terrestrial
563040400,2021-01-05T03:45:06Z,44.143141666666665,28.663133333333334,1.1,65.6,253,terrestrial
563040400,2021-01-05T03:45:09Z,44.143141666666665,28.663133333333334,1.1,65.6,253,terrestrial
563040400,2021-01-05T03:45:13Z,44.143141666666665,28.663133333333334,1.1,65.6,253,terrestrial
563040400,2021-01-05T03:47:28Z,44.14335833333333,28.66426166666667,1.4,77,266,dynamic
563040400,2021-01-05T03:50:05Z,44.143683333333335,28.66549,1.1,85.2,254,terrestrial
563040400,2021-01-05T03:50:25Z,44.143683333333335,28.665635,1.1,88.9,254,terrestrial
563040400,2021-01-05T03:50:54Z,44.143683333333335,28.665635,1.1,88.9,254,terrestrial
563040400,2021-01-05T03:51:01Z,44.143683333333335,28.665635,1.1,88.9,254,terrestrial
563040400,2021-01-05T03:51:02Z,44.143683333333335,28.665635,1.1,88.9,254,terrestrial
563040400,2021-01-05T03:51:03Z,44.143683333333335,28.665635,1.1,88.9,254,terrestrial
563040400,2021-01-05T03:51:04Z,44.143683333333335,28.665635,1.1,88.9,254,terrestrial
563040400,2021-01-05T03:55:04Z,44.143505,28.667028333333334,0.6,168.5,225,terrestrial
563040400,2021-01-05T03:55:16Z,44.143455,28.667065,0.5,155.5,224,terrestrial
563040400,2021-01-05T03:56:54Z,44.143455,28.667065,0.5,155.5,224,terrestrial
563040400,2021-01-05T03:57:01Z,44.143455,28.667065,0.5,155.5,224,terrestrial
563040400,2021-01-05T04:00:03Z,44.14321666666667,28.66717,0.5,148.8,163,terrestrial
563040400,2021-01-05T04:00:06Z,44.14319666666667,28.667188333333332,0.5,147.6,162,terrestrial
563040400,2021-01-05T04:02:57Z,44.14319666666667,28.667188333333332,0.5,147.6,162,terrestrial
563040400,2021-01-05T04:03:00Z,44.14319666666667,28.667188333333332,0.5,147.6,162,terrestrial
563040400,2021-01-05T04:05:05Z,44.142765,28.667775,0.5,102,125,terrestrial
563040400,2021-01-05T04:05:17Z,44.142763333333335,28.667825,0.6,96.4,126,terrestrial
563040400,2021-01-05T04:05:17Z,44.142763333333335,28.667825,0.6,96,126,dynamic
563040400,2021-01-05T04:08:53Z,44.142763333333335,28.667825,0.6,96,126,terrestrial
563040400,2021-01-05T04:09:02Z,44.142763333333335,28.667825,0.6,96,126,terrestrial
563040400,2021-01-05T04:10:05Z,44.14141333333333,28.670261666666665,2.9,134.2,134,terrestrial
563040400,2021-01-05T04:10:35Z,44.14111333333334,28.670698333333334,3.2,134.2,134,terrestrial
563040400,2021-01-05T04:14:52Z,44.14111333333334,28.670698333333334,3.2,134.2,134,terrestrial
563040400,2021-01-05T04:15:00Z,44.14111333333334,28.670698333333334,3.2,134.2,134,terrestrial
563040400,2021-01-05T04:15:02Z,44.14111333333334,28.670698333333334,3.2,134.2,134,terrestrial
563040400,2021-01-05T04:15:06Z,44.137605,28.675388333333334,3.8,136.2,139,terrestrial
563040400,2021-01-05T04:15:10Z,44.137605,28.675388333333334,3.8,136.2,139,terrestrial
563040400,2021-01-05T04:15:26Z,44.137368333333335,28.675708333333333,3.8,136.3,141,terrestrial
563040400,2021-01-05T04:17:49Z,44.13556333333333,28.677725,3.7,147,152,dynamic
563040400,2021-01-05T04:20:06Z,44.133408333333335,28.67923,3.6,155.7,153,terrestrial
563040400,2021-01-05T04:20:25Z,44.13298,28.67948833333333,3.6,157,152,terrestrial
563040400,2021-01-05T04:20:26Z,44.13298,28.67948833333333,3.6,157,152,dynamic
563040400,2021-01-05T04:20:53Z,44.13298,28.67948833333333,3.6,157,152,terrestrial
563040400,2021-01-05T04:21:05Z,44.13298,28.67948833333333,3.6,157,152,terrestrial
563040400,2021-01-05T04:21:07Z,44.13298,28.67948833333333,3.6,157,152,terrestrial
563040400,2021-01-05T04:25:05Z,44.12956333333333,28.681516666666667,2.7,155.9,151,terrestrial
563040400,2021-01-05T04:25:15Z,44.129345,28.681655,2.8,156.8,151,terrestrial
563040400,2021-01-05T04:26:52Z,44.129345,28.681655,2.8,156.8,151,terrestrial
563040400,2021-01-05T04:26:58Z,44.129345,28.681655,2.8,156.8,151,terrestrial
563040400,2021-01-05T04:27:07Z,44.129345,28.681655,2.8,156.8,151,terrestrial
563040400,2021-01-05T04:30:06Z,44.126463333333334,28.68318,1.7,160.8,150,terrestrial
563040400,2021-01-05T04:30:08Z,44.12653666666667,28.683143333333334,1.7,161.3,150,terrestrial
563040400,2021-01-05T04:32:52Z,44.12653666666667,28.683143333333334,1.7,161.3,150,terrestrial
563040400,2021-01-05T04:32:53Z,44.12653666666667,28.683143333333334,1.7,161.3,150,terrestrial
563040400,2021-01-05T04:32:57Z,44.125478333333334,28.683583333333335,1.2,166,150,dynamic
563040400,2021-01-05T04:33:00Z,44.125478333333334,28.683583333333335,1.2,166,150,terrestrial
563040400,2021-01-05T04:33:10Z,44.125478333333334,28.683583333333335,1.2,166,150,terrestrial
563040400,2021-01-05T04:35:04Z,44.12470833333333,28.683788333333332,1.6,174.2,148,terrestrial
563040400,2021-01-05T04:35:26Z,44.124495,28.683865,1.6,164.7,147,terrestrial
563040400,2021-01-05T04:35:27Z,44.124495,28.683865,1.6,165,147,dynamic
563040400,2021-01-05T04:39:00Z,44.124495,28.683865,1.6,165,147,terrestrial
563040400,2021-01-05T04:39:01Z,44.124495,28.683865,1.6,165,147,terrestrial
563040400,2021-01-05T04:40:03Z,44.12229,28.68536,2.2,138.4,136,terrestrial
563040400,2021-01-05T04:40:07Z,44.12220666666666,28.685473333333334,2.3,137.7,137,terrestrial
563040400,2021-01-05T04:44:52Z,44.12220666666666,28.685473333333334,2.3,137.7,137,terrestrial
563040400,2021-01-05T04:45:00Z,44.12220666666666,28.685473333333334,2.3,137.7,137,terrestrial
563040400,2021-01-05T04:45:06Z,44.11949666666667,28.6885,2.7,142.9,145,terrestrial
563040400,2021-01-05T04:45:15Z,44.11940666666667,28.688598333333335,2.7,141.6,146,terrestrial
563040400,2021-01-05T04:46:00Z,44.11940666666667,28.688598333333335,2.7,141.6,146,terrestrial
563040400,2021-01-05T04:47:58Z,44.11766,28.690025,3.2,153,148,dynamic
563040400,2021-01-05T04:50:06Z,44.115568333333336,28.691565,3.9,149.1,145,terrestrial
563040400,2021-01-05T04:51:00Z,44.115568333333336,28.691565,3.9,149.1,145,terrestrial
563040400,2021-01-05T04:55:06Z,44.110368333333334,28.696046666666668,4.6,147.5,145,terrestrial
563040400,2021-01-05T04:55:16Z,44.11018333333333,28.696213333333333,4.7,147.9,145,terrestrial
563040400,2021-01-05T04:56:53Z,44.11018333333333,28.696213333333333,4.7,147.9,145,terrestrial
563040400,2021-01-05T04:57:00Z,44.11018333333333,28.696213333333333,4.7,147.9,145,terrestrial
563040400,2021-01-05T05:00:04Z,44.10472166666667,28.700403333333334,4.8,155.8,152,terrestrial
563040400,2021-01-05T05:00:17Z,44.10429333333333,28.700665,4.8,156.1,152,terrestrial
563040400,2021-01-05T05:02:57Z,44.10429333333333,28.700665,4.8,156.1,152,terrestrial
563040400,2021-01-05T05:02:58Z,44.10429333333333,28.700665,4.8,156.1,152,terrestrial
563040400,2021-01-05T05:05:06Z,44.09656833333333,28.703845,7.2,172.8,165,terrestrial
563040400,2021-01-05T05:05:37Z,44.095533333333336,28.70411,7.4,171,166,dynamic
563040400,2021-01-05T05:08:54Z,44.095533333333336,28.70411,7.4,171,166,terrestrial
563040400,2021-01-05T05:08:56Z,44.095533333333336,28.70411,7.4,171,166,terrestrial
563040400,2021-01-05T05:09:29Z,44.095533333333336,28.70411,7.4,171,166,terrestrial
563040400,2021-01-05T05:10:06Z,44.086481666666664,28.706751666666666,7.5,166.4,160,terrestrial
563040400,2021-01-05T05:10:17Z,44.086115,28.706883333333334,7.4,165.5,160,terrestrial
563040400,2021-01-05T05:14:57Z,44.086115,28.706883333333334,7.4,165.5,160,terrestrial
563040400,2021-01-05T05:14:59Z,44.086115,28.706883333333334,7.4,165.5,160,terrestrial
563040400,2021-01-05T05:15:06Z,44.07539666666667,28.710035,8.9,170.5,165,terrestrial
563040400,2021-01-05T05:15:17Z,44.074951666666664,28.710153333333334,8.9,169.7,165,terrestrial
563040400,2021-01-05T05:18:07Z,44.06837,28.711515,9.1,172,155,dynamic
563040400,2021-01-05T05:20:06Z,44.06362,28.714568333333332,8.7,147.8,142,terrestrial
563040400,2021-01-05T05:20:11Z,44.06362,28.714568333333332,8.7,147.8,142,terrestrial
563040400,2021-01-05T05:20:47Z,44.06218666666667,28.71585,9,147,142,dynamic
563040400,2021-01-05T05:20:55Z,44.06218666666667,28.71585,9,147,142,terrestrial
563040400,2021-01-05T05:21:00Z,44.06218666666667,28.71585,9,147,142,terrestrial
563040400,2021-01-05T05:21:03Z,44.06218666666667,28.71585,9,147,142,terrestrial
563040400,2021-01-05T05:25:15Z,44.05230666666667,28.72469,9.7,148.8,141,terrestrial
563040400,2021-01-05T05:25:21Z,44.05230666666667,28.72469,9.7,148.8,141,terrestrial
563040400,2021-01-05T05:30:06Z,44.041315,28.735588333333332,10.2,143.9,139,terrestrial
563040400,2021-01-05T05:32:57Z,44.041315,28.735588333333332,10.2,143.9,139,terrestrial
563040400,2021-01-05T05:33:09Z,44.034895,28.74247,10.3,139,135,dynamic
563040400,2021-01-05T05:33:54Z,44.034895,28.74247,10.3,139,135,terrestrial
563040400,2021-01-05T05:35:07Z,44.03015333333333,28.748275,10.6,139.5,136,terrestrial
563040400,2021-01-05T05:35:15Z,44.029855,28.748633333333334,10.6,139.4,136,terrestrial
563040400,2021-01-05T05:35:47Z,44.028661666666665,28.750088333333334,10.7,139,135,dynamic
563040400,2021-01-05T05:38:58Z,44.028661666666665,28.750088333333334,10.7,139,135,terrestrial
563040400,2021-01-05T05:40:01Z,44.01953,28.761236666666665,11.3,140.6,139,terrestrial
563040400,2021-01-05T05:40:15Z,44.018343333333334,28.762533333333334,11.3,141.6,139,terrestrial
563040400,2021-01-05T05:44:05Z,44.018343333333334,28.762533333333334,11.3,141.6,139,terrestrial
563040400,2021-01-05T05:44:09Z,44.018343333333334,28.762533333333334,11.3,141.6,139,terrestrial
563040400,2021-01-05T05:44:41Z,44.018343333333334,28.762533333333334,11.3,141.6,139,terrestrial
563040400,2021-01-05T05:44:44Z,44.018343333333334,28.762533333333334,11.3,141.6,139,terrestrial
563040400,2021-01-05T05:44:50Z,44.018343333333334,28.762533333333334,11.3,141.6,139,terrestrial
563040400,2021-01-05T05:44:51Z,44.018343333333334,28.762533333333334,11.3,141.6,139,terrestrial
563040400,2021-01-05T05:44:52Z,44.018343333333334,28.762533333333334,11.3,141.6,139,terrestrial
563040400,2021-01-05T05:45:07Z,44.00613,28.77549,11.3,142.7,139,terrestrial
563040400,2021-01-05T05:45:38Z,44.00613,28.77549,11.3,142.7,139,terrestrial
563040400,2021-01-05T05:45:39Z,44.00613,28.77549,11.3,142.7,139,terrestrial
563040400,2021-01-05T05:46:02Z,44.00613,28.77549,11.3,142.7,139,terrestrial
563040400,2021-01-05T05:46:49Z,44.00613,28.77549,11.3,142.7,139,terrestrial
563040400,2021-01-05T05:46:52Z,44.00613,28.77549,11.3,142.7,139,terrestrial
563040400,2021-01-05T05:47:00Z,44.00613,28.77549,11.3,142.7,139,terrestrial
563040400,2021-01-05T05:47:02Z,44.00613,28.77549,11.3,142.7,139,terrestrial
563040400,2021-01-05T05:47:03Z,44.00613,28.77549,11.3,142.7,139,terrestrial
563040400,2021-01-05T05:50:01Z,43.99381833333333,28.788326666666666,11.7,142.4,139,terrestrial
563040400,2021-01-05T05:50:16Z,43.99295166666667,28.789243333333335,11.7,142.5,139,terrestrial
563040400,2021-01-05T05:52:57Z,43.99295166666667,28.789243333333335,11.7,142.5,139,terrestrial
563040400,2021-01-05T05:53:42Z,43.99295166666667,28.789243333333335,11.7,142.5,139,terrestrial
