mmsi,msg_timestamp,latitude,longitude,speed,course,heading,collection_type
2579999,2024-01-24T00:00:22Z,54.603253333333335,-1.1617166666666667,NA,NA,NA,dynamic_classA
2579999,2024-01-24T00:00:25Z,-38.44956333333334,148.30888666666667,NA,NA,NA,satellite
2579999,2024-01-24T00:00:33Z,54.60324833333333,-1.161705,NA,NA,NA,dynamic_classA
2579999,2024-01-24T00:00:53Z,-38.44956166666667,148.30888833333333,NA,NA,NA,dynamic_classA
2579999,2024-01-24T00:00:57Z,34.795361666666665,127.73845166666666,NA,NA,NA,dynamic_classA
2579999,2024-01-24T00:01:05Z,-38.449565,148.30889833333333,NA,NA,NA,satellite
2579999,2024-01-24T00:01:15Z,-38.44956833333333,148.30891000000003,NA,NA,NA,satellite
2579999,2024-01-24T00:01:25Z,-38.44957,148.30891166666666,NA,NA,NA,satellite
2579999,2024-01-24T00:01:31Z,9.503428333333334,-13.70822,NA,NA,NA,dynamic_classA
2579999,2024-01-24T00:01:35Z,-38.44956666666667,148.30890166666669,NA,NA,NA,satellite
2579999,2024-01-24T00:01:42Z,35.501560000000005,129.441135,NA,NA,NA,dynamic_classA
2579999,2024-01-24T00:01:43Z,1.2831350000000001,103.77931833333334,NA,NA,NA,dynamic_classA
2579999,2024-01-24T00:01:55Z,-38.449553333333334,148.308875,NA,NA,NA,satellite
2579999,2024-01-24T00:01:57Z,56.70169166666667,-2.4657366666666665,NA,NA,NA,dynamic_classA
2579999,2024-01-24T00:02:29Z,58.014685,7.4839,NA,NA,NA,dynamic_classA
2579999,2024-01-24T00:02:33Z,59.88899166666667,10.753931666666666,NA,NA,NA,dynamic_classA
2579999,2024-01-24T00:02:34Z,-38.44954833333334,148.30886166666667,NA,NA,NA,satellite
2579999,2024-01-24T00:02:44Z,-38.449553333333334,148.30886833333335,NA,NA,NA,satellite
2579999,2024-01-24T00:02:54Z,-38.449555000000004,148.30887166666668,NA,NA,NA,satellite
2579999,2024-01-24T00:03:01Z,29.650543333333335,32.36102,NA,NA,NA,dynamic_classA
2579999,2024-01-24T00:03:04Z,-38.449556666666666,148.30887833333333,NA,NA,NA,satellite
2579999,2024-01-24T00:03:05Z,34.795361666666665,127.73846166666667,NA,NA,NA,dynamic_classA
2579999,2024-01-24T00:03:12Z,29.65054,32.36102,NA,NA,NA,dynamic_classA
2579999,2024-01-24T00:03:14Z,1.2831249999999998,103.77930833333333,NA,NA,NA,dynamic_classA
2579999,2024-01-24T00:03:24Z,-38.449553333333334,148.30890333333335,NA,NA,NA,satellite
2579999,2024-01-24T00:03:34Z,-38.44955166666667,148.30891333333332,NA,NA,NA,satellite
2579999,2024-01-24T00:03:38Z,29.650536666666667,32.361021666666666,NA,NA,NA,dynamic_classA
2579999,2024-01-24T00:03:44Z,-38.44954833333334,148.3089183333333,NA,NA,NA,satellite
2579999,2024-01-24T00:03:54Z,-38.44954499999999,148.30892666666665,NA,NA,NA,satellite
2579999,2024-01-24T00:04:05Z,9.503445,-13.708198333333334,NA,NA,NA,satellite
2579999,2024-01-24T00:04:09Z,53.539991666666666,9.878861666666667,NA,NA,NA,satellite
2579999,2024-01-24T00:04:15Z,-38.44954,148.30894333333333,NA,NA,NA,satellite
2579999,2024-01-24T00:04:19Z,53.539989999999996,9.878858333333334,NA,NA,NA,satellite
2579999,2024-01-24T00:04:29Z,53.539995,9.878865,NA,NA,NA,satellite
2579999,2024-01-24T00:04:39Z,-38.44952833333333,148.30898166666665,NA,NA,NA,satellite
2579999,2024-01-24T00:04:43Z,53.539991666666666,9.878861666666667,NA,NA,NA,dynamic_classA
2579999,2024-01-24T00:04:47Z,50.79963,-1.1100066666666666,NA,NA,NA,dynamic_classA
2579999,2024-01-24T00:04:49Z,-38.449526666666664,148.30897000000002,NA,NA,NA,satellite
2579999,2024-01-24T00:05:04Z,-38.449531666666665,148.30897833333333,NA,NA,NA,dynamic_classA
2579999,2024-01-24T00:05:38Z,-20.071643333333334,115.357545,NA,NA,NA,dynamic_classA
2579999,2024-01-24T00:05:49Z,65.217445,6.905201666666667,NA,NA,NA,dynamic_classA
2579999,2024-01-24T00:05:55Z,9.503443333333333,-13.708195,NA,NA,NA,dynamic_classA
2579999,2024-01-24T00:05:57Z,35.50157,129.44113333333334,NA,NA,NA,dynamic_classA
2579999,2024-01-24T00:06:09Z,1.2831266666666667,103.77931833333334,NA,NA,NA,dynamic_classA
2579999,2024-01-24T00:06:26Z,35.50156833333333,129.44113833333333,NA,NA,NA,dynamic_classA
2579999,2024-01-24T00:07:03Z,65.21745833333334,6.905173333333334,NA,NA,NA,dynamic_classA
2579999,2024-01-24T00:07:10Z,35.50156833333333,129.44113666666667,NA,NA,NA,dynamic_classA
2579999,2024-01-24T00:07:23Z,50.79962,-1.1100016666666666,NA,NA,NA,dynamic_classA
2579999,2024-01-24T00:07:49Z,1.2831249999999998,103.77931,NA,NA,NA,dynamic_classA
2579999,2024-01-24T00:08:00Z,34.795361666666665,127.73846666666667,NA,NA,NA,dynamic_classA
2579999,2024-01-24T00:08:10Z,10.285768333333333,106.76141166666666,NA,NA,NA,dynamic_classA
2579999,2024-01-24T00:08:21Z,-20.07282,115.35487499999999,NA,NA,NA,dynamic_classA
2579999,2024-01-24T00:08:26Z,53.539989999999996,9.878856666666668,NA,NA,NA,dynamic_classA
2579999,2024-01-24T00:08:40Z,9.503431666666668,-13.708188333333334,NA,NA,NA,dynamic_classA
2579999,2024-01-24T00:08:48Z,-38.449556666666666,148.30892666666665,NA,NA,NA,dynamic_classA
2579999,2024-01-24T00:08:49Z,10.285766666666666,106.76140833333334,NA,NA,NA,dynamic_classA
2579999,2024-01-24T00:08:53Z,10.285766666666666,106.76140833333334,NA,NA,NA,dynamic_classA
2579999,2024-01-24T00:09:02Z,-20.073055,115.35415833333333,NA,NA,NA,dynamic_classA
2579999,2024-01-24T00:09:19Z,56.701726666666666,-2.465731666666667,NA,NA,NA,dynamic_classA
2579999,2024-01-24T00:09:27Z,63.44207666666667,10.403403333333333,NA,NA,NA,dynamic_classA
2579999,2024-01-24T00:09:39Z,35.501558333333335,129.44113166666665,NA,NA,NA,dynamic_classA
2579999,2024-01-24T00:09:49Z,35.501560000000005,129.44113000000002,NA,NA,NA,dynamic_classA
2579999,2024-01-24T00:09:56Z,-20.073294999999998,115.35324166666666,NA,NA,NA,dynamic_classA
2579999,2024-01-24T00:10:09Z,59.889001666666665,10.753881666666667,NA,NA,NA,dynamic_classA
2579999,2024-01-24T00:10:18Z,9.503421666666666,-13.708225,NA,NA,NA,dynamic_classA
2579999,2024-01-24T00:10:20Z,65.21744666666667,6.905195,NA,NA,NA,dynamic_classA
2579999,2024-01-24T00:10:29Z,-38.44953666666667,148.30887666666666,NA,NA,NA,dynamic_classA
2579999,2024-01-24T00:10:40Z,34.79535666666666,127.73847833333333,NA,NA,NA,dynamic_classA
2579999,2024-01-24T00:11:05Z,53.53999833333333,9.87886,NA,NA,NA,dynamic_classA
2579999,2024-01-24T00:12:02Z,34.79535666666666,127.73847500000001,NA,NA,NA,dynamic_classA
2579999,2024-01-24T00:12:14Z,54.60323166666667,-1.1616866666666668,NA,NA,NA,dynamic_classA
2579999,2024-01-24T00:12:30Z,54.60325833333333,-1.1616966666666668,NA,NA,NA,dynamic_classA
2579999,2024-01-24T00:12:35Z,34.79535666666666,127.73847333333333,NA,NA,NA,dynamic_classA
2579999,2024-01-24T00:12:44Z,-38.44965833333333,148.308975,NA,NA,NA,dynamic_classA
2579999,2024-01-24T00:12:45Z,25.318958333333335,53.462515,NA,NA,NA,dynamic_classA
2579999,2024-01-24T00:13:01Z,35.50155333333333,129.441135,NA,NA,NA,dynamic_classA
2579999,2024-01-24T00:13:14Z,25.31896,53.462509999999995,NA,NA,NA,dynamic_classA
2579999,2024-01-24T00:13:25Z,-20.074208333333335,115.34957333333334,NA,NA,NA,dynamic_classA
2579999,2024-01-24T00:13:28Z,25.31896,53.462511666666664,NA,NA,NA,dynamic_classA
2579999,2024-01-24T00:13:30Z,25.318958333333335,53.462515,NA,NA,NA,dynamic_classA
2579999,2024-01-24T00:13:38Z,25.318963333333333,53.46250833333333,NA,NA,NA,dynamic_classA
2579999,2024-01-24T00:13:40Z,25.318958333333335,53.462515,NA,NA,NA,dynamic_classA
2579999,2024-01-24T00:13:41Z,25.318958333333335,53.462515,NA,NA,NA,dynamic_classA
2579999,2024-01-24T00:13:47Z,54.603298333333335,-1.1617,NA,NA,NA,dynamic_classA
2579999,2024-01-24T00:13:50Z,46.543980000000005,-48.499066666666664,NA,NA,NA,satellite
2579999,2024-01-24T00:13:53Z,25.318958333333335,53.462515,NA,NA,NA,dynamic_classA
2579999,2024-01-24T00:13:56Z,25.318958333333335,53.46251666666667,NA,NA,NA,dynamic_classA
2579999,2024-01-24T00:13:57Z,34.795343333333335,127.73847666666667,NA,NA,NA,dynamic_classA
2579999,2024-01-24T00:14:06Z,34.79534833333333,127.73847500000001,NA,NA,NA,dynamic_classA
2579999,2024-01-24T00:14:36Z,50.79964,-1.1100016666666666,NA,NA,NA,dynamic_classA
2579999,2024-01-24T00:14:39Z,3.5680666666666667,113.32466500000001,NA,NA,NA,dynamic_classA
2579999,2024-01-24T00:14:44Z,35.50155666666667,129.441115,NA,NA,NA,dynamic_classA
2579999,2024-01-24T00:14:49Z,35.501558333333335,129.44111333333333,NA,NA,NA,dynamic_classA
2579999,2024-01-24T00:14:50Z,56.70169333333333,-2.46571,NA,NA,NA,dynamic_classA
2579999,2024-01-24T00:14:57Z,35.501558333333335,129.44111166666667,NA,NA,NA,dynamic_classA
2579999,2024-01-24T00:15:00Z,56.70169,-2.4657133333333334,NA,NA,NA,dynamic_classA
2579999,2024-01-24T00:15:05Z,34.795355,127.73847166666665,NA,NA,NA,dynamic_classA
2579999,2024-01-24T00:15:14Z,9.503433333333334,-13.708201666666668,NA,NA,NA,dynamic_classA
2579999,2024-01-24T00:15:16Z,35.501558333333335,129.44111,NA,NA,NA,dynamic_classA
2579999,2024-01-24T00:15:21Z,35.501558333333335,129.44111,NA,NA,NA,dynamic_classA
2579999,2024-01-24T00:15:22Z,9.503426666666666,-13.708210000000001,NA,NA,NA,dynamic_classA
2579999,2024-01-24T00:15:24Z,56.70169,-2.465725,NA,NA,NA,dynamic_classA
2579999,2024-01-24T00:15:27Z,1.2831216666666667,103.77930166666667,NA,NA,NA,dynamic_classA
2579999,2024-01-24T00:15:39Z,29.650561666666665,32.36102,NA,NA,NA,dynamic_classA
2579999,2024-01-24T00:15:41Z,-20.074908333333333,115.34705333333333,NA,NA,NA,dynamic_classA
2579999,2024-01-24T00:15:44Z,-2.6682616666666665,118.89448,NA,NA,NA,dynamic_classA
2579999,2024-01-24T00:16:10Z,1.2831216666666667,103.77931333333332,NA,NA,NA,dynamic_classA
2579999,2024-01-24T00:16:33Z,-20.075111666666665,115.34634166666666,NA,NA,NA,dynamic_classA
2579999,2024-01-24T00:16:48Z,35.50154833333333,129.44112166666667,NA,NA,NA,dynamic_classA
2579999,2024-01-24T00:17:00Z,-20.075246666666665,115.34581666666666,NA,NA,NA,dynamic_classA
2579999,2024-01-24T00:17:03Z,53.54000166666666,9.878861666666667,NA,NA,NA,dynamic_classA
2579999,2024-01-24T00:17:04Z,29.650571666666668,32.36100166666667,NA,NA,NA,dynamic_classA
2579999,2024-01-24T00:17:13Z,1.052225,120.80084833333333,NA,NA,NA,dynamic_classA
2579999,2024-01-24T00:17:40Z,1.2831216666666667,103.779315,NA,NA,NA,dynamic_classA
2579999,2024-01-24T00:17:48Z,1.0522133333333334,120.80084166666667,NA,NA,NA,dynamic_classA
2579999,2024-01-24T00:17:51Z,9.503428333333334,-13.708193333333332,NA,NA,NA,dynamic_classA
2579999,2024-01-24T00:17:57Z,53.53999666666667,9.878861666666667,NA,NA,NA,dynamic_classA
2579999,2024-01-24T00:18:15Z,29.65056333333333,32.36100833333333,NA,NA,NA,dynamic_classA
2579999,2024-01-24T00:19:20Z,46.543980000000005,-48.499066666666664,NA,NA,NA,satellite
2579999,2024-01-24T00:19:22Z,-20.075941666666665,115.34326166666666,NA,NA,NA,dynamic_classA
2579999,2024-01-24T00:19:27Z,35.50156333333334,129.44111,NA,NA,NA,dynamic_classA
2579999,2024-01-24T00:19:37Z,9.503425,-13.708193333333332,NA,NA,NA,satellite
2579999,2024-01-24T00:19:42Z,-5.455376666666667,105.31044,NA,NA,NA,dynamic_classA
2579999,2024-01-24T00:19:58Z,-20.07614166666667,115.342575,NA,NA,NA,dynamic_classA
2579999,2024-01-24T00:20:02Z,-20.07616,115.34250333333333,NA,NA,NA,dynamic_classA
2579999,2024-01-24T00:20:28Z,53.539991666666666,9.878856666666668,NA,NA,NA,dynamic_classA
2579999,2024-01-24T00:20:31Z,54.60333333333333,-1.1617600000000001,NA,NA,NA,dynamic_classA
2579999,2024-01-24T00:20:53Z,54.60331833333333,-1.1617616666666666,NA,NA,NA,dynamic_classA
2579999,2024-01-24T00:20:59Z,3.5680666666666667,113.32466500000001,NA,NA,NA,dynamic_classA
2579999,2024-01-24T00:21:06Z,63.442053333333334,10.403398333333334,NA,NA,NA,dynamic_classA
2579999,2024-01-24T00:21:13Z,35.501578333333335,129.44109166666667,NA,NA,NA,dynamic_classA
2579999,2024-01-24T00:21:19Z,25.318949999999997,53.462518333333335,NA,NA,NA,dynamic_classA
2579999,2024-01-24T00:21:25Z,9.503428333333334,-13.708196666666668,NA,NA,NA,dynamic_classA
2579999,2024-01-24T00:21:47Z,34.79536333333333,127.73845333333334,NA,NA,NA,dynamic_classA
2579999,2024-01-24T00:22:07Z,25.318951666666667,53.462525,NA,NA,NA,dynamic_classA
2579999,2024-01-24T00:22:10Z,25.31895666666667,53.462525,NA,NA,NA,dynamic_classA
2579999,2024-01-24T00:22:19Z,25.31895666666667,53.462525,NA,NA,NA,dynamic_classA
2579999,2024-01-24T00:22:22Z,35.501575,129.441105,NA,NA,NA,dynamic_classA
2579999,2024-01-24T00:22:32Z,29.35743,34.96124,NA,NA,NA,dynamic_classA
2579999,2024-01-24T00:22:40Z,29.357431666666667,34.96124,NA,NA,NA,dynamic_classA
2579999,2024-01-24T00:22:48Z,25.318961666666667,53.46252333333334,NA,NA,NA,dynamic_classA
2579999,2024-01-24T00:22:58Z,-20.076908333333332,115.33970333333333,NA,NA,NA,satellite
2579999,2024-01-24T00:23:00Z,58.014628333333334,7.483871666666667,NA,NA,NA,dynamic_classA
2579999,2024-01-24T00:23:03Z,25.31896,53.46252166666667,NA,NA,NA,dynamic_classA
2579999,2024-01-24T00:23:07Z,56.701723333333334,-2.46568,NA,NA,NA,satellite
2579999,2024-01-24T00:23:11Z,-20.076973333333335,115.33947166666667,NA,NA,NA,satellite
2579999,2024-01-24T00:23:24Z,-20.077035000000002,115.33926166666667,NA,NA,NA,satellite
2579999,2024-01-24T00:23:32Z,29.650561666666665,32.361005,NA,NA,NA,dynamic_classA
2579999,2024-01-24T00:23:35Z,34.795365,127.73846166666667,NA,NA,NA,dynamic_classA
2579999,2024-01-24T00:23:39Z,1.2831233333333332,103.77931333333332,NA,NA,NA,dynamic_classA
2579999,2024-01-24T00:23:41Z,29.650561666666665,32.361005,NA,NA,NA,dynamic_classA
2579999,2024-01-24T00:23:58Z,-20.077228333333334,115.338505,NA,NA,NA,dynamic_classA
2579999,2024-01-24T00:24:03Z,50.799641666666666,-1.1099999999999999,NA,NA,NA,dynamic_classA
2579999,2024-01-24T00:24:08Z,29.650556666666667,32.361005,NA,NA,NA,dynamic_classA
2579999,2024-01-24T00:24:20Z,-20.077260000000003,115.33838833333333,NA,NA,NA,dynamic_classA
2579999,2024-01-24T00:24:21Z,-20.07729,115.33827500000001,NA,NA,NA,satellite
2579999,2024-01-24T00:24:28Z,1.28312,103.77931333333332,NA,NA,NA,dynamic_classA
2579999,2024-01-24T00:24:47Z,25.318949999999997,53.46252666666667,NA,NA,NA,dynamic_classA
2579999,2024-01-24T00:25:19Z,24.536261666666668,54.385085000000004,NA,NA,NA,dynamic_classA
2579999,2024-01-24T00:25:27Z,50.799641666666666,-1.1100033333333335,NA,NA,NA,dynamic_classA
2579999,2024-01-24T00:25:33Z,53.539993333333335,9.878865,NA,NA,NA,dynamic_classA
2579999,2024-01-24T00:25:34Z,35.501555,129.44112,NA,NA,NA,satellite
2579999,2024-01-24T00:25:37Z,25.318955000000003,53.46251333333333,NA,NA,NA,dynamic_classA
2579999,2024-01-24T00:25:39Z,65.21745666666666,6.905208333333333,NA,NA,NA,dynamic_classA
2579999,2024-01-24T00:25:47Z,9.503435,-13.708193333333332,NA,NA,NA,satellite
2579999,2024-01-24T00:26:17Z,35.501549999999995,129.44111666666666,NA,NA,NA,dynamic_classA
2579999,2024-01-24T00:26:19Z,65.217455,6.905203333333334,NA,NA,NA,dynamic_classA
2579999,2024-01-24T00:26:28Z,-20.077855,115.33622,NA,NA,NA,dynamic_classA
2579999,2024-01-24T00:26:30Z,1.283115,103.77930833333333,NA,NA,NA,dynamic_classA
2579999,2024-01-24T00:26:49Z,1.2831133333333333,103.77931,NA,NA,NA,dynamic_classA
2579999,2024-01-24T00:26:59Z,-33.87850833333333,-58.42104166666666,NA,NA,NA,dynamic_classA
2579999,2024-01-24T00:27:00Z,25.318961666666667,53.462511666666664,NA,NA,NA,dynamic_classA
2579999,2024-01-24T00:27:07Z,-20.078065,115.33540666666666,NA,NA,NA,satellite
2579999,2024-01-24T00:27:14Z,54.60328333333334,-1.16175,NA,NA,NA,satellite
2579999,2024-01-24T00:27:17Z,-20.078111666666665,115.33523333333332,NA,NA,NA,satellite
2579999,2024-01-24T00:27:30Z,35.501551666666664,129.44111666666666,NA,NA,NA,dynamic_classA
2579999,2024-01-24T00:27:55Z,25.318963333333333,53.46252333333334,NA,NA,NA,dynamic_classA
2579999,2024-01-24T00:28:00Z,34.79536666666667,127.73846666666667,NA,NA,NA,dynamic_classA
2579999,2024-01-24T00:28:03Z,65.21746833333333,6.905209999999999,NA,NA,NA,dynamic_classA
2579999,2024-01-24T00:28:06Z,25.318966666666665,53.46252166666667,NA,NA,NA,dynamic_classA
2579999,2024-01-24T00:28:07Z,-20.07833833333333,115.33436833333333,NA,NA,NA,satellite
2579999,2024-01-24T00:28:31Z,25.318961666666667,53.46251666666667,NA,NA,NA,dynamic_classA
2579999,2024-01-24T00:28:48Z,1.2831116666666667,103.77929833333333,NA,NA,NA,dynamic_classA
2579999,2024-01-24T00:28:50Z,34.795365,127.73847500000001,NA,NA,NA,dynamic_classA
2579999,2024-01-24T00:28:53Z,50.79962166666667,-1.1099866666666667,NA,NA,NA,dynamic_classA
2579999,2024-01-24T00:28:56Z,53.54000333333333,9.878853333333332,NA,NA,NA,dynamic_classA
2579999,2024-01-24T00:28:59Z,10.285781666666667,106.76141833333332,NA,NA,NA,dynamic_classA
2579999,2024-01-24T00:29:07Z,-20.078601666666668,115.33329166666667,NA,NA,NA,satellite
2579999,2024-01-24T00:29:28Z,-20.078681666666668,115.33294500000001,NA,NA,NA,satellite
2579999,2024-01-24T00:29:29Z,56.70169166666667,-2.4657283333333333,NA,NA,NA,dynamic_classA
2579999,2024-01-24T00:29:50Z,9.503441666666667,-13.708195,NA,NA,NA,dynamic_classA
2579999,2024-01-24T00:29:55Z,-20.078785,115.332545,NA,NA,NA,dynamic_classA
2579999,2024-01-24T00:30:08Z,-20.078833333333332,115.33236333333333,NA,NA,NA,dynamic_classA
2579999,2024-01-24T00:30:29Z,35.50155666666667,129.44110166666667,NA,NA,NA,dynamic_classA
2579999,2024-01-24T00:30:48Z,9.503436666666666,-13.708203333333334,NA,NA,NA,dynamic_classA
2579999,2024-01-24T00:30:51Z,65.21742333333333,6.905165,NA,NA,NA,dynamic_classA
2579999,2024-01-24T00:31:02Z,29.357408333333336,34.96125,NA,NA,NA,dynamic_classA
2579999,2024-01-24T00:31:13Z,10.285803333333332,106.76141333333334,NA,NA,NA,dynamic_classA
2579999,2024-01-24T00:31:25Z,53.539993333333335,9.878866666666665,NA,NA,NA,dynamic_classA
2579999,2024-01-24T00:31:29Z,29.65056,32.36100833333333,NA,NA,NA,dynamic_classA
2579999,2024-01-24T00:31:39Z,10.285805,106.76141333333334,NA,NA,NA,dynamic_classA
2579999,2024-01-24T00:32:09Z,-38.449619999999996,148.30894833333332,NA,NA,NA,dynamic_classA
2579999,2024-01-24T00:32:34Z,25.318973333333336,53.46251333333333,NA,NA,NA,dynamic_classA
2579999,2024-01-24T00:32:40Z,54.60328333333334,-1.161715,NA,NA,NA,dynamic_classA
2579999,2024-01-24T00:32:45Z,25.31896833333333,53.46251333333333,NA,NA,NA,dynamic_classA
2579999,2024-01-24T00:32:46Z,63.44209,10.403398333333334,NA,NA,NA,dynamic_classA
2579999,2024-01-24T00:33:05Z,34.79539,127.73847166666665,NA,NA,NA,dynamic_classA
2579999,2024-01-24T00:33:11Z,35.50154166666667,129.44111,NA,NA,NA,dynamic_classA
2579999,2024-01-24T00:33:16Z,3.5680666666666667,113.32466500000001,NA,NA,NA,dynamic_classA
2579999,2024-01-24T00:33:21Z,34.79537333333334,127.73847166666665,NA,NA,NA,dynamic_classA
2579999,2024-01-24T00:33:34Z,-38.449616666666664,148.30891166666666,NA,NA,NA,dynamic_classA
2579999,2024-01-24T00:33:35Z,9.503438333333333,-13.70818,NA,NA,NA,satellite
2579999,2024-01-24T00:33:38Z,25.318963333333333,53.462511666666664,NA,NA,NA,dynamic_classA
2579999,2024-01-24T00:33:40Z,29.35746,34.96123166666666,NA,NA,NA,dynamic_classA
2579999,2024-01-24T00:33:42Z,25.318963333333333,53.46250833333333,NA,NA,NA,dynamic_classA
2579999,2024-01-24T00:33:43Z,59.889001666666665,10.753858333333334,NA,NA,NA,dynamic_classA
2579999,2024-01-24T00:33:51Z,25.318963333333333,53.46250833333333,NA,NA,NA,dynamic_classA
2579999,2024-01-24T00:33:57Z,25.318963333333333,53.46250833333333,NA,NA,NA,dynamic_classA
2579999,2024-01-24T00:33:59Z,-20.079864999999998,115.32822166666666,NA,NA,NA,dynamic_classA
2579999,2024-01-24T00:34:00Z,25.318958333333335,53.46250833333333,NA,NA,NA,dynamic_classA
2579999,2024-01-24T00:34:07Z,54.60326833333333,-1.16171,NA,NA,NA,dynamic_classA
2579999,2024-01-24T00:34:27Z,34.795355,127.73847,NA,NA,NA,dynamic_classA
2579999,2024-01-24T00:34:49Z,56.701681666666666,-2.4657383333333334,NA,NA,NA,dynamic_classA
2579999,2024-01-24T00:34:54Z,35.50155333333333,129.441115,NA,NA,NA,dynamic_classA
2579999,2024-01-24T00:34:56Z,50.79961,-1.1100116666666666,NA,NA,NA,dynamic_classA
2579999,2024-01-24T00:35:00Z,1.2831233333333332,103.77931833333334,NA,NA,NA,dynamic_classA
2579999,2024-01-24T00:35:09Z,35.50154833333333,129.44112166666667,NA,NA,NA,dynamic_classA
2579999,2024-01-24T00:35:16Z,34.795365,127.73847166666665,NA,NA,NA,dynamic_classA
2579999,2024-01-24T00:35:18Z,29.650568333333336,32.36101,NA,NA,NA,dynamic_classA
2579999,2024-01-24T00:35:42Z,9.503431666666668,-13.708196666666668,NA,NA,NA,dynamic_classA
2579999,2024-01-24T00:35:50Z,56.701681666666666,-2.4656933333333333,NA,NA,NA,dynamic_classA
2579999,2024-01-24T00:35:59Z,-20.080383333333334,115.32617,NA,NA,NA,dynamic_classA
2579999,2024-01-24T00:36:10Z,29.650561666666665,32.36101333333333,NA,NA,NA,dynamic_classA
2579999,2024-01-24T00:36:14Z,9.503436666666666,-13.708203333333334,NA,NA,NA,dynamic_classA
2579999,2024-01-24T00:36:16Z,34.795368333333336,127.73847166666665,NA,NA,NA,dynamic_classA
2579999,2024-01-24T00:36:28Z,-20.08054,115.32552333333334,NA,NA,NA,dynamic_classA
2579999,2024-01-24T00:36:48Z,9.503446666666667,-13.708205,NA,NA,NA,dynamic_classA
2579999,2024-01-24T00:37:15Z,29.650570000000002,32.36100166666667,NA,NA,NA,dynamic_classA
2579999,2024-01-24T00:37:27Z,35.50155666666667,129.441125,NA,NA,NA,dynamic_classA
2579999,2024-01-24T00:37:31Z,-38.44961166666667,148.30887166666668,NA,NA,NA,dynamic_classA
2579999,2024-01-24T00:37:33Z,46.543980000000005,-48.499066666666664,NA,NA,NA,dynamic_classA
2579999,2024-01-24T00:37:38Z,35.50155666666667,129.441125,NA,NA,NA,dynamic_classA
2579999,2024-01-24T00:37:46Z,9.503453333333333,-13.708201666666668,NA,NA,NA,dynamic_classA
2579999,2024-01-24T00:38:03Z,53.53999666666667,9.878870000000001,NA,NA,NA,dynamic_classA
2579999,2024-01-24T00:38:17Z,53.54,9.878870000000001,NA,NA,NA,dynamic_classA
2579999,2024-01-24T00:38:36Z,1.2831266666666667,103.779315,NA,NA,NA,dynamic_classA
2579999,2024-01-24T00:38:39Z,-20.081086666666668,115.323455,NA,NA,NA,dynamic_classA
2579999,2024-01-24T00:38:45Z,29.65056,32.361000000000004,NA,NA,NA,dynamic_classA
2579999,2024-01-24T00:38:46Z,1.2831283333333334,103.77931666666667,NA,NA,NA,dynamic_classA
2579999,2024-01-24T00:39:07Z,-20.081200000000003,115.32294166666667,NA,NA,NA,satellite
2579999,2024-01-24T00:39:18Z,1.0522116666666668,120.800825,NA,NA,NA,dynamic_classA
2579999,2024-01-24T00:39:20Z,-20.081256666666665,115.32271333333333,NA,NA,NA,satellite
2579999,2024-01-24T00:39:36Z,-20.08132833333333,115.32244666666666,NA,NA,NA,satellite
2579999,2024-01-24T00:40:02Z,-20.081458333333334,115.321915,NA,NA,NA,dynamic_classA
2579999,2024-01-24T00:40:03Z,-20.081446666666668,115.32196833333334,NA,NA,NA,satellite
2579999,2024-01-24T00:40:04Z,-2.6682683333333332,118.89449166666667,NA,NA,NA,dynamic_classA
2579999,2024-01-24T00:40:07Z,35.501558333333335,129.441125,NA,NA,NA,dynamic_classA
2579999,2024-01-24T00:40:20Z,-20.081521666666667,115.32166833333333,NA,NA,NA,satellite
2579999,2024-01-24T00:40:22Z,-5.45538,105.31044833333334,NA,NA,NA,dynamic_classA
2579999,2024-01-24T00:40:35Z,-20.08162666666667,115.321285,NA,NA,NA,dynamic_classA
2579999,2024-01-24T00:40:52Z,54.60327333333333,-1.1617516666666667,NA,NA,NA,dynamic_classA
2579999,2024-01-24T00:41:03Z,-20.081725,115.32093499999999,NA,NA,NA,satellite
2579999,2024-01-24T00:41:13Z,54.60328833333333,-1.161745,NA,NA,NA,dynamic_classA
2579999,2024-01-24T00:41:18Z,53.53999666666667,9.878873333333333,NA,NA,NA,dynamic_classA
2579999,2024-01-24T00:41:37Z,-20.081871666666665,115.32034,NA,NA,NA,satellite
2579999,2024-01-24T00:41:57Z,-20.081965,115.31999833333333,NA,NA,NA,satellite
2579999,2024-01-24T00:42:04Z,-20.081998333333335,115.31987833333332,NA,NA,NA,satellite
2579999,2024-01-24T00:42:07Z,1.2831216666666667,103.77932333333334,NA,NA,NA,dynamic_classA
2579999,2024-01-24T00:42:12Z,25.318965,53.462511666666664,NA,NA,NA,dynamic_classA
2579999,2024-01-24T00:42:19Z,25.318965,53.462511666666664,NA,NA,NA,dynamic_classA
2579999,2024-01-24T00:42:23Z,35.501558333333335,129.441125,NA,NA,NA,dynamic_classA
2579999,2024-01-24T00:42:27Z,34.79535,127.73845333333334,NA,NA,NA,dynamic_classA
2579999,2024-01-24T00:42:28Z,25.318965,53.462511666666664,NA,NA,NA,dynamic_classA
2579999,2024-01-24T00:42:34Z,-20.08213,115.31934833333334,NA,NA,NA,satellite
2579999,2024-01-24T00:42:44Z,-20.082171666666667,115.31917333333334,NA,NA,NA,satellite
2579999,2024-01-24T00:42:54Z,-20.082215,115.319,NA,NA,NA,satellite
2579999,2024-01-24T00:43:07Z,-20.082275,115.31878166666667,NA,NA,NA,satellite
2579999,2024-01-24T00:43:12Z,35.501560000000005,129.441125,NA,NA,NA,dynamic_classA
2579999,2024-01-24T00:43:21Z,29.650573333333334,32.361005,NA,NA,NA,dynamic_classA
2579999,2024-01-24T00:43:30Z,58.014635,7.483893333333333,NA,NA,NA,dynamic_classA
2579999,2024-01-24T00:43:34Z,-20.082405,115.318315,NA,NA,NA,satellite
2579999,2024-01-24T00:43:45Z,34.795341666666666,127.73845666666666,NA,NA,NA,dynamic_classA
2579999,2024-01-24T00:43:47Z,56.701710000000006,-2.465745,NA,NA,NA,dynamic_classA
2579999,2024-01-24T00:44:07Z,1.2831249999999998,103.77931833333334,NA,NA,NA,satellite
2579999,2024-01-24T00:44:17Z,63.442075,10.403395,NA,NA,NA,dynamic_classA
2579999,2024-01-24T00:44:33Z,1.0522166666666668,120.800825,NA,NA,NA,satellite
2579999,2024-01-24T00:44:49Z,29.650570000000002,32.361005,NA,NA,NA,dynamic_classA
2579999,2024-01-24T00:44:57Z,24.536256666666667,54.38507166666667,NA,NA,NA,dynamic_classA
2579999,2024-01-24T00:45:03Z,50.799618333333335,-1.1099883333333334,NA,NA,NA,dynamic_classA
2579999,2024-01-24T00:45:07Z,-20.082783333333335,115.31669000000001,NA,NA,NA,satellite
2579999,2024-01-24T00:45:10Z,25.318958333333335,53.462515,NA,NA,NA,dynamic_classA
2579999,2024-01-24T00:45:15Z,1.2831283333333334,103.779315,NA,NA,NA,dynamic_classA
2579999,2024-01-24T00:45:49Z,25.318961666666667,53.46252333333334,NA,NA,NA,dynamic_classA
2579999,2024-01-24T00:45:51Z,-20.082941666666667,115.315965,NA,NA,NA,dynamic_classA
2579999,2024-01-24T00:45:54Z,-20.08299333333333,115.31574666666667,NA,NA,NA,dynamic_classA
2579999,2024-01-24T00:45:58Z,25.31895666666667,53.46252333333334,NA,NA,NA,dynamic_classA
2579999,2024-01-24T00:46:03Z,53.54,9.87888,NA,NA,NA,dynamic_classA
2579999,2024-01-24T00:46:07Z,50.79962,-1.1099866666666667,NA,NA,NA,dynamic_classA
2579999,2024-01-24T00:46:08Z,-20.082974999999998,115.31581666666666,NA,NA,NA,dynamic_classA
2579999,2024-01-24T00:46:38Z,35.50155666666667,129.44113000000002,NA,NA,NA,dynamic_classA
2579999,2024-01-24T00:47:07Z,25.318955000000003,53.462518333333335,NA,NA,NA,dynamic_classA
2579999,2024-01-24T00:47:16Z,35.501551666666664,129.44113333333334,NA,NA,NA,dynamic_classA
2579999,2024-01-24T00:47:19Z,65.21744666666667,6.9051816666666666,NA,NA,NA,dynamic_classA
2579999,2024-01-24T00:47:31Z,9.503423333333334,-13.708206666666666,NA,NA,NA,dynamic_classA
2579999,2024-01-24T00:47:50Z,35.50154333333333,129.44113333333334,NA,NA,NA,dynamic_classA
2579999,2024-01-24T00:48:22Z,1.2831166666666667,103.77931166666667,NA,NA,NA,dynamic_classA
2579999,2024-01-24T00:48:25Z,25.318943333333333,53.462511666666664,NA,NA,NA,dynamic_classA
2579999,2024-01-24T00:48:28Z,1.2831166666666667,103.77931166666667,NA,NA,NA,dynamic_classA
2579999,2024-01-24T00:48:38Z,-38.449661666666664,148.308975,NA,NA,NA,satellite
2579999,2024-01-24T00:48:53Z,65.21744833333334,6.905186666666666,NA,NA,NA,dynamic_classA
2579999,2024-01-24T00:48:54Z,-20.083673333333333,115.312855,NA,NA,NA,satellite
2579999,2024-01-24T00:48:58Z,-38.44965833333333,148.30897000000002,NA,NA,NA,dynamic_classA
2579999,2024-01-24T00:49:10Z,25.31895666666667,53.462511666666664,NA,NA,NA,dynamic_classA
2579999,2024-01-24T00:49:19Z,25.318958333333335,53.46250666666666,NA,NA,NA,dynamic_classA
2579999,2024-01-24T00:49:28Z,25.318961666666667,53.46250666666666,NA,NA,NA,dynamic_classA
2579999,2024-01-24T00:49:36Z,53.540004999999994,9.878871666666667,NA,NA,NA,dynamic_classA
2579999,2024-01-24T00:49:40Z,34.79536666666667,127.73847666666667,NA,NA,NA,dynamic_classA
2579999,2024-01-24T00:49:58Z,-38.449603333333336,148.30891166666666,NA,NA,NA,satellite
2579999,2024-01-24T00:49:59Z,10.285793333333334,106.76138833333333,NA,NA,NA,dynamic_classA
2579999,2024-01-24T00:50:18Z,-38.449595,148.308895,NA,NA,NA,satellite
2579999,2024-01-24T00:50:20Z,9.50342,-13.708225,NA,NA,NA,dynamic_classA
2579999,2024-01-24T00:50:33Z,50.799625,-1.1099933333333332,NA,NA,NA,dynamic_classA
2579999,2024-01-24T00:50:40Z,46.543980000000005,-48.499066666666664,NA,NA,NA,satellite
2579999,2024-01-24T00:50:48Z,25.318965,53.462509999999995,NA,NA,NA,dynamic_classA
2579999,2024-01-24T00:50:52Z,-20.084175000000002,115.31082500000001,NA,NA,NA,dynamic_classA
2579999,2024-01-24T00:51:11Z,65.21743166666667,6.905148333333333,NA,NA,NA,dynamic_classA
2579999,2024-01-24T00:51:14Z,-20.084263333333336,115.31048000000001,NA,NA,NA,dynamic_classA
2579999,2024-01-24T00:51:19Z,35.501551666666664,129.44112666666666,NA,NA,NA,satellite
2579999,2024-01-24T00:51:23Z,10.285798333333334,106.761395,NA,NA,NA,dynamic_classA
2579999,2024-01-24T00:51:24Z,25.31896,53.46250333333333,NA,NA,NA,dynamic_classA
2579999,2024-01-24T00:51:38Z,-38.44957333333333,148.308845,NA,NA,NA,satellite
2579999,2024-01-24T00:51:39Z,10.285801666666666,106.76139666666667,NA,NA,NA,dynamic_classA
2579999,2024-01-24T00:51:45Z,53.53999833333333,9.878861666666667,NA,NA,NA,dynamic_classA
2579999,2024-01-24T00:51:48Z,-38.449571666666664,148.30884666666668,NA,NA,NA,satellite
2579999,2024-01-24T00:51:50Z,34.79536333333333,127.73848333333333,NA,NA,NA,dynamic_classA
2579999,2024-01-24T00:51:58Z,-38.449576666666665,148.30885,NA,NA,NA,satellite
2579999,2024-01-24T00:53:00Z,54.60327666666667,-1.1616900000000001,NA,NA,NA,dynamic_classA
2579999,2024-01-24T00:53:06Z,25.318963333333333,53.462509999999995,NA,NA,NA,dynamic_classA
2579999,2024-01-24T00:53:09Z,-38.449616666666664,148.308835,NA,NA,NA,satellite
2579999,2024-01-24T00:53:10Z,25.318961666666667,53.462511666666664,NA,NA,NA,satellite
2579999,2024-01-24T00:53:14Z,25.318961666666667,53.462511666666664,NA,NA,NA,dynamic_classA
2579999,2024-01-24T00:53:17Z,25.318961666666667,53.462511666666664,NA,NA,NA,dynamic_classA
2579999,2024-01-24T00:53:39Z,53.539991666666666,9.878865,NA,NA,NA,satellite
2579999,2024-01-24T00:53:51Z,35.50157333333333,129.44111,NA,NA,NA,dynamic_classA
2579999,2024-01-24T00:53:52Z,29.650568333333336,32.36100666666667,NA,NA,NA,dynamic_classA
2579999,2024-01-24T00:53:59Z,53.53999666666667,9.878868333333333,NA,NA,NA,satellite
2579999,2024-01-24T00:54:05Z,34.79533,127.73848,NA,NA,NA,dynamic_classA
2579999,2024-01-24T00:54:14Z,-38.449664999999996,148.30891666666668,NA,NA,NA,dynamic_classA
2579999,2024-01-24T00:54:17Z,54.603278333333336,-1.1616916666666666,NA,NA,NA,dynamic_classA
2579999,2024-01-24T00:54:19Z,53.54,9.878870000000001,NA,NA,NA,satellite
2579999,2024-01-24T00:54:33Z,34.795325000000005,127.73847333333333,NA,NA,NA,dynamic_classA
2579999,2024-01-24T00:54:37Z,34.795325000000005,127.73847166666665,NA,NA,NA,dynamic_classA
2579999,2024-01-24T00:54:44Z,9.503431666666668,-13.708193333333332,NA,NA,NA,dynamic_classA
2579999,2024-01-24T00:54:59Z,56.70169333333333,-2.4657466666666665,NA,NA,NA,dynamic_classA
2579999,2024-01-24T00:55:16Z,50.799634999999995,-1.1100116666666666,NA,NA,NA,dynamic_classA
2579999,2024-01-24T00:55:24Z,35.50156666666667,129.44111333333333,NA,NA,NA,dynamic_classA
2579999,2024-01-24T00:55:36Z,63.442069999999994,10.403386666666668,NA,NA,NA,dynamic_classA
2579999,2024-01-24T00:55:39Z,35.50156333333334,129.44112333333334,NA,NA,NA,dynamic_classA
2579999,2024-01-24T00:55:52Z,9.50342,-13.708218333333333,NA,NA,NA,dynamic_classA
2579999,2024-01-24T00:55:59Z,29.650568333333336,32.360998333333335,NA,NA,NA,dynamic_classA
2579999,2024-01-24T00:56:05Z,-20.085415,115.30526666666667,NA,NA,NA,dynamic_classA
2579999,2024-01-24T00:56:06Z,34.79533666666667,127.738455,NA,NA,NA,dynamic_classA
2579999,2024-01-24T00:56:16Z,3.5680666666666667,113.32466500000001,NA,NA,NA,dynamic_classA
2579999,2024-01-24T00:56:26Z,9.503418333333334,-13.70822,NA,NA,NA,dynamic_classA
2579999,2024-01-24T00:56:40Z,56.701708333333336,-2.465716666666667,NA,NA,NA,dynamic_classA
2579999,2024-01-24T00:56:50Z,29.65056666666667,32.361003333333336,NA,NA,NA,dynamic_classA
2579999,2024-01-24T00:56:51Z,35.501558333333335,129.44112166666667,NA,NA,NA,dynamic_classA
2579999,2024-01-24T00:56:54Z,-20.085575,115.30448500000001,NA,NA,NA,satellite
2579999,2024-01-24T00:57:14Z,56.70171333333334,-2.465725,NA,NA,NA,dynamic_classA
2579999,2024-01-24T00:57:17Z,34.795355,127.73844666666668,NA,NA,NA,dynamic_classA
2579999,2024-01-24T00:57:30Z,-20.08573,115.30379166666667,NA,NA,NA,satellite
2579999,2024-01-24T00:57:40Z,-20.08577,115.30361500000001,NA,NA,NA,satellite
2579999,2024-01-24T00:58:03Z,-20.08584,115.30320333333334,NA,NA,NA,satellite
2579999,2024-01-24T00:58:13Z,-20.085861666666666,115.30307833333333,NA,NA,NA,satellite
2579999,2024-01-24T00:58:15Z,29.65056,32.36100833333333,NA,NA,NA,dynamic_classA
2579999,2024-01-24T00:58:20Z,1.2831249999999998,103.77931333333332,NA,NA,NA,dynamic_classA
2579999,2024-01-24T00:58:37Z,53.54000666666666,9.87886,NA,NA,NA,dynamic_classA
2579999,2024-01-24T00:58:43Z,53.54001,9.87886,NA,NA,NA,dynamic_classA
2579999,2024-01-24T00:58:46Z,35.50154666666666,129.44112333333334,NA,NA,NA,dynamic_classA
2579999,2024-01-24T00:59:05Z,29.650561666666665,32.36101,NA,NA,NA,dynamic_classA
2579999,2024-01-24T00:59:08Z,35.50154666666666,129.44112,NA,NA,NA,dynamic_classA
2579999,2024-01-24T00:59:14Z,-20.0861,115.30194166666666,NA,NA,NA,satellite
2579999,2024-01-24T00:59:17Z,-20.0861,115.30194166666666,NA,NA,NA,satellite
2579999,2024-01-24T00:59:20Z,25.318958333333335,53.46252166666667,NA,NA,NA,dynamic_classA
2579999,2024-01-24T00:59:24Z,-20.086138333333334,115.30176166666666,NA,NA,NA,satellite
2579999,2024-01-24T00:59:40Z,-20.086205,115.30146500000001,NA,NA,NA,satellite
2579999,2024-01-24T00:59:52Z,1.28312,103.77931166666667,NA,NA,NA,dynamic_classA
2579999,2024-01-24T00:59:57Z,25.318958333333335,53.46252166666667,NA,NA,NA,dynamic_classA
2579999,2024-01-24T01:00:00Z,-20.086278333333333,115.301125,NA,NA,NA,satellite
2579999,2024-01-24T01:00:04Z,-2.6682599999999996,118.89448166666666,NA,NA,NA,satellite
2579999,2024-01-24T01:00:10Z,-20.086315000000003,115.300945,NA,NA,NA,satellite
2579999,2024-01-24T01:00:24Z,-20.086356666666667,115.30071,NA,NA,NA,satellite
2579999,2024-01-24T01:00:28Z,1.052215,120.80081666666666,NA,NA,NA,dynamic_classA
2579999,2024-01-24T01:00:30Z,-20.08637666666667,115.30058333333334,NA,NA,NA,satellite
2579999,2024-01-24T01:00:33Z,24.072055,51.78635333333333,NA,NA,NA,dynamic_classA
2579999,2024-01-24T01:00:34Z,-20.086385,115.30053166666667,NA,NA,NA,satellite
2579999,2024-01-24T01:00:37Z,35.50155333333333,129.44110833333335,NA,NA,NA,dynamic_classA
2579999,2024-01-24T01:00:44Z,-20.086413333333333,115.30036166666667,NA,NA,NA,satellite
2579999,2024-01-24T01:01:00Z,-20.086464999999997,115.30008666666666,NA,NA,NA,satellite
2579999,2024-01-24T01:01:02Z,-5.455373333333333,105.31044666666666,NA,NA,NA,dynamic_classA
2579999,2024-01-24T01:01:03Z,-20.086473333333334,115.30003833333333,NA,NA,NA,satellite
2579999,2024-01-24T01:01:10Z,-20.086495,115.29992,NA,NA,NA,satellite
2579999,2024-01-24T01:01:11Z,54.60326833333333,-1.1617250000000001,NA,NA,NA,dynamic_classA
2579999,2024-01-24T01:01:13Z,-20.086505,115.29987,NA,NA,NA,satellite
2579999,2024-01-24T01:01:15Z,-20.086528333333334,115.29974833333334,NA,NA,NA,dynamic_classA
2579999,2024-01-24T01:01:23Z,-20.086538333333333,115.29969666666666,NA,NA,NA,satellite
2579999,2024-01-24T01:01:30Z,-20.086560000000002,115.29957333333333,NA,NA,NA,satellite
2579999,2024-01-24T01:01:33Z,54.60328833333333,-1.16171,NA,NA,NA,dynamic_classA
2579999,2024-01-24T01:01:41Z,25.318951666666667,53.462518333333335,NA,NA,NA,dynamic_classA
2579999,2024-01-24T01:01:44Z,-20.086593333333333,115.29935,NA,NA,NA,satellite
2579999,2024-01-24T01:01:51Z,-20.086608333333334,115.29923333333333,NA,NA,NA,satellite
2579999,2024-01-24T01:02:00Z,-38.44959666666667,148.30902,NA,NA,NA,satellite
2579999,2024-01-24T01:02:11Z,-20.086661666666664,115.29889666666666,NA,NA,NA,satellite
2579999,2024-01-24T01:02:13Z,3.5680666666666667,113.32466500000001,NA,NA,NA,dynamic_classA
2579999,2024-01-24T01:02:16Z,-20.08667,115.29884666666666,NA,NA,NA,satellite
2579999,2024-01-24T01:02:18Z,53.54000666666666,9.87886,NA,NA,NA,dynamic_classA
2579999,2024-01-24T01:02:20Z,-38.44959166666667,148.30900666666668,NA,NA,NA,satellite
2579999,2024-01-24T01:02:31Z,-20.086723333333335,115.29855333333333,NA,NA,NA,satellite
2579999,2024-01-24T01:03:03Z,35.50154166666667,129.44112333333334,NA,NA,NA,dynamic_classA
2579999,2024-01-24T01:03:08Z,34.79534,127.73848500000001,NA,NA,NA,dynamic_classA
2579999,2024-01-24T01:03:15Z,25.318949999999997,53.46251666666667,NA,NA,NA,dynamic_classA
2579999,2024-01-24T01:03:20Z,-38.44957,148.30895833333335,NA,NA,NA,satellite
2579999,2024-01-24T01:03:30Z,-38.449565,148.30895,NA,NA,NA,satellite
2579999,2024-01-24T01:03:40Z,-38.449558333333336,148.30893833333332,NA,NA,NA,satellite
2579999,2024-01-24T01:03:50Z,-38.449558333333336,148.30893166666667,NA,NA,NA,satellite
2579999,2024-01-24T01:03:59Z,10.285785,106.76142,NA,NA,NA,dynamic_classA
2579999,2024-01-24T01:04:00Z,-38.449558333333336,148.30893,NA,NA,NA,satellite
2579999,2024-01-24T01:04:01Z,35.50154333333333,129.44112833333332,NA,NA,NA,dynamic_classA
2579999,2024-01-24T01:04:05Z,34.795325000000005,127.73848833333334,NA,NA,NA,dynamic_classA
2579999,2024-01-24T01:04:29Z,25.318949999999997,53.462515,NA,NA,NA,dynamic_classA
2579999,2024-01-24T01:04:30Z,-38.449555000000004,148.30892333333335,NA,NA,NA,satellite
2579999,2024-01-24T01:04:37Z,56.70170333333333,-2.4657033333333334,NA,NA,NA,dynamic_classA
2579999,2024-01-24T01:04:40Z,-38.449556666666666,148.3089183333333,NA,NA,NA,satellite
2579999,2024-01-24T01:04:43Z,59.88900666666667,10.753870000000001,NA,NA,NA,dynamic_classA
2579999,2024-01-24T01:04:52Z,29.650553333333335,32.36101,NA,NA,NA,dynamic_classA
2579999,2024-01-24T01:04:53Z,1.0522166666666668,120.80081666666666,NA,NA,NA,dynamic_classA
2579999,2024-01-24T01:05:00Z,-20.087173333333332,115.29587666666666,NA,NA,NA,satellite
2579999,2024-01-24T01:05:28Z,29.650558333333333,32.36100666666667,NA,NA,NA,dynamic_classA
2579999,2024-01-24T01:05:34Z,54.603271666666664,-1.1617083333333333,NA,NA,NA,dynamic_classA
2579999,2024-01-24T01:05:44Z,50.79962166666667,-1.11001,NA,NA,NA,dynamic_classA
2579999,2024-01-24T01:05:56Z,24.536256666666667,54.38507833333333,NA,NA,NA,dynamic_classA
2579999,2024-01-24T01:06:05Z,35.50155666666667,129.441135,NA,NA,NA,dynamic_classA
2579999,2024-01-24T01:06:09Z,65.217435,6.9051583333333335,NA,NA,NA,dynamic_classA
2579999,2024-01-24T01:06:25Z,-20.08737,115.29456,NA,NA,NA,dynamic_classA
2579999,2024-01-24T01:06:30Z,25.318965,53.46252166666667,NA,NA,NA,dynamic_classA
2579999,2024-01-24T01:06:39Z,25.318965,53.46252166666667,NA,NA,NA,dynamic_classA
2579999,2024-01-24T01:06:43Z,53.54,9.878858333333334,NA,NA,NA,dynamic_classA
2579999,2024-01-24T01:06:47Z,50.79962,-1.1099933333333332,NA,NA,NA,dynamic_classA
2579999,2024-01-24T01:06:48Z,25.318966666666665,53.462520000000005,NA,NA,NA,dynamic_classA
2579999,2024-01-24T01:06:53Z,-20.087468333333334,115.29387666666666,NA,NA,NA,satellite
2579999,2024-01-24T01:07:03Z,-20.087491666666665,115.293705,NA,NA,NA,satellite
2579999,2024-01-24T01:07:17Z,63.44204833333333,10.403396666666668,NA,NA,NA,dynamic_classA
2579999,2024-01-24T01:07:28Z,25.318941666666667,53.46252333333334,NA,NA,NA,dynamic_classA
2579999,2024-01-24T01:07:31Z,9.503428333333334,-13.708201666666668,NA,NA,NA,dynamic_classA
2579999,2024-01-24T01:07:46Z,-20.087609999999998,115.29302333333334,NA,NA,NA,dynamic_classA
2579999,2024-01-24T01:07:49Z,65.217435,6.905161666666667,NA,NA,NA,dynamic_classA
2579999,2024-01-24T01:07:54Z,-20.087636666666665,115.29284166666666,NA,NA,NA,satellite
2579999,2024-01-24T01:07:59Z,25.318946666666665,53.46252333333334,NA,NA,NA,dynamic_classA
2579999,2024-01-24T01:08:20Z,35.501565,129.441145,NA,NA,NA,satellite
2579999,2024-01-24T01:08:27Z,35.50156333333334,129.441145,NA,NA,NA,dynamic_classA
2579999,2024-01-24T01:08:49Z,-20.087803333333333,115.29176666666667,NA,NA,NA,dynamic_classA
2579999,2024-01-24T01:08:58Z,-38.44944666666667,148.30898333333334,NA,NA,NA,dynamic_classA
2579999,2024-01-24T01:09:20Z,-38.449439999999996,148.30903,NA,NA,NA,satellite
2579999,2024-01-24T01:09:22Z,-20.087925,115.29107833333335,NA,NA,NA,dynamic_classA
2579999,2024-01-24T01:09:44Z,1.2831233333333332,103.77931,NA,NA,NA,dynamic_classA
2579999,2024-01-24T01:09:51Z,1.2831233333333332,103.77931,NA,NA,NA,dynamic_classA
2579999,2024-01-24T01:10:00Z,-38.44941666666667,148.30904666666666,NA,NA,NA,satellite
2579999,2024-01-24T01:10:04Z,25.318931666666668,53.46252166666667,NA,NA,NA,dynamic_classA
2579999,2024-01-24T01:10:13Z,65.21745666666666,6.905146666666667,NA,NA,NA,dynamic_classA
2579999,2024-01-24T01:10:16Z,53.54000333333333,9.87886,NA,NA,NA,dynamic_classA
2579999,2024-01-24T01:10:19Z,56.70169,-2.465748333333333,NA,NA,NA,dynamic_classA
2579999,2024-01-24T01:10:20Z,9.503426666666666,-13.708193333333332,NA,NA,NA,satellite
2579999,2024-01-24T01:10:30Z,34.795355,127.73847666666667,NA,NA,NA,dynamic_classA
2579999,2024-01-24T01:10:40Z,-38.44939,148.30901666666665,NA,NA,NA,satellite
2579999,2024-01-24T01:11:00Z,-38.44940166666667,148.30901,NA,NA,NA,satellite
2579999,2024-01-24T01:11:20Z,-38.44940166666667,148.309005,NA,NA,NA,satellite
2579999,2024-01-24T01:11:31Z,65.21745666666666,6.905155,NA,NA,NA,dynamic_classA
2579999,2024-01-24T01:11:38Z,-20.088874999999998,115.28883333333333,NA,NA,NA,dynamic_classA
2579999,2024-01-24T01:11:40Z,-38.44940333333333,148.30901666666665,NA,NA,NA,satellite
2579999,2024-01-24T01:11:44Z,1.2831183333333334,103.77929999999999,NA,NA,NA,dynamic_classA
2579999,2024-01-24T01:11:45Z,-20.088911666666668,115.28876333333332,NA,NA,NA,dynamic_classA
2579999,2024-01-24T01:11:59Z,10.285779999999999,106.76142166666666,NA,NA,NA,dynamic_classA
2579999,2024-01-24T01:12:03Z,50.79962666666667,-1.1100116666666666,NA,NA,NA,dynamic_classA
2579999,2024-01-24T01:12:09Z,35.501551666666664,129.44113000000002,NA,NA,NA,dynamic_classA
2579999,2024-01-24T01:12:12Z,-20.089111666666668,115.28838166666667,NA,NA,NA,dynamic_classA
2579999,2024-01-24T01:12:15Z,53.54000666666666,9.878855,NA,NA,NA,dynamic_classA
2579999,2024-01-24T01:12:30Z,34.795355,127.73847166666665,NA,NA,NA,dynamic_classA
2579999,2024-01-24T01:12:56Z,1.2831166666666667,103.77931833333334,NA,NA,NA,dynamic_classA
2579999,2024-01-24T01:13:03Z,10.285779999999999,106.76142666666667,NA,NA,NA,dynamic_classA
2579999,2024-01-24T01:13:10Z,54.603215,-1.1617366666666666,NA,NA,NA,dynamic_classA
2579999,2024-01-24T01:13:15Z,9.503416666666668,-13.7082,NA,NA,NA,dynamic_classA
2579999,2024-01-24T01:13:46Z,9.503425,-13.708210000000001,NA,NA,NA,dynamic_classA
2579999,2024-01-24T01:13:57Z,25.318958333333335,53.46252666666667,NA,NA,NA,dynamic_classA
2579999,2024-01-24T01:14:09Z,25.318961666666667,53.46252833333333,NA,NA,NA,dynamic_classA
2579999,2024-01-24T01:14:21Z,35.50154666666666,129.44112666666666,NA,NA,NA,dynamic_classA
2579999,2024-01-24T01:14:22Z,29.65056,32.360996666666665,NA,NA,NA,dynamic_classA
2579999,2024-01-24T01:14:37Z,54.60326166666667,-1.1617333333333333,NA,NA,NA,dynamic_classA
2579999,2024-01-24T01:15:03Z,-38.449308333333335,148.308955,NA,NA,NA,dynamic_classA
2579999,2024-01-24T01:15:07Z,34.795365,127.73847333333333,NA,NA,NA,dynamic_classA
2579999,2024-01-24T01:15:09Z,56.70169,-2.465745,NA,NA,NA,dynamic_classA
2579999,2024-01-24T01:15:15Z,34.795365,127.73847333333333,NA,NA,NA,dynamic_classA
2579999,2024-01-24T01:15:16Z,34.795365,127.73847333333333,NA,NA,NA,dynamic_classA
2579999,2024-01-24T01:15:26Z,50.799618333333335,-1.1099966666666667,NA,NA,NA,dynamic_classA
2579999,2024-01-24T01:15:59Z,35.501549999999995,129.44112,NA,NA,NA,dynamic_classA
2579999,2024-01-24T01:16:11Z,25.318951666666667,53.462525,NA,NA,NA,dynamic_classA
2579999,2024-01-24T01:16:13Z,9.503413333333333,-13.708211666666667,NA,NA,NA,dynamic_classA
2579999,2024-01-24T01:16:24Z,35.50155666666667,129.44112166666667,NA,NA,NA,dynamic_classA
2579999,2024-01-24T01:16:39Z,29.650568333333336,32.361016666666664,NA,NA,NA,dynamic_classA
2579999,2024-01-24T01:16:40Z,25.31894833333333,53.462520000000005,NA,NA,NA,dynamic_classA
2579999,2024-01-24T01:16:56Z,34.79534666666667,127.73847500000001,NA,NA,NA,dynamic_classA
2579999,2024-01-24T01:17:00Z,25.318955000000003,53.46251666666667,NA,NA,NA,dynamic_classA
2579999,2024-01-24T01:17:06Z,3.5680666666666667,113.32466500000001,NA,NA,NA,dynamic_classA
2579999,2024-01-24T01:17:20Z,29.650570000000002,32.361005,NA,NA,NA,dynamic_classA
2579999,2024-01-24T01:17:30Z,56.701705,-2.465745,NA,NA,NA,dynamic_classA
2579999,2024-01-24T01:17:41Z,35.50155333333333,129.441125,NA,NA,NA,dynamic_classA
2579999,2024-01-24T01:17:50Z,25.31894833333333,53.46251666666667,NA,NA,NA,dynamic_classA
2579999,2024-01-24T01:17:57Z,1.2831233333333332,103.77931666666667,NA,NA,NA,dynamic_classA
2579999,2024-01-24T01:18:01Z,-20.092495,115.28249000000001,NA,NA,NA,dynamic_classA
2579999,2024-01-24T01:18:04Z,56.701705,-2.4657383333333334,NA,NA,NA,dynamic_classA
2579999,2024-01-24T01:18:08Z,34.795343333333335,127.73848333333333,NA,NA,NA,dynamic_classA
2579999,2024-01-24T01:18:17Z,25.318949999999997,53.462515,NA,NA,NA,dynamic_classA
2579999,2024-01-24T01:18:23Z,1.0522216666666666,120.800825,NA,NA,NA,dynamic_classA
2579999,2024-01-24T01:18:31Z,-20.092679999999998,115.28215833333334,NA,NA,NA,dynamic_classA
2579999,2024-01-24T01:18:45Z,29.65056333333333,32.361015,NA,NA,NA,dynamic_classA
2579999,2024-01-24T01:18:54Z,25.318946666666665,53.46252166666667,NA,NA,NA,dynamic_classA
2579999,2024-01-24T01:18:56Z,63.44206666666666,10.4034,NA,NA,NA,dynamic_classA
2579999,2024-01-24T01:18:57Z,53.53999666666667,9.878863333333333,NA,NA,NA,dynamic_classA
2579999,2024-01-24T01:18:59Z,25.318946666666665,53.46252166666667,NA,NA,NA,dynamic_classA
2579999,2024-01-24T01:19:00Z,25.318946666666665,53.46252166666667,NA,NA,NA,dynamic_classA
2579999,2024-01-24T01:19:02Z,25.318946666666665,53.46252166666667,NA,NA,NA,dynamic_classA
2579999,2024-01-24T01:19:04Z,25.318946666666665,53.46252166666667,NA,NA,NA,dynamic_classA
2579999,2024-01-24T01:19:07Z,25.318946666666665,53.46252166666667,NA,NA,NA,dynamic_classA
2579999,2024-01-24T01:19:11Z,1.2831166666666667,103.77930833333333,NA,NA,NA,dynamic_classA
2579999,2024-01-24T01:19:18Z,-33.878495,-58.421036666666666,NA,NA,NA,satellite
2579999,2024-01-24T01:19:24Z,29.65056666666667,32.361005,NA,NA,NA,dynamic_classA
2579999,2024-01-24T01:19:33Z,53.54000166666666,9.878856666666668,NA,NA,NA,dynamic_classA
2579999,2024-01-24T01:19:38Z,35.501555,129.44112333333334,NA,NA,NA,dynamic_classA
2579999,2024-01-24T01:20:01Z,9.503423333333334,-13.708203333333334,NA,NA,NA,dynamic_classA
2579999,2024-01-24T01:20:04Z,-2.668265,118.89447833333334,NA,NA,NA,dynamic_classA
2579999,2024-01-24T01:20:16Z,35.50155333333333,129.44112833333332,NA,NA,NA,dynamic_classA
2579999,2024-01-24T01:20:17Z,-33.87850666666667,-58.42104833333334,NA,NA,NA,satellite
2579999,2024-01-24T01:20:38Z,1.0522133333333334,120.80083166666667,NA,NA,NA,dynamic_classA
2579999,2024-01-24T01:20:46Z,1.2831183333333334,103.77929999999999,NA,NA,NA,dynamic_classA
2579999,2024-01-24T01:20:49Z,-33.87850666666667,-58.421060000000004,NA,NA,NA,dynamic_classA
2579999,2024-01-24T01:21:17Z,35.501551666666664,129.44114,NA,NA,NA,dynamic_classA
2579999,2024-01-24T01:21:19Z,59.88898166666667,10.753868333333333,NA,NA,NA,dynamic_classA
2579999,2024-01-24T01:21:21Z,54.603269999999995,-1.1617116666666665,NA,NA,NA,dynamic_classA
2579999,2024-01-24T01:21:33Z,1.2831233333333332,103.77931,NA,NA,NA,dynamic_classA
2579999,2024-01-24T01:21:42Z,-5.455375,105.31046333333333,NA,NA,NA,dynamic_classA
2579999,2024-01-24T01:21:53Z,54.60326166666667,-1.1617283333333333,NA,NA,NA,dynamic_classA
2579999,2024-01-24T01:22:19Z,9.503416666666668,-13.708203333333334,NA,NA,NA,dynamic_classA
2579999,2024-01-24T01:23:08Z,53.54000333333333,9.878853333333332,NA,NA,NA,dynamic_classA
2579999,2024-01-24T01:23:14Z,-20.095251666666666,115.27747833333333,NA,NA,NA,dynamic_classA
2579999,2024-01-24T01:23:20Z,-20.095313333333333,115.27735833333332,NA,NA,NA,satellite
2579999,2024-01-24T01:23:33Z,35.50155666666667,129.44114,NA,NA,NA,dynamic_classA
2579999,2024-01-24T01:23:36Z,24.536256666666667,54.385075,NA,NA,NA,dynamic_classA
2579999,2024-01-24T01:23:37Z,1.2831216666666667,103.77930666666666,NA,NA,NA,dynamic_classA
2579999,2024-01-24T01:23:57Z,34.795370000000005,127.73849333333332,NA,NA,NA,dynamic_classA
2579999,2024-01-24T01:23:59Z,25.31894833333333,53.462518333333335,NA,NA,NA,dynamic_classA
2579999,2024-01-24T01:24:00Z,25.318945,53.462518333333335,NA,NA,NA,dynamic_classA
2579999,2024-01-24T01:24:05Z,34.79537166666667,127.73849,NA,NA,NA,dynamic_classA
2579999,2024-01-24T01:24:21Z,25.318943333333333,53.462515,NA,NA,NA,dynamic_classA
2579999,2024-01-24T01:24:32Z,35.501560000000005,129.44113166666665,NA,NA,NA,dynamic_classA
2579999,2024-01-24T01:24:40Z,58.01463666666667,7.483895,NA,NA,NA,dynamic_classA
2579999,2024-01-24T01:24:53Z,24.072053333333333,51.786345,NA,NA,NA,dynamic_classA
2579999,2024-01-24T01:24:59Z,1.2831216666666667,103.77930666666666,NA,NA,NA,dynamic_classA
2579999,2024-01-24T01:25:04Z,-20.096288333333334,115.27563833333333,NA,NA,NA,satellite
2579999,2024-01-24T01:25:12Z,25.318949999999997,53.462518333333335,NA,NA,NA,dynamic_classA
2579999,2024-01-24T01:25:16Z,9.503423333333334,-13.708210000000001,NA,NA,NA,dynamic_classA
2579999,2024-01-24T01:25:19Z,25.318951666666667,53.462520000000005,NA,NA,NA,dynamic_classA
2579999,2024-01-24T01:25:21Z,29.650571666666668,32.361015,NA,NA,NA,dynamic_classA
2579999,2024-01-24T01:25:23Z,-20.096478333333334,115.27530666666667,NA,NA,NA,satellite
2579999,2024-01-24T01:25:26Z,-20.096506666666667,115.275255,NA,NA,NA,satellite
2579999,2024-01-24T01:25:27Z,56.70169666666666,-2.4657383333333334,NA,NA,NA,dynamic_classA
2579999,2024-01-24T01:25:36Z,-20.096603333333334,115.275085,NA,NA,NA,satellite
2579999,2024-01-24T01:25:39Z,1.2831216666666667,103.77930666666666,NA,NA,NA,dynamic_classA
2579999,2024-01-24T01:25:44Z,1.2831166666666667,103.77930833333333,NA,NA,NA,dynamic_classA
2579999,2024-01-24T01:26:00Z,-38.44947166666667,148.30900166666666,NA,NA,NA,satellite
2579999,2024-01-24T01:26:02Z,25.318946666666665,53.46252333333334,NA,NA,NA,dynamic_classA
2579999,2024-01-24T01:26:16Z,-20.096975,115.27438833333333,NA,NA,NA,satellite
2579999,2024-01-24T01:26:24Z,35.501555,129.44113333333334,NA,NA,NA,dynamic_classA
2579999,2024-01-24T01:26:26Z,-20.097061666666665,115.27422833333334,NA,NA,NA,satellite
2579999,2024-01-24T01:26:28Z,29.650564999999997,32.36102,NA,NA,NA,dynamic_classA
2579999,2024-01-24T01:26:33Z,50.79963166666666,-1.1100233333333334,NA,NA,NA,dynamic_classA
2579999,2024-01-24T01:26:39Z,9.503418333333334,-13.708221666666667,NA,NA,NA,dynamic_classA
2579999,2024-01-24T01:26:43Z,-20.097216666666668,115.27395666666666,NA,NA,NA,satellite
2579999,2024-01-24T01:26:47Z,1.2831166666666667,103.77930666666666,NA,NA,NA,dynamic_classA
2579999,2024-01-24T01:27:06Z,3.5680666666666667,113.32466500000001,NA,NA,NA,dynamic_classA
2579999,2024-01-24T01:27:07Z,35.501551666666664,129.44114,NA,NA,NA,dynamic_classA
2579999,2024-01-24T01:27:13Z,-20.097495,115.27344333333333,NA,NA,NA,satellite
2579999,2024-01-24T01:27:16Z,-20.09752,115.27339333333333,NA,NA,NA,satellite
2579999,2024-01-24T01:27:17Z,50.79963166666666,-1.1100116666666666,NA,NA,NA,dynamic_classA
2579999,2024-01-24T01:27:23Z,53.54,9.878851666666666,NA,NA,NA,dynamic_classA
2579999,2024-01-24T01:27:26Z,-20.097604999999998,115.27322333333333,NA,NA,NA,satellite
2579999,2024-01-24T01:27:44Z,-38.44949666666666,148.30900666666668,NA,NA,NA,satellite
2579999,2024-01-24T01:27:47Z,-20.09776833333333,115.27290833333333,NA,NA,NA,satellite
2579999,2024-01-24T01:28:07Z,-20.097951666666667,115.27258499999999,NA,NA,NA,satellite
2579999,2024-01-24T01:28:29Z,65.21744833333334,6.905203333333334,NA,NA,NA,dynamic_classA
2579999,2024-01-24T01:28:35Z,-38.44949833333333,148.30900666666668,NA,NA,NA,satellite
2579999,2024-01-24T01:28:37Z,-20.098235,115.27206,NA,NA,NA,satellite
2579999,2024-01-24T01:28:40Z,35.501558333333335,129.441125,NA,NA,NA,satellite
2579999,2024-01-24T01:28:42Z,25.318941666666667,53.46252833333333,NA,NA,NA,dynamic_classA
2579999,2024-01-24T01:28:44Z,-20.0983,115.271935,NA,NA,NA,satellite
2579999,2024-01-24T01:28:45Z,-38.44949833333333,148.30901,NA,NA,NA,satellite
2579999,2024-01-24T01:28:47Z,-20.098326666666665,115.27188166666666,NA,NA,NA,satellite
2579999,2024-01-24T01:28:49Z,65.21744666666667,6.905205,NA,NA,NA,dynamic_classA
2579999,2024-01-24T01:28:50Z,-38.44949,148.309065,NA,NA,NA,satellite
2579999,2024-01-24T01:28:54Z,-38.44949999999999,148.30901333333335,NA,NA,NA,satellite
2579999,2024-01-24T01:28:55Z,-20.098326666666665,115.27188166666666,NA,NA,NA,dynamic_classA
2579999,2024-01-24T01:28:57Z,-20.098415,115.27171166666668,NA,NA,NA,satellite
2579999,2024-01-24T01:29:04Z,-38.44950166666667,148.30902,NA,NA,NA,satellite
2579999,2024-01-24T01:29:07Z,-20.098503333333333,115.27154833333334,NA,NA,NA,satellite
2579999,2024-01-24T01:29:08Z,-38.44950166666667,148.30902666666668,NA,NA,NA,dynamic_classA
2579999,2024-01-24T01:29:14Z,-20.098566666666667,115.27143500000001,NA,NA,NA,satellite
2579999,2024-01-24T01:29:17Z,-20.098595,115.27138833333333,NA,NA,NA,satellite
2579999,2024-01-24T01:29:20Z,-20.09863,115.27132666666667,NA,NA,NA,satellite
2579999,2024-01-24T01:29:24Z,-20.09866,115.27127833333334,NA,NA,NA,satellite
2579999,2024-01-24T01:29:26Z,35.501558333333335,129.44112666666666,NA,NA,NA,dynamic_classA
2579999,2024-01-24T01:29:29Z,25.31894,53.462525,NA,NA,NA,dynamic_classA
2579999,2024-01-24T01:29:34Z,-38.449495,148.309045,NA,NA,NA,satellite
2579999,2024-01-24T01:29:44Z,-38.44949,148.309065,NA,NA,NA,satellite
2579999,2024-01-24T01:29:48Z,25.31894,53.462525,NA,NA,NA,dynamic_classA
2579999,2024-01-24T01:29:50Z,-38.449486666666665,148.30911333333333,NA,NA,NA,satellite
2579999,2024-01-24T01:29:55Z,-38.449481666666664,148.30908333333335,NA,NA,NA,satellite
2579999,2024-01-24T01:29:56Z,25.31894,53.462525,NA,NA,NA,dynamic_classA
2579999,2024-01-24T01:30:04Z,-38.44947833333333,148.30909000000003,NA,NA,NA,satellite
2579999,2024-01-24T01:30:07Z,-20.09904,115.27055999999999,NA,NA,NA,satellite
2579999,2024-01-24T01:30:10Z,-38.44950666666667,148.30913166666667,NA,NA,NA,satellite
2579999,2024-01-24T01:30:17Z,-20.099125,115.270395,NA,NA,NA,satellite
2579999,2024-01-24T01:30:24Z,-38.44947333333334,148.30909666666668,NA,NA,NA,satellite
2579999,2024-01-24T01:30:27Z,-20.099210000000003,115.27023166666666,NA,NA,NA,satellite
2579999,2024-01-24T01:30:32Z,25.318945,53.46252333333334,NA,NA,NA,dynamic_classA
2579999,2024-01-24T01:30:39Z,56.701681666666666,-2.4656966666666666,NA,NA,NA,dynamic_classA
2579999,2024-01-24T01:30:44Z,-38.449486666666665,148.30911333333333,NA,NA,NA,satellite
2579999,2024-01-24T01:30:46Z,63.44205,10.403388333333334,NA,NA,NA,dynamic_classA
2579999,2024-01-24T01:30:56Z,53.54000666666666,9.878856666666668,NA,NA,NA,dynamic_classA
2579999,2024-01-24T01:30:57Z,-20.099491666666665,115.26971,NA,NA,NA,satellite
2579999,2024-01-24T01:31:00Z,10.285763333333334,106.76143499999999,NA,NA,NA,dynamic_classA
2579999,2024-01-24T01:31:03Z,65.21745666666666,6.90518,NA,NA,NA,satellite
2579999,2024-01-24T01:31:05Z,-38.44950666666667,148.30913166666667,NA,NA,NA,satellite
2579999,2024-01-24T01:31:10Z,-38.44947666666667,148.30909333333332,NA,NA,NA,satellite
2579999,2024-01-24T01:31:11Z,1.283115,103.77930500000001,NA,NA,NA,dynamic_classA
2579999,2024-01-24T01:31:17Z,-20.100113333333336,115.26852000000001,NA,NA,NA,satellite
2579999,2024-01-24T01:31:20Z,34.79535833333333,127.73846833333333,NA,NA,NA,dynamic_classA
2579999,2024-01-24T01:31:24Z,1.2831133333333333,103.77930500000001,NA,NA,NA,dynamic_classA
2579999,2024-01-24T01:31:25Z,-38.449510000000004,148.30913666666666,NA,NA,NA,satellite
2579999,2024-01-24T01:31:30Z,-38.449465000000004,148.30907833333333,NA,NA,NA,satellite
2579999,2024-01-24T01:31:34Z,-20.100271666666668,115.26823166666667,NA,NA,NA,satellite
2579999,2024-01-24T01:31:35Z,-38.44950666666667,148.30913333333334,NA,NA,NA,satellite
2579999,2024-01-24T01:31:45Z,-38.44949833333333,148.30912333333333,NA,NA,NA,satellite
2579999,2024-01-24T01:31:51Z,65.21745333333334,6.905156666666667,NA,NA,NA,dynamic_classA
2579999,2024-01-24T01:31:55Z,-38.449488333333335,148.30910833333334,NA,NA,NA,satellite
2579999,2024-01-24T01:32:00Z,-38.44945333333333,148.30906666666667,NA,NA,NA,satellite
2579999,2024-01-24T01:32:01Z,50.79962833333333,-1.1099866666666667,NA,NA,NA,dynamic_classA
2579999,2024-01-24T01:32:05Z,-38.44947666666667,148.30909333333332,NA,NA,NA,satellite
2579999,2024-01-24T01:32:06Z,25.318953333333333,53.46252333333334,NA,NA,NA,dynamic_classA
2579999,2024-01-24T01:32:10Z,-38.44944666666667,148.30906833333333,NA,NA,NA,satellite
2579999,2024-01-24T01:32:11Z,25.318955000000003,53.462525,NA,NA,NA,dynamic_classA
2579999,2024-01-24T01:32:15Z,-38.449466666666666,148.30908333333335,NA,NA,NA,satellite
2579999,2024-01-24T01:32:17Z,-20.10020666666667,115.26835,NA,NA,NA,satellite
2579999,2024-01-24T01:32:25Z,-38.449465000000004,148.30907833333333,NA,NA,NA,satellite
2579999,2024-01-24T01:32:27Z,-20.10029666666667,115.26818166666666,NA,NA,NA,satellite
2579999,2024-01-24T01:32:30Z,-38.449439999999996,148.30908333333335,NA,NA,NA,satellite
2579999,2024-01-24T01:32:34Z,9.503440000000001,-13.708211666666667,NA,NA,NA,dynamic_classA
2579999,2024-01-24T01:32:35Z,53.54001,9.878858333333334,NA,NA,NA,satellite
2579999,2024-01-24T01:32:38Z,-20.100356666666666,115.26806333333334,NA,NA,NA,dynamic_classA
2579999,2024-01-24T01:32:40Z,-38.449439999999996,148.30908666666667,NA,NA,NA,satellite
2579999,2024-01-24T01:32:45Z,-38.44946,148.30907333333334,NA,NA,NA,satellite
2579999,2024-01-24T01:32:58Z,-20.100505,115.26777999999999,NA,NA,NA,dynamic_classA
2579999,2024-01-24T01:32:59Z,25.318953333333333,53.46252333333334,NA,NA,NA,dynamic_classA
2579999,2024-01-24T01:33:03Z,-20.100626666666667,115.26756833333334,NA,NA,NA,satellite
2579999,2024-01-24T01:33:04Z,-38.44944666666667,148.30906833333333,NA,NA,NA,satellite
2579999,2024-01-24T01:33:06Z,-20.100656666666666,115.26751833333333,NA,NA,NA,satellite
2579999,2024-01-24T01:33:13Z,10.285765,106.76141666666668,NA,NA,NA,satellite
2579999,2024-01-24T01:33:24Z,-38.449439999999996,148.30908333333335,NA,NA,NA,satellite
2579999,2024-01-24T01:33:29Z,-38.449495,148.30911666666668,NA,NA,NA,satellite
2579999,2024-01-24T01:33:30Z,54.60326,-1.1616983333333333,NA,NA,NA,dynamic_classA
2579999,2024-01-24T01:33:33Z,50.79963166666666,-1.10999,NA,NA,NA,satellite
2579999,2024-01-24T01:33:34Z,25.318949999999997,53.46252333333334,NA,NA,NA,dynamic_classA
2579999,2024-01-24T01:33:43Z,-20.101013333333334,115.266885,NA,NA,NA,satellite
2579999,2024-01-24T01:33:44Z,-38.449443333333335,148.30909000000003,NA,NA,NA,satellite
2579999,2024-01-24T01:33:46Z,-20.10104,115.266835,NA,NA,NA,satellite
2579999,2024-01-24T01:33:54Z,-38.44945166666666,148.30909666666668,NA,NA,NA,satellite
2579999,2024-01-24T01:33:59Z,10.285768333333333,106.76142166666666,NA,NA,NA,dynamic_classA
2579999,2024-01-24T01:34:00Z,25.318953333333333,53.46252333333334,NA,NA,NA,dynamic_classA
2579999,2024-01-24T01:34:04Z,-38.449466666666666,148.30910333333335,NA,NA,NA,satellite
2579999,2024-01-24T01:34:09Z,53.540004999999994,9.878868333333333,NA,NA,NA,satellite
2579999,2024-01-24T01:34:14Z,-38.44948333333333,148.30911,NA,NA,NA,satellite
2579999,2024-01-24T01:34:21Z,35.50156833333333,129.44113166666665,NA,NA,NA,dynamic_classA
2579999,2024-01-24T01:34:24Z,-38.449495,148.30911666666668,NA,NA,NA,satellite
2579999,2024-01-24T01:34:29Z,53.54000166666666,9.878868333333333,NA,NA,NA,satellite
2579999,2024-01-24T01:34:32Z,-20.101476666666667,115.26608166666666,NA,NA,NA,dynamic_classA
2579999,2024-01-24T01:34:33Z,-20.101476666666667,115.26608166666666,NA,NA,NA,satellite
2579999,2024-01-24T01:34:44Z,-38.44950333333334,148.30912333333333,NA,NA,NA,satellite
2579999,2024-01-24T01:34:49Z,53.54,9.878871666666667,NA,NA,NA,satellite
2579999,2024-01-24T01:34:52Z,29.650556666666667,32.36100833333333,NA,NA,NA,dynamic_classA
2579999,2024-01-24T01:34:54Z,-38.44949666666666,148.30911833333332,NA,NA,NA,satellite
2579999,2024-01-24T01:34:56Z,25.318953333333333,53.46252333333334,NA,NA,NA,dynamic_classA
2579999,2024-01-24T01:34:57Z,54.603245,-1.1617433333333334,NA,NA,NA,dynamic_classA
2579999,2024-01-24T01:35:09Z,56.701705,-2.465748333333333,NA,NA,NA,satellite
2579999,2024-01-24T01:35:21Z,34.79537666666667,127.73847500000001,NA,NA,NA,satellite
2579999,2024-01-24T01:35:29Z,53.54000166666666,9.878870000000001,NA,NA,NA,satellite
2579999,2024-01-24T01:35:30Z,25.31894833333333,53.46252333333334,NA,NA,NA,dynamic_classA
2579999,2024-01-24T01:35:43Z,-38.44950166666667,148.30906666666667,NA,NA,NA,dynamic_classA
2579999,2024-01-24T01:35:46Z,50.799638333333334,-1.109995,NA,NA,NA,dynamic_classA
2579999,2024-01-24T01:35:47Z,34.795370000000005,127.73847333333333,NA,NA,NA,dynamic_classA
2579999,2024-01-24T01:35:49Z,53.54000333333333,9.878876666666667,NA,NA,NA,satellite
2579999,2024-01-24T01:35:54Z,59.88898166666667,10.753865,NA,NA,NA,dynamic_classA
2579999,2024-01-24T01:35:55Z,34.795370000000005,127.73847333333333,NA,NA,NA,dynamic_classA
2579999,2024-01-24T01:36:14Z,35.501578333333335,129.44112166666667,NA,NA,NA,dynamic_classA
2579999,2024-01-24T01:36:19Z,35.501575,129.44112166666667,NA,NA,NA,dynamic_classA
2579999,2024-01-24T01:36:32Z,9.50342,-13.708210000000001,NA,NA,NA,dynamic_classA
2579999,2024-01-24T01:37:00Z,25.318943333333333,53.46252666666667,NA,NA,NA,dynamic_classA
2579999,2024-01-24T01:37:08Z,29.650564999999997,32.361000000000004,NA,NA,NA,dynamic_classA
2579999,2024-01-24T01:37:46Z,34.79535166666667,127.73847833333333,NA,NA,NA,dynamic_classA
2579999,2024-01-24T01:38:00Z,29.650561666666665,32.361000000000004,NA,NA,NA,dynamic_classA
2579999,2024-01-24T01:38:03Z,46.543980000000005,-48.499066666666664,NA,NA,NA,dynamic_classA
2579999,2024-01-24T01:38:09Z,-33.87849,-58.42105,NA,NA,NA,dynamic_classA
2579999,2024-01-24T01:38:15Z,-20.103821666666665,115.262635,NA,NA,NA,dynamic_classA
2579999,2024-01-24T01:38:20Z,56.70168833333333,-2.4657383333333334,NA,NA,NA,dynamic_classA
2579999,2024-01-24T01:38:22Z,35.50156833333333,129.44113333333334,NA,NA,NA,dynamic_classA
2579999,2024-01-24T01:38:30Z,25.318951666666667,53.46252166666667,NA,NA,NA,dynamic_classA
2579999,2024-01-24T01:38:46Z,35.50156833333333,129.44113000000002,NA,NA,NA,dynamic_classA
2579999,2024-01-24T01:38:48Z,-20.10413833333333,115.26214499999999,NA,NA,NA,dynamic_classA
2579999,2024-01-24T01:38:54Z,56.70169333333333,-2.4657366666666665,NA,NA,NA,dynamic_classA
2579999,2024-01-24T01:39:14Z,25.318958333333335,53.46252166666667,NA,NA,NA,dynamic_classA
2579999,2024-01-24T01:39:17Z,53.54,9.878870000000001,NA,NA,NA,dynamic_classA
2579999,2024-01-24T01:39:25Z,29.65056666666667,32.36100166666667,NA,NA,NA,dynamic_classA
2579999,2024-01-24T01:39:26Z,34.79534,127.73847,NA,NA,NA,dynamic_classA
2579999,2024-01-24T01:39:36Z,25.318955000000003,53.462518333333335,NA,NA,NA,dynamic_classA
2579999,2024-01-24T01:39:44Z,29.650558333333333,32.36100833333333,NA,NA,NA,dynamic_classA
2579999,2024-01-24T01:40:08Z,1.283115,103.77930666666666,NA,NA,NA,dynamic_classA
2579999,2024-01-24T01:40:14Z,53.53999666666667,9.878870000000001,NA,NA,NA,dynamic_classA
2579999,2024-01-24T01:40:25Z,3.5680666666666667,113.32466500000001,NA,NA,NA,dynamic_classA
2579999,2024-01-24T01:40:26Z,1.2831166666666667,103.77931333333332,NA,NA,NA,dynamic_classA
2579999,2024-01-24T01:40:38Z,35.501565,129.44112333333334,NA,NA,NA,dynamic_classA
2579999,2024-01-24T01:41:09Z,25.318943333333333,53.46252833333333,NA,NA,NA,dynamic_classA
2579999,2024-01-24T01:41:11Z,9.50343,-13.708210000000001,NA,NA,NA,dynamic_classA
2579999,2024-01-24T01:41:16Z,24.536265,54.385075,NA,NA,NA,dynamic_classA
2579999,2024-01-24T01:41:30Z,25.318949999999997,53.46253,NA,NA,NA,dynamic_classA
2579999,2024-01-24T01:41:31Z,-38.44954333333333,148.30896833333333,NA,NA,NA,dynamic_classA
2579999,2024-01-24T01:41:33Z,1.2831166666666667,103.779315,NA,NA,NA,dynamic_classA
2579999,2024-01-24T01:41:39Z,3.5680666666666667,113.32466500000001,NA,NA,NA,dynamic_classA
2579999,2024-01-24T01:41:42Z,54.60325666666667,-1.1617283333333333,NA,NA,NA,dynamic_classA
2579999,2024-01-24T01:41:57Z,35.50157,129.44112166666667,NA,NA,NA,dynamic_classA
2579999,2024-01-24T01:42:13Z,54.60326833333333,-1.1617250000000001,NA,NA,NA,dynamic_classA
2579999,2024-01-24T01:42:17Z,63.44206833333333,10.403369999999999,NA,NA,NA,dynamic_classA
2579999,2024-01-24T01:42:18Z,1.0522433333333334,120.80081666666666,NA,NA,NA,dynamic_classA
2579999,2024-01-24T01:42:22Z,-5.455391666666667,105.31046500000001,NA,NA,NA,dynamic_classA
2579999,2024-01-24T01:43:09Z,9.503440000000001,-13.708210000000001,NA,NA,NA,dynamic_classA
2579999,2024-01-24T01:43:22Z,1.2831116666666667,103.77930833333333,NA,NA,NA,dynamic_classA
2579999,2024-01-24T01:43:47Z,1.2831083333333335,103.77930833333333,NA,NA,NA,dynamic_classA
2579999,2024-01-24T01:44:08Z,53.54,9.878866666666665,NA,NA,NA,dynamic_classA
2579999,2024-01-24T01:44:23Z,35.50156166666667,129.44113333333334,NA,NA,NA,dynamic_classA
2579999,2024-01-24T01:44:25Z,34.79535666666666,127.73848166666667,NA,NA,NA,dynamic_classA
2579999,2024-01-24T01:44:37Z,34.795355,127.73848,NA,NA,NA,dynamic_classA
2579999,2024-01-24T01:44:59Z,25.318961666666667,53.46251666666667,NA,NA,NA,dynamic_classA
2579999,2024-01-24T01:45:08Z,25.318961666666667,53.46251666666667,NA,NA,NA,dynamic_classA
2579999,2024-01-24T01:45:10Z,58.01464166666666,7.48388,NA,NA,NA,dynamic_classA
2579999,2024-01-24T01:45:22Z,35.501565,129.44112833333332,NA,NA,NA,dynamic_classA
2579999,2024-01-24T01:45:31Z,50.79964,-1.1100216666666667,NA,NA,NA,dynamic_classA
2579999,2024-01-24T01:45:47Z,35.501565,129.44113000000002,NA,NA,NA,dynamic_classA
2579999,2024-01-24T01:46:01Z,29.65054,32.361015,NA,NA,NA,dynamic_classA
2579999,2024-01-24T01:46:07Z,56.70169833333333,-2.465735,NA,NA,NA,dynamic_classA
2579999,2024-01-24T01:46:43Z,1.2831116666666667,103.779325,NA,NA,NA,dynamic_classA
2579999,2024-01-24T01:46:44Z,35.50156833333333,129.44112333333334,NA,NA,NA,dynamic_classA
2579999,2024-01-24T01:47:09Z,29.65056,32.36100666666667,NA,NA,NA,dynamic_classA
2579999,2024-01-24T01:47:14Z,50.79964666666667,-1.1100299999999999,NA,NA,NA,dynamic_classA
2579999,2024-01-24T01:47:19Z,25.318951666666667,53.46253,NA,NA,NA,dynamic_classA
2579999,2024-01-24T01:47:27Z,35.50157166666667,129.441125,NA,NA,NA,dynamic_classA
2579999,2024-01-24T01:47:47Z,50.79964666666667,-1.1100166666666667,NA,NA,NA,dynamic_classA
2579999,2024-01-24T01:47:53Z,53.54000333333333,9.878866666666665,NA,NA,NA,dynamic_classA
2579999,2024-01-24T01:48:09Z,25.318953333333333,53.46253,NA,NA,NA,dynamic_classA
2579999,2024-01-24T01:48:26Z,25.318955000000003,53.46252833333333,NA,NA,NA,dynamic_classA
2579999,2024-01-24T01:48:31Z,-20.109568333333335,115.25347333333335,NA,NA,NA,dynamic_classA
2579999,2024-01-24T01:48:59Z,65.21745833333334,6.905151666666667,NA,NA,NA,dynamic_classA
2579999,2024-01-24T01:49:00Z,35.50157166666667,129.44112333333334,NA,NA,NA,dynamic_classA
2579999,2024-01-24T01:49:07Z,25.31895666666667,53.462535,NA,NA,NA,dynamic_classA
2579999,2024-01-24T01:49:08Z,-38.44958,148.30900000000003,NA,NA,NA,dynamic_classA
2579999,2024-01-24T01:49:29Z,65.21745833333334,6.90514,NA,NA,NA,dynamic_classA
2579999,2024-01-24T01:49:39Z,25.318961666666667,53.46253166666667,NA,NA,NA,dynamic_classA
2579999,2024-01-24T01:50:09Z,25.318955000000003,53.46253166666667,NA,NA,NA,dynamic_classA
2579999,2024-01-24T01:50:12Z,-20.110623333333333,115.25178666666667,NA,NA,NA,dynamic_classA
2579999,2024-01-24T01:50:59Z,56.70169333333333,-2.465735,NA,NA,NA,dynamic_classA
2579999,2024-01-24T01:51:06Z,35.501558333333335,129.44111833333332,NA,NA,NA,dynamic_classA
2579999,2024-01-24T01:51:26Z,53.54001,9.878871666666667,NA,NA,NA,dynamic_classA
2579999,2024-01-24T01:51:27Z,25.318958333333335,53.46253333333333,NA,NA,NA,dynamic_classA
2579999,2024-01-24T01:51:41Z,50.79964,-1.1100116666666666,NA,NA,NA,dynamic_classA
2579999,2024-01-24T01:51:42Z,25.318955000000003,53.46253166666667,NA,NA,NA,dynamic_classA
2579999,2024-01-24T01:51:49Z,59.888985000000005,10.753831666666667,NA,NA,NA,dynamic_classA
2579999,2024-01-24T01:51:59Z,1.283105,103.77930833333333,NA,NA,NA,dynamic_classA
2579999,2024-01-24T01:52:00Z,34.795359999999995,127.73846166666667,NA,NA,NA,dynamic_classA
2579999,2024-01-24T01:52:01Z,65.21745,6.905166666666667,NA,NA,NA,dynamic_classA
2579999,2024-01-24T01:52:13Z,65.217455,6.90517,NA,NA,NA,dynamic_classA
2579999,2024-01-24T01:52:38Z,9.503438333333333,-13.708215,NA,NA,NA,dynamic_classA
2579999,2024-01-24T01:52:47Z,25.318951666666667,53.46252333333334,NA,NA,NA,dynamic_classA
2579999,2024-01-24T01:52:55Z,53.54000333333333,9.878871666666667,NA,NA,NA,dynamic_classA
2579999,2024-01-24T01:53:09Z,25.318958333333335,53.46252166666667,NA,NA,NA,dynamic_classA
2579999,2024-01-24T01:53:13Z,25.31895666666667,53.46252333333334,NA,NA,NA,dynamic_classA
2579999,2024-01-24T01:53:24Z,1.2831066666666666,103.77931333333332,NA,NA,NA,dynamic_classA
2579999,2024-01-24T01:53:28Z,25.31896,53.46252666666667,NA,NA,NA,dynamic_classA
2579999,2024-01-24T01:53:37Z,63.442051666666664,10.403408333333335,NA,NA,NA,dynamic_classA
2579999,2024-01-24T01:53:39Z,35.50156666666667,129.44111666666666,NA,NA,NA,dynamic_classA
2579999,2024-01-24T01:53:40Z,1.28311,103.77931333333332,NA,NA,NA,dynamic_classA
2579999,2024-01-24T01:53:42Z,1.28311,103.77931333333332,NA,NA,NA,dynamic_classA
2579999,2024-01-24T01:53:50Z,54.60324666666667,-1.1616866666666668,NA,NA,NA,dynamic_classA
2579999,2024-01-24T01:54:43Z,50.79964333333333,-1.1100383333333332,NA,NA,NA,dynamic_classA
2579999,2024-01-24T01:54:50Z,34.795368333333336,127.73845833333333,NA,NA,NA,dynamic_classA
2579999,2024-01-24T01:55:00Z,29.357431666666667,34.961245,NA,NA,NA,dynamic_classA
2579999,2024-01-24T01:55:02Z,29.357431666666667,34.961245,NA,NA,NA,dynamic_classA
2579999,2024-01-24T01:55:07Z,54.603251666666665,-1.1616900000000001,NA,NA,NA,dynamic_classA
2579999,2024-01-24T01:55:09Z,10.2857,106.76150166666666,NA,NA,NA,dynamic_classA
2579999,2024-01-24T01:55:11Z,35.50154833333333,129.44113666666667,NA,NA,NA,dynamic_classA
2579999,2024-01-24T01:55:12Z,29.650556666666667,32.360996666666665,NA,NA,NA,dynamic_classA
2579999,2024-01-24T01:55:19Z,56.701695,-2.4657616666666664,NA,NA,NA,dynamic_classA
2579999,2024-01-24T01:55:30Z,25.31895666666667,53.46253333333333,NA,NA,NA,dynamic_classA
2579999,2024-01-24T01:55:37Z,25.318958333333335,53.46253166666667,NA,NA,NA,dynamic_classA
2579999,2024-01-24T01:55:39Z,25.31895666666667,53.46253333333333,NA,NA,NA,dynamic_classA
2579999,2024-01-24T01:55:41Z,-20.113741666666666,115.24683833333333,NA,NA,NA,dynamic_classA
2579999,2024-01-24T01:55:47Z,25.31895666666667,53.46253333333333,NA,NA,NA,dynamic_classA
2579999,2024-01-24T01:55:57Z,25.31895666666667,53.46253333333333,NA,NA,NA,dynamic_classA
2579999,2024-01-24T01:55:59Z,25.318955000000003,53.46253333333333,NA,NA,NA,dynamic_classA
2579999,2024-01-24T01:56:06Z,50.799641666666666,-1.1100299999999999,NA,NA,NA,dynamic_classA
2579999,2024-01-24T01:56:09Z,-38.44954166666666,148.30895166666667,NA,NA,NA,dynamic_classA
2579999,2024-01-24T01:56:27Z,34.795370000000005,127.738455,NA,NA,NA,dynamic_classA
2579999,2024-01-24T01:56:30Z,25.318949999999997,53.46252666666667,NA,NA,NA,dynamic_classA
2579999,2024-01-24T01:56:33Z,34.795370000000005,127.738455,NA,NA,NA,dynamic_classA
2579999,2024-01-24T01:56:39Z,35.501558333333335,129.44113000000002,NA,NA,NA,dynamic_classA
2579999,2024-01-24T01:56:44Z,-38.44953666666667,148.3089733333333,NA,NA,NA,dynamic_classA
2579999,2024-01-24T01:56:52Z,9.503436666666666,-13.708228333333333,NA,NA,NA,dynamic_classA
2579999,2024-01-24T01:56:54Z,25.31894833333333,53.46252666666667,NA,NA,NA,dynamic_classA
2579999,2024-01-24T01:56:55Z,34.795370000000005,127.738455,NA,NA,NA,dynamic_classA
2579999,2024-01-24T01:56:58Z,25.318951666666667,53.46252833333333,NA,NA,NA,dynamic_classA
2579999,2024-01-24T01:57:00Z,25.318951666666667,53.46252833333333,NA,NA,NA,dynamic_classA
2579999,2024-01-24T01:57:06Z,25.318951666666667,53.46252833333333,NA,NA,NA,dynamic_classA
2579999,2024-01-24T01:57:24Z,35.50155666666667,129.441125,NA,NA,NA,dynamic_classA
2579999,2024-01-24T01:57:36Z,1.283115,103.77932166666666,NA,NA,NA,dynamic_classA
2579999,2024-01-24T01:57:49Z,29.65055166666667,32.36100833333333,NA,NA,NA,dynamic_classA
2579999,2024-01-24T01:57:54Z,1.2831133333333333,103.77932833333332,NA,NA,NA,dynamic_classA
2579999,2024-01-24T01:58:26Z,34.795361666666665,127.73846333333333,NA,NA,NA,dynamic_classA
2579999,2024-01-24T01:58:29Z,29.65055166666667,32.36100166666667,NA,NA,NA,dynamic_classA
2579999,2024-01-24T01:59:00Z,56.701708333333336,-2.4657600000000004,NA,NA,NA,dynamic_classA
2579999,2024-01-24T01:59:03Z,-20.115658333333332,115.24376000000001,NA,NA,NA,dynamic_classA
2579999,2024-01-24T01:59:18Z,1.28311,103.77933,NA,NA,NA,dynamic_classA
2579999,2024-01-24T01:59:31Z,-20.116045,115.24317333333333,NA,NA,NA,dynamic_classA
2579999,2024-01-24T01:59:37Z,53.53999833333333,9.878870000000001,NA,NA,NA,dynamic_classA
2579999,2024-01-24T01:59:44Z,56.70170333333333,-2.465751666666667,NA,NA,NA,dynamic_classA
2579999,2024-01-24T01:59:54Z,29.65056,32.36101,NA,NA,NA,dynamic_classA
2579999,2024-01-24T02:00:05Z,35.50154166666667,129.44113833333333,NA,NA,NA,dynamic_classA
2579999,2024-01-24T02:00:13Z,35.50154166666667,129.44113833333333,NA,NA,NA,dynamic_classA
2579999,2024-01-24T02:00:18Z,34.795345,127.73847,NA,NA,NA,dynamic_classA
2579999,2024-01-24T02:00:24Z,-2.6682449999999998,118.89448999999999,NA,NA,NA,dynamic_classA
2579999,2024-01-24T02:00:31Z,50.79964666666667,-1.1100183333333333,NA,NA,NA,dynamic_classA
2579999,2024-01-24T02:01:03Z,53.54000166666666,9.878874999999999,NA,NA,NA,dynamic_classA
2579999,2024-01-24T02:01:07Z,-20.116815,115.24193166666667,NA,NA,NA,satellite
2579999,2024-01-24T02:01:10Z,1.2831166666666667,103.77933833333333,NA,NA,NA,dynamic_classA
2579999,2024-01-24T02:01:28Z,-20.116975,115.24166666666666,NA,NA,NA,dynamic_classA
2579999,2024-01-24T02:01:36Z,9.503449999999999,-13.708223333333333,NA,NA,NA,dynamic_classA
2579999,2024-01-24T02:01:39Z,53.539991666666666,9.878873333333333,NA,NA,NA,dynamic_classA
2579999,2024-01-24T02:01:49Z,29.65055166666667,32.361016666666664,NA,NA,NA,dynamic_classA
2579999,2024-01-24T02:01:52Z,54.603251666666665,-1.1616900000000001,NA,NA,NA,dynamic_classA
2579999,2024-01-24T02:01:56Z,24.536263333333334,54.38507166666667,NA,NA,NA,dynamic_classA
2579999,2024-01-24T02:02:04Z,24.536263333333334,54.38507166666667,NA,NA,NA,dynamic_classA
2579999,2024-01-24T02:02:33Z,1.2831133333333333,103.77935000000001,NA,NA,NA,dynamic_classA
2579999,2024-01-24T02:02:37Z,35.50155333333333,129.44113833333333,NA,NA,NA,dynamic_classA
2579999,2024-01-24T02:02:38Z,-20.117455,115.24088166666667,NA,NA,NA,satellite
2579999,2024-01-24T02:02:48Z,-20.117523333333335,115.24077333333334,NA,NA,NA,satellite
2579999,2024-01-24T02:02:52Z,-5.4553883333333335,105.31045833333333,NA,NA,NA,dynamic_classA
2579999,2024-01-24T02:03:14Z,-20.1177,115.24047833333334,NA,NA,NA,satellite
2579999,2024-01-24T02:03:21Z,-20.117745,115.24040333333333,NA,NA,NA,satellite
2579999,2024-01-24T02:03:27Z,-20.117783333333332,115.24033833333333,NA,NA,NA,satellite
2579999,2024-01-24T02:03:34Z,-20.117826666666666,115.240265,NA,NA,NA,satellite
2579999,2024-01-24T02:03:37Z,-20.117845,115.24023333333334,NA,NA,NA,satellite
2579999,2024-01-24T02:03:39Z,9.503436666666666,-13.708211666666667,NA,NA,NA,dynamic_classA
2579999,2024-01-24T02:03:47Z,1.28311,103.77934333333333,NA,NA,NA,satellite
2579999,2024-01-24T02:03:51Z,-20.117928333333335,115.24009500000001,NA,NA,NA,satellite
2579999,2024-01-24T02:03:54Z,-20.117948333333334,115.240065,NA,NA,NA,satellite
2579999,2024-01-24T02:03:58Z,-20.117963333333332,115.24004,NA,NA,NA,satellite
2579999,2024-01-24T02:04:06Z,9.503436666666666,-13.708208333333333,NA,NA,NA,dynamic_classA
2579999,2024-01-24T02:04:07Z,63.442075,10.403386666666668,NA,NA,NA,satellite
2579999,2024-01-24T02:04:08Z,1.052235,120.80083166666667,NA,NA,NA,dynamic_classA
2579999,2024-01-24T02:04:11Z,25.318953333333333,53.46252333333334,NA,NA,NA,dynamic_classA
2579999,2024-01-24T02:04:14Z,-20.118068333333333,115.23988666666668,NA,NA,NA,satellite
2579999,2024-01-24T02:04:18Z,-20.118085,115.23986,NA,NA,NA,satellite
2579999,2024-01-24T02:04:21Z,-20.118108333333332,115.23982666666667,NA,NA,NA,satellite
2579999,2024-01-24T02:04:35Z,34.79535333333333,127.73846333333333,NA,NA,NA,dynamic_classA
2579999,2024-01-24T02:04:37Z,1.2831133333333333,103.77934499999999,NA,NA,NA,dynamic_classA
2579999,2024-01-24T02:04:44Z,-20.118238333333334,115.23963499999999,NA,NA,NA,satellite
2579999,2024-01-24T02:04:54Z,-20.118293333333334,115.23955,NA,NA,NA,satellite
2579999,2024-01-24T02:04:58Z,53.53999666666667,9.878863333333333,NA,NA,NA,satellite
2579999,2024-01-24T02:05:03Z,35.50154833333333,129.44113666666667,NA,NA,NA,dynamic_classA
2579999,2024-01-24T02:05:04Z,-20.118348333333333,115.23947,NA,NA,NA,satellite
2579999,2024-01-24T02:05:17Z,34.795355,127.73846833333333,NA,NA,NA,satellite
2579999,2024-01-24T02:05:19Z,25.31896,53.46251666666667,NA,NA,NA,dynamic_classA
2579999,2024-01-24T02:05:28Z,25.31895666666667,53.462515,NA,NA,NA,dynamic_classA
2579999,2024-01-24T02:05:34Z,-20.118496666666665,115.23924833333334,NA,NA,NA,satellite
2579999,2024-01-24T02:05:40Z,58.01468333333333,7.483838333333334,NA,NA,NA,dynamic_classA
2579999,2024-01-24T02:05:47Z,56.70170333333333,-2.4657116666666665,NA,NA,NA,dynamic_classA
2579999,2024-01-24T02:06:07Z,9.503448333333333,-13.708225,NA,NA,NA,satellite
2579999,2024-01-24T02:06:11Z,35.501560000000005,129.44114166666665,NA,NA,NA,dynamic_classA
2579999,2024-01-24T02:06:18Z,-20.118679999999998,115.23898166666666,NA,NA,NA,satellite
2579999,2024-01-24T02:06:24Z,-20.118705,115.23895,NA,NA,NA,satellite
2579999,2024-01-24T02:06:27Z,-20.118713333333336,115.23893500000001,NA,NA,NA,satellite
2579999,2024-01-24T02:06:28Z,25.31896,53.462520000000005,NA,NA,NA,dynamic_classA
2579999,2024-01-24T02:06:31Z,50.79964666666667,-1.110015,NA,NA,NA,dynamic_classA
2579999,2024-01-24T02:07:04Z,59.88898166666667,10.753908333333333,NA,NA,NA,dynamic_classA
2579999,2024-01-24T02:07:05Z,-20.118813333333332,115.23878500000001,NA,NA,NA,dynamic_classA
2579999,2024-01-24T02:07:07Z,-20.118813333333332,115.23878500000001,NA,NA,NA,satellite
2579999,2024-01-24T02:07:17Z,-20.118831666666665,115.23875500000001,NA,NA,NA,satellite
2579999,2024-01-24T02:07:21Z,-20.118838333333333,115.23874333333333,NA,NA,NA,satellite
2579999,2024-01-24T02:07:24Z,-20.118843333333334,115.23873166666667,NA,NA,NA,satellite
2579999,2024-01-24T02:07:28Z,-20.118850000000002,115.238725,NA,NA,NA,satellite
2579999,2024-01-24T02:07:29Z,25.318949999999997,53.46252166666667,NA,NA,NA,dynamic_classA
2579999,2024-01-24T02:07:35Z,25.318949999999997,53.46252166666667,NA,NA,NA,satellite
2579999,2024-01-24T02:07:47Z,35.50156166666667,129.44114833333333,NA,NA,NA,dynamic_classA
2579999,2024-01-24T02:07:48Z,29.650546666666667,32.361016666666664,NA,NA,NA,dynamic_classA
2579999,2024-01-24T02:07:53Z,1.2831083333333335,103.779325,NA,NA,NA,dynamic_classA
2579999,2024-01-24T02:07:54Z,50.799638333333334,-1.1100266666666667,NA,NA,NA,dynamic_classA
2579999,2024-01-24T02:08:08Z,-20.118896666666668,115.23862833333332,NA,NA,NA,satellite
2579999,2024-01-24T02:08:26Z,25.318949999999997,53.462520000000005,NA,NA,NA,dynamic_classA
2579999,2024-01-24T02:08:27Z,50.79964,-1.1100216666666667,NA,NA,NA,dynamic_classA
2579999,2024-01-24T02:08:28Z,-20.118910000000003,115.23860333333333,NA,NA,NA,satellite
2579999,2024-01-24T02:08:29Z,25.31894833333333,53.46252166666667,NA,NA,NA,dynamic_classA
2579999,2024-01-24T02:08:33Z,53.53999833333333,9.878876666666667,NA,NA,NA,dynamic_classA
2579999,2024-01-24T02:08:36Z,1.2831116666666667,103.77932166666666,NA,NA,NA,dynamic_classA
2579999,2024-01-24T02:08:44Z,-20.118918333333333,115.238595,NA,NA,NA,satellite
2579999,2024-01-24T02:08:53Z,25.31894833333333,53.462518333333335,NA,NA,NA,dynamic_classA
2579999,2024-01-24T02:09:18Z,-38.449488333333335,148.30902166666667,NA,NA,NA,dynamic_classA
2579999,2024-01-24T02:09:20Z,35.501565,129.44113000000002,NA,NA,NA,dynamic_classA
2579999,2024-01-24T02:09:29Z,65.21746166666667,6.90514,NA,NA,NA,dynamic_classA
2579999,2024-01-24T02:09:44Z,-20.118921666666665,115.23858166666668,NA,NA,NA,satellite
2579999,2024-01-24T02:09:57Z,25.318949999999997,53.462520000000005,NA,NA,NA,dynamic_classA
2579999,2024-01-24T02:10:10Z,65.21745666666666,6.9051583333333335,NA,NA,NA,dynamic_classA
2579999,2024-01-24T02:10:14Z,25.318949999999997,53.46252333333334,NA,NA,NA,dynamic_classA
2579999,2024-01-24T02:10:22Z,25.31895666666667,53.46252166666667,NA,NA,NA,dynamic_classA
2579999,2024-01-24T02:10:23Z,3.5680666666666667,113.32466500000001,NA,NA,NA,dynamic_classA
2579999,2024-01-24T02:10:24Z,-20.11892,115.238585,NA,NA,NA,satellite
2579999,2024-01-24T02:10:27Z,-20.118921666666665,115.238585,NA,NA,NA,satellite
2579999,2024-01-24T02:10:35Z,-20.118921666666665,115.238585,NA,NA,NA,dynamic_classA
2579999,2024-01-24T02:10:49Z,25.318958333333335,53.46252166666667,NA,NA,NA,dynamic_classA
2579999,2024-01-24T02:10:56Z,35.50156833333333,129.441125,NA,NA,NA,dynamic_classA
2579999,2024-01-24T02:10:59Z,25.318951666666667,53.46252166666667,NA,NA,NA,dynamic_classA
2579999,2024-01-24T02:11:06Z,35.50156833333333,129.44112666666666,NA,NA,NA,dynamic_classA
2579999,2024-01-24T02:11:09Z,56.701695,-2.465751666666667,NA,NA,NA,dynamic_classA
2579999,2024-01-24T02:11:24Z,25.318949999999997,53.46253,NA,NA,NA,dynamic_classA
2579999,2024-01-24T02:11:48Z,25.318955000000003,53.46253,NA,NA,NA,dynamic_classA
2579999,2024-01-24T02:12:06Z,53.540004999999994,9.878856666666668,NA,NA,NA,dynamic_classA
2579999,2024-01-24T02:12:11Z,65.21745666666666,6.905146666666667,NA,NA,NA,dynamic_classA
2579999,2024-01-24T02:12:14Z,25.31894833333333,53.46253,NA,NA,NA,dynamic_classA
2579999,2024-01-24T02:12:32Z,25.318951666666667,53.462536666666665,NA,NA,NA,dynamic_classA
2579999,2024-01-24T02:12:39Z,10.28574,106.76142833333333,NA,NA,NA,dynamic_classA
2579999,2024-01-24T02:12:40Z,9.503445,-13.708216666666667,NA,NA,NA,dynamic_classA
2579999,2024-01-24T02:12:44Z,-20.11892,115.23858833333334,NA,NA,NA,dynamic_classA
2579999,2024-01-24T02:13:00Z,25.31894833333333,53.462536666666665,NA,NA,NA,dynamic_classA
2579999,2024-01-24T02:13:13Z,65.217455,6.905173333333334,NA,NA,NA,dynamic_classA
2579999,2024-01-24T02:13:15Z,53.54000333333333,9.878863333333333,NA,NA,NA,dynamic_classA
2579999,2024-01-24T02:13:29Z,1.2831116666666667,103.77932333333334,NA,NA,NA,dynamic_classA
2579999,2024-01-24T02:13:34Z,54.603285,-1.1616950000000001,NA,NA,NA,dynamic_classA
2579999,2024-01-24T02:13:39Z,9.503443333333333,-13.70822,NA,NA,NA,dynamic_classA
2579999,2024-01-24T02:13:48Z,25.318941666666667,53.46254,NA,NA,NA,dynamic_classA
2579999,2024-01-24T02:14:00Z,54.60328833333333,-1.161705,NA,NA,NA,dynamic_classA
2579999,2024-01-24T02:14:08Z,25.318943333333333,53.462535,NA,NA,NA,dynamic_classA
2579999,2024-01-24T02:14:10Z,34.79536666666667,127.73847833333333,NA,NA,NA,dynamic_classA
2579999,2024-01-24T02:14:29Z,35.501560000000005,129.44112333333334,NA,NA,NA,dynamic_classA
2579999,2024-01-24T02:14:34Z,-20.118941666666668,115.23861000000001,NA,NA,NA,dynamic_classA
2579999,2024-01-24T02:14:35Z,1.2831133333333333,103.77932166666666,NA,NA,NA,dynamic_classA
2579999,2024-01-24T02:15:07Z,53.54,9.878863333333333,NA,NA,NA,dynamic_classA
2579999,2024-01-24T02:15:13Z,10.285746666666666,106.76142833333333,NA,NA,NA,dynamic_classA
2579999,2024-01-24T02:15:19Z,56.70171166666667,-2.4657366666666665,NA,NA,NA,dynamic_classA
2579999,2024-01-24T02:15:27Z,54.603285,-1.1617316666666668,NA,NA,NA,dynamic_classA
2579999,2024-01-24T02:15:30Z,34.795386666666666,127.73847500000001,NA,NA,NA,dynamic_classA
2579999,2024-01-24T02:15:32Z,29.650553333333335,32.361003333333336,NA,NA,NA,dynamic_classA
2579999,2024-01-24T02:15:42Z,35.50155666666667,129.44113166666665,NA,NA,NA,dynamic_classA
2579999,2024-01-24T02:15:47Z,63.442051666666664,10.403391666666666,NA,NA,NA,dynamic_classA
2579999,2024-01-24T02:15:49Z,35.501558333333335,129.44113333333334,NA,NA,NA,dynamic_classA
2579999,2024-01-24T02:16:01Z,1.28311,103.77931833333334,NA,NA,NA,dynamic_classA
2579999,2024-01-24T02:16:08Z,-20.118938333333332,115.23859833333333,NA,NA,NA,dynamic_classA
2579999,2024-01-24T02:16:09Z,10.285748333333334,106.76141833333332,NA,NA,NA,dynamic_classA
2579999,2024-01-24T02:16:11Z,25.318949999999997,53.462525,NA,NA,NA,dynamic_classA
2579999,2024-01-24T02:16:26Z,50.79963,-1.1100183333333333,NA,NA,NA,dynamic_classA
2579999,2024-01-24T02:16:33Z,50.79963,-1.1100183333333333,NA,NA,NA,dynamic_classA
2579999,2024-01-24T02:16:52Z,9.503443333333333,-13.7082,NA,NA,NA,dynamic_classA
2579999,2024-01-24T02:16:57Z,34.79538,127.73847833333333,NA,NA,NA,dynamic_classA
2579999,2024-01-24T02:17:03Z,1.2831116666666667,103.77931833333334,NA,NA,NA,dynamic_classA
2579999,2024-01-24T02:17:06Z,1.2831116666666667,103.77932000000001,NA,NA,NA,dynamic_classA
2579999,2024-01-24T02:17:09Z,-38.449468333333336,148.309015,NA,NA,NA,dynamic_classA
2579999,2024-01-24T02:17:24Z,-38.449481666666664,148.30902666666668,NA,NA,NA,dynamic_classA
2579999,2024-01-24T02:17:44Z,35.501555,129.44112666666666,NA,NA,NA,dynamic_classA
2579999,2024-01-24T02:17:52Z,25.31895666666667,53.46251333333333,NA,NA,NA,dynamic_classA
2579999,2024-01-24T02:17:57Z,25.318958333333335,53.46251333333333,NA,NA,NA,dynamic_classA
2579999,2024-01-24T02:18:05Z,34.795383333333334,127.73848666666666,NA,NA,NA,dynamic_classA
2579999,2024-01-24T02:18:09Z,9.503445,-13.708225,NA,NA,NA,dynamic_classA
2579999,2024-01-24T02:18:16Z,-20.118925,115.23859166666666,NA,NA,NA,satellite
2579999,2024-01-24T02:18:19Z,29.65055166666667,32.36100833333333,NA,NA,NA,dynamic_classA
2579999,2024-01-24T02:18:35Z,25.318951666666667,53.462520000000005,NA,NA,NA,dynamic_classA
2579999,2024-01-24T02:18:43Z,35.501555,129.44113833333333,NA,NA,NA,dynamic_classA
2579999,2024-01-24T02:18:47Z,35.501549999999995,129.44114,NA,NA,NA,dynamic_classA
2579999,2024-01-24T02:19:02Z,35.501545,129.44114166666665,NA,NA,NA,dynamic_classA
2579999,2024-01-24T02:19:10Z,29.650555,32.36100666666667,NA,NA,NA,dynamic_classA
2579999,2024-01-24T02:19:17Z,-20.11892,115.23859666666667,NA,NA,NA,satellite
2579999,2024-01-24T02:19:25Z,9.503441666666667,-13.708216666666667,NA,NA,NA,dynamic_classA
2579999,2024-01-24T02:19:28Z,1.2831166666666667,103.77934,NA,NA,NA,dynamic_classA
2579999,2024-01-24T02:19:32Z,25.318958333333335,53.46252166666667,NA,NA,NA,dynamic_classA
2579999,2024-01-24T02:19:33Z,-20.11892,115.23859833333333,NA,NA,NA,satellite
2579999,2024-01-24T02:19:36Z,34.795370000000005,127.73847666666667,NA,NA,NA,dynamic_classA
2579999,2024-01-24T02:19:37Z,-20.118921666666665,115.23859999999999,NA,NA,NA,satellite
2579999,2024-01-24T02:19:40Z,56.70169166666667,-2.465731666666667,NA,NA,NA,dynamic_classA
2579999,2024-01-24T02:19:46Z,-20.118921666666665,115.23859833333333,NA,NA,NA,dynamic_classA
2579999,2024-01-24T02:19:47Z,-20.11892333333333,115.23859833333333,NA,NA,NA,satellite
2579999,2024-01-24T02:19:48Z,25.318955000000003,53.462525,NA,NA,NA,dynamic_classA
2579999,2024-01-24T02:19:50Z,25.318955000000003,53.462525,NA,NA,NA,satellite
2579999,2024-01-24T02:20:00Z,-20.118921666666665,115.23859833333333,NA,NA,NA,satellite
2579999,2024-01-24T02:20:07Z,-20.11892333333333,115.23859833333333,NA,NA,NA,satellite
2579999,2024-01-24T02:20:15Z,1.2831166666666667,103.77934833333333,NA,NA,NA,dynamic_classA
2579999,2024-01-24T02:20:18Z,-20.118921666666665,115.23859833333333,NA,NA,NA,dynamic_classA
2579999,2024-01-24T02:20:24Z,-20.11892333333333,115.23859833333333,NA,NA,NA,satellite
2579999,2024-01-24T02:20:25Z,29.65055,32.36100166666667,NA,NA,NA,dynamic_classA
2579999,2024-01-24T02:20:27Z,-20.118921666666665,115.23859833333333,NA,NA,NA,satellite
2579999,2024-01-24T02:20:34Z,29.650553333333335,32.361000000000004,NA,NA,NA,satellite
2579999,2024-01-24T02:20:38Z,-20.11892333333333,115.23860166666667,NA,NA,NA,dynamic_classA
2579999,2024-01-24T02:20:47Z,-20.118926666666667,115.23860166666667,NA,NA,NA,satellite
2579999,2024-01-24T02:20:52Z,-20.118926666666667,115.23860166666667,NA,NA,NA,satellite
2579999,2024-01-24T02:20:57Z,34.795361666666665,127.73848166666667,NA,NA,NA,dynamic_classA
2579999,2024-01-24T02:21:14Z,-20.118925,115.23860166666667,NA,NA,NA,satellite
2579999,2024-01-24T02:21:23Z,-20.11892333333333,115.23859999999999,NA,NA,NA,satellite
2579999,2024-01-24T02:21:25Z,-20.118925,115.23859833333333,NA,NA,NA,satellite
2579999,2024-01-24T02:21:27Z,-20.118925,115.23859833333333,NA,NA,NA,satellite
2579999,2024-01-24T02:21:37Z,-20.11892,115.23859999999999,NA,NA,NA,satellite
2579999,2024-01-24T02:21:42Z,-20.11892,115.23860166666667,NA,NA,NA,satellite
2579999,2024-01-24T02:21:43Z,-20.11892,115.23860166666667,NA,NA,NA,satellite
2579999,2024-01-24T02:21:45Z,-20.118918333333333,115.23860166666667,NA,NA,NA,satellite
2579999,2024-01-24T02:21:48Z,35.501560000000005,129.44112,NA,NA,NA,dynamic_classA
2579999,2024-01-24T02:21:53Z,53.54001,9.878851666666666,NA,NA,NA,dynamic_classA
2579999,2024-01-24T02:21:58Z,1.2831133333333333,103.77932833333332,NA,NA,NA,dynamic_classA
2579999,2024-01-24T02:22:11Z,54.603275000000004,-1.1617549999999999,NA,NA,NA,dynamic_classA
2579999,2024-01-24T02:22:14Z,-20.118915,115.23860666666666,NA,NA,NA,satellite
2579999,2024-01-24T02:22:18Z,35.50156333333334,129.44111166666667,NA,NA,NA,dynamic_classA
2579999,2024-01-24T02:22:22Z,25.318953333333333,53.46253166666667,NA,NA,NA,dynamic_classA
2579999,2024-01-24T02:22:27Z,-20.118918333333333,115.23860666666666,NA,NA,NA,satellite
2579999,2024-01-24T02:22:43Z,-20.11892,115.23860166666667,NA,NA,NA,satellite
2579999,2024-01-24T02:22:51Z,-20.118918333333333,115.23859999999999,NA,NA,NA,dynamic_classA
2579999,2024-01-24T02:22:53Z,54.60326,-1.1616966666666668,NA,NA,NA,dynamic_classA
2579999,2024-01-24T02:23:06Z,-20.118918333333333,115.23859666666667,NA,NA,NA,satellite
2579999,2024-01-24T02:23:13Z,1.2831116666666667,103.77932333333334,NA,NA,NA,dynamic_classA
2579999,2024-01-24T02:23:14Z,46.543980000000005,-48.499066666666664,NA,NA,NA,satellite
2579999,2024-01-24T02:23:25Z,1.28311,103.77932166666666,NA,NA,NA,dynamic_classA
2579999,2024-01-24T02:23:27Z,35.501560000000005,129.44111833333332,NA,NA,NA,dynamic_classA
2579999,2024-01-24T02:23:32Z,-5.455385000000001,105.31045,NA,NA,NA,dynamic_classA
2579999,2024-01-24T02:23:37Z,1.28311,103.77932166666666,NA,NA,NA,dynamic_classA
2579999,2024-01-24T02:23:54Z,-20.118916666666667,115.23860166666667,NA,NA,NA,satellite
2579999,2024-01-24T02:24:10Z,25.318951666666667,53.46253,NA,NA,NA,dynamic_classA
2579999,2024-01-24T02:24:14Z,54.60326333333333,-1.1617366666666666,NA,NA,NA,dynamic_classA
2579999,2024-01-24T02:24:22Z,-20.118906666666664,115.23860666666666,NA,NA,NA,satellite
2579999,2024-01-24T02:24:35Z,34.79536666666667,127.73846166666667,NA,NA,NA,dynamic_classA
2579999,2024-01-24T02:24:44Z,-20.11890833333333,115.23860666666666,NA,NA,NA,satellite
2579999,2024-01-24T02:24:51Z,25.318953333333333,53.46252666666667,NA,NA,NA,dynamic_classA
2579999,2024-01-24T02:25:07Z,-20.11891166666667,115.23860333333333,NA,NA,NA,satellite
2579999,2024-01-24T02:25:09Z,35.50155666666667,129.441125,NA,NA,NA,dynamic_classA
2579999,2024-01-24T02:25:16Z,24.536260000000002,54.385061666666665,NA,NA,NA,dynamic_classA
2579999,2024-01-24T02:25:22Z,35.50155666666667,129.441125,NA,NA,NA,dynamic_classA
2579999,2024-01-24T02:25:28Z,1.052235,120.80081833333334,NA,NA,NA,dynamic_classA
2579999,2024-01-24T02:25:48Z,53.54001,9.878861666666667,NA,NA,NA,dynamic_classA
2579999,2024-01-24T02:26:00Z,25.318951666666667,53.46252666666667,NA,NA,NA,dynamic_classA
2579999,2024-01-24T02:26:07Z,34.79535833333333,127.73846,NA,NA,NA,dynamic_classA
2579999,2024-01-24T02:26:32Z,35.501565,129.441125,NA,NA,NA,dynamic_classA
2579999,2024-01-24T02:26:33Z,-33.87851333333334,-58.42105,NA,NA,NA,satellite
2579999,2024-01-24T02:26:47Z,-20.118936666666666,115.23858666666666,NA,NA,NA,satellite
2579999,2024-01-24T02:26:49Z,25.31895666666667,53.462535,NA,NA,NA,dynamic_classA
2579999,2024-01-24T02:27:01Z,65.21746333333333,6.9051599999999995,NA,NA,NA,dynamic_classA
2579999,2024-01-24T02:27:03Z,-20.118940000000002,115.23859666666667,NA,NA,NA,satellite
2579999,2024-01-24T02:27:04Z,-20.118943333333334,115.23860166666667,NA,NA,NA,dynamic_classA
2579999,2024-01-24T02:27:07Z,-20.118941666666668,115.23859833333333,NA,NA,NA,satellite
2579999,2024-01-24T02:27:11Z,29.650541666666665,32.36100666666667,NA,NA,NA,dynamic_classA
2579999,2024-01-24T02:27:16Z,63.44204833333333,10.40339,NA,NA,NA,dynamic_classA
2579999,2024-01-24T02:27:19Z,25.318946666666665,53.462538333333335,NA,NA,NA,dynamic_classA
2579999,2024-01-24T02:27:24Z,35.50156833333333,129.44113833333333,NA,NA,NA,dynamic_classA
2579999,2024-01-24T02:27:34Z,-20.118948333333332,115.23860166666667,NA,NA,NA,satellite
2579999,2024-01-24T02:27:38Z,-20.118951666666664,115.23860333333333,NA,NA,NA,dynamic_classA
2579999,2024-01-24T02:27:39Z,25.31894833333333,53.46253333333333,NA,NA,NA,dynamic_classA
2579999,2024-01-24T02:28:08Z,35.501565,129.44114666666667,NA,NA,NA,dynamic_classA
2579999,2024-01-24T02:28:23Z,-20.11895333333333,115.23860666666666,NA,NA,NA,satellite
2579999,2024-01-24T02:28:28Z,29.650545,32.36101,NA,NA,NA,dynamic_classA
2579999,2024-01-24T02:28:34Z,-20.118948333333332,115.238605,NA,NA,NA,satellite
2579999,2024-01-24T02:28:40Z,25.318943333333333,53.46252333333334,NA,NA,NA,dynamic_classA
2579999,2024-01-24T02:28:43Z,50.799634999999995,-1.1100166666666667,NA,NA,NA,dynamic_classA
2579999,2024-01-24T02:28:50Z,25.318943333333333,53.46252333333334,NA,NA,NA,dynamic_classA
2579999,2024-01-24T02:29:07Z,50.799636666666665,-1.1100166666666667,NA,NA,NA,dynamic_classA
2579999,2024-01-24T02:29:09Z,25.318941666666667,53.46252333333334,NA,NA,NA,dynamic_classA
2579999,2024-01-24T02:29:13Z,53.539995,9.878865,NA,NA,NA,dynamic_classA
2579999,2024-01-24T02:29:18Z,-38.449526666666664,148.30890166666669,NA,NA,NA,dynamic_classA
2579999,2024-01-24T02:29:27Z,25.318941666666667,53.46252166666667,NA,NA,NA,dynamic_classA
2579999,2024-01-24T02:29:29Z,25.318943333333333,53.46252333333334,NA,NA,NA,dynamic_classA
2579999,2024-01-24T02:29:35Z,-20.118940000000002,115.23859666666667,NA,NA,NA,dynamic_classA
2579999,2024-01-24T02:29:40Z,35.501560000000005,129.441135,NA,NA,NA,dynamic_classA
2579999,2024-01-24T02:29:59Z,53.45056666666667,0.8896083333333333,NA,NA,NA,dynamic_classA
2579999,2024-01-24T02:30:04Z,-2.6682533333333334,118.89448333333333,NA,NA,NA,dynamic_classA
2579999,2024-01-24T02:30:09Z,65.217445,6.905165,NA,NA,NA,dynamic_classA
2579999,2024-01-24T02:30:59Z,65.21745,6.9051583333333335,NA,NA,NA,dynamic_classA
2579999,2024-01-24T02:31:07Z,-20.118931666666665,115.238595,NA,NA,NA,satellite
2579999,2024-01-24T02:31:13Z,56.70169333333333,-2.465748333333333,NA,NA,NA,dynamic_classA
2579999,2024-01-24T02:31:16Z,35.501565,129.44112166666667,NA,NA,NA,dynamic_classA
2579999,2024-01-24T02:31:35Z,21.571448333333333,88.25142833333332,NA,NA,NA,dynamic_classA
2579999,2024-01-24T02:31:39Z,56.70169333333333,-2.46574,NA,NA,NA,dynamic_classA
2579999,2024-01-24T02:31:57Z,-20.118925,115.23859166666666,NA,NA,NA,satellite
2579999,2024-01-24T02:32:38Z,25.318941666666667,53.462518333333335,NA,NA,NA,dynamic_classA
2579999,2024-01-24T02:32:45Z,53.54000833333334,9.878866666666665,NA,NA,NA,dynamic_classA
2579999,2024-01-24T02:32:47Z,-20.11892333333333,115.23858666666666,NA,NA,NA,satellite
2579999,2024-01-24T02:32:57Z,-20.11892333333333,115.23858833333334,NA,NA,NA,satellite
2579999,2024-01-24T02:33:00Z,-20.118925,115.23858833333334,NA,NA,NA,satellite
2579999,2024-01-24T02:33:07Z,-20.118925,115.23859,NA,NA,NA,satellite
2579999,2024-01-24T02:33:20Z,-20.118925,115.23859166666666,NA,NA,NA,satellite
2579999,2024-01-24T02:33:23Z,-20.118926666666667,115.23859166666666,NA,NA,NA,satellite
2579999,2024-01-24T02:33:27Z,-20.118926666666667,115.23859166666666,NA,NA,NA,satellite
2579999,2024-01-24T02:33:31Z,25.318945,53.46252333333334,NA,NA,NA,dynamic_classA
2579999,2024-01-24T02:33:33Z,-20.118928333333333,115.23859333333333,NA,NA,NA,satellite
2579999,2024-01-24T02:33:35Z,53.54001,9.878870000000001,NA,NA,NA,dynamic_classA
2579999,2024-01-24T02:33:47Z,-20.11893,115.23859666666667,NA,NA,NA,satellite
2579999,2024-01-24T02:33:59Z,10.285744999999999,106.76142,NA,NA,NA,dynamic_classA
2579999,2024-01-24T02:34:06Z,1.2831350000000001,103.77933333333334,NA,NA,NA,dynamic_classA
2579999,2024-01-24T02:34:08Z,9.503436666666666,-13.708236666666666,NA,NA,NA,dynamic_classA
2579999,2024-01-24T02:34:20Z,54.603245,-1.1617,NA,NA,NA,dynamic_classA
2579999,2024-01-24T02:34:29Z,1.2831350000000001,103.77933666666667,NA,NA,NA,dynamic_classA
2579999,2024-01-24T02:34:39Z,3.5680666666666667,113.32466500000001,NA,NA,NA,dynamic_classA
2579999,2024-01-24T02:34:56Z,35.50155666666667,129.44113000000002,NA,NA,NA,dynamic_classA
2579999,2024-01-24T02:35:09Z,10.285741666666667,106.76143,NA,NA,NA,dynamic_classA
2579999,2024-01-24T02:35:10Z,34.795368333333336,127.73848166666667,NA,NA,NA,dynamic_classA
2579999,2024-01-24T02:35:21Z,-20.118933333333334,115.23859166666666,NA,NA,NA,dynamic_classA
2579999,2024-01-24T02:35:29Z,56.70166666666667,-2.4657133333333334,NA,NA,NA,dynamic_classA
2579999,2024-01-24T02:35:43Z,10.285744999999999,106.76142666666667,NA,NA,NA,dynamic_classA
2579999,2024-01-24T02:35:47Z,54.603215,-1.1616966666666668,NA,NA,NA,dynamic_classA
2579999,2024-01-24T02:35:51Z,35.50156666666667,129.44113166666665,NA,NA,NA,dynamic_classA
2579999,2024-01-24T02:35:52Z,29.65055166666667,32.36100666666667,NA,NA,NA,dynamic_classA
2579999,2024-01-24T02:35:57Z,25.31894,53.46252333333334,NA,NA,NA,dynamic_classA
2579999,2024-01-24T02:36:11Z,1.28312,103.77933166666666,NA,NA,NA,dynamic_classA
2579999,2024-01-24T02:36:20Z,34.79537333333334,127.73847833333333,NA,NA,NA,dynamic_classA
2579999,2024-01-24T02:36:24Z,25.318941666666667,53.462525,NA,NA,NA,dynamic_classA
2579999,2024-01-24T02:36:28Z,25.318941666666667,53.462525,NA,NA,NA,dynamic_classA
2579999,2024-01-24T02:36:42Z,25.318941666666667,53.462525,NA,NA,NA,dynamic_classA
2579999,2024-01-24T02:36:50Z,25.318941666666667,53.46252666666667,NA,NA,NA,dynamic_classA
2579999,2024-01-24T02:36:56Z,50.79965833333333,-1.1100299999999999,NA,NA,NA,dynamic_classA
2579999,2024-01-24T02:37:02Z,-20.118931666666665,115.23860166666667,NA,NA,NA,dynamic_classA
2579999,2024-01-24T02:37:14Z,24.536268333333332,54.38505,NA,NA,NA,dynamic_classA
2579999,2024-01-24T02:37:19Z,25.318941666666667,53.46252666666667,NA,NA,NA,dynamic_classA
2579999,2024-01-24T02:37:22Z,9.503438333333333,-13.708218333333333,NA,NA,NA,dynamic_classA
2579999,2024-01-24T02:37:27Z,34.79536333333333,127.73847833333333,NA,NA,NA,dynamic_classA
2579999,2024-01-24T02:37:51Z,50.79966666666667,-1.1100433333333333,NA,NA,NA,dynamic_classA
2579999,2024-01-24T02:37:53Z,-38.44959166666667,148.30896333333334,NA,NA,NA,dynamic_classA
2579999,2024-01-24T02:38:03Z,65.21747166666667,6.9051366666666665,NA,NA,NA,dynamic_classA
2579999,2024-01-24T02:38:04Z,35.501565,129.44114166666665,NA,NA,NA,dynamic_classA
2579999,2024-01-24T02:38:13Z,59.889035,10.753838333333334,NA,NA,NA,dynamic_classA
2579999,2024-01-24T02:38:14Z,-38.44954,148.30898666666664,NA,NA,NA,dynamic_classA
2579999,2024-01-24T02:38:16Z,25.318943333333333,53.46252333333334,NA,NA,NA,dynamic_classA
2579999,2024-01-24T02:38:19Z,53.539993333333335,9.878863333333333,NA,NA,NA,dynamic_classA
2579999,2024-01-24T02:38:27Z,63.442045,10.403369999999999,NA,NA,NA,dynamic_classA
2579999,2024-01-24T02:38:28Z,25.318941666666667,53.46252333333334,NA,NA,NA,dynamic_classA
2579999,2024-01-24T02:38:45Z,-20.118856666666666,115.23868,NA,NA,NA,dynamic_classA
2579999,2024-01-24T02:38:59Z,29.650556666666667,32.36100666666667,NA,NA,NA,dynamic_classA
2579999,2024-01-24T02:39:05Z,34.79535166666667,127.73846666666667,NA,NA,NA,dynamic_classA
2579999,2024-01-24T02:39:25Z,34.79535166666667,127.73846666666667,NA,NA,NA,dynamic_classA
2579999,2024-01-24T02:39:32Z,1.2831183333333334,103.77934333333333,NA,NA,NA,dynamic_classA
2579999,2024-01-24T02:39:33Z,35.50157333333333,129.44114333333334,NA,NA,NA,dynamic_classA
2579999,2024-01-24T02:39:39Z,29.650555,32.36100166666667,NA,NA,NA,dynamic_classA
2579999,2024-01-24T02:40:01Z,35.501565,129.44114833333333,NA,NA,NA,dynamic_classA
2579999,2024-01-24T02:40:03Z,-20.118755,115.23883333333333,NA,NA,NA,satellite
2579999,2024-01-24T02:40:05Z,-20.118755,115.23883333333333,NA,NA,NA,dynamic_classA
2579999,2024-01-24T02:40:09Z,65.21745166666666,6.905125,NA,NA,NA,dynamic_classA
2579999,2024-01-24T02:40:17Z,53.53999666666667,9.878866666666665,NA,NA,NA,dynamic_classA
2579999,2024-01-24T02:40:21Z,56.70169333333333,-2.465745,NA,NA,NA,dynamic_classA
2579999,2024-01-24T02:40:27Z,25.318935,53.46252333333334,NA,NA,NA,satellite
2579999,2024-01-24T02:40:30Z,25.318935,53.46252333333334,NA,NA,NA,dynamic_classA
2579999,2024-01-24T02:40:36Z,34.795365,127.738455,NA,NA,NA,dynamic_classA
2579999,2024-01-24T02:40:43Z,1.2831216666666667,103.77934333333333,NA,NA,NA,dynamic_classA
2579999,2024-01-24T02:40:44Z,29.65055166666667,32.361000000000004,NA,NA,NA,dynamic_classA
2579999,2024-01-24T02:40:46Z,-20.118711666666666,115.238895,NA,NA,NA,dynamic_classA
2579999,2024-01-24T02:41:04Z,29.650555,32.36100166666667,NA,NA,NA,dynamic_classA
2579999,2024-01-24T02:41:05Z,-20.118681666666664,115.23894833333334,NA,NA,NA,dynamic_classA
2579999,2024-01-24T02:41:24Z,25.318933333333334,53.46252166666667,NA,NA,NA,dynamic_classA
2579999,2024-01-24T02:41:27Z,-20.118668333333336,115.238975,NA,NA,NA,satellite
2579999,2024-01-24T02:41:33Z,-20.118658333333332,115.238995,NA,NA,NA,satellite
2579999,2024-01-24T02:41:34Z,56.701699999999995,-2.46569,NA,NA,NA,dynamic_classA
2579999,2024-01-24T02:41:36Z,25.318933333333334,53.46252166666667,NA,NA,NA,dynamic_classA
2579999,2024-01-24T02:41:57Z,-20.118634999999998,115.23902500000001,NA,NA,NA,satellite
2579999,2024-01-24T02:42:14Z,-20.11862,115.239045,NA,NA,NA,satellite
2579999,2024-01-24T02:42:20Z,25.318935,53.46251666666667,NA,NA,NA,dynamic_classA
2579999,2024-01-24T02:42:26Z,25.318935,53.46251666666667,NA,NA,NA,dynamic_classA
2579999,2024-01-24T02:42:31Z,54.603271666666664,-1.161735,NA,NA,NA,dynamic_classA
2579999,2024-01-24T02:42:33Z,53.54,9.878876666666667,NA,NA,NA,satellite
2579999,2024-01-24T02:42:43Z,-20.118616666666664,115.23902833333334,NA,NA,NA,satellite
2579999,2024-01-24T02:42:57Z,34.795365,127.73845833333333,NA,NA,NA,dynamic_classA
2579999,2024-01-24T02:43:00Z,-20.118615,115.23902166666667,NA,NA,NA,satellite
2579999,2024-01-24T02:43:01Z,1.2831233333333332,103.779335,NA,NA,NA,dynamic_classA
2579999,2024-01-24T02:43:06Z,-20.118615,115.23902333333334,NA,NA,NA,satellite
2579999,2024-01-24T02:43:10Z,25.318935,53.462525,NA,NA,NA,dynamic_classA
2579999,2024-01-24T02:43:13Z,54.60326666666666,-1.1617250000000001,NA,NA,NA,dynamic_classA
2579999,2024-01-24T02:43:18Z,35.50155666666667,129.44112833333332,NA,NA,NA,dynamic_classA
2579999,2024-01-24T02:43:40Z,-20.11861,115.23904999999999,NA,NA,NA,satellite
2579999,2024-01-24T02:44:05Z,21.571460000000002,88.25143833333333,NA,NA,NA,dynamic_classA
2579999,2024-01-24T02:44:07Z,35.501565,129.44112833333332,NA,NA,NA,dynamic_classA
2579999,2024-01-24T02:44:11Z,1.2831216666666667,103.77933,NA,NA,NA,dynamic_classA
2579999,2024-01-24T02:44:12Z,-5.455376666666667,105.31045166666667,NA,NA,NA,dynamic_classA
2579999,2024-01-24T02:44:20Z,-20.11860666666667,115.239045,NA,NA,NA,satellite
2579999,2024-01-24T02:44:25Z,35.50156833333333,129.44112833333332,NA,NA,NA,dynamic_classA
2579999,2024-01-24T02:44:47Z,1.28312,103.779325,NA,NA,NA,dynamic_classA
2579999,2024-01-24T02:44:55Z,34.795370000000005,127.73846833333333,NA,NA,NA,dynamic_classA
2579999,2024-01-24T02:44:59Z,35.501565,129.44113666666667,NA,NA,NA,dynamic_classA
2579999,2024-01-24T02:45:48Z,1.0522116666666668,120.80082999999999,NA,NA,NA,dynamic_classA
2579999,2024-01-24T02:45:52Z,25.318943333333333,53.46252166666667,NA,NA,NA,dynamic_classA
2579999,2024-01-24T02:46:23Z,35.501575,129.441135,NA,NA,NA,dynamic_classA
2579999,2024-01-24T02:46:38Z,53.54,9.878853333333332,NA,NA,NA,dynamic_classA
2579999,2024-01-24T02:46:40Z,58.014651666666666,7.483860000000001,NA,NA,NA,dynamic_classA
2579999,2024-01-24T02:46:47Z,34.795368333333336,127.73847833333333,NA,NA,NA,dynamic_classA
2579999,2024-01-24T02:46:49Z,29.65055166666667,32.361003333333336,NA,NA,NA,dynamic_classA
2579999,2024-01-24T02:47:31Z,35.50157,129.44113333333334,NA,NA,NA,dynamic_classA
2579999,2024-01-24T02:47:39Z,25.318945,53.46252333333334,NA,NA,NA,dynamic_classA
2579999,2024-01-24T02:47:41Z,29.650555,32.360996666666665,NA,NA,NA,dynamic_classA
2579999,2024-01-24T02:47:45Z,35.50156666666667,129.44112833333332,NA,NA,NA,dynamic_classA
2579999,2024-01-24T02:47:56Z,24.536266666666666,54.38506833333334,NA,NA,NA,dynamic_classA
2579999,2024-01-24T02:48:27Z,35.501565,129.441125,NA,NA,NA,dynamic_classA
2579999,2024-01-24T02:48:34Z,25.318941666666667,53.462525,NA,NA,NA,dynamic_classA
2579999,2024-01-24T02:48:39Z,-20.118611666666666,115.23904166666667,NA,NA,NA,dynamic_classA
2579999,2024-01-24T02:48:58Z,-38.44965666666667,148.30881499999998,NA,NA,NA,dynamic_classA
2579999,2024-01-24T02:49:01Z,25.318949999999997,53.46252166666667,NA,NA,NA,dynamic_classA
2579999,2024-01-24T02:49:08Z,29.65055166666667,32.361003333333336,NA,NA,NA,dynamic_classA
2579999,2024-01-24T02:49:10Z,25.318949999999997,53.46252166666667,NA,NA,NA,dynamic_classA
2579999,2024-01-24T02:49:22Z,25.318949999999997,53.46252166666667,NA,NA,NA,dynamic_classA
2579999,2024-01-24T02:49:24Z,50.79964,-1.1100133333333335,NA,NA,NA,dynamic_classA
2579999,2024-01-24T02:49:27Z,50.79964,-1.1100133333333335,NA,NA,NA,dynamic_classA
2579999,2024-01-24T02:49:42Z,25.31894,53.462520000000005,NA,NA,NA,dynamic_classA
2579999,2024-01-24T02:49:46Z,63.442035000000004,10.403401666666667,NA,NA,NA,dynamic_classA
2579999,2024-01-24T02:49:54Z,53.54000666666666,9.878858333333334,NA,NA,NA,dynamic_classA
2579999,2024-01-24T02:49:59Z,25.318941666666667,53.462518333333335,NA,NA,NA,dynamic_classA
2579999,2024-01-24T02:50:00Z,35.50156666666667,129.44112666666666,NA,NA,NA,dynamic_classA
2579999,2024-01-24T02:50:03Z,1.2831166666666667,103.77932000000001,NA,NA,NA,dynamic_classA
2579999,2024-01-24T02:50:08Z,25.318943333333333,53.462518333333335,NA,NA,NA,dynamic_classA
2579999,2024-01-24T02:50:12Z,25.318943333333333,53.462518333333335,NA,NA,NA,dynamic_classA
2579999,2024-01-24T02:50:17Z,25.318943333333333,53.462518333333335,NA,NA,NA,dynamic_classA
2579999,2024-01-24T02:50:18Z,-38.449601666666666,148.308845,NA,NA,NA,dynamic_classA
2579999,2024-01-24T02:50:21Z,-20.118626666666668,115.239035,NA,NA,NA,dynamic_classA
2579999,2024-01-24T02:50:29Z,53.45062166666666,0.889625,NA,NA,NA,dynamic_classA
2579999,2024-01-24T02:51:46Z,35.50157,129.44113166666665,NA,NA,NA,dynamic_classA
2579999,2024-01-24T02:51:49Z,65.21745833333334,6.905153333333333,NA,NA,NA,dynamic_classA
2579999,2024-01-24T02:51:59Z,56.70169333333333,-2.4657233333333335,NA,NA,NA,dynamic_classA
2579999,2024-01-24T02:52:13Z,56.701695,-2.4657216666666666,NA,NA,NA,dynamic_classA
2579999,2024-01-24T02:52:41Z,50.799645000000005,-1.1100400000000001,NA,NA,NA,dynamic_classA
2579999,2024-01-24T02:53:25Z,53.540015000000004,9.87886,NA,NA,NA,dynamic_classA
2579999,2024-01-24T02:54:05Z,53.54000833333334,9.878858333333334,NA,NA,NA,dynamic_classA
2579999,2024-01-24T02:54:30Z,54.60329166666667,-1.1618183333333334,NA,NA,NA,dynamic_classA
2579999,2024-01-24T02:54:38Z,9.503426666666666,-13.708221666666667,NA,NA,NA,dynamic_classA
2579999,2024-01-24T02:54:43Z,10.285770000000001,106.76144166666667,NA,NA,NA,dynamic_classA
2579999,2024-01-24T02:54:51Z,35.50157,129.44112833333332,NA,NA,NA,dynamic_classA
2579999,2024-01-24T02:55:19Z,56.701699999999995,-2.465745,NA,NA,NA,dynamic_classA
2579999,2024-01-24T02:55:36Z,35.50157,129.44113166666665,NA,NA,NA,dynamic_classA
2579999,2024-01-24T02:55:38Z,-20.11862,115.23902500000001,NA,NA,NA,satellite
2579999,2024-01-24T02:55:47Z,1.2831216666666667,103.779315,NA,NA,NA,dynamic_classA
2579999,2024-01-24T02:55:49Z,56.70171166666667,-2.4657683333333336,NA,NA,NA,dynamic_classA
2579999,2024-01-24T02:55:50Z,34.795375,127.73845833333333,NA,NA,NA,dynamic_classA
2579999,2024-01-24T02:55:55Z,1.2831233333333332,103.77931833333334,NA,NA,NA,dynamic_classA
2579999,2024-01-24T02:56:07Z,54.603280000000005,-1.1617466666666667,NA,NA,NA,dynamic_classA
2579999,2024-01-24T02:56:08Z,-20.118621666666666,115.23902666666666,NA,NA,NA,dynamic_classA
2579999,2024-01-24T02:56:09Z,-38.44965833333333,148.30903666666666,NA,NA,NA,dynamic_classA
2579999,2024-01-24T02:56:10Z,1.2831216666666667,103.77932166666666,NA,NA,NA,dynamic_classA
2579999,2024-01-24T02:56:12Z,29.650553333333335,32.361005,NA,NA,NA,dynamic_classA
2579999,2024-01-24T02:56:14Z,1.2831216666666667,103.779325,NA,NA,NA,dynamic_classA
2579999,2024-01-24T02:56:34Z,-20.118618333333334,115.23902833333334,NA,NA,NA,dynamic_classA
2579999,2024-01-24T02:56:35Z,-20.118618333333334,115.23902666666666,NA,NA,NA,dynamic_classA
2579999,2024-01-24T02:56:48Z,-20.118623333333336,115.23902833333334,NA,NA,NA,dynamic_classA
2579999,2024-01-24T02:56:52Z,-20.118623333333336,115.23902833333334,NA,NA,NA,dynamic_classA
2579999,2024-01-24T02:57:01Z,-20.118623333333336,115.23902833333334,NA,NA,NA,dynamic_classA
2579999,2024-01-24T02:57:02Z,-20.118623333333336,115.23902833333334,NA,NA,NA,dynamic_classA
2579999,2024-01-24T02:57:10Z,34.79538,127.73846499999999,NA,NA,NA,dynamic_classA
2579999,2024-01-24T02:57:14Z,24.536260000000002,54.38505,NA,NA,NA,dynamic_classA
2579999,2024-01-24T02:57:16Z,50.79964,-1.1100266666666667,NA,NA,NA,dynamic_classA
2579999,2024-01-24T02:57:19Z,35.50156666666667,129.44112333333334,NA,NA,NA,dynamic_classA
2579999,2024-01-24T02:57:22Z,9.50343,-13.708226666666667,NA,NA,NA,dynamic_classA
2579999,2024-01-24T02:57:42Z,1.2831183333333334,103.77933,NA,NA,NA,dynamic_classA
2579999,2024-01-24T02:57:53Z,10.285758333333332,106.76142166666666,NA,NA,NA,dynamic_classA
2579999,2024-01-24T02:57:57Z,34.79537666666667,127.73846833333333,NA,NA,NA,dynamic_classA
2579999,2024-01-24T02:57:59Z,10.285756666666666,106.76142499999999,NA,NA,NA,dynamic_classA
2579999,2024-01-24T02:58:25Z,1.2831183333333334,103.77933,NA,NA,NA,dynamic_classA
2579999,2024-01-24T02:58:34Z,35.50156333333334,129.44112833333332,NA,NA,NA,dynamic_classA
2579999,2024-01-24T02:58:53Z,65.21745,6.905178333333334,NA,NA,NA,dynamic_classA
2579999,2024-01-24T02:58:54Z,-38.449565,148.30911166666667,NA,NA,NA,dynamic_classA
2579999,2024-01-24T02:59:33Z,50.79964,-1.1100333333333334,NA,NA,NA,dynamic_classA
2579999,2024-01-24T02:59:39Z,29.650548333333333,32.36099166666666,NA,NA,NA,dynamic_classA
2579999,2024-01-24T02:59:50Z,24.53625333333333,54.38507333333334,NA,NA,NA,dynamic_classA
2579999,2024-01-24T02:59:54Z,34.79536666666667,127.73847666666667,NA,NA,NA,dynamic_classA
2579999,2024-01-24T03:00:06Z,34.79536666666667,127.73847833333333,NA,NA,NA,dynamic_classA
2579999,2024-01-24T03:00:08Z,1.2831166666666667,103.77933833333333,NA,NA,NA,dynamic_classA
2579999,2024-01-24T03:00:10Z,29.650546666666667,32.360996666666665,NA,NA,NA,dynamic_classA
2579999,2024-01-24T03:00:13Z,35.501558333333335,129.44112833333332,NA,NA,NA,dynamic_classA
2579999,2024-01-24T03:00:18Z,24.536255,54.38506833333334,NA,NA,NA,dynamic_classA
2579999,2024-01-24T03:00:31Z,35.50155666666667,129.44112833333332,NA,NA,NA,dynamic_classA
2579999,2024-01-24T03:00:40Z,56.701699999999995,-2.465731666666667,NA,NA,NA,dynamic_classA
2579999,2024-01-24T03:01:04Z,29.650546666666667,32.361005,NA,NA,NA,dynamic_classA
2579999,2024-01-24T03:01:06Z,63.442069999999994,10.403386666666668,NA,NA,NA,dynamic_classA
2579999,2024-01-24T03:01:17Z,53.54000333333333,9.87886,NA,NA,NA,dynamic_classA
2579999,2024-01-24T03:01:33Z,1.2831166666666667,103.77933666666667,NA,NA,NA,dynamic_classA
2579999,2024-01-24T03:01:36Z,34.79537333333334,127.73845666666666,NA,NA,NA,dynamic_classA
2579999,2024-01-24T03:01:45Z,29.65055,32.361000000000004,NA,NA,NA,dynamic_classA
2579999,2024-01-24T03:01:46Z,1.2831166666666667,103.77933666666667,NA,NA,NA,dynamic_classA
2579999,2024-01-24T03:01:57Z,34.795375,127.738455,NA,NA,NA,dynamic_classA
2579999,2024-01-24T03:02:24Z,56.701710000000006,-2.465731666666667,NA,NA,NA,dynamic_classA
2579999,2024-01-24T03:02:41Z,54.603245,-1.1617400000000002,NA,NA,NA,dynamic_classA
2579999,2024-01-24T03:02:59Z,59.88901166666667,10.75393,NA,NA,NA,dynamic_classA
2579999,2024-01-24T03:03:14Z,53.53999833333333,9.878856666666668,NA,NA,NA,dynamic_classA
2579999,2024-01-24T03:03:20Z,-33.8785,-58.42103833333333,NA,NA,NA,satellite
2579999,2024-01-24T03:03:21Z,1.28312,103.77933166666666,NA,NA,NA,dynamic_classA
2579999,2024-01-24T03:03:33Z,54.60326666666666,-1.16175,NA,NA,NA,dynamic_classA
2579999,2024-01-24T03:03:49Z,35.50156333333334,129.44113000000002,NA,NA,NA,dynamic_classA
2579999,2024-01-24T03:04:01Z,1.28312,103.77933333333334,NA,NA,NA,dynamic_classA
2579999,2024-01-24T03:04:08Z,35.50156333333334,129.44112833333332,NA,NA,NA,dynamic_classA
2579999,2024-01-24T03:04:13Z,1.2831166666666667,103.77933333333334,NA,NA,NA,dynamic_classA
2579999,2024-01-24T03:04:19Z,1.2831166666666667,103.77933333333334,NA,NA,NA,dynamic_classA
2579999,2024-01-24T03:04:37Z,25.31894,53.46252833333333,NA,NA,NA,dynamic_classA
2579999,2024-01-24T03:04:39Z,9.503423333333334,-13.70818,NA,NA,NA,dynamic_classA
2579999,2024-01-24T03:04:48Z,35.50156333333334,129.441125,NA,NA,NA,dynamic_classA
2579999,2024-01-24T03:04:52Z,-5.455383333333333,105.31047666666667,NA,NA,NA,dynamic_classA
2579999,2024-01-24T03:05:05Z,34.79537166666667,127.73846499999999,NA,NA,NA,dynamic_classA
2579999,2024-01-24T03:05:17Z,1.2831183333333334,103.77932666666668,NA,NA,NA,dynamic_classA
2579999,2024-01-24T03:05:28Z,1.0522466666666666,120.80085000000001,NA,NA,NA,dynamic_classA
2579999,2024-01-24T03:05:39Z,25.318946666666665,53.462515,NA,NA,NA,dynamic_classA
2579999,2024-01-24T03:05:58Z,25.318945,53.462518333333335,NA,NA,NA,dynamic_classA
2579999,2024-01-24T03:06:07Z,56.70169666666666,-2.4657233333333335,NA,NA,NA,dynamic_classA
2579999,2024-01-24T03:06:24Z,25.318941666666667,53.462518333333335,NA,NA,NA,dynamic_classA
2579999,2024-01-24T03:06:29Z,25.31894,53.462515,NA,NA,NA,dynamic_classA
2579999,2024-01-24T03:06:32Z,35.50156333333334,129.44112166666667,NA,NA,NA,dynamic_classA
2579999,2024-01-24T03:06:41Z,25.318938333333332,53.462515,NA,NA,NA,dynamic_classA
2579999,2024-01-24T03:06:49Z,35.501565,129.44112333333334,NA,NA,NA,dynamic_classA
2579999,2024-01-24T03:07:03Z,35.50156666666667,129.441125,NA,NA,NA,dynamic_classA
2579999,2024-01-24T03:07:09Z,58.01462166666667,7.483915,NA,NA,NA,dynamic_classA
2579999,2024-01-24T03:07:37Z,34.795388333333335,127.73847333333333,NA,NA,NA,dynamic_classA
2579999,2024-01-24T03:07:38Z,53.53999666666667,9.878856666666668,NA,NA,NA,dynamic_classA
2579999,2024-01-24T03:07:46Z,25.31894833333333,53.46250833333333,NA,NA,NA,dynamic_classA
2579999,2024-01-24T03:07:49Z,25.31894833333333,53.46250833333333,NA,NA,NA,dynamic_classA
2579999,2024-01-24T03:08:04Z,35.50157166666667,129.44112,NA,NA,NA,dynamic_classA
2579999,2024-01-24T03:08:21Z,29.650548333333333,32.36100666666667,NA,NA,NA,dynamic_classA
2579999,2024-01-24T03:08:24Z,25.318951666666667,53.462509999999995,NA,NA,NA,dynamic_classA
2579999,2024-01-24T03:08:47Z,35.50157166666667,129.44111666666666,NA,NA,NA,dynamic_classA
2579999,2024-01-24T03:09:04Z,53.53998833333333,9.87886,NA,NA,NA,dynamic_classA
2579999,2024-01-24T03:09:08Z,25.318945,53.462509999999995,NA,NA,NA,dynamic_classA
2579999,2024-01-24T03:09:09Z,53.53998833333333,9.878865,NA,NA,NA,dynamic_classA
2579999,2024-01-24T03:09:12Z,25.318945,53.462509999999995,NA,NA,NA,dynamic_classA
2579999,2024-01-24T03:09:23Z,59.88898166666667,10.75388,NA,NA,NA,dynamic_classA
2579999,2024-01-24T03:09:38Z,29.65055166666667,32.36100666666667,NA,NA,NA,dynamic_classA
2579999,2024-01-24T03:09:40Z,9.503435,-13.708213333333333,NA,NA,NA,satellite
2579999,2024-01-24T03:10:03Z,1.2831183333333334,103.77933833333333,NA,NA,NA,dynamic_classA
2579999,2024-01-24T03:10:07Z,50.79964833333334,-1.1100299999999999,NA,NA,NA,dynamic_classA
2579999,2024-01-24T03:10:10Z,35.50158,129.44112,NA,NA,NA,dynamic_classA
2579999,2024-01-24T03:10:13Z,50.79965,-1.1100333333333334,NA,NA,NA,dynamic_classA
2579999,2024-01-24T03:10:20Z,1.2831233333333332,103.77933333333334,NA,NA,NA,dynamic_classA
2579999,2024-01-24T03:10:49Z,53.450538333333334,0.88961,NA,NA,NA,dynamic_classA
2579999,2024-01-24T03:10:53Z,1.2831216666666667,103.779335,NA,NA,NA,dynamic_classA
2579999,2024-01-24T03:11:09Z,65.21746,6.905146666666667,NA,NA,NA,dynamic_classA
2579999,2024-01-24T03:11:38Z,34.79537333333334,127.73846166666667,NA,NA,NA,dynamic_classA
2579999,2024-01-24T03:11:59Z,35.50158,129.44110666666668,NA,NA,NA,dynamic_classA
2579999,2024-01-24T03:12:06Z,35.50158,129.44110666666668,NA,NA,NA,dynamic_classA
2579999,2024-01-24T03:12:07Z,63.44206666666666,10.403403333333333,NA,NA,NA,dynamic_classA
2579999,2024-01-24T03:12:29Z,65.21744666666667,6.905165,NA,NA,NA,dynamic_classA
2579999,2024-01-24T03:12:39Z,56.701663333333336,-2.4657233333333335,NA,NA,NA,dynamic_classA
2579999,2024-01-24T03:12:50Z,9.503433333333334,-13.708203333333334,NA,NA,NA,satellite
2579999,2024-01-24T03:13:03Z,56.70167666666667,-2.4657199999999997,NA,NA,NA,dynamic_classA
2579999,2024-01-24T03:13:55Z,53.53998333333333,9.878858333333334,NA,NA,NA,dynamic_classA
2579999,2024-01-24T03:14:35Z,53.53998,9.878855,NA,NA,NA,dynamic_classA
2579999,2024-01-24T03:14:50Z,-38.449555000000004,148.3089183333333,NA,NA,NA,dynamic_classA
2579999,2024-01-24T03:15:18Z,9.503433333333334,-13.708208333333333,NA,NA,NA,dynamic_classA
2579999,2024-01-24T03:15:21Z,35.50158,129.44110333333333,NA,NA,NA,dynamic_classA
2579999,2024-01-24T03:15:39Z,56.70168833333333,-2.465745,NA,NA,NA,dynamic_classA
2579999,2024-01-24T03:15:43Z,10.285758333333332,106.76146999999999,NA,NA,NA,dynamic_classA
2579999,2024-01-24T03:16:16Z,35.50158666666667,129.44110166666667,NA,NA,NA,dynamic_classA
2579999,2024-01-24T03:16:17Z,54.60326,-1.1617183333333334,NA,NA,NA,dynamic_classA
2579999,2024-01-24T03:16:21Z,46.543980000000005,-48.499066666666664,NA,NA,NA,dynamic_classA
2579999,2024-01-24T03:16:32Z,29.650548333333333,32.361005,NA,NA,NA,dynamic_classA
2579999,2024-01-24T03:16:39Z,10.28576,106.76149333333333,NA,NA,NA,dynamic_classA
2579999,2024-01-24T03:16:51Z,34.79539833333333,127.73847,NA,NA,NA,dynamic_classA
2579999,2024-01-24T03:17:21Z,1.28315,103.77935166666666,NA,NA,NA,dynamic_classA
2579999,2024-01-24T03:17:31Z,24.536236666666664,54.385055,NA,NA,NA,dynamic_classA
2579999,2024-01-24T03:17:34Z,24.536236666666664,54.385055,NA,NA,NA,dynamic_classA
2579999,2024-01-24T03:17:36Z,50.79965166666667,-1.1100349999999999,NA,NA,NA,dynamic_classA
2579999,2024-01-24T03:17:50Z,34.79539666666667,127.73846666666667,NA,NA,NA,dynamic_classA
2579999,2024-01-24T03:17:52Z,9.503423333333334,-13.708171666666667,NA,NA,NA,dynamic_classA
2579999,2024-01-24T03:17:59Z,35.501596666666664,129.44112166666667,NA,NA,NA,dynamic_classA
2579999,2024-01-24T03:18:27Z,34.795395,127.73846333333333,NA,NA,NA,dynamic_classA
2579999,2024-01-24T03:18:28Z,58.01463666666667,7.48388,NA,NA,NA,dynamic_classA
2579999,2024-01-24T03:18:40Z,58.014635,7.48387,NA,NA,NA,dynamic_classA
2579999,2024-01-24T03:18:44Z,35.50160166666667,129.44111666666666,NA,NA,NA,dynamic_classA
2579999,2024-01-24T03:19:17Z,25.318943333333333,53.46252166666667,NA,NA,NA,dynamic_classA
2579999,2024-01-24T03:19:21Z,56.70166666666667,-2.4657366666666665,NA,NA,NA,dynamic_classA
2579999,2024-01-24T03:19:28Z,25.318945,53.462518333333335,NA,NA,NA,dynamic_classA
2579999,2024-01-24T03:19:44Z,-38.44959333333334,148.30885833333332,NA,NA,NA,dynamic_classA
2579999,2024-01-24T03:19:53Z,65.21744333333334,6.905106666666667,NA,NA,NA,dynamic_classA
2579999,2024-01-24T03:19:59Z,-38.44961166666667,148.30887666666666,NA,NA,NA,dynamic_classA
2579999,2024-01-24T03:20:18Z,29.650546666666667,32.361003333333336,NA,NA,NA,dynamic_classA
2579999,2024-01-24T03:20:37Z,25.31895666666667,53.462511666666664,NA,NA,NA,dynamic_classA
2579999,2024-01-24T03:20:38Z,24.536255,54.385061666666665,NA,NA,NA,dynamic_classA
2579999,2024-01-24T03:20:50Z,29.65055,32.36101,NA,NA,NA,dynamic_classA
2579999,2024-01-24T03:21:00Z,25.318953333333333,53.462509999999995,NA,NA,NA,dynamic_classA
2579999,2024-01-24T03:21:03Z,50.799645000000005,-1.1100349999999999,NA,NA,NA,dynamic_classA
2579999,2024-01-24T03:21:04Z,25.318953333333333,53.462509999999995,NA,NA,NA,dynamic_classA
2579999,2024-01-24T03:21:07Z,25.318953333333333,53.462509999999995,NA,NA,NA,dynamic_classA
2579999,2024-01-24T03:21:13Z,35.50160833333334,129.44111666666666,NA,NA,NA,dynamic_classA
2579999,2024-01-24T03:21:15Z,34.79540166666666,127.73845,NA,NA,NA,dynamic_classA
2579999,2024-01-24T03:21:25Z,29.650545,32.36100166666667,NA,NA,NA,dynamic_classA
2579999,2024-01-24T03:21:37Z,53.53997833333334,9.878863333333333,NA,NA,NA,dynamic_classA
2579999,2024-01-24T03:21:42Z,34.79539833333333,127.738455,NA,NA,NA,dynamic_classA
2579999,2024-01-24T03:21:51Z,35.501605000000005,129.441115,NA,NA,NA,dynamic_classA
2579999,2024-01-24T03:22:11Z,1.2831249999999998,103.77932833333332,NA,NA,NA,dynamic_classA
2579999,2024-01-24T03:22:17Z,35.50160166666667,129.44111666666666,NA,NA,NA,dynamic_classA
2579999,2024-01-24T03:22:25Z,29.65054,32.36101333333333,NA,NA,NA,dynamic_classA
2579999,2024-01-24T03:22:26Z,34.79539166666667,127.73845666666666,NA,NA,NA,dynamic_classA
2579999,2024-01-24T03:22:54Z,1.2831233333333332,103.77932666666668,NA,NA,NA,dynamic_classA
2579999,2024-01-24T03:23:01Z,54.60327666666667,-1.1617266666666666,NA,NA,NA,dynamic_classA
2579999,2024-01-24T03:23:13Z,1.2831249999999998,103.77932833333332,NA,NA,NA,dynamic_classA
2579999,2024-01-24T03:23:18Z,24.53625333333333,54.38507666666667,NA,NA,NA,dynamic_classA
2579999,2024-01-24T03:23:19Z,59.88899,10.753856666666668,NA,NA,NA,dynamic_classA
2579999,2024-01-24T03:23:21Z,50.79965166666667,-1.1100266666666667,NA,NA,NA,dynamic_classA
2579999,2024-01-24T03:23:24Z,56.70169666666666,-2.4657216666666666,NA,NA,NA,dynamic_classA
2579999,2024-01-24T03:23:46Z,9.503425,-13.708186666666668,NA,NA,NA,dynamic_classA
2579999,2024-01-24T03:23:47Z,63.442078333333335,10.403410000000001,NA,NA,NA,dynamic_classA
2579999,2024-01-24T03:23:53Z,54.60328666666667,-1.1617199999999999,NA,NA,NA,dynamic_classA
2579999,2024-01-24T03:24:03Z,53.539985,9.87886,NA,NA,NA,dynamic_classA
2579999,2024-01-24T03:24:41Z,1.2831266666666667,103.77932833333332,NA,NA,NA,dynamic_classA
2579999,2024-01-24T03:24:58Z,35.50159166666666,129.44111833333332,NA,NA,NA,dynamic_classA
2579999,2024-01-24T03:25:04Z,24.536258333333333,54.385059999999996,NA,NA,NA,dynamic_classA
2579999,2024-01-24T03:25:16Z,24.536261666666668,54.38505833333333,NA,NA,NA,dynamic_classA
2579999,2024-01-24T03:25:19Z,9.503418333333334,-13.708195,NA,NA,NA,dynamic_classA
2579999,2024-01-24T03:25:20Z,56.70168666666667,-2.46577,NA,NA,NA,dynamic_classA
2579999,2024-01-24T03:25:25Z,34.79541166666667,127.73845666666666,NA,NA,NA,dynamic_classA
2579999,2024-01-24T03:25:27Z,35.501594999999995,129.44112333333334,NA,NA,NA,dynamic_classA
2579999,2024-01-24T03:25:32Z,-5.455368333333333,105.31043666666666,NA,NA,NA,dynamic_classA
2579999,2024-01-24T03:25:37Z,1.2831249999999998,103.77932833333332,NA,NA,NA,dynamic_classA
2579999,2024-01-24T03:26:55Z,-33.878481666666666,-58.421034999999996,NA,NA,NA,satellite
2579999,2024-01-24T03:27:01Z,24.536276666666666,54.385038333333334,NA,NA,NA,dynamic_classA
2579999,2024-01-24T03:27:22Z,35.501605000000005,129.44111333333333,NA,NA,NA,dynamic_classA
2579999,2024-01-24T03:27:39Z,35.501603333333335,129.44110833333335,NA,NA,NA,dynamic_classA
2579999,2024-01-24T03:27:43Z,35.501603333333335,129.44110666666668,NA,NA,NA,dynamic_classA
2579999,2024-01-24T03:27:57Z,34.79540333333333,127.738455,NA,NA,NA,dynamic_classA
2579999,2024-01-24T03:28:17Z,34.79540166666666,127.73845333333334,NA,NA,NA,dynamic_classA
2579999,2024-01-24T03:28:24Z,35.501605000000005,129.44110833333335,NA,NA,NA,dynamic_classA
2579999,2024-01-24T03:28:28Z,53.53998833333333,9.87886,NA,NA,NA,dynamic_classA
2579999,2024-01-24T03:28:40Z,25.318951666666667,53.462505,NA,NA,NA,dynamic_classA
2579999,2024-01-24T03:28:51Z,29.650545,32.36101333333333,NA,NA,NA,dynamic_classA
2579999,2024-01-24T03:28:58Z,1.0522583333333333,120.800845,NA,NA,NA,dynamic_classA
2579999,2024-01-24T03:29:17Z,35.50160666666667,129.441105,NA,NA,NA,dynamic_classA
2579999,2024-01-24T03:29:18Z,-38.449526666666664,148.30885333333333,NA,NA,NA,dynamic_classA
2579999,2024-01-24T03:30:19Z,29.65055166666667,32.36101333333333,NA,NA,NA,dynamic_classA
2579999,2024-01-24T03:30:27Z,50.799638333333334,-1.1100283333333332,NA,NA,NA,dynamic_classA
2579999,2024-01-24T03:30:29Z,25.31894833333333,53.462509999999995,NA,NA,NA,dynamic_classA
2579999,2024-01-24T03:30:36Z,25.318943333333333,53.462509999999995,NA,NA,NA,dynamic_classA
2579999,2024-01-24T03:30:39Z,25.31894833333333,53.462509999999995,NA,NA,NA,dynamic_classA
2579999,2024-01-24T03:30:40Z,35.50161166666667,129.44110833333335,NA,NA,NA,dynamic_classA
2579999,2024-01-24T03:30:49Z,1.2831216666666667,103.77933333333334,NA,NA,NA,dynamic_classA
2579999,2024-01-24T03:30:50Z,-33.878483333333335,-58.42104833333334,NA,NA,NA,satellite
2579999,2024-01-24T03:31:03Z,53.53999666666667,9.878868333333333,NA,NA,NA,dynamic_classA
2579999,2024-01-24T03:31:09Z,65.21745,6.905163333333333,NA,NA,NA,dynamic_classA
2579999,2024-01-24T03:31:14Z,25.318949999999997,53.462505,NA,NA,NA,dynamic_classA
2579999,2024-01-24T03:31:59Z,29.65055,32.361018333333334,NA,NA,NA,dynamic_classA
2579999,2024-01-24T03:32:03Z,1.2831183333333334,103.77932833333332,NA,NA,NA,dynamic_classA
2579999,2024-01-24T03:32:04Z,-33.878483333333335,-58.421056666666665,NA,NA,NA,satellite
2579999,2024-01-24T03:32:07Z,25.31894,53.462520000000005,NA,NA,NA,dynamic_classA
2579999,2024-01-24T03:32:19Z,1.2831183333333334,103.77932166666666,NA,NA,NA,dynamic_classA
2579999,2024-01-24T03:32:26Z,35.50161166666667,129.44111,NA,NA,NA,dynamic_classA
2579999,2024-01-24T03:32:30Z,9.50343,-13.708205,NA,NA,NA,dynamic_classA
2579999,2024-01-24T03:32:49Z,65.21743333333333,6.90518,NA,NA,NA,dynamic_classA
2579999,2024-01-24T03:33:05Z,-33.878505,-58.42107333333333,NA,NA,NA,satellite
2579999,2024-01-24T03:33:09Z,56.701663333333336,-2.4657649999999998,NA,NA,NA,dynamic_classA
2579999,2024-01-24T03:33:53Z,56.701678333333334,-2.4657366666666665,NA,NA,NA,dynamic_classA
2579999,2024-01-24T03:34:28Z,9.50343,-13.708215,NA,NA,NA,dynamic_classA
2579999,2024-01-24T03:34:36Z,53.54,9.878856666666668,NA,NA,NA,dynamic_classA
2579999,2024-01-24T03:34:39Z,35.50161333333333,129.44111166666667,NA,NA,NA,dynamic_classA
2579999,2024-01-24T03:34:48Z,25.318955000000003,53.46251666666667,NA,NA,NA,dynamic_classA
2579999,2024-01-24T03:34:55Z,53.539995,9.878858333333334,NA,NA,NA,dynamic_classA
2579999,2024-01-24T03:34:57Z,63.442080000000004,10.403378333333334,NA,NA,NA,dynamic_classA
2579999,2024-01-24T03:35:10Z,54.603285,-1.1617316666666668,NA,NA,NA,dynamic_classA
2579999,2024-01-24T03:35:29Z,56.70168666666667,-2.465726666666667,NA,NA,NA,dynamic_classA
2579999,2024-01-24T03:35:52Z,35.50161333333333,129.44111833333332,NA,NA,NA,dynamic_classA
2579999,2024-01-24T03:36:02Z,25.318943333333333,53.46250333333333,NA,NA,NA,dynamic_classA
2579999,2024-01-24T03:36:08Z,58.014646666666664,7.483921666666666,NA,NA,NA,dynamic_classA
2579999,2024-01-24T03:36:32Z,1.2831316666666666,103.77933,NA,NA,NA,dynamic_classA
2579999,2024-01-24T03:36:37Z,54.60325833333333,-1.1616549999999999,NA,NA,NA,dynamic_classA
2579999,2024-01-24T03:36:52Z,29.650548333333333,32.36101333333333,NA,NA,NA,dynamic_classA
2579999,2024-01-24T03:37:03Z,10.285756666666666,106.76146333333332,NA,NA,NA,dynamic_classA
2579999,2024-01-24T03:37:08Z,1.2831299999999999,103.779325,NA,NA,NA,dynamic_classA
2579999,2024-01-24T03:37:13Z,1.2831299999999999,103.779325,NA,NA,NA,dynamic_classA
2579999,2024-01-24T03:37:15Z,21.571460000000002,88.2514,NA,NA,NA,dynamic_classA
2579999,2024-01-24T03:37:16Z,35.50160666666667,129.44110833333335,NA,NA,NA,dynamic_classA
2579999,2024-01-24T03:37:18Z,25.31894833333333,53.46248833333333,NA,NA,NA,dynamic_classA
2579999,2024-01-24T03:37:39Z,9.50343,-13.708198333333334,NA,NA,NA,dynamic_classA
2579999,2024-01-24T03:37:40Z,34.795370000000005,127.73847333333333,NA,NA,NA,dynamic_classA
2579999,2024-01-24T03:37:56Z,50.79963333333333,-1.1100533333333333,NA,NA,NA,dynamic_classA
2579999,2024-01-24T03:38:00Z,25.31895666666667,53.4625,NA,NA,NA,dynamic_classA
2579999,2024-01-24T03:38:12Z,9.50343,-13.708188333333334,NA,NA,NA,dynamic_classA
2579999,2024-01-24T03:38:19Z,35.501596666666664,129.44111,NA,NA,NA,dynamic_classA
2579999,2024-01-24T03:38:20Z,25.318951666666667,53.46250666666666,NA,NA,NA,dynamic_classA
2579999,2024-01-24T03:38:40Z,34.79538166666667,127.73846666666667,NA,NA,NA,dynamic_classA
2579999,2024-01-24T03:38:57Z,34.79537833333333,127.73846166666667,NA,NA,NA,dynamic_classA
2579999,2024-01-24T03:38:58Z,25.31896833333333,53.46250666666666,NA,NA,NA,dynamic_classA
2579999,2024-01-24T03:39:14Z,35.501578333333335,129.44112833333332,NA,NA,NA,dynamic_classA
2579999,2024-01-24T03:39:44Z,25.31894833333333,53.46251666666667,NA,NA,NA,dynamic_classA
2579999,2024-01-24T03:39:56Z,1.2831249999999998,103.77932333333334,NA,NA,NA,dynamic_classA
2579999,2024-01-24T03:39:59Z,10.285751666666666,106.76144666666667,NA,NA,NA,dynamic_classA
2579999,2024-01-24T03:40:33Z,59.889003333333335,10.753896666666666,NA,NA,NA,dynamic_classA
2579999,2024-01-24T03:40:34Z,-38.44960666666667,148.30911166666667,NA,NA,NA,dynamic_classA
2579999,2024-01-24T03:40:39Z,10.285751666666666,106.76146666666666,NA,NA,NA,dynamic_classA
2579999,2024-01-24T03:40:43Z,65.21744833333334,6.905165,NA,NA,NA,dynamic_classA
2579999,2024-01-24T03:40:58Z,29.650548333333333,32.36100833333333,NA,NA,NA,dynamic_classA
2579999,2024-01-24T03:40:59Z,-38.449619999999996,148.30912666666666,NA,NA,NA,dynamic_classA
2579999,2024-01-24T03:41:10Z,1.2831233333333332,103.77933,NA,NA,NA,dynamic_classA
2579999,2024-01-24T03:41:18Z,1.2831249999999998,103.77932166666666,NA,NA,NA,dynamic_classA
2579999,2024-01-24T03:41:20Z,29.650546666666667,32.36100166666667,NA,NA,NA,dynamic_classA
2579999,2024-01-24T03:41:44Z,29.650548333333333,32.36101,NA,NA,NA,dynamic_classA
2579999,2024-01-24T03:41:47Z,25.318945,53.46251666666667,NA,NA,NA,dynamic_classA
2579999,2024-01-24T03:41:57Z,53.539989999999996,9.87885,NA,NA,NA,dynamic_classA
2579999,2024-01-24T03:42:14Z,1.2831249999999998,103.77933666666667,NA,NA,NA,dynamic_classA
2579999,2024-01-24T03:42:16Z,25.318946666666665,53.462511666666664,NA,NA,NA,dynamic_classA
2579999,2024-01-24T03:42:18Z,65.21744166666666,6.905141666666666,NA,NA,NA,dynamic_classA
2579999,2024-01-24T03:42:23Z,50.79965,-1.1100649999999999,NA,NA,NA,dynamic_classA
2579999,2024-01-24T03:42:25Z,34.79539166666667,127.73848,NA,NA,NA,dynamic_classA
2579999,2024-01-24T03:42:27Z,25.31894833333333,53.462509999999995,NA,NA,NA,dynamic_classA
2579999,2024-01-24T03:42:30Z,25.318949999999997,53.46250666666666,NA,NA,NA,dynamic_classA
2579999,2024-01-24T03:42:31Z,35.501668333333335,129.44113833333333,NA,NA,NA,dynamic_classA
2579999,2024-01-24T03:42:55Z,29.65055166666667,32.361005,NA,NA,NA,dynamic_classA
2579999,2024-01-24T03:43:00Z,1.2831299999999999,103.77934166666667,NA,NA,NA,dynamic_classA
2579999,2024-01-24T03:43:11Z,54.60327333333333,-1.1617066666666667,NA,NA,NA,dynamic_classA
2579999,2024-01-24T03:43:16Z,25.318945,53.46250666666666,NA,NA,NA,dynamic_classA
2579999,2024-01-24T03:43:36Z,34.79539666666667,127.73848333333333,NA,NA,NA,dynamic_classA
2579999,2024-01-24T03:43:39Z,59.88899166666667,10.753896666666666,NA,NA,NA,dynamic_classA
2579999,2024-01-24T03:43:58Z,35.50168333333333,129.44112166666667,NA,NA,NA,dynamic_classA
2579999,2024-01-24T03:44:13Z,54.603245,-1.1616916666666666,NA,NA,NA,dynamic_classA
2579999,2024-01-24T03:44:14Z,56.701685,-2.4657433333333336,NA,NA,NA,dynamic_classA
2579999,2024-01-24T03:44:31Z,50.79965166666667,-1.1100400000000001,NA,NA,NA,dynamic_classA
2579999,2024-01-24T03:44:46Z,9.503426666666666,-13.7082,NA,NA,NA,dynamic_classA
2579999,2024-01-24T03:44:53Z,-38.44958666666666,148.30908833333334,NA,NA,NA,dynamic_classA
2579999,2024-01-24T03:44:59Z,24.536275,54.38505333333333,NA,NA,NA,dynamic_classA
2579999,2024-01-24T03:45:19Z,25.318935,53.46252833333333,NA,NA,NA,dynamic_classA
2579999,2024-01-24T03:45:20Z,-38.44957333333333,148.30908333333335,NA,NA,NA,satellite
2579999,2024-01-24T03:45:25Z,34.795386666666666,127.73846666666667,NA,NA,NA,dynamic_classA
2579999,2024-01-24T03:45:30Z,-38.449571666666664,148.30909000000003,NA,NA,NA,satellite
2579999,2024-01-24T03:45:39Z,9.503421666666666,-13.70819,NA,NA,NA,dynamic_classA
2579999,2024-01-24T03:45:47Z,1.2831316666666666,103.77934166666667,NA,NA,NA,dynamic_classA
2579999,2024-01-24T03:45:55Z,1.2831316666666666,103.77934166666667,NA,NA,NA,dynamic_classA
2579999,2024-01-24T03:45:58Z,35.501693333333336,129.44111666666666,NA,NA,NA,dynamic_classA
2579999,2024-01-24T03:46:06Z,63.44204666666667,10.403398333333334,NA,NA,NA,dynamic_classA
2579999,2024-01-24T03:46:07Z,35.50169,129.44112,NA,NA,NA,dynamic_classA
2579999,2024-01-24T03:46:11Z,-38.449558333333336,148.30910833333334,NA,NA,NA,satellite
2579999,2024-01-24T03:46:12Z,-5.455371666666666,105.31044,NA,NA,NA,dynamic_classA
2579999,2024-01-24T03:46:30Z,-38.449555000000004,148.30911333333333,NA,NA,NA,satellite
2579999,2024-01-24T03:46:31Z,-38.449555000000004,148.30911333333333,NA,NA,NA,satellite
2579999,2024-01-24T03:46:40Z,-38.449553333333334,148.30911333333333,NA,NA,NA,satellite
2579999,2024-01-24T03:46:41Z,-38.449553333333334,148.30911333333333,NA,NA,NA,satellite
2579999,2024-01-24T03:46:54Z,35.50169166666667,129.441125,NA,NA,NA,dynamic_classA
2579999,2024-01-24T03:47:19Z,53.450595,0.8896266666666667,NA,NA,NA,dynamic_classA
2579999,2024-01-24T03:47:31Z,-38.449634999999994,148.30913333333334,NA,NA,NA,satellite
2579999,2024-01-24T03:47:41Z,-38.449646666666666,148.30912333333333,NA,NA,NA,satellite
2579999,2024-01-24T03:48:01Z,29.650545,32.36100166666667,NA,NA,NA,dynamic_classA
2579999,2024-01-24T03:48:02Z,35.50168833333333,129.44113000000002,NA,NA,NA,dynamic_classA
2579999,2024-01-24T03:48:05Z,-20.11863333333333,115.239035,NA,NA,NA,dynamic_classA
2579999,2024-01-24T03:48:11Z,25.31895666666667,53.46250166666667,NA,NA,NA,dynamic_classA
2579999,2024-01-24T03:48:30Z,-38.44965,148.3090633333333,NA,NA,NA,satellite
2579999,2024-01-24T03:48:31Z,-38.44965,148.3090633333333,NA,NA,NA,satellite
2579999,2024-01-24T03:48:32Z,35.50167666666667,129.44112833333332,NA,NA,NA,dynamic_classA
2579999,2024-01-24T03:48:47Z,34.79533333333333,127.73845833333333,NA,NA,NA,dynamic_classA
2579999,2024-01-24T03:48:56Z,24.536248333333333,54.385055,NA,NA,NA,dynamic_classA
2579999,2024-01-24T03:49:28Z,53.539985,9.878865,NA,NA,NA,dynamic_classA
2579999,2024-01-24T03:49:29Z,25.31895666666667,53.4625,NA,NA,NA,dynamic_classA
2579999,2024-01-24T03:49:37Z,35.501668333333335,129.44113333333334,NA,NA,NA,dynamic_classA
2579999,2024-01-24T03:49:48Z,-38.44962666666667,148.3090083333333,NA,NA,NA,dynamic_classA
2579999,2024-01-24T03:50:59Z,29.650553333333335,32.36100666666667,NA,NA,NA,dynamic_classA
2579999,2024-01-24T03:51:00Z,35.50166166666667,129.44114166666665,NA,NA,NA,dynamic_classA
2579999,2024-01-24T03:51:05Z,-20.11863,115.23904,NA,NA,NA,dynamic_classA
2579999,2024-01-24T03:51:43Z,53.53998833333333,9.878866666666665,NA,NA,NA,dynamic_classA
2579999,2024-01-24T03:51:48Z,24.536240000000003,54.385065000000004,NA,NA,NA,dynamic_classA
2579999,2024-01-24T03:51:53Z,50.799641666666666,-1.110045,NA,NA,NA,dynamic_classA
2579999,2024-01-24T03:52:09Z,65.217455,6.90514,NA,NA,NA,dynamic_classA
2579999,2024-01-24T03:52:13Z,35.50166,129.44113166666665,NA,NA,NA,dynamic_classA
2579999,2024-01-24T03:52:17Z,-2.6682366666666666,118.894475,NA,NA,NA,dynamic_classA
2579999,2024-01-24T03:52:20Z,1.28312,103.77932166666666,NA,NA,NA,dynamic_classA
2579999,2024-01-24T03:52:46Z,35.50166,129.441135,NA,NA,NA,dynamic_classA
2579999,2024-01-24T03:52:47Z,25.318953333333333,53.46252166666667,NA,NA,NA,dynamic_classA
2579999,2024-01-24T03:52:52Z,-20.118636666666664,115.23903833333334,NA,NA,NA,dynamic_classA
2579999,2024-01-24T03:53:13Z,1.28312,103.77932333333334,NA,NA,NA,dynamic_classA
2579999,2024-01-24T03:53:19Z,56.70172166666667,-2.4657633333333333,NA,NA,NA,dynamic_classA
2579999,2024-01-24T03:53:39Z,65.21745833333334,6.905150000000001,NA,NA,NA,dynamic_classA
2579999,2024-01-24T03:53:48Z,24.536234999999998,54.385070000000006,NA,NA,NA,dynamic_classA
2579999,2024-01-24T03:53:49Z,59.88899833333333,10.753908333333333,NA,NA,NA,dynamic_classA
2579999,2024-01-24T03:54:01Z,1.2831183333333334,103.77932833333332,NA,NA,NA,dynamic_classA
2579999,2024-01-24T03:54:04Z,25.318955000000003,53.462525,NA,NA,NA,dynamic_classA
2579999,2024-01-24T03:54:43Z,56.701710000000006,-2.465733333333333,NA,NA,NA,dynamic_classA
2579999,2024-01-24T03:55:16Z,53.539993333333335,9.878863333333333,NA,NA,NA,dynamic_classA
2579999,2024-01-24T03:55:20Z,54.603251666666665,-1.1616966666666668,NA,NA,NA,dynamic_classA
2579999,2024-01-24T03:55:24Z,1.283105,103.77934166666667,NA,NA,NA,dynamic_classA
2579999,2024-01-24T03:55:25Z,53.539993333333335,9.878863333333333,NA,NA,NA,dynamic_classA
2579999,2024-01-24T03:55:29Z,35.50164333333333,129.44113666666667,NA,NA,NA,dynamic_classA
2579999,2024-01-24T03:55:49Z,56.70169833333333,-2.4657533333333332,NA,NA,NA,dynamic_classA
2579999,2024-01-24T03:55:52Z,25.318965,53.46250666666666,NA,NA,NA,dynamic_classA
2579999,2024-01-24T03:55:58Z,25.318961666666667,53.46250666666666,NA,NA,NA,dynamic_classA
2579999,2024-01-24T03:56:21Z,35.501645,129.44114166666665,NA,NA,NA,dynamic_classA
2579999,2024-01-24T03:56:37Z,24.536265,54.38506666666667,NA,NA,NA,dynamic_classA
2579999,2024-01-24T03:56:57Z,54.603251666666665,-1.1617033333333333,NA,NA,NA,dynamic_classA
2579999,2024-01-24T03:57:10Z,1.2831083333333335,103.77934333333333,NA,NA,NA,dynamic_classA
2579999,2024-01-24T03:57:16Z,63.442080000000004,10.403366666666667,NA,NA,NA,dynamic_classA
2579999,2024-01-24T03:57:22Z,29.650546666666667,32.36102,NA,NA,NA,dynamic_classA
2579999,2024-01-24T03:57:38Z,58.01459333333333,7.483896666666666,NA,NA,NA,dynamic_classA
2579999,2024-01-24T03:57:51Z,25.318965,53.46250166666667,NA,NA,NA,dynamic_classA
2579999,2024-01-24T03:57:56Z,35.50160833333334,129.44114666666667,NA,NA,NA,dynamic_classA
2579999,2024-01-24T03:58:06Z,50.79963,-1.1100416666666668,NA,NA,NA,dynamic_classA
2579999,2024-01-24T03:58:09Z,10.285776666666667,106.76141833333332,NA,NA,NA,dynamic_classA
2579999,2024-01-24T03:58:13Z,10.285776666666667,106.76141833333332,NA,NA,NA,dynamic_classA
2579999,2024-01-24T03:58:21Z,63.44209333333333,10.403371666666667,NA,NA,NA,dynamic_classA
2579999,2024-01-24T03:58:22Z,9.503421666666666,-13.70822,NA,NA,NA,dynamic_classA
2579999,2024-01-24T03:58:28Z,-20.118651666666665,115.23903666666666,NA,NA,NA,dynamic_classA
2579999,2024-01-24T03:58:30Z,34.79537333333334,127.73846,NA,NA,NA,dynamic_classA
2579999,2024-01-24T03:58:39Z,35.50159833333333,129.44113666666667,NA,NA,NA,dynamic_classA
2579999,2024-01-24T03:58:56Z,-20.118646666666667,115.23903666666666,NA,NA,NA,satellite
2579999,2024-01-24T03:59:22Z,-20.11864166666667,115.23903666666666,NA,NA,NA,dynamic_classA
2579999,2024-01-24T03:59:27Z,34.795345,127.73846,NA,NA,NA,dynamic_classA
2579999,2024-01-24T03:59:34Z,35.50159833333333,129.44114166666665,NA,NA,NA,dynamic_classA
2579999,2024-01-24T03:59:50Z,34.795341666666666,127.73847333333333,NA,NA,NA,dynamic_classA
2579999,2024-01-24T04:00:14Z,25.318961666666667,53.462515,NA,NA,NA,dynamic_classA
2579999,2024-01-24T04:01:23Z,-38.44947,148.30886999999998,NA,NA,NA,dynamic_classA
2579999,2024-01-24T04:01:29Z,29.650536666666667,32.361015,NA,NA,NA,dynamic_classA
2579999,2024-01-24T04:01:42Z,1.2831283333333334,103.77933166666666,NA,NA,NA,dynamic_classA
2579999,2024-01-24T04:01:43Z,65.21747333333333,6.905225,NA,NA,NA,dynamic_classA
2579999,2024-01-24T04:01:59Z,-20.118651666666665,115.23904,NA,NA,NA,dynamic_classA
2579999,2024-01-24T04:02:04Z,29.650543333333335,32.361023333333335,NA,NA,NA,dynamic_classA
2579999,2024-01-24T04:02:09Z,-38.44948333333333,148.30890833333333,NA,NA,NA,dynamic_classA
2579999,2024-01-24T04:02:11Z,25.318961666666667,53.46251333333333,NA,NA,NA,dynamic_classA
2579999,2024-01-24T04:02:17Z,53.53998166666667,9.878865,NA,NA,NA,dynamic_classA
2579999,2024-01-24T04:02:24Z,1.2831316666666666,103.77932666666668,NA,NA,NA,dynamic_classA
2579999,2024-01-24T04:02:41Z,34.795365,127.73846666666667,NA,NA,NA,dynamic_classA
2579999,2024-01-24T04:02:57Z,25.318966666666665,53.462515,NA,NA,NA,dynamic_classA
2579999,2024-01-24T04:02:59Z,53.450588333333336,0.889645,NA,NA,NA,dynamic_classA
2579999,2024-01-24T04:03:10Z,53.539985,9.878866666666665,NA,NA,NA,dynamic_classA
2579999,2024-01-24T04:03:24Z,24.536261666666668,54.385056666666664,NA,NA,NA,dynamic_classA
2579999,2024-01-24T04:03:25Z,29.650543333333335,32.36102,NA,NA,NA,dynamic_classA
2579999,2024-01-24T04:03:26Z,25.318966666666665,53.46251333333333,NA,NA,NA,dynamic_classA
2579999,2024-01-24T04:03:31Z,54.60323166666667,-1.1617266666666666,NA,NA,NA,dynamic_classA
2579999,2024-01-24T04:03:32Z,35.501555,129.44112833333332,NA,NA,NA,dynamic_classA
2579999,2024-01-24T04:03:53Z,50.799636666666665,-1.1100333333333334,NA,NA,NA,dynamic_classA
2579999,2024-01-24T04:03:59Z,10.285755,106.76144500000001,NA,NA,NA,dynamic_classA
2579999,2024-01-24T04:04:18Z,-20.11863333333333,115.23904833333333,NA,NA,NA,dynamic_classA
2579999,2024-01-24T04:04:26Z,-20.118634999999998,115.23904999999999,NA,NA,NA,dynamic_classA
2579999,2024-01-24T04:04:31Z,50.79964,-1.1100333333333334,NA,NA,NA,dynamic_classA
2579999,2024-01-24T04:04:33Z,54.60321666666667,-1.1617333333333333,NA,NA,NA,dynamic_classA
2579999,2024-01-24T04:04:34Z,25.318961666666667,53.462515,NA,NA,NA,dynamic_classA
2579999,2024-01-24T04:04:36Z,34.79532166666667,127.73841999999999,NA,NA,NA,dynamic_classA
2579999,2024-01-24T04:05:04Z,56.70171166666667,-2.465755,NA,NA,NA,dynamic_classA
2579999,2024-01-24T04:05:06Z,35.50157166666667,129.44114166666665,NA,NA,NA,dynamic_classA
2579999,2024-01-24T04:05:26Z,-20.118634999999998,115.23904166666667,NA,NA,NA,dynamic_classA
2579999,2024-01-24T04:05:33Z,53.53997833333334,9.878876666666667,NA,NA,NA,dynamic_classA
2579999,2024-01-24T04:05:45Z,34.79534666666667,127.73844166666666,NA,NA,NA,dynamic_classA
2579999,2024-01-24T04:05:51Z,50.79962833333333,-1.1100216666666667,NA,NA,NA,dynamic_classA
2579999,2024-01-24T04:06:17Z,1.2831416666666666,103.77932000000001,NA,NA,NA,dynamic_classA
2579999,2024-01-24T04:06:19Z,9.503428333333334,-13.708201666666668,NA,NA,NA,dynamic_classA
2579999,2024-01-24T04:06:42Z,-5.455373333333333,105.31047333333332,NA,NA,NA,dynamic_classA
2579999,2024-01-24T04:06:47Z,35.501625,129.44117166666666,NA,NA,NA,dynamic_classA
2579999,2024-01-24T04:06:48Z,35.501625,129.44117166666666,NA,NA,NA,dynamic_classA
2579999,2024-01-24T04:06:50Z,25.318966666666665,53.46250166666667,NA,NA,NA,dynamic_classA
2579999,2024-01-24T04:06:54Z,1.2831416666666666,103.77932000000001,NA,NA,NA,dynamic_classA
2579999,2024-01-24T04:07:11Z,9.503423333333334,-13.708215,NA,NA,NA,dynamic_classA
2579999,2024-01-24T04:07:14Z,35.501621666666665,129.44117500000002,NA,NA,NA,dynamic_classA
2579999,2024-01-24T04:07:21Z,1.28314,103.77932166666666,NA,NA,NA,dynamic_classA
2579999,2024-01-24T04:07:40Z,9.503418333333334,-13.708211666666667,NA,NA,NA,dynamic_classA
2579999,2024-01-24T04:08:23Z,25.318961666666667,53.46250666666666,NA,NA,NA,dynamic_classA
2579999,2024-01-24T04:08:26Z,63.442078333333335,10.403405,NA,NA,NA,dynamic_classA
2579999,2024-01-24T04:08:31Z,29.650528333333334,32.36101166666666,NA,NA,NA,dynamic_classA
2579999,2024-01-24T04:08:50Z,1.2831299999999999,103.77932166666666,NA,NA,NA,dynamic_classA
2579999,2024-01-24T04:08:52Z,35.50162833333333,129.44117166666666,NA,NA,NA,dynamic_classA
2579999,2024-01-24T04:08:56Z,24.536233333333332,54.38507166666667,NA,NA,NA,dynamic_classA
2579999,2024-01-24T04:08:59Z,35.50162833333333,129.44117166666666,NA,NA,NA,dynamic_classA
2579999,2024-01-24T04:09:13Z,35.50163,129.44117333333332,NA,NA,NA,dynamic_classA
2579999,2024-01-24T04:09:14Z,-20.11865,115.23904666666667,NA,NA,NA,dynamic_classA
2579999,2024-01-24T04:09:27Z,34.79535333333333,127.738445,NA,NA,NA,dynamic_classA
2579999,2024-01-24T04:09:30Z,25.31896,53.462515,NA,NA,NA,dynamic_classA
2579999,2024-01-24T04:09:39Z,25.318961666666667,53.462515,NA,NA,NA,dynamic_classA
2579999,2024-01-24T04:09:48Z,-38.449535,148.30889,NA,NA,NA,dynamic_classA
2579999,2024-01-24T04:09:57Z,35.50162833333333,129.44117,NA,NA,NA,dynamic_classA
2579999,2024-01-24T04:09:58Z,24.536223333333332,54.38507166666667,NA,NA,NA,dynamic_classA
2579999,2024-01-24T04:10:18Z,53.53998833333333,9.878873333333333,NA,NA,NA,dynamic_classA
2579999,2024-01-24T04:10:38Z,58.01463833333333,7.4839,NA,NA,NA,dynamic_classA
2579999,2024-01-24T04:10:47Z,-2.668241666666667,118.894495,NA,NA,NA,dynamic_classA
2579999,2024-01-24T04:10:55Z,34.79536666666667,127.73846,NA,NA,NA,dynamic_classA
2579999,2024-01-24T04:11:09Z,25.31895666666667,53.462509999999995,NA,NA,NA,dynamic_classA
2579999,2024-01-24T04:11:20Z,35.50163,129.44116833333334,NA,NA,NA,dynamic_classA
2579999,2024-01-24T04:11:29Z,-20.11863333333333,115.23903833333334,NA,NA,NA,dynamic_classA
2579999,2024-01-24T04:11:34Z,59.88899,10.753918333333333,NA,NA,NA,dynamic_classA
2579999,2024-01-24T04:11:38Z,29.650545,32.36101333333333,NA,NA,NA,dynamic_classA
2579999,2024-01-24T04:11:41Z,25.318955000000003,53.462509999999995,NA,NA,NA,dynamic_classA
2579999,2024-01-24T04:11:47Z,29.650545,32.36101333333333,NA,NA,NA,dynamic_classA
2579999,2024-01-24T04:11:48Z,26.20309166666667,50.60116333333334,NA,NA,NA,dynamic_classA
2579999,2024-01-24T04:11:51Z,26.20309166666667,50.60116333333334,NA,NA,NA,dynamic_classA
2579999,2024-01-24T04:11:56Z,24.072065000000002,51.78633333333333,NA,NA,NA,dynamic_classA
2579999,2024-01-24T04:12:14Z,53.539986666666664,9.878866666666665,NA,NA,NA,dynamic_classA
2579999,2024-01-24T04:12:33Z,50.799641666666666,-1.1100583333333334,NA,NA,NA,dynamic_classA
2579999,2024-01-24T04:12:39Z,65.217455,6.905198333333333,NA,NA,NA,dynamic_classA
2579999,2024-01-24T04:12:56Z,35.50161166666667,129.44115666666667,NA,NA,NA,dynamic_classA
2579999,2024-01-24T04:13:02Z,1.28314,103.77932000000001,NA,NA,NA,dynamic_classA
2579999,2024-01-24T04:13:07Z,25.318961666666667,53.462509999999995,NA,NA,NA,dynamic_classA
2579999,2024-01-24T04:13:28Z,65.21745666666666,6.90523,NA,NA,NA,dynamic_classA
2579999,2024-01-24T04:13:35Z,53.53998833333333,9.878858333333334,NA,NA,NA,dynamic_classA
2579999,2024-01-24T04:13:39Z,56.701695,-2.4657366666666665,NA,NA,NA,dynamic_classA
2579999,2024-01-24T04:13:41Z,-20.11863333333333,115.23903333333332,NA,NA,NA,dynamic_classA
2579999,2024-01-24T04:13:49Z,24.536258333333333,54.38505166666666,NA,NA,NA,dynamic_classA
2579999,2024-01-24T04:13:59Z,65.21744666666667,6.905225,NA,NA,NA,dynamic_classA
2579999,2024-01-24T04:14:23Z,1.2831350000000001,103.77932166666666,NA,NA,NA,dynamic_classA
2579999,2024-01-24T04:15:24Z,56.701681666666666,-2.4657583333333335,NA,NA,NA,dynamic_classA
2579999,2024-01-24T04:15:37Z,1.2831283333333334,103.77931333333332,NA,NA,NA,dynamic_classA
2579999,2024-01-24T04:15:40Z,54.60321666666667,-1.1617600000000001,NA,NA,NA,dynamic_classA
2579999,2024-01-24T04:15:45Z,53.539985,9.878868333333333,NA,NA,NA,dynamic_classA
2579999,2024-01-24T04:15:51Z,50.79963166666666,-1.1100299999999999,NA,NA,NA,dynamic_classA
2579999,2024-01-24T04:15:59Z,56.70169166666667,-2.4657566666666666,NA,NA,NA,dynamic_classA
2579999,2024-01-24T04:16:09Z,35.501603333333335,129.44116333333332,NA,NA,NA,dynamic_classA
2579999,2024-01-24T04:16:12Z,29.650541666666665,32.36101333333333,NA,NA,NA,dynamic_classA
2579999,2024-01-24T04:16:14Z,29.650541666666665,32.36101333333333,NA,NA,NA,dynamic_classA
2579999,2024-01-24T04:16:18Z,25.318955000000003,53.462515,NA,NA,NA,dynamic_classA
2579999,2024-01-24T04:16:19Z,29.650541666666665,32.36101333333333,NA,NA,NA,dynamic_classA
2579999,2024-01-24T04:16:34Z,-38.44945333333333,148.30895999999998,NA,NA,NA,satellite
2579999,2024-01-24T04:16:41Z,35.50160833333334,129.44115666666667,NA,NA,NA,dynamic_classA
2579999,2024-01-24T04:16:44Z,-38.449463333333334,148.30896833333333,NA,NA,NA,satellite
2579999,2024-01-24T04:16:54Z,-38.44947166666667,148.30897666666667,NA,NA,NA,satellite
2579999,2024-01-24T04:16:58Z,1.2831266666666667,103.77930833333333,NA,NA,NA,dynamic_classA
2579999,2024-01-24T04:17:04Z,-38.44947666666667,148.30898166666665,NA,NA,NA,satellite
2579999,2024-01-24T04:17:07Z,54.60323833333334,-1.16175,NA,NA,NA,dynamic_classA
2579999,2024-01-24T04:17:18Z,25.318951666666667,53.46251333333333,NA,NA,NA,dynamic_classA
2579999,2024-01-24T04:17:22Z,25.318951666666667,53.46251333333333,NA,NA,NA,dynamic_classA
2579999,2024-01-24T04:17:24Z,-38.449486666666665,148.30897000000002,NA,NA,NA,satellite
2579999,2024-01-24T04:17:34Z,-38.449488333333335,148.30895999999998,NA,NA,NA,satellite
2579999,2024-01-24T04:18:01Z,25.318953333333333,53.462515,NA,NA,NA,dynamic_classA
2579999,2024-01-24T04:18:04Z,-38.449513333333336,148.30896666666666,NA,NA,NA,satellite
2579999,2024-01-24T04:18:13Z,35.50161,129.44115333333332,NA,NA,NA,dynamic_classA
2579999,2024-01-24T04:18:14Z,25.318946666666665,53.46251333333333,NA,NA,NA,dynamic_classA
2579999,2024-01-24T04:18:26Z,50.79962833333333,-1.11005,NA,NA,NA,dynamic_classA
2579999,2024-01-24T04:18:42Z,9.50343,-13.708216666666667,NA,NA,NA,dynamic_classA
2579999,2024-01-24T04:18:46Z,35.50161166666667,129.44116666666667,NA,NA,NA,dynamic_classA
2579999,2024-01-24T04:18:49Z,35.50161166666667,129.44116333333332,NA,NA,NA,dynamic_classA
2579999,2024-01-24T04:18:54Z,-38.44956333333334,148.30900166666666,NA,NA,NA,satellite
2579999,2024-01-24T04:19:02Z,-20.118640000000003,115.23903833333334,NA,NA,NA,dynamic_classA
2579999,2024-01-24T04:19:03Z,10.285758333333332,106.76145333333334,NA,NA,NA,dynamic_classA
2579999,2024-01-24T04:19:04Z,-38.44956333333334,148.30899833333334,NA,NA,NA,satellite
2579999,2024-01-24T04:19:11Z,9.503431666666668,-13.708208333333333,NA,NA,NA,satellite
2579999,2024-01-24T04:19:13Z,25.318953333333333,53.462511666666664,NA,NA,NA,dynamic_classA
2579999,2024-01-24T04:19:20Z,34.79539166666667,127.73848333333333,NA,NA,NA,dynamic_classA
2579999,2024-01-24T04:19:25Z,-20.118634999999998,115.23903333333332,NA,NA,NA,dynamic_classA
2579999,2024-01-24T04:19:33Z,-20.118634999999998,115.239035,NA,NA,NA,dynamic_classA
2579999,2024-01-24T04:19:34Z,-38.44956666666667,148.30900333333332,NA,NA,NA,satellite
2579999,2024-01-24T04:19:37Z,63.442053333333334,10.403386666666668,NA,NA,NA,dynamic_classA
2579999,2024-01-24T04:19:39Z,34.795388333333335,127.73848333333333,NA,NA,NA,dynamic_classA
2579999,2024-01-24T04:19:42Z,25.318951666666667,53.462511666666664,NA,NA,NA,dynamic_classA
2579999,2024-01-24T04:19:44Z,-38.44957,148.30901166666666,NA,NA,NA,satellite
2579999,2024-01-24T04:19:54Z,35.50161166666667,129.44116166666666,NA,NA,NA,dynamic_classA
2579999,2024-01-24T04:19:57Z,34.79539166666667,127.73849166666668,NA,NA,NA,dynamic_classA
2579999,2024-01-24T04:20:04Z,-38.449571666666664,148.30902666666668,NA,NA,NA,satellite
2579999,2024-01-24T04:20:11Z,63.44204,10.403401666666667,NA,NA,NA,dynamic_classA
2579999,2024-01-24T04:20:30Z,34.795386666666666,127.73848333333333,NA,NA,NA,dynamic_classA
2579999,2024-01-24T04:21:09Z,10.285758333333332,106.76145666666666,NA,NA,NA,dynamic_classA
2579999,2024-01-24T04:21:13Z,1.2831316666666666,103.779325,NA,NA,NA,dynamic_classA
2579999,2024-01-24T04:21:34Z,25.318949999999997,53.462511666666664,NA,NA,NA,dynamic_classA
2579999,2024-01-24T04:22:04Z,-38.44953833333333,148.30907333333334,NA,NA,NA,dynamic_classA
2579999,2024-01-24T04:22:15Z,29.650531666666666,32.36100833333333,NA,NA,NA,dynamic_classA
2579999,2024-01-24T04:22:18Z,29.650531666666666,32.36100833333333,NA,NA,NA,dynamic_classA
2579999,2024-01-24T04:22:27Z,-2.6682449999999998,118.894485,NA,NA,NA,dynamic_classA
2579999,2024-01-24T04:22:29Z,29.650534999999998,32.36100833333333,NA,NA,NA,dynamic_classA
2579999,2024-01-24T04:22:37Z,53.53997833333334,9.878868333333333,NA,NA,NA,dynamic_classA
2579999,2024-01-24T04:22:41Z,1.2831249999999998,103.779325,NA,NA,NA,dynamic_classA
2579999,2024-01-24T04:22:43Z,65.21745333333334,6.905168333333333,NA,NA,NA,dynamic_classA
2579999,2024-01-24T04:23:09Z,-38.44954333333333,148.30907333333334,NA,NA,NA,dynamic_classA
2579999,2024-01-24T04:23:17Z,-38.44954499999999,148.30907666666664,NA,NA,NA,satellite
2579999,2024-01-24T04:23:18Z,25.318958333333335,53.46251333333333,NA,NA,NA,dynamic_classA
2579999,2024-01-24T04:23:27Z,-38.44954333333333,148.30907666666664,NA,NA,NA,satellite
2579999,2024-01-24T04:23:42Z,-20.118618333333334,115.23904333333333,NA,NA,NA,dynamic_classA
2579999,2024-01-24T04:23:44Z,25.318951666666667,53.462515,NA,NA,NA,dynamic_classA
2579999,2024-01-24T04:23:50Z,25.318953333333333,53.46251666666667,NA,NA,NA,dynamic_classA
2579999,2024-01-24T04:23:51Z,54.60322166666666,-1.1617,NA,NA,NA,dynamic_classA
2579999,2024-01-24T04:23:57Z,-38.44952333333333,148.30908333333335,NA,NA,NA,satellite
2579999,2024-01-24T04:24:11Z,29.650531666666666,32.36101,NA,NA,NA,dynamic_classA
2579999,2024-01-24T04:24:17Z,-38.449511666666666,148.30908833333334,NA,NA,NA,satellite
2579999,2024-01-24T04:24:31Z,35.50160166666667,129.44114,NA,NA,NA,dynamic_classA
2579999,2024-01-24T04:24:47Z,25.318946666666665,53.462515,NA,NA,NA,satellite
2579999,2024-01-24T04:24:49Z,53.539986666666664,9.87886,NA,NA,NA,dynamic_classA
2579999,2024-01-24T04:24:53Z,54.603233333333336,-1.1617033333333333,NA,NA,NA,dynamic_classA
2579999,2024-01-24T04:24:57Z,-38.44950666666667,148.30909333333332,NA,NA,NA,satellite
2579999,2024-01-24T04:25:01Z,-20.11862,115.23904333333333,NA,NA,NA,dynamic_classA
2579999,2024-01-24T04:25:08Z,-20.11862,115.239045,NA,NA,NA,dynamic_classA
2579999,2024-01-24T04:25:09Z,10.285756666666666,106.76144333333333,NA,NA,NA,dynamic_classA
2579999,2024-01-24T04:25:19Z,9.503431666666668,-13.708216666666667,NA,NA,NA,dynamic_classA
2579999,2024-01-24T04:25:21Z,25.318949999999997,53.462515,NA,NA,NA,dynamic_classA
2579999,2024-01-24T04:25:23Z,50.79963166666666,-1.1100483333333335,NA,NA,NA,dynamic_classA
2579999,2024-01-24T04:25:26Z,34.79533833333333,127.738455,NA,NA,NA,dynamic_classA
2579999,2024-01-24T04:25:47Z,1.2831333333333332,103.77934166666667,NA,NA,NA,dynamic_classA
2579999,2024-01-24T04:25:54Z,56.70168833333333,-2.4657433333333336,NA,NA,NA,dynamic_classA
2579999,2024-01-24T04:25:55Z,34.79536333333333,127.73845833333333,NA,NA,NA,dynamic_classA
2579999,2024-01-24T04:26:06Z,9.503436666666666,-13.708215,NA,NA,NA,dynamic_classA
2579999,2024-01-24T04:26:11Z,50.799645000000005,-1.1100366666666666,NA,NA,NA,dynamic_classA
2579999,2024-01-24T04:26:17Z,35.501594999999995,129.44115166666668,NA,NA,NA,dynamic_classA
2579999,2024-01-24T04:26:20Z,1.2831366666666668,103.77933833333333,NA,NA,NA,dynamic_classA
2579999,2024-01-24T04:26:23Z,53.539991666666666,9.878866666666665,NA,NA,NA,dynamic_classA
2579999,2024-01-24T04:26:57Z,-38.44947833333333,148.30913166666667,NA,NA,NA,satellite
2579999,2024-01-24T04:27:22Z,-5.455385000000001,105.31044333333332,NA,NA,NA,dynamic_classA
2579999,2024-01-24T04:27:27Z,35.50158833333333,129.44116166666666,NA,NA,NA,satellite
2579999,2024-01-24T04:27:28Z,35.50158833333333,129.44116166666666,NA,NA,NA,dynamic_classA
2579999,2024-01-24T04:27:34Z,35.50159,129.44116166666666,NA,NA,NA,dynamic_classA
2579999,2024-01-24T04:27:46Z,1.2831299999999999,103.77932166666666,NA,NA,NA,dynamic_classA
2579999,2024-01-24T04:27:53Z,1.2831299999999999,103.77932166666666,NA,NA,NA,dynamic_classA
2579999,2024-01-24T04:28:19Z,-38.449526666666664,148.30912833333332,NA,NA,NA,dynamic_classA
2579999,2024-01-24T04:28:24Z,1.2831266666666667,103.77932333333334,NA,NA,NA,dynamic_classA
2579999,2024-01-24T04:28:39Z,25.318958333333335,53.462509999999995,NA,NA,NA,dynamic_classA
2579999,2024-01-24T04:29:00Z,1.2831249999999998,103.77932166666666,NA,NA,NA,dynamic_classA
2579999,2024-01-24T04:29:01Z,1.2831249999999998,103.77932166666666,NA,NA,NA,dynamic_classA
2579999,2024-01-24T04:29:21Z,25.318951666666667,53.462511666666664,NA,NA,NA,dynamic_classA
2579999,2024-01-24T04:29:32Z,35.50159,129.44115333333332,NA,NA,NA,dynamic_classA
2579999,2024-01-24T04:29:39Z,35.50158833333333,129.44115166666668,NA,NA,NA,dynamic_classA
2579999,2024-01-24T04:29:42Z,35.50158833333333,129.44115166666668,NA,NA,NA,dynamic_classA
2579999,2024-01-24T04:29:46Z,25.318949999999997,53.46251333333333,NA,NA,NA,dynamic_classA
2579999,2024-01-24T04:29:58Z,26.20326,50.6009,NA,NA,NA,dynamic_classA
2579999,2024-01-24T04:30:06Z,25.318949999999997,53.46251333333333,NA,NA,NA,dynamic_classA
2579999,2024-01-24T04:30:07Z,35.50158833333333,129.44115333333332,NA,NA,NA,dynamic_classA
2579999,2024-01-24T04:30:30Z,25.318951666666667,53.462511666666664,NA,NA,NA,dynamic_classA
2579999,2024-01-24T04:30:37Z,34.795368333333336,127.73847,NA,NA,NA,dynamic_classA
2579999,2024-01-24T04:30:44Z,-20.118640000000003,115.23903333333332,NA,NA,NA,satellite
2579999,2024-01-24T04:30:57Z,63.44206666666666,10.403384999999998,NA,NA,NA,dynamic_classA
2579999,2024-01-24T04:31:19Z,3.5680666666666667,113.32466500000001,NA,NA,NA,dynamic_classA
2579999,2024-01-24T04:31:20Z,25.318955000000003,53.46251666666667,NA,NA,NA,dynamic_classA
2579999,2024-01-24T04:31:27Z,-20.11863333333333,115.23904,NA,NA,NA,satellite
2579999,2024-01-24T04:31:33Z,25.318955000000003,53.462515,NA,NA,NA,dynamic_classA
2579999,2024-01-24T04:31:40Z,35.50158666666667,129.44115,NA,NA,NA,dynamic_classA
2579999,2024-01-24T04:31:45Z,34.79539,127.73847333333333,NA,NA,NA,dynamic_classA
2579999,2024-01-24T04:31:56Z,1.2831316666666666,103.779315,NA,NA,NA,dynamic_classA
2579999,2024-01-24T04:32:08Z,29.650528333333334,32.361005,NA,NA,NA,dynamic_classA
2579999,2024-01-24T04:32:09Z,25.318949999999997,53.462515,NA,NA,NA,dynamic_classA
2579999,2024-01-24T04:32:54Z,53.539989999999996,9.878871666666667,NA,NA,NA,dynamic_classA
2579999,2024-01-24T04:33:05Z,21.571468333333332,88.25141166666667,NA,NA,NA,dynamic_classA
2579999,2024-01-24T04:33:10Z,1.2831316666666666,103.77931666666667,NA,NA,NA,dynamic_classA
2579999,2024-01-24T04:33:16Z,35.50158666666667,129.44115833333333,NA,NA,NA,dynamic_classA
2579999,2024-01-24T04:33:19Z,65.21745833333334,6.9051383333333325,NA,NA,NA,dynamic_classA
2579999,2024-01-24T04:33:23Z,50.79964,-1.1100299999999999,NA,NA,NA,dynamic_classA
2579999,2024-01-24T04:33:29Z,25.318949999999997,53.462515,NA,NA,NA,dynamic_classA
2579999,2024-01-24T04:33:31Z,29.650528333333334,32.361015,NA,NA,NA,dynamic_classA
2579999,2024-01-24T04:33:49Z,53.539986666666664,9.878870000000001,NA,NA,NA,dynamic_classA
2579999,2024-01-24T04:34:04Z,29.650528333333334,32.36100833333333,NA,NA,NA,dynamic_classA
2579999,2024-01-24T04:34:08Z,29.650528333333334,32.36100833333333,NA,NA,NA,dynamic_classA
2579999,2024-01-24T04:34:09Z,29.650528333333334,32.36100833333333,NA,NA,NA,dynamic_classA
2579999,2024-01-24T04:34:10Z,29.650528333333334,32.36100833333333,NA,NA,NA,dynamic_classA
2579999,2024-01-24T04:34:31Z,-20.11863333333333,115.239045,NA,NA,NA,dynamic_classA
2579999,2024-01-24T04:35:05Z,53.53998333333333,9.878871666666667,NA,NA,NA,dynamic_classA
2579999,2024-01-24T04:35:18Z,1.2831299999999999,103.77933166666666,NA,NA,NA,dynamic_classA
2579999,2024-01-24T04:35:28Z,53.53998166666667,9.878870000000001,NA,NA,NA,dynamic_classA
2579999,2024-01-24T04:35:29Z,65.217455,6.905173333333334,NA,NA,NA,dynamic_classA
2579999,2024-01-24T04:35:34Z,1.2831299999999999,103.77933166666666,NA,NA,NA,dynamic_classA
2579999,2024-01-24T04:35:49Z,56.70169666666666,-2.4657133333333334,NA,NA,NA,dynamic_classA
2579999,2024-01-24T04:35:50Z,54.60321333333333,-1.161715,NA,NA,NA,dynamic_classA
2579999,2024-01-24T04:36:05Z,53.53998,9.878870000000001,NA,NA,NA,dynamic_classA
2579999,2024-01-24T04:36:13Z,56.70170333333333,-2.4657116666666665,NA,NA,NA,dynamic_classA
2579999,2024-01-24T04:36:29Z,24.536243333333335,54.385070000000006,NA,NA,NA,dynamic_classA
2579999,2024-01-24T04:36:40Z,35.501596666666664,129.44116666666667,NA,NA,NA,dynamic_classA
2579999,2024-01-24T04:37:01Z,35.501596666666664,129.44116666666667,NA,NA,NA,dynamic_classA
2579999,2024-01-24T04:37:27Z,54.60323833333334,-1.1617516666666667,NA,NA,NA,dynamic_classA
2579999,2024-01-24T04:37:35Z,25.318945,53.46251333333333,NA,NA,NA,dynamic_classA
2579999,2024-01-24T04:37:58Z,25.31894833333333,53.46251666666667,NA,NA,NA,dynamic_classA
2579999,2024-01-24T04:38:21Z,-20.11862,115.23904333333333,NA,NA,NA,dynamic_classA
2579999,2024-01-24T04:38:24Z,25.318949999999997,53.462515,NA,NA,NA,dynamic_classA
2579999,2024-01-24T04:38:31Z,25.31894833333333,53.462515,NA,NA,NA,dynamic_classA
2579999,2024-01-24T04:38:46Z,50.799638333333334,-1.1100333333333334,NA,NA,NA,dynamic_classA
2579999,2024-01-24T04:39:02Z,9.503436666666666,-13.708211666666667,NA,NA,NA,dynamic_classA
2579999,2024-01-24T04:39:03Z,10.285761666666668,106.76145,NA,NA,NA,dynamic_classA
2579999,2024-01-24T04:39:19Z,35.50159,129.44114666666667,NA,NA,NA,dynamic_classA
2579999,2024-01-24T04:39:36Z,35.50158666666667,129.44113833333333,NA,NA,NA,dynamic_classA
2579999,2024-01-24T04:40:10Z,34.79538166666667,127.73847,NA,NA,NA,dynamic_classA
2579999,2024-01-24T04:40:14Z,35.501585,129.44113833333333,NA,NA,NA,dynamic_classA
2579999,2024-01-24T04:40:27Z,34.79537833333333,127.73846666666667,NA,NA,NA,dynamic_classA
2579999,2024-01-24T04:40:37Z,34.79537833333333,127.73846666666667,NA,NA,NA,dynamic_classA
2579999,2024-01-24T04:40:38Z,24.536256666666667,54.385075,NA,NA,NA,dynamic_classA
2579999,2024-01-24T04:40:49Z,10.285765,106.76146,NA,NA,NA,dynamic_classA
2579999,2024-01-24T04:41:01Z,63.442056666666666,10.40339,NA,NA,NA,dynamic_classA
2579999,2024-01-24T04:41:20Z,34.79539166666667,127.73846833333333,NA,NA,NA,satellite
2579999,2024-01-24T04:41:45Z,21.57145166666667,88.25142166666666,NA,NA,NA,dynamic_classA
2579999,2024-01-24T04:42:04Z,25.318945,53.46250833333333,NA,NA,NA,dynamic_classA
2579999,2024-01-24T04:42:27Z,63.44205833333333,10.403393333333334,NA,NA,NA,dynamic_classA
2579999,2024-01-24T04:42:36Z,24.536256666666667,54.385070000000006,NA,NA,NA,dynamic_classA
2579999,2024-01-24T04:42:38Z,-20.118611666666666,115.239045,NA,NA,NA,dynamic_classA
2579999,2024-01-24T04:42:44Z,59.889,10.753898333333332,NA,NA,NA,dynamic_classA
2579999,2024-01-24T04:42:53Z,-38.44963333333333,148.30909000000003,NA,NA,NA,dynamic_classA
2579999,2024-01-24T04:42:57Z,53.539989999999996,9.878870000000001,NA,NA,NA,dynamic_classA
2579999,2024-01-24T04:43:21Z,9.503433333333334,-13.708229999999999,NA,NA,NA,satellite
2579999,2024-01-24T04:43:28Z,58.01462,7.483883333333334,NA,NA,NA,dynamic_classA
2579999,2024-01-24T04:43:41Z,9.503433333333334,-13.708216666666667,NA,NA,NA,satellite
2579999,2024-01-24T04:43:50Z,53.45054833333334,0.8895850000000001,NA,NA,NA,dynamic_classA
2579999,2024-01-24T04:43:54Z,25.318935,53.46250833333333,NA,NA,NA,dynamic_classA
2579999,2024-01-24T04:44:00Z,10.285779999999999,106.76144500000001,NA,NA,NA,dynamic_classA
2579999,2024-01-24T04:44:01Z,54.603235000000005,-1.161745,NA,NA,NA,dynamic_classA
2579999,2024-01-24T04:44:11Z,1.2831183333333334,103.77932833333332,NA,NA,NA,dynamic_classA
2579999,2024-01-24T04:44:23Z,65.217445,6.905166666666667,NA,NA,NA,dynamic_classA
2579999,2024-01-24T04:44:38Z,65.21744,6.905161666666667,NA,NA,NA,dynamic_classA
2579999,2024-01-24T04:44:52Z,34.795386666666666,127.73846833333333,NA,NA,NA,dynamic_classA
2579999,2024-01-24T04:45:10Z,1.28312,103.779325,NA,NA,NA,dynamic_classA
2579999,2024-01-24T04:45:11Z,50.79963,-1.1100283333333332,NA,NA,NA,dynamic_classA
2579999,2024-01-24T04:45:13Z,54.60323833333334,-1.161715,NA,NA,NA,dynamic_classA
2579999,2024-01-24T04:45:18Z,1.28312,103.779325,NA,NA,NA,dynamic_classA
2579999,2024-01-24T04:45:20Z,1.28312,103.779325,NA,NA,NA,dynamic_classA
2579999,2024-01-24T04:45:31Z,35.50159,129.441155,NA,NA,NA,dynamic_classA
2579999,2024-01-24T04:45:39Z,25.318935,53.46251666666667,NA,NA,NA,dynamic_classA
2579999,2024-01-24T04:45:44Z,-20.118608333333334,115.23903833333334,NA,NA,NA,dynamic_classA
2579999,2024-01-24T04:45:47Z,25.318935,53.46251666666667,NA,NA,NA,dynamic_classA
2579999,2024-01-24T04:45:49Z,25.318938333333332,53.46251666666667,NA,NA,NA,dynamic_classA
2579999,2024-01-24T04:45:52Z,1.28312,103.779325,NA,NA,NA,dynamic_classA
2579999,2024-01-24T04:46:01Z,1.28312,103.779325,NA,NA,NA,dynamic_classA
2579999,2024-01-24T04:46:05Z,25.318938333333332,53.46251666666667,NA,NA,NA,dynamic_classA
2579999,2024-01-24T04:46:09Z,25.318935,53.46252166666667,NA,NA,NA,dynamic_classA
2579999,2024-01-24T04:46:11Z,25.318935,53.46252166666667,NA,NA,NA,dynamic_classA
2579999,2024-01-24T04:46:18Z,35.50158333333333,129.44114833333333,NA,NA,NA,dynamic_classA
2579999,2024-01-24T04:46:27Z,1.28312,103.77932666666668,NA,NA,NA,dynamic_classA
2579999,2024-01-24T04:46:34Z,1.2831216666666667,103.779325,NA,NA,NA,dynamic_classA
2579999,2024-01-24T04:46:46Z,9.503438333333333,-13.708229999999999,NA,NA,NA,dynamic_classA
2579999,2024-01-24T04:46:53Z,50.79964,-1.1100233333333334,NA,NA,NA,dynamic_classA
2579999,2024-01-24T04:47:04Z,53.539989999999996,9.878856666666668,NA,NA,NA,dynamic_classA
2579999,2024-01-24T04:47:19Z,9.503445,-13.708266666666667,NA,NA,NA,dynamic_classA
2579999,2024-01-24T04:47:38Z,35.50158333333333,129.44113000000002,NA,NA,NA,dynamic_classA
2579999,2024-01-24T04:47:54Z,35.50158,129.44112666666666,NA,NA,NA,dynamic_classA
2579999,2024-01-24T04:48:02Z,-5.455396666666667,105.31044833333334,NA,NA,NA,dynamic_classA
2579999,2024-01-24T04:48:19Z,-38.449558333333336,148.30894500000002,NA,NA,NA,dynamic_classA
2579999,2024-01-24T04:48:28Z,35.501578333333335,129.44112333333334,NA,NA,NA,dynamic_classA
2579999,2024-01-24T04:48:54Z,1.2831216666666667,103.77932000000001,NA,NA,NA,dynamic_classA
2579999,2024-01-24T04:48:55Z,21.571495000000002,88.25142166666666,NA,NA,NA,dynamic_classA
2579999,2024-01-24T04:49:49Z,35.50156833333333,129.441105,NA,NA,NA,dynamic_classA
2579999,2024-01-24T04:49:58Z,-38.44949999999999,148.30891166666666,NA,NA,NA,dynamic_classA
2579999,2024-01-24T04:50:12Z,35.50156833333333,129.44110833333335,NA,NA,NA,dynamic_classA
2579999,2024-01-24T04:50:27Z,35.50156833333333,129.44111166666667,NA,NA,NA,dynamic_classA
2579999,2024-01-24T04:50:33Z,35.50157166666667,129.44111333333333,NA,NA,NA,dynamic_classA
2579999,2024-01-24T04:51:09Z,25.318945,53.462525,NA,NA,NA,dynamic_classA
2579999,2024-01-24T04:51:58Z,34.79538166666667,127.73846,NA,NA,NA,dynamic_classA
2579999,2024-01-24T04:52:00Z,35.501578333333335,129.44112666666666,NA,NA,NA,dynamic_classA
2579999,2024-01-24T04:52:09Z,25.318946666666665,53.46251666666667,NA,NA,NA,dynamic_classA
2579999,2024-01-24T04:52:24Z,-20.118601666666667,115.23904,NA,NA,NA,dynamic_classA
2579999,2024-01-24T04:52:35Z,34.79538166666667,127.73846666666667,NA,NA,NA,dynamic_classA
2579999,2024-01-24T04:52:44Z,-20.1186,115.23905166666667,NA,NA,NA,dynamic_classA
2579999,2024-01-24T04:53:05Z,-20.118601666666667,115.23904833333333,NA,NA,NA,dynamic_classA
2579999,2024-01-24T04:53:26Z,35.501578333333335,129.44113000000002,NA,NA,NA,dynamic_classA
2579999,2024-01-24T04:53:29Z,65.21743666666667,6.905178333333334,NA,NA,NA,dynamic_classA
2579999,2024-01-24T04:53:33Z,25.318951666666667,53.46251666666667,NA,NA,NA,dynamic_classA
2579999,2024-01-24T04:53:47Z,63.442051666666664,10.403403333333333,NA,NA,NA,dynamic_classA
2579999,2024-01-24T04:53:57Z,-2.668241666666667,118.89448333333333,NA,NA,NA,dynamic_classA
2579999,2024-01-24T04:54:03Z,50.799636666666665,-1.1100400000000001,NA,NA,NA,dynamic_classA
2579999,2024-01-24T04:54:19Z,56.701695,-2.4657233333333335,NA,NA,NA,dynamic_classA
2579999,2024-01-24T04:54:20Z,53.450575,0.8895850000000001,NA,NA,NA,dynamic_classA
2579999,2024-01-24T04:54:37Z,25.318953333333333,53.46251666666667,NA,NA,NA,dynamic_classA
2579999,2024-01-24T04:55:21Z,-20.118605,115.23904666666667,NA,NA,NA,dynamic_classA
2579999,2024-01-24T04:55:35Z,53.539989999999996,9.878865,NA,NA,NA,dynamic_classA
2579999,2024-01-24T04:55:47Z,9.503436666666666,-13.708228333333333,NA,NA,NA,satellite
2579999,2024-01-24T04:55:54Z,25.318958333333335,53.46253333333333,NA,NA,NA,dynamic_classA
2579999,2024-01-24T04:55:59Z,25.318958333333335,53.46253333333333,NA,NA,NA,dynamic_classA
2579999,2024-01-24T04:56:05Z,21.57147666666667,88.25141833333333,NA,NA,NA,dynamic_classA
2579999,2024-01-24T04:56:09Z,65.21744166666666,6.90513,NA,NA,NA,dynamic_classA
2579999,2024-01-24T04:56:10Z,54.603251666666665,-1.1617,NA,NA,NA,dynamic_classA
2579999,2024-01-24T04:56:14Z,25.31896,53.462535,NA,NA,NA,dynamic_classA
2579999,2024-01-24T04:56:18Z,53.539989999999996,9.878866666666665,NA,NA,NA,dynamic_classA
2579999,2024-01-24T04:56:25Z,53.539989999999996,9.878866666666665,NA,NA,NA,dynamic_classA
2579999,2024-01-24T04:56:43Z,1.2831266666666667,103.77932833333332,NA,NA,NA,dynamic_classA
2579999,2024-01-24T04:56:48Z,25.318958333333335,53.46253333333333,NA,NA,NA,dynamic_classA
2579999,2024-01-24T04:56:58Z,25.318958333333335,53.46253333333333,NA,NA,NA,dynamic_classA
2579999,2024-01-24T04:57:03Z,56.70168666666667,-2.465745,NA,NA,NA,dynamic_classA
2579999,2024-01-24T04:57:14Z,24.536261666666668,54.38507833333333,NA,NA,NA,dynamic_classA
2579999,2024-01-24T04:57:41Z,35.50158166666667,129.44112666666666,NA,NA,NA,dynamic_classA
2579999,2024-01-24T04:57:47Z,54.603245,-1.1616683333333335,NA,NA,NA,dynamic_classA
2579999,2024-01-24T04:57:49Z,35.501578333333335,129.441125,NA,NA,NA,dynamic_classA
2579999,2024-01-24T04:57:51Z,35.501578333333335,129.441125,NA,NA,NA,dynamic_classA
2579999,2024-01-24T04:57:57Z,25.318958333333335,53.46253,NA,NA,NA,dynamic_classA
2579999,2024-01-24T04:58:36Z,25.31896,53.46252333333334,NA,NA,NA,dynamic_classA
2579999,2024-01-24T04:58:39Z,29.650536666666667,32.36100833333333,NA,NA,NA,dynamic_classA
2579999,2024-01-24T04:58:42Z,65.21746166666667,6.905166666666667,NA,NA,NA,dynamic_classA
2579999,2024-01-24T04:58:51Z,25.318958333333335,53.462520000000005,NA,NA,NA,dynamic_classA
2579999,2024-01-24T04:58:58Z,25.318958333333335,53.462520000000005,NA,NA,NA,dynamic_classA
2579999,2024-01-24T04:59:06Z,50.79964666666667,-1.1100233333333334,NA,NA,NA,dynamic_classA
2579999,2024-01-24T04:59:12Z,9.503435,-13.708208333333333,NA,NA,NA,dynamic_classA
2579999,2024-01-24T04:59:49Z,35.50157166666667,129.44112333333334,NA,NA,NA,dynamic_classA
2579999,2024-01-24T04:59:53Z,35.50157166666667,129.44112333333334,NA,NA,NA,dynamic_classA
2579999,2024-01-24T04:59:59Z,3.5680666666666667,113.32466500000001,NA,NA,NA,dynamic_classA
2579999,2024-01-24T05:00:16Z,35.50156333333334,129.441125,NA,NA,NA,dynamic_classA
2579999,2024-01-24T05:00:37Z,9.503425,-13.708215,NA,NA,NA,satellite
2579999,2024-01-24T05:00:44Z,35.50156333333334,129.441125,NA,NA,NA,dynamic_classA
2579999,2024-01-24T05:00:49Z,10.285744999999999,106.76148333333335,NA,NA,NA,dynamic_classA
2579999,2024-01-24T05:00:50Z,34.79539166666667,127.73846166666667,NA,NA,NA,dynamic_classA
2579999,2024-01-24T05:00:51Z,-20.118583333333333,115.23904166666667,NA,NA,NA,dynamic_classA
2579999,2024-01-24T05:00:57Z,34.79539166666667,127.73845833333333,NA,NA,NA,dynamic_classA
2579999,2024-01-24T05:01:51Z,63.442065,10.403398333333334,NA,NA,NA,dynamic_classA
2579999,2024-01-24T05:02:11Z,1.2831333333333332,103.77933833333333,NA,NA,NA,dynamic_classA
2579999,2024-01-24T05:02:20Z,34.79539333333333,127.73846166666667,NA,NA,NA,dynamic_classA
2579999,2024-01-24T05:02:58Z,24.536258333333333,54.38507833333333,NA,NA,NA,dynamic_classA
2579999,2024-01-24T05:03:07Z,63.44207166666667,10.403378333333334,NA,NA,NA,dynamic_classA
2579999,2024-01-24T05:03:08Z,29.661555,32.35480166666667,NA,NA,NA,dynamic_classA
2579999,2024-01-24T05:03:17Z,29.650538333333333,32.36099,NA,NA,NA,dynamic_classA
2579999,2024-01-24T05:03:20Z,50.799638333333334,-1.1100283333333332,NA,NA,NA,dynamic_classA
2579999,2024-01-24T05:03:31Z,29.661553333333334,32.35480833333334,NA,NA,NA,dynamic_classA
2579999,2024-01-24T05:03:32Z,-20.118589999999998,115.239035,NA,NA,NA,dynamic_classA
2579999,2024-01-24T05:03:34Z,-38.44949166666667,148.30899166666669,NA,NA,NA,dynamic_classA
2579999,2024-01-24T05:03:40Z,29.66155666666667,32.35480833333334,NA,NA,NA,dynamic_classA
2579999,2024-01-24T05:03:54Z,1.2831316666666666,103.77934,NA,NA,NA,dynamic_classA
2579999,2024-01-24T05:04:00Z,50.799636666666665,-1.1100316666666667,NA,NA,NA,dynamic_classA
2579999,2024-01-24T05:04:08Z,58.01464,7.483873333333333,NA,NA,NA,dynamic_classA
2579999,2024-01-24T05:04:15Z,1.2831333333333332,103.77933833333333,NA,NA,NA,dynamic_classA
2579999,2024-01-24T05:04:16Z,9.503438333333333,-13.708206666666666,NA,NA,NA,dynamic_classA
2579999,2024-01-24T05:04:21Z,54.603255,-1.1617233333333334,NA,NA,NA,dynamic_classA
2579999,2024-01-24T05:04:59Z,59.888976666666665,10.753885,NA,NA,NA,dynamic_classA
2579999,2024-01-24T05:05:01Z,25.318953333333333,53.46252333333334,NA,NA,NA,dynamic_classA
2579999,2024-01-24T05:05:07Z,1.2831316666666666,103.77933166666666,NA,NA,NA,dynamic_classA
2579999,2024-01-24T05:05:13Z,65.21745333333334,6.905186666666666,NA,NA,NA,dynamic_classA
2579999,2024-01-24T05:05:16Z,1.2831316666666666,103.77932666666668,NA,NA,NA,dynamic_classA
2579999,2024-01-24T05:05:17Z,29.661571666666667,32.354791666666664,NA,NA,NA,dynamic_classA
2579999,2024-01-24T05:05:20Z,34.79538166666667,127.73847333333333,NA,NA,NA,dynamic_classA
2579999,2024-01-24T05:05:23Z,54.60324833333333,-1.1617466666666667,NA,NA,NA,dynamic_classA
2579999,2024-01-24T05:05:32Z,1.2831316666666666,103.77932666666668,NA,NA,NA,dynamic_classA
2579999,2024-01-24T05:05:57Z,34.795383333333334,127.73846833333333,NA,NA,NA,dynamic_classA
2579999,2024-01-24T05:06:13Z,1.2831316666666666,103.779325,NA,NA,NA,dynamic_classA
2579999,2024-01-24T05:06:19Z,25.318955000000003,53.46251666666667,NA,NA,NA,dynamic_classA
2579999,2024-01-24T05:06:21Z,35.501575,129.44112833333332,NA,NA,NA,dynamic_classA
2579999,2024-01-24T05:06:25Z,34.79538166666667,127.73846499999999,NA,NA,NA,dynamic_classA
2579999,2024-01-24T05:06:26Z,25.318955000000003,53.46251666666667,NA,NA,NA,dynamic_classA
2579999,2024-01-24T05:06:34Z,-20.118601666666667,115.23903666666666,NA,NA,NA,dynamic_classA
2579999,2024-01-24T05:06:51Z,50.79962,-1.1100083333333333,NA,NA,NA,dynamic_classA
2579999,2024-01-24T05:07:07Z,35.501575,129.44112833333332,NA,NA,NA,dynamic_classA
2579999,2024-01-24T05:07:16Z,34.79538166666667,127.73845833333333,NA,NA,NA,dynamic_classA
2579999,2024-01-24T05:07:24Z,56.701706666666674,-2.465745,NA,NA,NA,dynamic_classA
2579999,2024-01-24T05:07:49Z,9.503426666666666,-13.708221666666667,NA,NA,NA,dynamic_classA
2579999,2024-01-24T05:07:54Z,53.539991666666666,9.878853333333332,NA,NA,NA,dynamic_classA
2579999,2024-01-24T05:07:55Z,1.2831350000000001,103.77933333333334,NA,NA,NA,dynamic_classA
2579999,2024-01-24T05:08:00Z,25.318951666666667,53.462515,NA,NA,NA,dynamic_classA
2579999,2024-01-24T05:08:10Z,10.285765,106.76146166666668,NA,NA,NA,dynamic_classA
2579999,2024-01-24T05:08:14Z,35.50158,129.44112666666666,NA,NA,NA,dynamic_classA
2579999,2024-01-24T05:08:23Z,50.79963,-1.1100299999999999,NA,NA,NA,dynamic_classA
2579999,2024-01-24T05:08:42Z,-5.455394999999999,105.310445,NA,NA,NA,dynamic_classA
2579999,2024-01-24T05:08:47Z,25.318949999999997,53.462520000000005,NA,NA,NA,dynamic_classA
2579999,2024-01-24T05:08:56Z,35.501575,129.44112666666666,NA,NA,NA,dynamic_classA
2579999,2024-01-24T05:09:19Z,-38.44944833333333,148.30884333333333,NA,NA,NA,dynamic_classA
2579999,2024-01-24T05:09:28Z,35.501576666666665,129.44112166666667,NA,NA,NA,dynamic_classA
2579999,2024-01-24T05:09:51Z,1.2831383333333333,103.77932833333332,NA,NA,NA,dynamic_classA
2579999,2024-01-24T05:09:58Z,-38.44947166666667,148.30883,NA,NA,NA,dynamic_classA
2579999,2024-01-24T05:10:06Z,63.44204166666667,10.40336,NA,NA,NA,dynamic_classA
2579999,2024-01-24T05:10:21Z,29.661548333333332,32.35479,NA,NA,NA,dynamic_classA
2579999,2024-01-24T05:10:57Z,35.501578333333335,129.44111833333332,NA,NA,NA,dynamic_classA
2579999,2024-01-24T05:11:00Z,9.50343,-13.708206666666666,NA,NA,NA,dynamic_classA
2579999,2024-01-24T05:11:01Z,35.501578333333335,129.44111833333332,NA,NA,NA,dynamic_classA
2579999,2024-01-24T05:11:09Z,35.50158,129.44112,NA,NA,NA,dynamic_classA
2579999,2024-01-24T05:11:12Z,25.318949999999997,53.462518333333335,NA,NA,NA,dynamic_classA
2579999,2024-01-24T05:11:13Z,35.501578333333335,129.44112166666667,NA,NA,NA,dynamic_classA
2579999,2024-01-24T05:11:20Z,25.318949999999997,53.462518333333335,NA,NA,NA,dynamic_classA
2579999,2024-01-24T05:12:20Z,35.50159,129.44111666666666,NA,NA,NA,dynamic_classA
2579999,2024-01-24T05:12:27Z,34.795375,127.73845833333333,NA,NA,NA,dynamic_classA
2579999,2024-01-24T05:12:56Z,1.2831316666666666,103.77931833333334,NA,NA,NA,dynamic_classA
2579999,2024-01-24T05:13:09Z,65.21745166666666,6.905165,NA,NA,NA,dynamic_classA
2579999,2024-01-24T05:13:14Z,24.536251666666665,54.38506833333334,NA,NA,NA,dynamic_classA
2579999,2024-01-24T05:13:19Z,24.536251666666665,54.38506833333334,NA,NA,NA,dynamic_classA
2579999,2024-01-24T05:13:28Z,29.661555,32.35481333333333,NA,NA,NA,dynamic_classA
2579999,2024-01-24T05:13:35Z,34.795385,127.73845666666666,NA,NA,NA,dynamic_classA
2579999,2024-01-24T05:13:41Z,-20.118585,115.23903666666666,NA,NA,NA,satellite
2579999,2024-01-24T05:13:48Z,-20.118589999999998,115.23903,NA,NA,NA,dynamic_classA
2579999,2024-01-24T05:13:51Z,-38.44947166666667,148.3088833333333,NA,NA,NA,satellite
2579999,2024-01-24T05:13:54Z,59.88896666666667,10.753855,NA,NA,NA,dynamic_classA
2579999,2024-01-24T05:13:55Z,-20.118589999999998,115.23903,NA,NA,NA,dynamic_classA
2579999,2024-01-24T05:14:01Z,-38.44947833333333,148.30890166666669,NA,NA,NA,satellite
2579999,2024-01-24T05:14:04Z,53.53998833333333,9.878863333333333,NA,NA,NA,dynamic_classA
2579999,2024-01-24T05:14:11Z,-38.449486666666665,148.30892666666665,NA,NA,NA,satellite
2579999,2024-01-24T05:14:18Z,25.31894833333333,53.46251666666667,NA,NA,NA,dynamic_classA
2579999,2024-01-24T05:14:25Z,-20.118601666666667,115.23901666666667,NA,NA,NA,dynamic_classA
2579999,2024-01-24T05:14:26Z,25.31894833333333,53.46251666666667,NA,NA,NA,dynamic_classA
2579999,2024-01-24T05:14:39Z,56.701678333333334,-2.465726666666667,NA,NA,NA,dynamic_classA
2579999,2024-01-24T05:14:41Z,-38.44949999999999,148.308985,NA,NA,NA,satellite
2579999,2024-01-24T05:15:01Z,-38.449505,148.30900000000003,NA,NA,NA,satellite
2579999,2024-01-24T05:15:03Z,50.799636666666665,-1.1100299999999999,NA,NA,NA,dynamic_classA
2579999,2024-01-24T05:15:11Z,-38.449505,148.30900666666668,NA,NA,NA,satellite
2579999,2024-01-24T05:15:38Z,65.21745833333334,6.905176666666667,NA,NA,NA,dynamic_classA
2579999,2024-01-24T05:15:57Z,63.44218,10.402951666666667,NA,NA,NA,dynamic_classA
2579999,2024-01-24T05:16:00Z,56.701675,-2.465745,NA,NA,NA,dynamic_classA
2579999,2024-01-24T05:16:01Z,-38.449515,148.30902166666667,NA,NA,NA,satellite
2579999,2024-01-24T05:16:16Z,53.539989999999996,9.878858333333334,NA,NA,NA,dynamic_classA
2579999,2024-01-24T05:16:20Z,54.603255,-1.1617083333333333,NA,NA,NA,satellite
2579999,2024-01-24T05:16:22Z,-38.44950166666667,148.30902333333333,NA,NA,NA,satellite
2579999,2024-01-24T05:16:39Z,65.21746333333333,6.905186666666666,NA,NA,NA,dynamic_classA
2579999,2024-01-24T05:16:40Z,-38.449486666666665,148.30902,NA,NA,NA,satellite
2579999,2024-01-24T05:16:41Z,24.536263333333334,54.38506333333333,NA,NA,NA,satellite
2579999,2024-01-24T05:16:45Z,53.53998833333333,9.87886,NA,NA,NA,dynamic_classA
2579999,2024-01-24T05:16:50Z,-38.44948,148.30901666666665,NA,NA,NA,satellite
2579999,2024-01-24T05:16:56Z,9.503445,-13.7082,NA,NA,NA,dynamic_classA
2579999,2024-01-24T05:17:00Z,-38.44947333333334,148.30901166666666,NA,NA,NA,satellite
2579999,2024-01-24T05:17:01Z,-38.44947333333334,148.30901166666666,NA,NA,NA,satellite
2579999,2024-01-24T05:17:08Z,53.539991666666666,9.878858333333334,NA,NA,NA,dynamic_classA
2579999,2024-01-24T05:17:20Z,-38.44947666666667,148.30900166666666,NA,NA,NA,satellite
2579999,2024-01-24T05:17:21Z,-38.44947666666667,148.30900166666666,NA,NA,NA,satellite
2579999,2024-01-24T05:17:28Z,24.536266666666666,54.385061666666665,NA,NA,NA,dynamic_classA
2579999,2024-01-24T05:17:31Z,-38.44948,148.30899499999998,NA,NA,NA,satellite
2579999,2024-01-24T05:17:33Z,56.70169,-2.465725,NA,NA,NA,dynamic_classA
2579999,2024-01-24T05:17:36Z,1.2831333333333332,103.77929666666667,NA,NA,NA,dynamic_classA
2579999,2024-01-24T05:17:40Z,-38.44948333333333,148.30898666666664,NA,NA,NA,satellite
2579999,2024-01-24T05:17:41Z,-38.44948333333333,148.30898666666664,NA,NA,NA,satellite
2579999,2024-01-24T05:17:50Z,-38.449488333333335,148.30898,NA,NA,NA,satellite
2579999,2024-01-24T05:17:51Z,-38.449488333333335,148.30898,NA,NA,NA,satellite
2579999,2024-01-24T05:17:57Z,54.60324833333333,-1.161775,NA,NA,NA,dynamic_classA
2579999,2024-01-24T05:17:58Z,24.536263333333334,54.385061666666665,NA,NA,NA,dynamic_classA
2579999,2024-01-24T05:18:00Z,-38.44949166666667,148.30897833333333,NA,NA,NA,satellite
2579999,2024-01-24T05:18:01Z,35.501578333333335,129.44112166666667,NA,NA,NA,satellite
2579999,2024-01-24T05:18:20Z,-38.44949,148.30896333333334,NA,NA,NA,satellite
2579999,2024-01-24T05:18:21Z,-38.44949,148.30896333333334,NA,NA,NA,satellite
2579999,2024-01-24T05:18:30Z,35.50157333333333,129.44112,NA,NA,NA,dynamic_classA
2579999,2024-01-24T05:18:31Z,-38.449484999999996,148.30894666666666,NA,NA,NA,satellite
2579999,2024-01-24T05:18:32Z,29.661546666666666,32.354818333333334,NA,NA,NA,satellite
2579999,2024-01-24T05:18:40Z,-38.449486666666665,148.30894,NA,NA,NA,satellite
2579999,2024-01-24T05:18:41Z,-38.449486666666665,148.30894,NA,NA,NA,satellite
2579999,2024-01-24T05:18:46Z,35.50158,129.44111833333332,NA,NA,NA,dynamic_classA
2579999,2024-01-24T05:18:51Z,-38.44949166666667,148.30894166666667,NA,NA,NA,satellite
2579999,2024-01-24T05:19:01Z,-38.44949833333333,148.30894166666667,NA,NA,NA,satellite
2579999,2024-01-24T05:19:08Z,24.53625333333333,54.385056666666664,NA,NA,NA,dynamic_classA
2579999,2024-01-24T05:19:14Z,35.50158166666667,129.44112,NA,NA,NA,dynamic_classA
2579999,2024-01-24T05:19:16Z,50.79964833333334,-1.1100333333333334,NA,NA,NA,dynamic_classA
2579999,2024-01-24T05:19:21Z,-38.44950166666667,148.30894166666667,NA,NA,NA,satellite
2579999,2024-01-24T05:19:23Z,10.28576,106.76148833333333,NA,NA,NA,dynamic_classA
2579999,2024-01-24T05:19:31Z,-38.449508333333334,148.30894666666666,NA,NA,NA,satellite
2579999,2024-01-24T05:19:32Z,9.503440000000001,-13.708191666666666,NA,NA,NA,dynamic_classA
2579999,2024-01-24T05:19:40Z,-38.44951833333334,148.30895833333335,NA,NA,NA,satellite
2579999,2024-01-24T05:19:41Z,-38.44951833333334,148.30895833333335,NA,NA,NA,satellite
2579999,2024-01-24T05:20:00Z,-38.44954,148.30897000000002,NA,NA,NA,satellite
2579999,2024-01-24T05:20:01Z,-38.44954,148.30897000000002,NA,NA,NA,satellite
2579999,2024-01-24T05:20:09Z,35.501578333333335,129.44111833333332,NA,NA,NA,dynamic_classA
2579999,2024-01-24T05:20:20Z,-38.449556666666666,148.30896666666666,NA,NA,NA,satellite
2579999,2024-01-24T05:20:41Z,-38.44956833333333,148.30895999999998,NA,NA,NA,satellite
2579999,2024-01-24T05:20:43Z,35.50157333333333,129.44111833333332,NA,NA,NA,dynamic_classA
2579999,2024-01-24T05:20:48Z,24.536248333333333,54.385056666666664,NA,NA,NA,dynamic_classA
2579999,2024-01-24T05:20:51Z,-38.449576666666665,148.30897166666668,NA,NA,NA,satellite
2579999,2024-01-24T05:21:01Z,-38.44958333333333,148.3089733333333,NA,NA,NA,satellite
2579999,2024-01-24T05:21:02Z,65.21746333333333,6.9051583333333335,NA,NA,NA,dynamic_classA
2579999,2024-01-24T05:21:06Z,35.501578333333335,129.44112,NA,NA,NA,dynamic_classA
2579999,2024-01-24T05:21:09Z,53.45061666666666,0.8896283333333332,NA,NA,NA,dynamic_classA
2579999,2024-01-24T05:21:10Z,-38.44958666666666,148.308965,NA,NA,NA,satellite
2579999,2024-01-24T05:21:21Z,-38.44959333333334,148.30895833333335,NA,NA,NA,satellite
2579999,2024-01-24T05:21:27Z,34.795383333333334,127.738445,NA,NA,NA,dynamic_classA
2579999,2024-01-24T05:21:30Z,34.795383333333334,127.738445,NA,NA,NA,satellite
2579999,2024-01-24T05:21:40Z,-38.449601666666666,148.30895333333333,NA,NA,NA,satellite
2579999,2024-01-24T05:21:41Z,-38.449601666666666,148.30895333333333,NA,NA,NA,satellite
2579999,2024-01-24T05:21:45Z,-20.118605,115.23904166666667,NA,NA,NA,dynamic_classA
2579999,2024-01-24T05:21:50Z,-38.449605,148.30895,NA,NA,NA,satellite
2579999,2024-01-24T05:21:51Z,-38.449605,148.30895,NA,NA,NA,satellite
2579999,2024-01-24T05:21:59Z,1.2831116666666667,103.779355,NA,NA,NA,dynamic_classA
2579999,2024-01-24T05:22:00Z,-38.44960833333334,148.30895,NA,NA,NA,satellite
2579999,2024-01-24T05:22:10Z,-38.44960833333334,148.308955,NA,NA,NA,satellite
2579999,2024-01-24T05:22:11Z,-38.44960833333334,148.308955,NA,NA,NA,satellite
2579999,2024-01-24T05:22:21Z,-38.449605,148.30896166666668,NA,NA,NA,satellite
2579999,2024-01-24T05:22:31Z,-38.449603333333336,148.30897166666668,NA,NA,NA,satellite
2579999,2024-01-24T05:22:39Z,63.444091666666665,10.404091666666666,NA,NA,NA,dynamic_classA
2579999,2024-01-24T05:22:40Z,-38.449601666666666,148.30898,NA,NA,NA,satellite
2579999,2024-01-24T05:22:41Z,-38.449601666666666,148.30898,NA,NA,NA,satellite
2579999,2024-01-24T05:22:51Z,-38.449605,148.30898666666664,NA,NA,NA,satellite
2579999,2024-01-24T05:23:00Z,-38.44960666666667,148.30899166666669,NA,NA,NA,satellite
2579999,2024-01-24T05:23:01Z,-38.44960666666667,148.30899166666669,NA,NA,NA,satellite
2579999,2024-01-24T05:23:09Z,35.50158333333333,129.44111333333333,NA,NA,NA,dynamic_classA
2579999,2024-01-24T05:23:10Z,34.79539333333333,127.73844833333332,NA,NA,NA,dynamic_classA
2579999,2024-01-24T05:23:14Z,1.2831216666666667,103.77936,NA,NA,NA,dynamic_classA
2579999,2024-01-24T05:23:20Z,-38.44961166666667,148.30900166666666,NA,NA,NA,satellite
2579999,2024-01-24T05:23:21Z,-38.44961166666667,148.30900166666666,NA,NA,NA,satellite
2579999,2024-01-24T05:23:24Z,29.661548333333332,32.35480833333334,NA,NA,NA,dynamic_classA
2579999,2024-01-24T05:23:30Z,1.2831216666666667,103.77936,NA,NA,NA,dynamic_classA
2579999,2024-01-24T05:23:37Z,53.539989999999996,9.87886,NA,NA,NA,dynamic_classA
2579999,2024-01-24T05:23:39Z,25.318951666666667,53.46251666666667,NA,NA,NA,dynamic_classA
2579999,2024-01-24T05:23:41Z,-38.449621666666665,148.30900666666668,NA,NA,NA,satellite
2579999,2024-01-24T05:23:51Z,-38.449621666666665,148.30901333333335,NA,NA,NA,satellite
2579999,2024-01-24T05:23:58Z,29.661565,32.35481,NA,NA,NA,dynamic_classA
2579999,2024-01-24T05:24:00Z,-38.44961833333333,148.30902166666667,NA,NA,NA,satellite
2579999,2024-01-24T05:24:01Z,-38.44961833333333,148.30902166666667,NA,NA,NA,satellite
2579999,2024-01-24T05:24:09Z,10.285776666666667,106.76145666666666,NA,NA,NA,dynamic_classA
2579999,2024-01-24T05:24:10Z,29.66156833333333,32.35481,NA,NA,NA,dynamic_classA
2579999,2024-01-24T05:24:23Z,-38.44960666666667,148.30903,NA,NA,NA,dynamic_classA
2579999,2024-01-24T05:24:28Z,-20.11862,115.23903666666666,NA,NA,NA,dynamic_classA
2579999,2024-01-24T05:24:31Z,54.603271666666664,-1.1617616666666666,NA,NA,NA,dynamic_classA
2579999,2024-01-24T05:24:41Z,-38.44959666666667,148.309025,NA,NA,NA,satellite
2579999,2024-01-24T05:24:48Z,58.01461833333334,7.4839400000000005,NA,NA,NA,dynamic_classA
2579999,2024-01-24T05:25:04Z,25.318941666666667,53.462515,NA,NA,NA,dynamic_classA
2579999,2024-01-24T05:25:40Z,25.318941666666667,53.462515,NA,NA,NA,dynamic_classA
2579999,2024-01-24T05:25:43Z,54.603269999999995,-1.1617783333333334,NA,NA,NA,dynamic_classA
2579999,2024-01-24T05:25:45Z,29.66156,32.35481333333333,NA,NA,NA,dynamic_classA
2579999,2024-01-24T05:25:48Z,25.31894,53.462511666666664,NA,NA,NA,dynamic_classA
2579999,2024-01-24T05:25:49Z,10.285781666666667,106.76144833333333,NA,NA,NA,dynamic_classA
2579999,2024-01-24T05:26:03Z,65.21745,6.9051816666666666,NA,NA,NA,dynamic_classA
2579999,2024-01-24T05:26:07Z,25.318943333333333,53.462509999999995,NA,NA,NA,dynamic_classA
2579999,2024-01-24T05:26:10Z,25.318941666666667,53.462509999999995,NA,NA,NA,dynamic_classA
2579999,2024-01-24T05:26:19Z,50.79963,-1.1100316666666667,NA,NA,NA,dynamic_classA
2579999,2024-01-24T05:26:25Z,34.79539333333333,127.73847,NA,NA,NA,dynamic_classA
2579999,2024-01-24T05:26:32Z,34.79539333333333,127.73847,NA,NA,NA,dynamic_classA
2579999,2024-01-24T05:26:51Z,50.799634999999995,-1.1100349999999999,NA,NA,NA,dynamic_classA
2579999,2024-01-24T05:26:57Z,53.450575,0.8896633333333334,NA,NA,NA,dynamic_classA
2579999,2024-01-24T05:27:09Z,25.31894833333333,53.462509999999995,NA,NA,NA,dynamic_classA
2579999,2024-01-24T05:27:21Z,35.50156666666667,129.44112666666666,NA,NA,NA,dynamic_classA
2579999,2024-01-24T05:27:24Z,-20.118618333333334,115.239035,NA,NA,NA,dynamic_classA
2579999,2024-01-24T05:27:36Z,25.318946666666665,53.46250666666666,NA,NA,NA,dynamic_classA
2579999,2024-01-24T05:27:37Z,1.2831249999999998,103.77928833333334,NA,NA,NA,dynamic_classA
2579999,2024-01-24T05:27:47Z,35.50156666666667,129.44112833333332,NA,NA,NA,dynamic_classA
2579999,2024-01-24T05:27:59Z,9.503433333333334,-13.708196666666668,NA,NA,NA,dynamic_classA
2579999,2024-01-24T05:28:06Z,34.79537833333333,127.73847833333333,NA,NA,NA,dynamic_classA
2579999,2024-01-24T05:28:10Z,25.31894833333333,53.462505,NA,NA,NA,dynamic_classA
2579999,2024-01-24T05:28:16Z,34.79537833333333,127.73847833333333,NA,NA,NA,dynamic_classA
2579999,2024-01-24T05:28:18Z,25.318945,53.462505,NA,NA,NA,dynamic_classA
2579999,2024-01-24T05:28:19Z,10.285766666666666,106.76146999999999,NA,NA,NA,dynamic_classA
2579999,2024-01-24T05:28:23Z,1.2831233333333332,103.77928333333332,NA,NA,NA,dynamic_classA
2579999,2024-01-24T05:28:24Z,56.701663333333336,-2.4657116666666665,NA,NA,NA,dynamic_classA
2579999,2024-01-24T05:28:28Z,35.501565,129.44113166666665,NA,NA,NA,dynamic_classA
2579999,2024-01-24T05:28:34Z,53.539989999999996,9.878870000000001,NA,NA,NA,dynamic_classA
2579999,2024-01-24T05:29:16Z,25.318945,53.46250833333333,NA,NA,NA,dynamic_classA
2579999,2024-01-24T05:29:17Z,-20.118613333333332,115.23903166666668,NA,NA,NA,dynamic_classA
2579999,2024-01-24T05:29:22Z,-5.455398333333333,105.31041166666667,NA,NA,NA,dynamic_classA
2579999,2024-01-24T05:29:53Z,50.79963166666666,-1.1100299999999999,NA,NA,NA,dynamic_classA
2579999,2024-01-24T05:30:08Z,-38.44954666666667,148.30899,NA,NA,NA,dynamic_classA
2579999,2024-01-24T05:30:19Z,-38.44953833333333,148.30898666666664,NA,NA,NA,dynamic_classA
2579999,2024-01-24T05:30:44Z,1.2831233333333332,103.779285,NA,NA,NA,dynamic_classA
2579999,2024-01-24T05:30:51Z,29.66156,32.35482,NA,NA,NA,dynamic_classA
2579999,2024-01-24T05:31:02Z,25.318938333333332,53.46250833333333,NA,NA,NA,dynamic_classA
2579999,2024-01-24T05:31:04Z,1.2831316666666666,103.77930833333333,NA,NA,NA,dynamic_classA
2579999,2024-01-24T05:31:32Z,25.318938333333332,53.46250833333333,NA,NA,NA,dynamic_classA
2579999,2024-01-24T05:31:40Z,1.2831316666666666,103.779315,NA,NA,NA,dynamic_classA
2579999,2024-01-24T05:31:42Z,35.50162,129.44109166666667,NA,NA,NA,dynamic_classA
2579999,2024-01-24T05:31:52Z,35.501621666666665,129.44109,NA,NA,NA,dynamic_classA
2579999,2024-01-24T05:31:59Z,35.501621666666665,129.44109,NA,NA,NA,dynamic_classA
2579999,2024-01-24T05:32:09Z,25.318941666666667,53.46250333333333,NA,NA,NA,dynamic_classA
2579999,2024-01-24T05:32:17Z,-20.11861,115.23904333333333,NA,NA,NA,dynamic_classA
2579999,2024-01-24T05:32:33Z,56.701678333333334,-2.4657433333333336,NA,NA,NA,dynamic_classA
2579999,2024-01-24T05:32:40Z,35.50161666666667,129.44109333333333,NA,NA,NA,dynamic_classA
2579999,2024-01-24T05:33:17Z,34.795375,127.73848333333333,NA,NA,NA,dynamic_classA
2579999,2024-01-24T05:33:23Z,3.5680666666666667,113.32466500000001,NA,NA,NA,dynamic_classA
2579999,2024-01-24T05:33:43Z,1.2831283333333334,103.77931,NA,NA,NA,dynamic_classA
2579999,2024-01-24T05:34:09Z,29.650543333333335,32.36100166666667,NA,NA,NA,dynamic_classA
2579999,2024-01-24T05:34:12Z,1.2831299999999999,103.779315,NA,NA,NA,dynamic_classA
2579999,2024-01-24T05:34:16Z,1.2831299999999999,103.779315,NA,NA,NA,dynamic_classA
2579999,2024-01-24T05:34:25Z,34.79535833333333,127.73848666666666,NA,NA,NA,dynamic_classA
2579999,2024-01-24T05:34:39Z,25.318951666666667,53.462511666666664,NA,NA,NA,dynamic_classA
2579999,2024-01-24T05:34:40Z,25.318951666666667,53.462511666666664,NA,NA,NA,dynamic_classA
2579999,2024-01-24T05:34:43Z,53.539989999999996,9.878853333333332,NA,NA,NA,dynamic_classA
2579999,2024-01-24T05:34:47Z,35.50156333333334,129.44113000000002,NA,NA,NA,dynamic_classA
2579999,2024-01-24T05:34:56Z,35.50156166666667,129.44113000000002,NA,NA,NA,dynamic_classA
2579999,2024-01-24T05:34:59Z,65.21746166666667,6.905216666666666,NA,NA,NA,dynamic_classA
2579999,2024-01-24T05:35:04Z,-20.118611666666666,115.23904166666667,NA,NA,NA,dynamic_classA
2579999,2024-01-24T05:35:05Z,-20.118611666666666,115.23904166666667,NA,NA,NA,dynamic_classA
2579999,2024-01-24T05:35:43Z,50.79964333333333,-1.1100299999999999,NA,NA,NA,dynamic_classA
2579999,2024-01-24T05:35:57Z,25.318949999999997,53.462518333333335,NA,NA,NA,dynamic_classA
2579999,2024-01-24T05:36:19Z,56.701681666666666,-2.465731666666667,NA,NA,NA,dynamic_classA
2579999,2024-01-24T05:36:25Z,25.318943333333333,53.462520000000005,NA,NA,NA,dynamic_classA
2579999,2024-01-24T05:36:39Z,3.5680666666666667,113.32466500000001,NA,NA,NA,dynamic_classA
2579999,2024-01-24T05:36:40Z,54.603233333333336,-1.1617516666666667,NA,NA,NA,dynamic_classA
2579999,2024-01-24T05:36:45Z,21.571495000000002,88.25142833333332,NA,NA,NA,dynamic_classA
2579999,2024-01-24T05:36:56Z,53.539985,9.878853333333332,NA,NA,NA,dynamic_classA
2579999,2024-01-24T05:36:58Z,-20.118605,115.23903333333332,NA,NA,NA,dynamic_classA
2579999,2024-01-24T05:37:05Z,53.539985,9.878853333333332,NA,NA,NA,dynamic_classA
2579999,2024-01-24T05:37:28Z,25.318945,53.462518333333335,NA,NA,NA,dynamic_classA
2579999,2024-01-24T05:37:31Z,25.31894833333333,53.462518333333335,NA,NA,NA,dynamic_classA
2579999,2024-01-24T05:37:39Z,65.21746666666667,6.905208333333333,NA,NA,NA,dynamic_classA
2579999,2024-01-24T05:37:44Z,26.20243333333333,50.60087333333333,NA,NA,NA,dynamic_classA
2579999,2024-01-24T05:37:55Z,21.57149666666667,88.25143166666666,NA,NA,NA,dynamic_classA
2579999,2024-01-24T05:38:08Z,24.536271666666668,54.38506666666667,NA,NA,NA,dynamic_classA
2579999,2024-01-24T05:38:17Z,54.60323166666667,-1.1617783333333334,NA,NA,NA,dynamic_classA
2579999,2024-01-24T05:38:28Z,25.318949999999997,53.462511666666664,NA,NA,NA,dynamic_classA
2579999,2024-01-24T05:38:29Z,25.318949999999997,53.462511666666664,NA,NA,NA,dynamic_classA
2579999,2024-01-24T05:38:31Z,35.501560000000005,129.44113333333334,NA,NA,NA,dynamic_classA
2579999,2024-01-24T05:38:32Z,29.650545,32.36100166666667,NA,NA,NA,dynamic_classA
2579999,2024-01-24T05:39:03Z,1.2831266666666667,103.77929999999999,NA,NA,NA,dynamic_classA
2579999,2024-01-24T05:39:04Z,25.31894833333333,53.462509999999995,NA,NA,NA,dynamic_classA
2579999,2024-01-24T05:39:06Z,35.501575,129.44113166666665,NA,NA,NA,dynamic_classA
2579999,2024-01-24T05:39:17Z,63.44221666666667,10.402938333333333,NA,NA,NA,dynamic_classA
2579999,2024-01-24T05:39:30Z,35.50158333333333,129.44113000000002,NA,NA,NA,dynamic_classA
2579999,2024-01-24T05:39:34Z,35.50158333333333,129.44113000000002,NA,NA,NA,dynamic_classA
2579999,2024-01-24T05:39:46Z,50.79965333333334,-1.1100433333333333,NA,NA,NA,dynamic_classA
2579999,2024-01-24T05:39:52Z,9.503433333333334,-13.708206666666666,NA,NA,NA,dynamic_classA
2579999,2024-01-24T05:39:53Z,25.318943333333333,53.46251333333333,NA,NA,NA,dynamic_classA
2579999,2024-01-24T05:40:18Z,25.31894,53.46251333333333,NA,NA,NA,dynamic_classA
2579999,2024-01-24T05:40:21Z,25.318938333333332,53.46251333333333,NA,NA,NA,dynamic_classA
2579999,2024-01-24T05:40:22Z,25.318938333333332,53.46251333333333,NA,NA,NA,dynamic_classA
2579999,2024-01-24T05:40:26Z,25.318938333333332,53.46251333333333,NA,NA,NA,dynamic_classA
2579999,2024-01-24T05:40:29Z,35.5016,129.44112,NA,NA,NA,dynamic_classA
2579999,2024-01-24T05:40:48Z,25.31894,53.46251333333333,NA,NA,NA,dynamic_classA
2579999,2024-01-24T05:40:51Z,1.2831249999999998,103.77929666666667,NA,NA,NA,dynamic_classA
2579999,2024-01-24T05:40:53Z,56.70166666666667,-2.46573,NA,NA,NA,dynamic_classA
2579999,2024-01-24T05:40:54Z,26.20331666666667,50.60108666666667,NA,NA,NA,dynamic_classA
2579999,2024-01-24T05:40:58Z,25.31894,53.46251333333333,NA,NA,NA,dynamic_classA
2579999,2024-01-24T05:41:08Z,25.31894,53.46251666666667,NA,NA,NA,dynamic_classA
2579999,2024-01-24T05:41:13Z,65.21744833333334,6.90518,NA,NA,NA,dynamic_classA
2579999,2024-01-24T05:41:23Z,10.285771666666667,106.76144666666667,NA,NA,NA,dynamic_classA
2579999,2024-01-24T05:41:29Z,25.318941666666667,53.462518333333335,NA,NA,NA,dynamic_classA
2579999,2024-01-24T05:41:33Z,35.50161333333333,129.44110833333335,NA,NA,NA,dynamic_classA
2579999,2024-01-24T05:41:47Z,34.79536333333333,127.73847500000001,NA,NA,NA,dynamic_classA
2579999,2024-01-24T05:41:56Z,35.50162,129.441105,NA,NA,NA,dynamic_classA
2579999,2024-01-24T05:42:20Z,34.795368333333336,127.73846166666667,NA,NA,NA,dynamic_classA
2579999,2024-01-24T05:42:31Z,-20.118613333333332,115.23904166666667,NA,NA,NA,dynamic_classA
2579999,2024-01-24T05:43:18Z,58.01461333333334,7.483901666666667,NA,NA,NA,dynamic_classA
2579999,2024-01-24T05:43:21Z,63.442186666666665,10.402965,NA,NA,NA,dynamic_classA
2579999,2024-01-24T05:43:29Z,25.318938333333332,53.462509999999995,NA,NA,NA,dynamic_classA
2579999,2024-01-24T05:43:34Z,25.318938333333332,53.462509999999995,NA,NA,NA,dynamic_classA
2579999,2024-01-24T05:43:55Z,29.650555,32.360996666666665,NA,NA,NA,dynamic_classA
2579999,2024-01-24T05:43:57Z,53.539991666666666,9.878846666666668,NA,NA,NA,dynamic_classA
2579999,2024-01-24T05:44:00Z,34.79537833333333,127.73847,NA,NA,NA,dynamic_classA
2579999,2024-01-24T05:44:11Z,25.318938333333332,53.462509999999995,NA,NA,NA,dynamic_classA
2579999,2024-01-24T05:44:35Z,21.571463333333334,88.25142833333332,NA,NA,NA,dynamic_classA
2579999,2024-01-24T05:44:37Z,25.318938333333332,53.46250833333333,NA,NA,NA,dynamic_classA
2579999,2024-01-24T05:44:39Z,29.650553333333335,32.360998333333335,NA,NA,NA,dynamic_classA
2579999,2024-01-24T05:44:51Z,54.603255,-1.1617816666666667,NA,NA,NA,dynamic_classA
2579999,2024-01-24T05:44:52Z,1.2831266666666667,103.77929833333333,NA,NA,NA,dynamic_classA
2579999,2024-01-24T05:44:54Z,59.889003333333335,10.753823333333335,NA,NA,NA,dynamic_classA
2579999,2024-01-24T05:45:04Z,-38.449661666666664,148.30889666666664,NA,NA,NA,dynamic_classA
2579999,2024-01-24T05:45:25Z,-20.118615,115.23902166666667,NA,NA,NA,dynamic_classA
2579999,2024-01-24T05:45:37Z,21.571463333333334,88.25143333333334,NA,NA,NA,dynamic_classA
2579999,2024-01-24T05:45:38Z,59.889001666666665,10.75389,NA,NA,NA,dynamic_classA
2579999,2024-01-24T05:45:39Z,53.539985,9.878853333333332,NA,NA,NA,dynamic_classA
2579999,2024-01-24T05:45:50Z,-38.44967833333333,148.30898,NA,NA,NA,satellite
2579999,2024-01-24T05:46:00Z,-38.44967666666666,148.30898166666665,NA,NA,NA,satellite
2579999,2024-01-24T05:46:03Z,54.60322333333333,-1.1617716666666666,NA,NA,NA,dynamic_classA
2579999,2024-01-24T05:46:25Z,29.650555,32.361005,NA,NA,NA,dynamic_classA
2579999,2024-01-24T05:46:30Z,-38.44967666666666,148.3089733333333,NA,NA,NA,satellite
2579999,2024-01-24T05:46:31Z,1.2831249999999998,103.77929666666667,NA,NA,NA,dynamic_classA
2579999,2024-01-24T05:46:45Z,34.79536333333333,127.73846666666667,NA,NA,NA,dynamic_classA
2579999,2024-01-24T05:46:48Z,65.21744833333334,6.905148333333333,NA,NA,NA,dynamic_classA
2579999,2024-01-24T05:46:51Z,50.79965833333333,-1.1100366666666666,NA,NA,NA,dynamic_classA
2579999,2024-01-24T05:46:52Z,34.79536333333333,127.73846666666667,NA,NA,NA,dynamic_classA
2579999,2024-01-24T05:47:00Z,50.799655,-1.1100349999999999,NA,NA,NA,dynamic_classA
2579999,2024-01-24T05:47:03Z,65.21745,6.9051383333333325,NA,NA,NA,dynamic_classA
2579999,2024-01-24T05:47:12Z,1.2831249999999998,103.77930333333333,NA,NA,NA,dynamic_classA
2579999,2024-01-24T05:47:17Z,53.45057666666666,0.8896083333333333,NA,NA,NA,dynamic_classA
2579999,2024-01-24T05:47:19Z,25.318949999999997,53.46252166666667,NA,NA,NA,dynamic_classA
2579999,2024-01-24T05:47:29Z,29.65055166666667,32.36100666666667,NA,NA,NA,dynamic_classA
2579999,2024-01-24T05:47:30Z,25.318949999999997,53.46252333333334,NA,NA,NA,dynamic_classA
2579999,2024-01-24T05:47:31Z,50.799661666666665,-1.1100299999999999,NA,NA,NA,dynamic_classA
2579999,2024-01-24T05:47:37Z,1.2831266666666667,103.77929833333333,NA,NA,NA,dynamic_classA
2579999,2024-01-24T05:47:50Z,25.318953333333333,53.46252166666667,NA,NA,NA,satellite
2579999,2024-01-24T05:48:03Z,21.571466666666666,88.25144166666668,NA,NA,NA,dynamic_classA
2579999,2024-01-24T05:48:09Z,-38.449661666666664,148.3089183333333,NA,NA,NA,dynamic_classA
2579999,2024-01-24T05:48:10Z,1.2831299999999999,103.77929666666667,NA,NA,NA,dynamic_classA
2579999,2024-01-24T05:48:12Z,35.50161166666667,129.441115,NA,NA,NA,dynamic_classA
2579999,2024-01-24T05:48:18Z,-20.118618333333334,115.23902833333334,NA,NA,NA,dynamic_classA
2579999,2024-01-24T05:48:19Z,25.31895666666667,53.46252333333334,NA,NA,NA,dynamic_classA
2579999,2024-01-24T05:48:27Z,35.50161166666667,129.441115,NA,NA,NA,dynamic_classA
2579999,2024-01-24T05:48:34Z,35.50161166666667,129.44111666666666,NA,NA,NA,dynamic_classA
2579999,2024-01-24T05:48:39Z,9.503428333333334,-13.708206666666666,NA,NA,NA,dynamic_classA
2579999,2024-01-24T05:48:41Z,25.31895666666667,53.46252166666667,NA,NA,NA,dynamic_classA
2579999,2024-01-24T05:48:46Z,34.79538166666667,127.73846333333333,NA,NA,NA,dynamic_classA
2579999,2024-01-24T05:49:01Z,1.2831316666666666,103.77930333333333,NA,NA,NA,dynamic_classA
2579999,2024-01-24T05:49:08Z,58.01461333333334,7.483878333333333,NA,NA,NA,dynamic_classA
2579999,2024-01-24T05:49:14Z,56.701705,-2.4657199999999997,NA,NA,NA,dynamic_classA
2579999,2024-01-24T05:49:18Z,35.50161166666667,129.441115,NA,NA,NA,dynamic_classA
2579999,2024-01-24T05:49:19Z,10.285776666666667,106.76145666666666,NA,NA,NA,dynamic_classA
2579999,2024-01-24T05:49:24Z,53.53998166666667,9.87886,NA,NA,NA,dynamic_classA
2579999,2024-01-24T05:49:32Z,9.503428333333334,-13.708211666666667,NA,NA,NA,satellite
2579999,2024-01-24T05:49:39Z,35.50161166666667,129.44111333333333,NA,NA,NA,dynamic_classA
2579999,2024-01-24T05:49:44Z,1.2831366666666668,103.77931833333334,NA,NA,NA,dynamic_classA
2579999,2024-01-24T05:50:02Z,-5.455435,105.31039333333334,NA,NA,NA,dynamic_classA
2579999,2024-01-24T05:50:05Z,25.318963333333333,53.46252166666667,NA,NA,NA,dynamic_classA
2579999,2024-01-24T05:50:10Z,65.217455,6.905126666666666,NA,NA,NA,dynamic_classA
2579999,2024-01-24T05:50:18Z,-38.44958833333333,148.30892833333334,NA,NA,NA,dynamic_classA
2579999,2024-01-24T05:50:37Z,63.442159999999994,10.402931666666666,NA,NA,NA,dynamic_classA
2579999,2024-01-24T05:51:09Z,1.2831366666666668,103.779315,NA,NA,NA,dynamic_classA
2579999,2024-01-24T05:51:21Z,29.650555,32.36100166666667,NA,NA,NA,dynamic_classA
2579999,2024-01-24T05:51:23Z,50.79964666666667,-1.1100483333333335,NA,NA,NA,dynamic_classA
2579999,2024-01-24T05:51:28Z,25.318961666666667,53.462520000000005,NA,NA,NA,dynamic_classA
2579999,2024-01-24T05:51:33Z,1.2831366666666668,103.779315,NA,NA,NA,dynamic_classA
2579999,2024-01-24T05:52:14Z,24.536258333333333,54.385086666666666,NA,NA,NA,dynamic_classA
2579999,2024-01-24T05:52:17Z,25.318961666666667,53.462515,NA,NA,NA,dynamic_classA
2579999,2024-01-24T05:52:19Z,35.50162,129.44111166666667,NA,NA,NA,dynamic_classA
2579999,2024-01-24T05:52:21Z,35.50162,129.44111166666667,NA,NA,NA,dynamic_classA
2579999,2024-01-24T05:52:33Z,35.501621666666665,129.44111166666667,NA,NA,NA,dynamic_classA
2579999,2024-01-24T05:52:50Z,35.501621666666665,129.44111166666667,NA,NA,NA,dynamic_classA
2579999,2024-01-24T05:52:51Z,9.50342,-13.708213333333333,NA,NA,NA,satellite
2579999,2024-01-24T05:53:23Z,1.28314,103.77931333333332,NA,NA,NA,dynamic_classA
2579999,2024-01-24T05:53:46Z,24.536251666666665,54.385075,NA,NA,NA,dynamic_classA
2579999,2024-01-24T05:53:49Z,24.536251666666665,54.385075,NA,NA,NA,dynamic_classA
2579999,2024-01-24T05:54:08Z,34.795375,127.73845666666666,NA,NA,NA,dynamic_classA
2579999,2024-01-24T05:54:37Z,29.650553333333335,32.36100666666667,NA,NA,NA,dynamic_classA
2579999,2024-01-24T05:54:38Z,29.650555,32.36100666666667,NA,NA,NA,dynamic_classA
2579999,2024-01-24T05:54:57Z,35.50163,129.44110166666667,NA,NA,NA,dynamic_classA
2579999,2024-01-24T05:55:03Z,50.79964833333334,-1.1100349999999999,NA,NA,NA,dynamic_classA
2579999,2024-01-24T05:55:15Z,34.79537833333333,127.73846499999999,NA,NA,NA,dynamic_classA
2579999,2024-01-24T05:55:19Z,56.70168,-2.465751666666667,NA,NA,NA,dynamic_classA
2579999,2024-01-24T05:55:23Z,53.539995,9.87886,NA,NA,NA,dynamic_classA
2579999,2024-01-24T05:55:27Z,-38.44949,148.30903500000002,NA,NA,NA,satellite
2579999,2024-01-24T05:55:31Z,24.536246666666667,54.38507666666667,NA,NA,NA,dynamic_classA
2579999,2024-01-24T05:55:39Z,65.21746,6.905165,NA,NA,NA,dynamic_classA
2579999,2024-01-24T05:55:48Z,59.88899166666667,10.753878333333335,NA,NA,NA,dynamic_classA
2579999,2024-01-24T05:55:51Z,1.283145,103.77932333333334,NA,NA,NA,dynamic_classA
2579999,2024-01-24T05:55:57Z,-38.44947333333334,148.30903166666667,NA,NA,NA,satellite
2579999,2024-01-24T05:56:05Z,-20.1186,115.23902666666666,NA,NA,NA,dynamic_classA
2579999,2024-01-24T05:56:07Z,-38.449468333333336,148.30902,NA,NA,NA,satellite
2579999,2024-01-24T05:56:11Z,-20.1186,115.23902500000001,NA,NA,NA,dynamic_classA
2579999,2024-01-24T05:56:17Z,-38.449465000000004,148.309015,NA,NA,NA,satellite
2579999,2024-01-24T05:56:18Z,35.501641666666664,129.441095,NA,NA,NA,dynamic_classA
2579999,2024-01-24T05:56:19Z,56.701683333333335,-2.465733333333333,NA,NA,NA,dynamic_classA
2579999,2024-01-24T05:56:27Z,-38.449465000000004,148.30902,NA,NA,NA,satellite
2579999,2024-01-24T05:56:47Z,-38.44947333333334,148.30903,NA,NA,NA,satellite
2579999,2024-01-24T05:56:57Z,-38.449475,148.30902666666668,NA,NA,NA,satellite
2579999,2024-01-24T05:57:00Z,54.60321666666667,-1.1618116666666665,NA,NA,NA,dynamic_classA
2579999,2024-01-24T05:57:07Z,-38.449475,148.30902333333333,NA,NA,NA,satellite
2579999,2024-01-24T05:57:17Z,-38.44947333333334,148.30901666666665,NA,NA,NA,satellite
2579999,2024-01-24T05:57:25Z,53.53998833333333,9.878863333333333,NA,NA,NA,dynamic_classA
2579999,2024-01-24T05:57:36Z,53.539989999999996,9.87886,NA,NA,NA,dynamic_classA
2579999,2024-01-24T05:57:37Z,-38.44947333333334,148.30901333333335,NA,NA,NA,satellite
2579999,2024-01-24T05:57:40Z,46.543980000000005,-48.499066666666664,NA,NA,NA,satellite
2579999,2024-01-24T05:57:41Z,46.543980000000005,-48.499066666666664,NA,NA,NA,satellite
2579999,2024-01-24T05:57:48Z,-20.118611666666666,115.23903166666668,NA,NA,NA,dynamic_classA
2579999,2024-01-24T05:57:57Z,24.536276666666666,54.38507333333334,NA,NA,NA,satellite
2579999,2024-01-24T05:58:05Z,-20.118616666666664,115.23904333333333,NA,NA,NA,dynamic_classA
2579999,2024-01-24T05:58:17Z,-38.44949333333333,148.30902666666668,NA,NA,NA,satellite
2579999,2024-01-24T05:58:20Z,46.543980000000005,-48.499066666666664,NA,NA,NA,satellite
2579999,2024-01-24T05:58:21Z,46.543980000000005,-48.499066666666664,NA,NA,NA,satellite
2579999,2024-01-24T05:58:29Z,65.21745833333334,6.905168333333333,NA,NA,NA,dynamic_classA
2579999,2024-01-24T05:58:36Z,1.2831483333333333,103.779325,NA,NA,NA,dynamic_classA
2579999,2024-01-24T05:58:37Z,54.603205,-1.1617983333333333,NA,NA,NA,dynamic_classA
2579999,2024-01-24T05:58:39Z,24.536271666666668,54.38507333333334,NA,NA,NA,dynamic_classA
2579999,2024-01-24T05:58:40Z,46.543980000000005,-48.499066666666664,NA,NA,NA,satellite
2579999,2024-01-24T05:58:41Z,46.543980000000005,-48.499066666666664,NA,NA,NA,satellite
2579999,2024-01-24T05:58:43Z,10.285758333333332,106.76145166666667,NA,NA,NA,dynamic_classA
2579999,2024-01-24T05:58:48Z,24.536268333333332,54.385070000000006,NA,NA,NA,dynamic_classA
2579999,2024-01-24T05:58:50Z,46.543980000000005,-48.499066666666664,NA,NA,NA,satellite
2579999,2024-01-24T05:58:51Z,46.543980000000005,-48.499066666666664,NA,NA,NA,satellite
2579999,2024-01-24T05:58:57Z,-38.44952333333333,148.30902166666667,NA,NA,NA,satellite
2579999,2024-01-24T05:58:58Z,53.539989999999996,9.878858333333334,NA,NA,NA,dynamic_classA
2579999,2024-01-24T05:59:01Z,35.50160666666667,129.44109166666667,NA,NA,NA,dynamic_classA
2579999,2024-01-24T05:59:12Z,29.650553333333335,32.360994999999996,NA,NA,NA,dynamic_classA
2579999,2024-01-24T05:59:16Z,35.50161166666667,129.44109,NA,NA,NA,satellite
2579999,2024-01-24T05:59:19Z,24.536261666666668,54.385065000000004,NA,NA,NA,dynamic_classA
2579999,2024-01-24T05:59:26Z,-38.44952,148.30899666666667,NA,NA,NA,satellite
2579999,2024-01-24T05:59:46Z,-38.44952333333333,148.30898833333333,NA,NA,NA,satellite
2579999,2024-01-24T05:59:54Z,54.603224999999995,-1.1617966666666668,NA,NA,NA,dynamic_classA
2579999,2024-01-24T05:59:56Z,50.799655,-1.1100533333333333,NA,NA,NA,satellite
2579999,2024-01-24T06:00:02Z,9.503428333333334,-13.708208333333333,NA,NA,NA,dynamic_classA
2579999,2024-01-24T06:00:09Z,35.50162,129.44109833333334,NA,NA,NA,dynamic_classA
2579999,2024-01-24T06:00:17Z,-38.449535,148.30897000000002,NA,NA,NA,satellite
2579999,2024-01-24T06:00:23Z,25.318958333333335,53.462518333333335,NA,NA,NA,dynamic_classA
2579999,2024-01-24T06:00:37Z,-38.44954166666666,148.30895166666667,NA,NA,NA,satellite
2579999,2024-01-24T06:00:49Z,35.501623333333335,129.44109833333334,NA,NA,NA,dynamic_classA
2579999,2024-01-24T06:00:53Z,25.318958333333335,53.462520000000005,NA,NA,NA,dynamic_classA
2579999,2024-01-24T06:00:57Z,-38.44954833333334,148.30894333333333,NA,NA,NA,satellite
2579999,2024-01-24T06:01:01Z,-38.44954833333334,148.30894333333333,NA,NA,NA,satellite
2579999,2024-01-24T06:01:17Z,-38.44954833333334,148.30894166666667,NA,NA,NA,satellite
2579999,2024-01-24T06:01:21Z,-38.44954833333334,148.30894166666667,NA,NA,NA,satellite
2579999,2024-01-24T06:01:22Z,25.318955000000003,53.462525,NA,NA,NA,dynamic_classA
2579999,2024-01-24T06:01:24Z,25.318955000000003,53.462525,NA,NA,NA,dynamic_classA
2579999,2024-01-24T06:01:27Z,34.79540833333333,127.73847833333333,NA,NA,NA,dynamic_classA
2579999,2024-01-24T06:01:32Z,65.21743166666667,6.905178333333334,NA,NA,NA,dynamic_classA
2579999,2024-01-24T06:01:37Z,25.318953333333333,53.46252333333334,NA,NA,NA,dynamic_classA
2579999,2024-01-24T06:01:48Z,25.318953333333333,53.462520000000005,NA,NA,NA,dynamic_classA
2579999,2024-01-24T06:01:52Z,26.20296666666667,50.600885,NA,NA,NA,dynamic_classA
2579999,2024-01-24T06:01:55Z,21.571466666666666,88.25144333333333,NA,NA,NA,dynamic_classA
2579999,2024-01-24T06:01:57Z,63.442188333333334,10.402928333333334,NA,NA,NA,satellite
2579999,2024-01-24T06:02:01Z,-38.449508333333334,148.30894833333332,NA,NA,NA,satellite
2579999,2024-01-24T06:02:08Z,24.536260000000002,54.38505333333333,NA,NA,NA,dynamic_classA
2579999,2024-01-24T06:02:23Z,35.501623333333335,129.441105,NA,NA,NA,dynamic_classA
2579999,2024-01-24T06:02:46Z,35.501623333333335,129.44110833333335,NA,NA,NA,dynamic_classA
2579999,2024-01-24T06:02:47Z,-38.44954833333334,148.30893333333333,NA,NA,NA,satellite
2579999,2024-01-24T06:02:49Z,25.318955000000003,53.462520000000005,NA,NA,NA,dynamic_classA
2579999,2024-01-24T06:02:50Z,25.318953333333333,53.462518333333335,NA,NA,NA,dynamic_classA
2579999,2024-01-24T06:02:51Z,-38.44954833333334,148.30893333333333,NA,NA,NA,satellite
2579999,2024-01-24T06:02:57Z,25.318953333333333,53.462518333333335,NA,NA,NA,dynamic_classA
2579999,2024-01-24T06:03:00Z,34.79539166666667,127.73845166666666,NA,NA,NA,dynamic_classA
2579999,2024-01-24T06:03:17Z,-38.449558333333336,148.30892333333335,NA,NA,NA,satellite
2579999,2024-01-24T06:03:21Z,-20.11860666666667,115.239045,NA,NA,NA,dynamic_classA
2579999,2024-01-24T06:03:21Z,-38.449558333333336,148.30892333333335,NA,NA,NA,satellite
2579999,2024-01-24T06:03:31Z,35.501621666666665,129.44110833333335,NA,NA,NA,dynamic_classA
2579999,2024-01-24T06:03:47Z,-38.44954333333333,148.308925,NA,NA,NA,satellite
2579999,2024-01-24T06:03:51Z,-38.44954333333333,148.308925,NA,NA,NA,satellite
2579999,2024-01-24T06:04:03Z,25.318958333333335,53.462518333333335,NA,NA,NA,dynamic_classA
2579999,2024-01-24T06:04:04Z,-20.118603333333333,115.23904666666667,NA,NA,NA,satellite
2579999,2024-01-24T06:04:06Z,25.31895666666667,53.462518333333335,NA,NA,NA,dynamic_classA
2579999,2024-01-24T06:04:08Z,-20.118603333333333,115.23904666666667,NA,NA,NA,satellite
2579999,2024-01-24T06:04:11Z,63.44218333333333,10.402906666666667,NA,NA,NA,dynamic_classA
2579999,2024-01-24T06:04:15Z,29.65055,32.361005,NA,NA,NA,dynamic_classA
2579999,2024-01-24T06:04:17Z,53.539993333333335,9.878874999999999,NA,NA,NA,dynamic_classA
2579999,2024-01-24T06:04:18Z,24.536283333333333,54.38507666666667,NA,NA,NA,dynamic_classA
2579999,2024-01-24T06:04:39Z,25.318951666666667,53.462520000000005,NA,NA,NA,dynamic_classA
2579999,2024-01-24T06:04:57Z,-38.449481666666664,148.30887166666668,NA,NA,NA,satellite
2579999,2024-01-24T06:05:00Z,34.79543666666667,127.73847666666667,NA,NA,NA,dynamic_classA
2579999,2024-01-24T06:05:01Z,-38.449481666666664,148.30887166666668,NA,NA,NA,satellite
2579999,2024-01-24T06:05:12Z,54.603185,-1.1617566666666665,NA,NA,NA,dynamic_classA
2579999,2024-01-24T06:05:17Z,-38.449468333333336,148.30886999999998,NA,NA,NA,satellite
2579999,2024-01-24T06:05:19Z,29.650556666666667,32.361000000000004,NA,NA,NA,dynamic_classA
2579999,2024-01-24T06:05:20Z,29.650556666666667,32.361000000000004,NA,NA,NA,dynamic_classA
2579999,2024-01-24T06:05:21Z,-38.449468333333336,148.30886999999998,NA,NA,NA,satellite
2579999,2024-01-24T06:05:45Z,21.571471666666664,88.25143333333334,NA,NA,NA,dynamic_classA
2579999,2024-01-24T06:05:48Z,1.2831466666666667,103.77932333333334,NA,NA,NA,dynamic_classA
2579999,2024-01-24T06:05:54Z,-38.449465000000004,148.3088833333333,NA,NA,NA,dynamic_classA
2579999,2024-01-24T06:06:02Z,1.2831466666666667,103.77932333333334,NA,NA,NA,dynamic_classA
2579999,2024-01-24T06:06:14Z,54.60321833333333,-1.16177,NA,NA,NA,dynamic_classA
2579999,2024-01-24T06:06:18Z,-20.118605,115.239045,NA,NA,NA,dynamic_classA
2579999,2024-01-24T06:06:23Z,54.60321166666667,-1.1617783333333334,NA,NA,NA,dynamic_classA
2579999,2024-01-24T06:06:31Z,25.318955000000003,53.46252333333334,NA,NA,NA,satellite
2579999,2024-01-24T06:06:35Z,-20.118603333333333,115.23904166666667,NA,NA,NA,satellite
2579999,2024-01-24T06:06:45Z,34.79542166666667,127.73846499999999,NA,NA,NA,dynamic_classA
2579999,2024-01-24T06:06:48Z,25.318953333333333,53.46252333333334,NA,NA,NA,dynamic_classA
2579999,2024-01-24T06:06:51Z,25.318953333333333,53.46252333333334,NA,NA,NA,dynamic_classA
2579999,2024-01-24T06:06:53Z,25.318953333333333,53.46252333333334,NA,NA,NA,dynamic_classA
2579999,2024-01-24T06:06:54Z,29.650561666666665,32.36100833333333,NA,NA,NA,dynamic_classA
2579999,2024-01-24T06:06:56Z,25.318953333333333,53.46252333333334,NA,NA,NA,dynamic_classA
2579999,2024-01-24T06:06:59Z,25.318953333333333,53.46252333333334,NA,NA,NA,dynamic_classA
2579999,2024-01-24T06:07:10Z,1.2831483333333333,103.779325,NA,NA,NA,dynamic_classA
2579999,2024-01-24T06:07:13Z,1.28315,103.779325,NA,NA,NA,dynamic_classA
2579999,2024-01-24T06:07:21Z,46.543980000000005,-48.499066666666664,NA,NA,NA,satellite
2579999,2024-01-24T06:07:37Z,53.45057166666666,0.8895416666666667,NA,NA,NA,dynamic_classA
2579999,2024-01-24T06:07:49Z,50.79964833333334,-1.11005,NA,NA,NA,dynamic_classA
2579999,2024-01-24T06:07:53Z,65.21745666666666,6.905208333333333,NA,NA,NA,dynamic_classA
2579999,2024-01-24T06:08:01Z,50.79965,-1.1100483333333335,NA,NA,NA,dynamic_classA
2579999,2024-01-24T06:08:07Z,21.571481666666667,88.25144833333334,NA,NA,NA,dynamic_classA
2579999,2024-01-24T06:08:13Z,34.79542666666667,127.73847166666665,NA,NA,NA,dynamic_classA
2579999,2024-01-24T06:08:17Z,1.2831383333333333,103.77932000000001,NA,NA,NA,dynamic_classA
2579999,2024-01-24T06:08:19Z,53.45056666666667,0.8895350000000001,NA,NA,NA,dynamic_classA
2579999,2024-01-24T06:08:44Z,1.283145,103.77932333333334,NA,NA,NA,dynamic_classA
2579999,2024-01-24T06:09:02Z,35.50162833333333,129.44111333333333,NA,NA,NA,dynamic_classA
2579999,2024-01-24T06:09:04Z,-20.118603333333333,115.239045,NA,NA,NA,dynamic_classA
2579999,2024-01-24T06:09:07Z,35.50162833333333,129.44111333333333,NA,NA,NA,dynamic_classA
2579999,2024-01-24T06:09:09Z,9.503416666666668,-13.708205,NA,NA,NA,dynamic_classA
2579999,2024-01-24T06:09:28Z,25.318961666666667,53.462511666666664,NA,NA,NA,dynamic_classA
2579999,2024-01-24T06:09:36Z,34.79542,127.73846333333333,NA,NA,NA,dynamic_classA
2579999,2024-01-24T06:09:40Z,25.318961666666667,53.462511666666664,NA,NA,NA,dynamic_classA
2579999,2024-01-24T06:09:54Z,56.70166833333334,-2.4657566666666666,NA,NA,NA,dynamic_classA
2579999,2024-01-24T06:09:58Z,-38.449525,148.30899333333335,NA,NA,NA,dynamic_classA
2579999,2024-01-24T06:10:08Z,35.50163166666667,129.44111166666667,NA,NA,NA,dynamic_classA
2579999,2024-01-24T06:10:14Z,53.53999666666667,9.878873333333333,NA,NA,NA,dynamic_classA
2579999,2024-01-24T06:10:30Z,65.21743166666667,6.905195,NA,NA,NA,dynamic_classA
2579999,2024-01-24T06:10:32Z,-5.455403333333334,105.31043,NA,NA,NA,satellite
2579999,2024-01-24T06:10:39Z,10.285776666666667,106.76144833333333,NA,NA,NA,dynamic_classA
2579999,2024-01-24T06:10:51Z,24.536273333333334,54.385041666666666,NA,NA,NA,dynamic_classA
2579999,2024-01-24T06:11:09Z,1.2831433333333335,103.77932666666668,NA,NA,NA,dynamic_classA
2579999,2024-01-24T06:11:28Z,24.536268333333332,54.385040000000004,NA,NA,NA,dynamic_classA
2579999,2024-01-24T06:11:44Z,24.536265,54.385041666666666,NA,NA,NA,dynamic_classA
2579999,2024-01-24T06:12:01Z,29.650561666666665,32.36100166666667,NA,NA,NA,dynamic_classA
2579999,2024-01-24T06:12:03Z,1.2831316666666666,103.77932666666668,NA,NA,NA,dynamic_classA
2579999,2024-01-24T06:12:17Z,9.503421666666666,-13.7082,NA,NA,NA,satellite
2579999,2024-01-24T06:12:32Z,9.503418333333334,-13.7082,NA,NA,NA,satellite
2579999,2024-01-24T06:12:39Z,-38.449525,148.3089733333333,NA,NA,NA,dynamic_classA
2579999,2024-01-24T06:12:40Z,1.2831350000000001,103.779325,NA,NA,NA,dynamic_classA
2579999,2024-01-24T06:12:47Z,9.503421666666666,-13.708195,NA,NA,NA,satellite
2579999,2024-01-24T06:12:51Z,9.503421666666666,-13.708195,NA,NA,NA,satellite
2579999,2024-01-24T06:12:53Z,50.79964,-1.1100466666666666,NA,NA,NA,dynamic_classA
2579999,2024-01-24T06:12:57Z,9.503421666666666,-13.708196666666668,NA,NA,NA,satellite
2579999,2024-01-24T06:13:11Z,9.503426666666666,-13.708196666666668,NA,NA,NA,satellite
2579999,2024-01-24T06:13:12Z,35.50163833333333,129.44111833333332,NA,NA,NA,dynamic_classA
2579999,2024-01-24T06:13:13Z,35.501641666666664,129.44111833333332,NA,NA,NA,dynamic_classA
2579999,2024-01-24T06:13:20Z,35.501641666666664,129.44111833333332,NA,NA,NA,dynamic_classA
2579999,2024-01-24T06:13:21Z,9.503426666666666,-13.708195,NA,NA,NA,satellite
2579999,2024-01-24T06:13:32Z,9.503426666666666,-13.708193333333332,NA,NA,NA,satellite
2579999,2024-01-24T06:13:33Z,21.571471666666664,88.25143833333333,NA,NA,NA,dynamic_classA
2579999,2024-01-24T06:13:34Z,63.44409666666666,10.404068333333333,NA,NA,NA,dynamic_classA
2579999,2024-01-24T06:13:39Z,35.501641666666664,129.44112,NA,NA,NA,dynamic_classA
2579999,2024-01-24T06:13:46Z,3.5680666666666667,113.32466500000001,NA,NA,NA,dynamic_classA
2579999,2024-01-24T06:13:55Z,9.503425,-13.708198333333334,NA,NA,NA,dynamic_classA
2579999,2024-01-24T06:14:07Z,34.79541666666667,127.73846166666667,NA,NA,NA,dynamic_classA
2579999,2024-01-24T06:14:23Z,53.54000166666666,9.878873333333333,NA,NA,NA,dynamic_classA
2579999,2024-01-24T06:14:32Z,9.503418333333334,-13.708211666666667,NA,NA,NA,satellite
2579999,2024-01-24T06:14:59Z,-5.455406666666667,105.31042000000001,NA,NA,NA,dynamic_classA
2579999,2024-01-24T06:15:17Z,35.501639999999995,129.44111333333333,NA,NA,NA,dynamic_classA
2579999,2024-01-24T06:15:18Z,29.650558333333333,32.36100666666667,NA,NA,NA,dynamic_classA
2579999,2024-01-24T06:15:29Z,56.70168666666667,-2.465735,NA,NA,NA,dynamic_classA
2579999,2024-01-24T06:15:32Z,-20.11862,115.23904,NA,NA,NA,satellite
2579999,2024-01-24T06:15:38Z,9.503428333333334,-13.708198333333334,NA,NA,NA,satellite
2579999,2024-01-24T06:15:46Z,34.79541666666667,127.73846166666667,NA,NA,NA,dynamic_classA
2579999,2024-01-24T06:15:48Z,24.53625333333333,54.38507833333333,NA,NA,NA,dynamic_classA
2579999,2024-01-24T06:15:52Z,9.503428333333334,-13.708198333333334,NA,NA,NA,satellite
2579999,2024-01-24T06:16:04Z,59.889003333333335,10.753931666666666,NA,NA,NA,dynamic_classA
2579999,2024-01-24T06:16:06Z,35.50163666666666,129.44110833333335,NA,NA,NA,dynamic_classA
2579999,2024-01-24T06:16:09Z,65.21741333333334,6.905156666666667,NA,NA,NA,dynamic_classA
2579999,2024-01-24T06:16:12Z,9.50342,-13.708203333333334,NA,NA,NA,satellite
2579999,2024-01-24T06:16:22Z,9.503418333333334,-13.708198333333334,NA,NA,NA,satellite
2579999,2024-01-24T06:16:28Z,9.503418333333334,-13.708195,NA,NA,NA,satellite
2579999,2024-01-24T06:16:29Z,56.701678333333334,-2.4657383333333334,NA,NA,NA,dynamic_classA
2579999,2024-01-24T06:16:53Z,29.650556666666667,32.361005,NA,NA,NA,dynamic_classA
2579999,2024-01-24T06:16:55Z,-20.118613333333332,115.23905833333333,NA,NA,NA,dynamic_classA
2579999,2024-01-24T06:17:10Z,54.60322333333333,-1.1617033333333333,NA,NA,NA,dynamic_classA
2579999,2024-01-24T06:17:13Z,50.79965333333334,-1.1100483333333335,NA,NA,NA,dynamic_classA
2579999,2024-01-24T06:17:17Z,35.501635,129.44110333333333,NA,NA,NA,dynamic_classA
2579999,2024-01-24T06:17:45Z,53.539991666666666,9.87886,NA,NA,NA,dynamic_classA
2579999,2024-01-24T06:17:59Z,65.21747666666667,6.905221666666667,NA,NA,NA,dynamic_classA
2579999,2024-01-24T06:18:16Z,53.539993333333335,9.878863333333333,NA,NA,NA,dynamic_classA
2579999,2024-01-24T06:18:38Z,-20.11859666666667,115.23907333333334,NA,NA,NA,dynamic_classA
2579999,2024-01-24T06:18:47Z,54.60321666666667,-1.1617849999999998,NA,NA,NA,dynamic_classA
2579999,2024-01-24T06:18:54Z,24.536275,54.385075,NA,NA,NA,dynamic_classA
2579999,2024-01-24T06:18:59Z,65.21746333333333,6.905183333333333,NA,NA,NA,dynamic_classA
2579999,2024-01-24T06:19:10Z,9.503423333333334,-13.708206666666666,NA,NA,NA,satellite
2579999,2024-01-24T06:19:21Z,35.50163666666666,129.44111,NA,NA,NA,dynamic_classA
2579999,2024-01-24T06:19:32Z,24.536278333333332,54.385070000000006,NA,NA,NA,dynamic_classA
2579999,2024-01-24T06:19:42Z,29.650561666666665,32.361005,NA,NA,NA,dynamic_classA
2579999,2024-01-24T06:19:46Z,35.50163666666666,129.44111333333333,NA,NA,NA,dynamic_classA
2579999,2024-01-24T06:19:48Z,53.539995,9.878863333333333,NA,NA,NA,dynamic_classA
2579999,2024-01-24T06:19:50Z,9.503426666666666,-13.708206666666666,NA,NA,NA,satellite
2579999,2024-01-24T06:20:03Z,10.285765,106.76144,NA,NA,NA,dynamic_classA
2579999,2024-01-24T06:20:16Z,50.79965333333334,-1.1100283333333332,NA,NA,NA,dynamic_classA
2579999,2024-01-24T06:20:22Z,9.503428333333334,-13.708206666666666,NA,NA,NA,dynamic_classA
2579999,2024-01-24T06:20:24Z,35.50163166666667,129.44111,NA,NA,NA,dynamic_classA
2579999,2024-01-24T06:20:44Z,-20.118595000000003,115.23907833333332,NA,NA,NA,dynamic_classA
2579999,2024-01-24T06:20:49Z,24.536275,54.38505833333333,NA,NA,NA,dynamic_classA
2579999,2024-01-24T06:20:50Z,9.503428333333334,-13.708205,NA,NA,NA,dynamic_classA
2579999,2024-01-24T06:20:57Z,35.50162833333333,129.44111666666666,NA,NA,NA,dynamic_classA
2579999,2024-01-24T06:21:09Z,35.50163,129.44111666666666,NA,NA,NA,dynamic_classA
2579999,2024-01-24T06:21:10Z,9.503426666666666,-13.708206666666666,NA,NA,NA,satellite
2579999,2024-01-24T06:21:15Z,1.2831433333333335,103.779335,NA,NA,NA,dynamic_classA
2579999,2024-01-24T06:21:17Z,1.2831433333333335,103.779335,NA,NA,NA,dynamic_classA
2579999,2024-01-24T06:21:20Z,9.503428333333334,-13.708210000000001,NA,NA,NA,satellite
2579999,2024-01-24T06:21:31Z,9.503426666666666,-13.708213333333333,NA,NA,NA,satellite
2579999,2024-01-24T06:21:43Z,65.217445,6.905218333333334,NA,NA,NA,dynamic_classA
2579999,2024-01-24T06:21:54Z,24.536270000000002,54.385056666666664,NA,NA,NA,dynamic_classA
2579999,2024-01-24T06:22:10Z,9.50342,-13.708201666666668,NA,NA,NA,satellite
2579999,2024-01-24T06:22:20Z,9.50342,-13.7082,NA,NA,NA,satellite
2579999,2024-01-24T06:22:30Z,9.503418333333334,-13.708196666666668,NA,NA,NA,satellite
2579999,2024-01-24T06:22:34Z,26.203178333333334,50.60085333333333,NA,NA,NA,dynamic_classA
2579999,2024-01-24T06:22:44Z,1.2831299999999999,103.77932333333334,NA,NA,NA,dynamic_classA
2579999,2024-01-24T06:22:51Z,24.536273333333334,54.385059999999996,NA,NA,NA,dynamic_classA
2579999,2024-01-24T06:22:57Z,34.79542,127.73846166666667,NA,NA,NA,dynamic_classA
2579999,2024-01-24T06:23:00Z,9.503416666666668,-13.708193333333332,NA,NA,NA,satellite
2579999,2024-01-24T06:23:13Z,35.50163666666666,129.44112,NA,NA,NA,dynamic_classA
2579999,2024-01-24T06:23:20Z,9.503408333333335,-13.708191666666666,NA,NA,NA,satellite
2579999,2024-01-24T06:23:26Z,35.50164333333333,129.44111666666666,NA,NA,NA,dynamic_classA
2579999,2024-01-24T06:23:30Z,9.503406666666667,-13.708193333333332,NA,NA,NA,satellite
2579999,2024-01-24T06:23:39Z,25.318971666666666,53.46250166666667,NA,NA,NA,dynamic_classA
2579999,2024-01-24T06:23:50Z,34.79542,127.73847500000001,NA,NA,NA,dynamic_classA
2579999,2024-01-24T06:24:01Z,35.50164333333333,129.44111666666666,NA,NA,NA,dynamic_classA
2579999,2024-01-24T06:24:10Z,9.503411666666667,-13.70819,NA,NA,NA,satellite
2579999,2024-01-24T06:24:11Z,-20.118605,115.23904166666667,NA,NA,NA,dynamic_classA
2579999,2024-01-24T06:24:19Z,26.203336666666665,50.601058333333334,NA,NA,NA,dynamic_classA
2579999,2024-01-24T06:24:27Z,53.539991666666666,9.878873333333333,NA,NA,NA,dynamic_classA
2579999,2024-01-24T06:24:35Z,29.650558333333333,32.36102,NA,NA,NA,dynamic_classA
2579999,2024-01-24T06:24:41Z,9.503416666666668,-13.708198333333334,NA,NA,NA,satellite
2579999,2024-01-24T06:24:58Z,34.79541,127.73846833333333,NA,NA,NA,dynamic_classA
2579999,2024-01-24T06:25:00Z,9.503418333333334,-13.708198333333334,NA,NA,NA,satellite
2579999,2024-01-24T06:25:01Z,63.44219666666667,10.402941666666667,NA,NA,NA,dynamic_classA
2579999,2024-01-24T06:25:07Z,63.44219666666667,10.402941666666667,NA,NA,NA,dynamic_classA
2579999,2024-01-24T06:25:10Z,9.503423333333334,-13.7082,NA,NA,NA,satellite
2579999,2024-01-24T06:25:21Z,54.60324166666667,-1.1617366666666666,NA,NA,NA,dynamic_classA
2579999,2024-01-24T06:25:25Z,25.318975000000002,53.46250166666667,NA,NA,NA,dynamic_classA
2579999,2024-01-24T06:25:49Z,29.65056666666667,32.36101333333333,NA,NA,NA,dynamic_classA
2579999,2024-01-24T06:25:50Z,34.7954,127.73847833333333,NA,NA,NA,dynamic_classA
2579999,2024-01-24T06:25:59Z,29.65056333333333,32.36100833333333,NA,NA,NA,dynamic_classA
2579999,2024-01-24T06:26:10Z,9.50342,-13.708205,NA,NA,NA,satellite
2579999,2024-01-24T06:26:14Z,10.285770000000001,106.76143499999999,NA,NA,NA,dynamic_classA
2579999,2024-01-24T06:26:34Z,-38.44947,148.30893666666668,NA,NA,NA,dynamic_classA
2579999,2024-01-24T06:26:41Z,9.503423333333334,-13.708205,NA,NA,NA,satellite
2579999,2024-01-24T06:26:43Z,54.603269999999995,-1.1617483333333332,NA,NA,NA,dynamic_classA
2579999,2024-01-24T06:27:05Z,34.79541166666667,127.73847500000001,NA,NA,NA,dynamic_classA
2579999,2024-01-24T06:27:08Z,-20.118598333333335,115.23905333333333,NA,NA,NA,dynamic_classA
2579999,2024-01-24T06:27:25Z,29.65056,32.361000000000004,NA,NA,NA,dynamic_classA
2579999,2024-01-24T06:27:40Z,9.503431666666668,-13.708205,NA,NA,NA,satellite
2579999,2024-01-24T06:27:57Z,53.450586666666666,0.889625,NA,NA,NA,dynamic_classA
2579999,2024-01-24T06:27:59Z,25.31896833333333,53.46250666666666,NA,NA,NA,dynamic_classA
2579999,2024-01-24T06:28:01Z,25.31896833333333,53.46250333333333,NA,NA,NA,dynamic_classA
2579999,2024-01-24T06:28:02Z,1.2831366666666668,103.77933166666666,NA,NA,NA,dynamic_classA
2579999,2024-01-24T06:28:11Z,25.31896833333333,53.46250333333333,NA,NA,NA,dynamic_classA
2579999,2024-01-24T06:28:17Z,25.31896833333333,53.46250333333333,NA,NA,NA,dynamic_classA
2579999,2024-01-24T06:28:20Z,25.31896833333333,53.46250333333333,NA,NA,NA,dynamic_classA
2579999,2024-01-24T06:28:39Z,50.79963,-1.1100366666666666,NA,NA,NA,dynamic_classA
2579999,2024-01-24T06:28:53Z,65.21746666666667,6.905161666666667,NA,NA,NA,dynamic_classA
2579999,2024-01-24T06:29:01Z,-33.87849,-58.421036666666666,NA,NA,NA,satellite
2579999,2024-01-24T06:29:02Z,34.79541,127.73847,NA,NA,NA,dynamic_classA
2579999,2024-01-24T06:29:09Z,35.501621666666665,129.44112833333332,NA,NA,NA,dynamic_classA
2579999,2024-01-24T06:29:10Z,53.450606666666665,0.8896283333333332,NA,NA,NA,dynamic_classA
2579999,2024-01-24T06:29:18Z,1.2831433333333335,103.779335,NA,NA,NA,dynamic_classA
2579999,2024-01-24T06:29:24Z,35.50162,129.44112833333332,NA,NA,NA,dynamic_classA
2579999,2024-01-24T06:29:26Z,9.503416666666668,-13.708208333333333,NA,NA,NA,dynamic_classA
2579999,2024-01-24T06:29:47Z,35.50161833333333,129.44112833333332,NA,NA,NA,dynamic_classA
2579999,2024-01-24T06:29:49Z,9.50342,-13.708216666666667,NA,NA,NA,dynamic_classA
2579999,2024-01-24T06:29:51Z,35.50161666666667,129.44112833333332,NA,NA,NA,dynamic_classA
2579999,2024-01-24T06:30:16Z,34.79541833333334,127.73846333333333,NA,NA,NA,dynamic_classA
2579999,2024-01-24T06:30:28Z,-38.44950666666667,148.30895999999998,NA,NA,NA,dynamic_classA
2579999,2024-01-24T06:30:30Z,-33.878455,-58.42104166666666,NA,NA,NA,satellite
2579999,2024-01-24T06:30:34Z,56.70168,-2.4657466666666665,NA,NA,NA,dynamic_classA
2579999,2024-01-24T06:30:53Z,53.539986666666664,9.878866666666665,NA,NA,NA,dynamic_classA
2579999,2024-01-24T06:30:58Z,35.50161833333333,129.44112333333334,NA,NA,NA,dynamic_classA
2579999,2024-01-24T06:31:11Z,9.503414999999999,-13.708213333333333,NA,NA,NA,satellite
2579999,2024-01-24T06:31:12Z,-5.455383333333333,105.31047666666667,NA,NA,NA,dynamic_classA
2579999,2024-01-24T06:31:28Z,9.503418333333334,-13.708210000000001,NA,NA,NA,satellite
2579999,2024-01-24T06:31:38Z,35.50162,129.44111666666666,NA,NA,NA,dynamic_classA
2579999,2024-01-24T06:31:40Z,65.21746,6.905178333333334,NA,NA,NA,dynamic_classA
2579999,2024-01-24T06:32:25Z,3.5680666666666667,113.32466500000001,NA,NA,NA,dynamic_classA
2579999,2024-01-24T06:32:29Z,29.650558333333333,32.361003333333336,NA,NA,NA,dynamic_classA
2579999,2024-01-24T06:32:31Z,29.650558333333333,32.361003333333336,NA,NA,NA,dynamic_classA
2579999,2024-01-24T06:32:34Z,54.603251666666665,-1.161735,NA,NA,NA,dynamic_classA
2579999,2024-01-24T06:32:49Z,10.285776666666667,106.76143,NA,NA,NA,dynamic_classA
2579999,2024-01-24T06:32:50Z,-38.449525,148.3089733333333,NA,NA,NA,satellite
2579999,2024-01-24T06:32:54Z,35.50162,129.44111333333333,NA,NA,NA,dynamic_classA
2579999,2024-01-24T06:33:12Z,1.28315,103.77933166666666,NA,NA,NA,dynamic_classA
2579999,2024-01-24T06:33:40Z,35.50161833333333,129.441115,NA,NA,NA,dynamic_classA
2579999,2024-01-24T06:33:49Z,10.285771666666667,106.76143666666667,NA,NA,NA,dynamic_classA
2579999,2024-01-24T06:33:52Z,35.50161333333333,129.44111666666666,NA,NA,NA,dynamic_classA
2579999,2024-01-24T06:33:57Z,63.44217833333333,10.40295,NA,NA,NA,dynamic_classA
2579999,2024-01-24T06:34:02Z,35.50161333333333,129.44111666666666,NA,NA,NA,dynamic_classA
2579999,2024-01-24T06:34:13Z,50.799636666666665,-1.1100533333333333,NA,NA,NA,dynamic_classA
2579999,2024-01-24T06:34:45Z,24.536285000000003,54.385041666666666,NA,NA,NA,dynamic_classA
2579999,2024-01-24T06:34:54Z,53.53998833333333,9.878855,NA,NA,NA,dynamic_classA
2579999,2024-01-24T06:34:59Z,-38.449495,148.30897166666668,NA,NA,NA,dynamic_classA
2579999,2024-01-24T06:35:09Z,35.50160666666667,129.44112333333334,NA,NA,NA,dynamic_classA
2579999,2024-01-24T06:35:19Z,-20.118608333333334,115.239045,NA,NA,NA,dynamic_classA
2579999,2024-01-24T06:35:27Z,34.795413333333336,127.73846833333333,NA,NA,NA,dynamic_classA
2579999,2024-01-24T06:35:37Z,35.501605000000005,129.44112666666666,NA,NA,NA,dynamic_classA
2579999,2024-01-24T06:35:38Z,-20.118603333333333,115.23904,NA,NA,NA,dynamic_classA
2579999,2024-01-24T06:35:58Z,29.65056,32.361016666666664,NA,NA,NA,dynamic_classA
2579999,2024-01-24T06:35:59Z,56.70166666666667,-2.4657566666666666,NA,NA,NA,dynamic_classA
2579999,2024-01-24T06:36:19Z,65.21743666666667,6.905126666666666,NA,NA,NA,dynamic_classA
2579999,2024-01-24T06:36:39Z,65.217445,6.905141666666666,NA,NA,NA,dynamic_classA
2579999,2024-01-24T06:36:45Z,34.79542,127.73846833333333,NA,NA,NA,dynamic_classA
2579999,2024-01-24T06:37:11Z,25.318978333333334,53.46251333333333,NA,NA,NA,dynamic_classA
2579999,2024-01-24T06:37:13Z,1.2831316666666666,103.77932166666666,NA,NA,NA,dynamic_classA
2579999,2024-01-24T06:37:16Z,35.50161333333333,129.441115,NA,NA,NA,dynamic_classA
2579999,2024-01-24T06:37:18Z,25.318978333333334,53.46251333333333,NA,NA,NA,dynamic_classA
2579999,2024-01-24T06:37:19Z,24.536256666666667,54.38505833333333,NA,NA,NA,dynamic_classA
2579999,2024-01-24T06:37:26Z,25.318978333333334,53.46251333333333,NA,NA,NA,dynamic_classA
2579999,2024-01-24T06:37:30Z,54.603271666666664,-1.1617483333333332,NA,NA,NA,dynamic_classA
2579999,2024-01-24T06:37:54Z,50.799638333333334,-1.1100349999999999,NA,NA,NA,dynamic_classA
2579999,2024-01-24T06:38:05Z,53.539991666666666,9.878855,NA,NA,NA,dynamic_classA
2579999,2024-01-24T06:38:27Z,24.536266666666666,54.385061666666665,NA,NA,NA,dynamic_classA
2579999,2024-01-24T06:38:48Z,1.2831366666666668,103.77933333333334,NA,NA,NA,dynamic_classA
2579999,2024-01-24T06:38:55Z,53.539993333333335,9.87886,NA,NA,NA,dynamic_classA
2579999,2024-01-24T06:39:07Z,54.60321166666667,-1.1618166666666667,NA,NA,NA,dynamic_classA
2579999,2024-01-24T06:39:28Z,-20.118618333333334,115.239065,NA,NA,NA,dynamic_classA
2579999,2024-01-24T06:39:34Z,1.2831433333333335,103.779335,NA,NA,NA,dynamic_classA
2579999,2024-01-24T06:39:38Z,24.536283333333333,54.38505166666666,NA,NA,NA,dynamic_classA
2579999,2024-01-24T06:39:48Z,35.50160833333334,129.44111,NA,NA,NA,dynamic_classA
2579999,2024-01-24T06:39:51Z,35.501605000000005,129.44111166666667,NA,NA,NA,dynamic_classA
2579999,2024-01-24T06:39:55Z,35.501605000000005,129.44111333333333,NA,NA,NA,dynamic_classA
2579999,2024-01-24T06:39:56Z,34.79540166666666,127.73848500000001,NA,NA,NA,dynamic_classA
2579999,2024-01-24T06:40:36Z,50.799638333333334,-1.1100416666666668,NA,NA,NA,dynamic_classA
2579999,2024-01-24T06:40:38Z,53.539993333333335,9.878861666666667,NA,NA,NA,dynamic_classA
2579999,2024-01-24T06:40:42Z,9.503426666666666,-13.708205,NA,NA,NA,dynamic_classA
2579999,2024-01-24T06:40:50Z,9.503426666666666,-13.708205,NA,NA,NA,dynamic_classA
2579999,2024-01-24T06:41:19Z,35.50160166666667,129.441115,NA,NA,NA,dynamic_classA
2579999,2024-01-24T06:41:27Z,29.650548333333333,32.36100666666667,NA,NA,NA,dynamic_classA
2579999,2024-01-24T06:41:29Z,24.536273333333334,54.38505333333333,NA,NA,NA,dynamic_classA
2579999,2024-01-24T06:41:36Z,35.5016,129.441115,NA,NA,NA,dynamic_classA
2579999,2024-01-24T06:41:40Z,9.503423333333334,-13.708205,NA,NA,NA,satellite
2579999,2024-01-24T06:41:41Z,1.283145,103.77933666666667,NA,NA,NA,satellite
2579999,2024-01-24T06:41:54Z,24.536276666666666,54.385056666666664,NA,NA,NA,dynamic_classA
2579999,2024-01-24T06:42:02Z,65.21747,6.905145,NA,NA,NA,dynamic_classA
2579999,2024-01-24T06:42:04Z,-20.118625,115.23907,NA,NA,NA,dynamic_classA
2579999,2024-01-24T06:42:05Z,21.57145166666667,88.251425,NA,NA,NA,dynamic_classA
2579999,2024-01-24T06:42:37Z,1.2831483333333333,103.779335,NA,NA,NA,dynamic_classA
2579999,2024-01-24T06:42:52Z,3.5680666666666667,113.32466500000001,NA,NA,NA,dynamic_classA
2579999,2024-01-24T06:43:10Z,1.2831483333333333,103.77932833333332,NA,NA,NA,dynamic_classA
2579999,2024-01-24T06:43:13Z,10.285761666666668,106.76143166666667,NA,NA,NA,dynamic_classA
2579999,2024-01-24T06:43:19Z,26.203456666666668,50.60139,NA,NA,NA,dynamic_classA
2579999,2024-01-24T06:43:20Z,50.79963166666666,-1.110045,NA,NA,NA,dynamic_classA
2579999,2024-01-24T06:43:21Z,-38.44949166666667,148.30902666666668,NA,NA,NA,satellite
2579999,2024-01-24T06:43:27Z,34.79539666666667,127.73847500000001,NA,NA,NA,dynamic_classA
2579999,2024-01-24T06:43:30Z,-38.44949666666666,148.30902833333332,NA,NA,NA,dynamic_classA
2579999,2024-01-24T06:44:03Z,35.50159833333333,129.44113333333334,NA,NA,NA,dynamic_classA
2579999,2024-01-24T06:44:16Z,35.501596666666664,129.44113333333334,NA,NA,NA,dynamic_classA
2579999,2024-01-24T06:44:30Z,34.79539666666667,127.73846666666667,NA,NA,NA,dynamic_classA
2579999,2024-01-24T06:44:31Z,1.2831466666666667,103.77934,NA,NA,NA,dynamic_classA
2579999,2024-01-24T06:44:41Z,-38.449578333333335,148.30905333333334,NA,NA,NA,satellite
2579999,2024-01-24T06:44:47Z,53.539995,9.878863333333333,NA,NA,NA,dynamic_classA
2579999,2024-01-24T06:44:51Z,-38.44958666666666,148.30906000000002,NA,NA,NA,satellite
2579999,2024-01-24T06:44:54Z,29.65056,32.36100666666667,NA,NA,NA,dynamic_classA
2579999,2024-01-24T06:44:56Z,1.2831466666666667,103.77933166666666,NA,NA,NA,dynamic_classA
2579999,2024-01-24T06:45:01Z,-38.449595,148.3090633333333,NA,NA,NA,satellite
2579999,2024-01-24T06:45:02Z,-38.449595,148.3090633333333,NA,NA,NA,satellite
2579999,2024-01-24T06:45:18Z,24.536276666666666,54.385056666666664,NA,NA,NA,dynamic_classA
2579999,2024-01-24T06:45:22Z,-38.44961833333333,148.30907,NA,NA,NA,satellite
2579999,2024-01-24T06:45:32Z,29.65056333333333,32.36100833333333,NA,NA,NA,satellite
2579999,2024-01-24T06:45:41Z,-38.449634999999994,148.30907166666665,NA,NA,NA,satellite
2579999,2024-01-24T06:45:42Z,54.60333333333333,-1.1617466666666667,NA,NA,NA,dynamic_classA
2579999,2024-01-24T06:45:51Z,63.442083333333336,10.403428333333332,NA,NA,NA,dynamic_classA
2579999,2024-01-24T06:46:01Z,-38.449625,148.30907333333334,NA,NA,NA,satellite
2579999,2024-01-24T06:46:02Z,-38.449625,148.30907333333334,NA,NA,NA,satellite
2579999,2024-01-24T06:46:05Z,-20.118611666666666,115.23906000000001,NA,NA,NA,dynamic_classA
2579999,2024-01-24T06:46:19Z,53.45059666666667,0.8896266666666667,NA,NA,NA,dynamic_classA
2579999,2024-01-24T06:46:22Z,-38.449605,148.30905833333333,NA,NA,NA,satellite
2579999,2024-01-24T06:46:30Z,29.65056666666667,32.36100666666667,NA,NA,NA,dynamic_classA
2579999,2024-01-24T06:46:38Z,29.650568333333336,32.36100833333333,NA,NA,NA,dynamic_classA
2579999,2024-01-24T06:46:41Z,-38.449595,148.30905666666666,NA,NA,NA,satellite
2579999,2024-01-24T06:47:01Z,-38.44960666666667,148.3090633333333,NA,NA,NA,satellite
2579999,2024-01-24T06:47:03Z,54.6033,-1.1617283333333333,NA,NA,NA,dynamic_classA
2579999,2024-01-24T06:47:14Z,59.88898,10.753898333333332,NA,NA,NA,dynamic_classA
2579999,2024-01-24T06:47:15Z,34.79539333333333,127.73847666666667,NA,NA,NA,dynamic_classA
2579999,2024-01-24T06:47:21Z,-38.44958666666666,148.309075,NA,NA,NA,satellite
2579999,2024-01-24T06:47:23Z,-38.44958666666666,148.309075,NA,NA,NA,dynamic_classA
2579999,2024-01-24T06:47:41Z,-38.44956833333333,148.309065,NA,NA,NA,satellite
2579999,2024-01-24T06:47:57Z,53.45057666666666,0.8896866666666666,NA,NA,NA,dynamic_classA
2579999,2024-01-24T06:47:58Z,-20.118615,115.23904833333333,NA,NA,NA,dynamic_classA
2579999,2024-01-24T06:48:01Z,-38.449558333333336,148.30905833333333,NA,NA,NA,satellite
2579999,2024-01-24T06:48:05Z,29.650561666666665,32.361003333333336,NA,NA,NA,dynamic_classA
2579999,2024-01-24T06:48:18Z,-38.44956,148.30904833333335,NA,NA,NA,satellite
2579999,2024-01-24T06:48:20Z,1.2831483333333333,103.77934333333333,NA,NA,NA,dynamic_classA
2579999,2024-01-24T06:48:21Z,-38.44956,148.30904833333335,NA,NA,NA,satellite
2579999,2024-01-24T06:48:25Z,-20.118615,115.239045,NA,NA,NA,dynamic_classA
2579999,2024-01-24T06:48:28Z,-38.44956166666667,148.30904666666666,NA,NA,NA,satellite
2579999,2024-01-24T06:48:41Z,-38.44956333333334,148.30904333333334,NA,NA,NA,satellite
2579999,2024-01-24T06:48:44Z,-38.44959333333334,148.30892833333334,NA,NA,NA,satellite
2579999,2024-01-24T06:48:48Z,-38.44956333333334,148.30903833333332,NA,NA,NA,satellite
2579999,2024-01-24T06:48:54Z,-38.44959166666667,148.30892666666665,NA,NA,NA,satellite
2579999,2024-01-24T06:48:57Z,1.28315,103.77935000000001,NA,NA,NA,dynamic_classA
2579999,2024-01-24T06:48:58Z,-38.449558333333336,148.30903,NA,NA,NA,satellite
2579999,2024-01-24T06:49:04Z,-38.44958999999999,148.30892666666665,NA,NA,NA,satellite
2579999,2024-01-24T06:49:08Z,-38.44955,148.30902333333333,NA,NA,NA,satellite
2579999,2024-01-24T06:49:09Z,65.21746333333333,6.905178333333334,NA,NA,NA,dynamic_classA
2579999,2024-01-24T06:49:18Z,-38.44954499999999,148.30901666666665,NA,NA,NA,satellite
2579999,2024-01-24T06:49:20Z,53.45057166666666,0.8897366666666666,NA,NA,NA,dynamic_classA
2579999,2024-01-24T06:49:23Z,29.65055166666667,32.361000000000004,NA,NA,NA,dynamic_classA
2579999,2024-01-24T06:49:24Z,-38.44958833333333,148.30892833333334,NA,NA,NA,satellite
2579999,2024-01-24T06:49:28Z,-38.44954333333333,148.30901,NA,NA,NA,satellite
2579999,2024-01-24T06:49:31Z,-38.44954333333333,148.30901,NA,NA,NA,satellite
2579999,2024-01-24T06:49:34Z,35.50159,129.441135,NA,NA,NA,dynamic_classA
2579999,2024-01-24T06:49:34Z,-38.44958833333333,148.30892833333334,NA,NA,NA,satellite
2579999,2024-01-24T06:49:43Z,65.21746166666667,6.905198333333333,NA,NA,NA,dynamic_classA
2579999,2024-01-24T06:49:44Z,-38.44959166666667,148.30892833333334,NA,NA,NA,satellite
2579999,2024-01-24T06:49:48Z,24.536266666666666,54.38505833333333,NA,NA,NA,satellite
2579999,2024-01-24T06:49:52Z,34.79539,127.73848666666666,NA,NA,NA,dynamic_classA
2579999,2024-01-24T06:49:53Z,21.571445,88.25140166666667,NA,NA,NA,dynamic_classA
2579999,2024-01-24T06:49:54Z,-38.44959333333334,148.30892666666665,NA,NA,NA,satellite
2579999,2024-01-24T06:49:58Z,-38.449553333333334,148.30899833333334,NA,NA,NA,satellite
2579999,2024-01-24T06:50:19Z,9.503416666666668,-13.708203333333334,NA,NA,NA,dynamic_classA
2579999,2024-01-24T06:50:24Z,-38.449595,148.308915,NA,NA,NA,satellite
2579999,2024-01-24T06:50:27Z,35.50159,129.44114166666665,NA,NA,NA,dynamic_classA
2579999,2024-01-24T06:50:28Z,-38.44954666666667,148.30898833333333,NA,NA,NA,satellite
2579999,2024-01-24T06:50:36Z,9.50342,-13.708203333333334,NA,NA,NA,dynamic_classA
2579999,2024-01-24T06:50:38Z,-38.44954666666667,148.30899166666669,NA,NA,NA,dynamic_classA
2579999,2024-01-24T06:50:40Z,-38.44954666666667,148.30899166666669,NA,NA,NA,satellite
2579999,2024-01-24T06:50:42Z,35.501594999999995,129.441145,NA,NA,NA,dynamic_classA
2579999,2024-01-24T06:50:44Z,-38.449598333333334,148.3089,NA,NA,NA,satellite
2579999,2024-01-24T06:50:48Z,-38.44954499999999,148.30900000000003,NA,NA,NA,satellite
2579999,2024-01-24T06:50:50Z,-38.44954499999999,148.30900000000003,NA,NA,NA,satellite
2579999,2024-01-24T06:51:00Z,-38.44954166666666,148.30901166666666,NA,NA,NA,satellite
2579999,2024-01-24T06:51:06Z,34.795386666666666,127.73848166666667,NA,NA,NA,dynamic_classA
2579999,2024-01-24T06:51:10Z,-38.449533333333335,148.30902166666667,NA,NA,NA,satellite
2579999,2024-01-24T06:51:11Z,-38.449533333333335,148.30902166666667,NA,NA,NA,satellite
2579999,2024-01-24T06:51:19Z,10.285766666666666,106.76142666666667,NA,NA,NA,dynamic_classA
2579999,2024-01-24T06:51:24Z,56.70168,-2.465716666666667,NA,NA,NA,dynamic_classA
2579999,2024-01-24T06:51:24Z,-38.449605,148.30884666666668,NA,NA,NA,satellite
2579999,2024-01-24T06:51:28Z,-38.449525,148.30903833333332,NA,NA,NA,satellite
2579999,2024-01-24T06:51:30Z,-38.449525,148.30903833333332,NA,NA,NA,satellite
2579999,2024-01-24T06:51:38Z,-38.449531666666665,148.30904166666667,NA,NA,NA,satellite
2579999,2024-01-24T06:51:40Z,-38.449531666666665,148.30904166666667,NA,NA,NA,satellite
2579999,2024-01-24T06:51:41Z,-38.449531666666665,148.30904166666667,NA,NA,NA,satellite
2579999,2024-01-24T06:51:43Z,53.539989999999996,9.878853333333332,NA,NA,NA,dynamic_classA
2579999,2024-01-24T06:51:44Z,-38.44958666666666,148.30883333333335,NA,NA,NA,satellite
2579999,2024-01-24T06:51:51Z,-38.449535,148.30904666666666,NA,NA,NA,satellite
2579999,2024-01-24T06:51:52Z,-5.45537,105.31042333333333,NA,NA,NA,dynamic_classA
2579999,2024-01-24T06:51:54Z,-38.44958333333333,148.30883333333335,NA,NA,NA,satellite
2579999,2024-01-24T06:51:58Z,35.50159333333333,129.441145,NA,NA,NA,dynamic_classA
2579999,2024-01-24T06:52:00Z,-38.44954166666666,148.30904833333335,NA,NA,NA,satellite
2579999,2024-01-24T06:52:01Z,-38.44954166666666,148.30904833333335,NA,NA,NA,satellite
2579999,2024-01-24T06:52:10Z,65.217475,6.905198333333333,NA,NA,NA,dynamic_classA
2579999,2024-01-24T06:52:14Z,-38.44958833333333,148.308845,NA,NA,NA,satellite
2579999,2024-01-24T06:52:24Z,-38.44959166666667,148.30885833333332,NA,NA,NA,satellite
2579999,2024-01-24T06:52:34Z,-38.449595,148.30887333333334,NA,NA,NA,satellite
2579999,2024-01-24T06:52:44Z,-38.44959666666667,148.30889,NA,NA,NA,satellite
2579999,2024-01-24T06:52:45Z,21.571453333333334,88.25141166666667,NA,NA,NA,dynamic_classA
2579999,2024-01-24T06:53:00Z,-38.44956,148.30903,NA,NA,NA,satellite
2579999,2024-01-24T06:53:11Z,29.65056,32.361005,NA,NA,NA,dynamic_classA
2579999,2024-01-24T06:53:20Z,-38.449558333333336,148.309045,NA,NA,NA,satellite
2579999,2024-01-24T06:53:32Z,9.503418333333334,-13.708211666666667,NA,NA,NA,dynamic_classA
2579999,2024-01-24T06:53:34Z,1.2831633333333334,103.77934333333333,NA,NA,NA,dynamic_classA
2579999,2024-01-24T06:53:36Z,56.701685,-2.4657116666666665,NA,NA,NA,dynamic_classA
2579999,2024-01-24T06:53:50Z,-6.122555,120.46527666666665,NA,NA,NA,dynamic_classA
2579999,2024-01-24T06:54:04Z,-38.449508333333334,148.30899166666669,NA,NA,NA,satellite
2579999,2024-01-24T06:54:05Z,1.2831633333333334,103.77934166666667,NA,NA,NA,dynamic_classA
2579999,2024-01-24T06:54:10Z,35.501594999999995,129.441145,NA,NA,NA,satellite
2579999,2024-01-24T06:54:20Z,-38.449601666666666,148.30903166666667,NA,NA,NA,satellite
2579999,2024-01-24T06:54:23Z,46.543980000000005,-48.499066666666664,NA,NA,NA,dynamic_classA
2579999,2024-01-24T06:54:24Z,-38.44949,148.30902,NA,NA,NA,satellite
2579999,2024-01-24T06:54:33Z,35.50159166666666,129.44113333333334,NA,NA,NA,dynamic_classA
2579999,2024-01-24T06:54:42Z,35.50159166666666,129.44113333333334,NA,NA,NA,dynamic_classA
2579999,2024-01-24T06:54:44Z,-38.449488333333335,148.30904166666667,NA,NA,NA,satellite
2579999,2024-01-24T06:55:00Z,-38.44962666666667,148.30903,NA,NA,NA,satellite
2579999,2024-01-24T06:55:10Z,-38.449625,148.30901333333335,NA,NA,NA,satellite
2579999,2024-01-24T06:55:11Z,35.50158833333333,129.44112833333332,NA,NA,NA,dynamic_classA
2579999,2024-01-24T06:55:22Z,1.283145,103.77931333333332,NA,NA,NA,dynamic_classA
2579999,2024-01-24T06:55:24Z,-38.449465000000004,148.309015,NA,NA,NA,satellite
2579999,2024-01-24T06:55:27Z,1.283145,103.77931333333332,NA,NA,NA,dynamic_classA
2579999,2024-01-24T06:55:30Z,-38.449619999999996,148.30898,NA,NA,NA,satellite
2579999,2024-01-24T06:55:31Z,1.283145,103.77931333333332,NA,NA,NA,dynamic_classA
2579999,2024-01-24T06:55:33Z,1.283145,103.77931333333332,NA,NA,NA,dynamic_classA
2579999,2024-01-24T06:55:34Z,53.539991666666666,9.878866666666665,NA,NA,NA,dynamic_classA
2579999,2024-01-24T06:55:34Z,-38.449465000000004,148.30902,NA,NA,NA,satellite
2579999,2024-01-24T06:55:35Z,1.283145,103.77931333333332,NA,NA,NA,dynamic_classA
2579999,2024-01-24T06:55:40Z,-38.449615,148.30896833333333,NA,NA,NA,satellite
2579999,2024-01-24T06:55:43Z,50.799645000000005,-1.1100416666666668,NA,NA,NA,dynamic_classA
2579999,2024-01-24T06:55:49Z,35.50159,129.44113166666665,NA,NA,NA,dynamic_classA
2579999,2024-01-24T06:55:50Z,-38.44960833333334,148.30895666666666,NA,NA,NA,satellite
2579999,2024-01-24T06:55:54Z,24.536276666666666,54.38505333333333,NA,NA,NA,dynamic_classA
2579999,2024-01-24T06:55:57Z,35.50159,129.44114,NA,NA,NA,dynamic_classA
2579999,2024-01-24T06:55:59Z,-38.449600000000004,148.30895,NA,NA,NA,dynamic_classA
2579999,2024-01-24T06:56:01Z,-38.449600000000004,148.30895,NA,NA,NA,satellite
2579999,2024-01-24T06:56:03Z,-20.118628333333334,115.23906666666667,NA,NA,NA,satellite
2579999,2024-01-24T06:56:04Z,-38.449475,148.30902666666668,NA,NA,NA,satellite
2579999,2024-01-24T06:56:07Z,34.795383333333334,127.73847333333333,NA,NA,NA,dynamic_classA
2579999,2024-01-24T06:56:16Z,1.283145,103.77931333333332,NA,NA,NA,dynamic_classA
2579999,2024-01-24T06:56:24Z,-38.44947333333334,148.30901666666665,NA,NA,NA,satellite
2579999,2024-01-24T06:56:29Z,56.70167166666667,-2.4657566666666666,NA,NA,NA,dynamic_classA
2579999,2024-01-24T06:56:30Z,-38.44959166666667,148.30896166666668,NA,NA,NA,satellite
2579999,2024-01-24T06:56:34Z,-38.44947166666667,148.30901166666666,NA,NA,NA,satellite
2579999,2024-01-24T06:56:36Z,-20.118623333333336,115.23907,NA,NA,NA,satellite
2579999,2024-01-24T06:56:38Z,29.650558333333333,32.36100666666667,NA,NA,NA,dynamic_classA
2579999,2024-01-24T06:56:45Z,34.79537833333333,127.73847666666667,NA,NA,NA,dynamic_classA
2579999,2024-01-24T06:56:50Z,-38.44958833333333,148.308975,NA,NA,NA,satellite
2579999,2024-01-24T06:57:19Z,65.21745,6.905193333333333,NA,NA,NA,dynamic_classA
2579999,2024-01-24T06:57:27Z,-20.118628333333334,115.23906666666667,NA,NA,NA,satellite
2579999,2024-01-24T06:57:30Z,-38.449600000000004,148.30900666666668,NA,NA,NA,satellite
2579999,2024-01-24T06:57:34Z,-38.44949666666666,148.30903,NA,NA,NA,satellite
2579999,2024-01-24T06:57:37Z,-20.118626666666668,115.23906166666667,NA,NA,NA,satellite
2579999,2024-01-24T06:57:39Z,1.2831316666666666,103.77932166666666,NA,NA,NA,dynamic_classA
2579999,2024-01-24T06:57:44Z,-20.118628333333334,115.23905666666666,NA,NA,NA,satellite
2579999,2024-01-24T06:57:54Z,1.28314,103.77931833333334,NA,NA,NA,dynamic_classA
2579999,2024-01-24T06:57:57Z,-20.11863,115.23905500000001,NA,NA,NA,satellite
2579999,2024-01-24T06:58:00Z,54.603165,-1.1618383333333333,NA,NA,NA,dynamic_classA
2579999,2024-01-24T06:58:04Z,-38.44952333333333,148.30902166666667,NA,NA,NA,satellite
2579999,2024-01-24T06:58:11Z,-38.449565,148.30899333333335,NA,NA,NA,satellite
2579999,2024-01-24T06:58:16Z,1.2831299999999999,103.779325,NA,NA,NA,dynamic_classA
2579999,2024-01-24T06:58:17Z,24.536268333333332,54.385059999999996,NA,NA,NA,dynamic_classA
2579999,2024-01-24T06:58:25Z,-20.118628333333334,115.23905333333333,NA,NA,NA,dynamic_classA
2579999,2024-01-24T06:58:26Z,35.50158,129.44113666666667,NA,NA,NA,dynamic_classA
2579999,2024-01-24T06:58:27Z,-20.118628333333334,115.23905333333333,NA,NA,NA,satellite
2579999,2024-01-24T06:58:28Z,24.536268333333332,54.385056666666664,NA,NA,NA,dynamic_classA
2579999,2024-01-24T06:58:30Z,-38.44954666666667,148.309005,NA,NA,NA,satellite
2579999,2024-01-24T06:58:34Z,-38.44952,148.30899666666667,NA,NA,NA,satellite
2579999,2024-01-24T06:58:35Z,53.539993333333335,9.878868333333333,NA,NA,NA,dynamic_classA
2579999,2024-01-24T06:58:39Z,24.536271666666668,54.385055,NA,NA,NA,dynamic_classA
2579999,2024-01-24T06:58:53Z,50.79964666666667,-1.1100383333333332,NA,NA,NA,dynamic_classA
2579999,2024-01-24T06:58:54Z,-38.44952333333333,148.30898833333333,NA,NA,NA,satellite
2579999,2024-01-24T06:59:03Z,-20.118626666666668,115.23904999999999,NA,NA,NA,satellite
2579999,2024-01-24T06:59:04Z,-20.118626666666668,115.23904999999999,NA,NA,NA,satellite
2579999,2024-01-24T06:59:04Z,-38.44952833333333,148.30898333333334,NA,NA,NA,satellite
2579999,2024-01-24T06:59:07Z,-20.118625,115.23904999999999,NA,NA,NA,satellite
2579999,2024-01-24T06:59:21Z,-38.449495,148.3090083333333,NA,NA,NA,satellite
2579999,2024-01-24T06:59:26Z,53.539991666666666,9.878865,NA,NA,NA,dynamic_classA
2579999,2024-01-24T06:59:27Z,54.60315333333333,-1.1618616666666666,NA,NA,NA,dynamic_classA
2579999,2024-01-24T06:59:33Z,56.70169333333333,-2.4657150000000003,NA,NA,NA,dynamic_classA
2579999,2024-01-24T06:59:37Z,63.44206166666667,10.403414999999999,NA,NA,NA,dynamic_classA
2579999,2024-01-24T06:59:59Z,65.21743,6.905265,NA,NA,NA,dynamic_classA
2579999,2024-01-24T07:00:07Z,-20.118616666666664,115.23904166666667,NA,NA,NA,satellite
2579999,2024-01-24T07:00:09Z,58.01463833333333,7.483903333333333,NA,NA,NA,dynamic_classA
2579999,2024-01-24T07:00:15Z,-20.118616666666664,115.23904166666667,NA,NA,NA,dynamic_classA
2579999,2024-01-24T07:00:16Z,35.50158166666667,129.44114166666665,NA,NA,NA,dynamic_classA
2579999,2024-01-24T07:00:17Z,-20.118613333333332,115.23903666666666,NA,NA,NA,satellite
2579999,2024-01-24T07:00:18Z,35.50158166666667,129.44114,NA,NA,NA,dynamic_classA
2579999,2024-01-24T07:00:21Z,35.50158166666667,129.44114166666665,NA,NA,NA,dynamic_classA
2579999,2024-01-24T07:00:31Z,-38.44952833333333,148.30898166666665,NA,NA,NA,satellite
2579999,2024-01-24T07:00:36Z,50.799638333333334,-1.1100366666666666,NA,NA,NA,dynamic_classA
2579999,2024-01-24T07:00:52Z,9.503416666666668,-13.708216666666667,NA,NA,NA,dynamic_classA
2579999,2024-01-24T07:01:01Z,-38.44954833333334,148.30898833333333,NA,NA,NA,satellite
2579999,2024-01-24T07:01:17Z,-20.118611666666666,115.23903333333332,NA,NA,NA,satellite
2579999,2024-01-24T07:01:20Z,-38.44955,148.30898833333333,NA,NA,NA,satellite
2579999,2024-01-24T07:01:27Z,-20.11860666666667,115.23903333333332,NA,NA,NA,satellite
2579999,2024-01-24T07:01:30Z,-38.44955166666667,148.30898833333333,NA,NA,NA,satellite
2579999,2024-01-24T07:01:34Z,-20.118605,115.23903333333332,NA,NA,NA,satellite
2579999,2024-01-24T07:01:40Z,-38.44955,148.30898833333333,NA,NA,NA,satellite
2579999,2024-01-24T07:01:49Z,35.501585,129.44115,NA,NA,NA,dynamic_classA
2579999,2024-01-24T07:01:58Z,53.53998833333333,9.878865,NA,NA,NA,dynamic_classA
2579999,2024-01-24T07:02:00Z,-38.44955166666667,148.30898833333333,NA,NA,NA,satellite
2579999,2024-01-24T07:02:01Z,-20.118605,115.23904,NA,NA,NA,satellite
2579999,2024-01-24T07:02:10Z,-38.449553333333334,148.308985,NA,NA,NA,satellite
2579999,2024-01-24T07:02:12Z,65.21746333333333,6.905153333333333,NA,NA,NA,dynamic_classA
2579999,2024-01-24T07:02:17Z,35.50158666666667,129.441155,NA,NA,NA,dynamic_classA
2579999,2024-01-24T07:02:21Z,-38.449555000000004,148.30898166666665,NA,NA,NA,satellite
2579999,2024-01-24T07:02:28Z,-20.118601666666667,115.23903666666666,NA,NA,NA,satellite
2579999,2024-01-24T07:02:31Z,-38.449556666666666,148.30897666666667,NA,NA,NA,satellite
2579999,2024-01-24T07:02:41Z,-38.449553333333334,148.30897000000002,NA,NA,NA,satellite
2579999,2024-01-24T07:03:21Z,-38.44953666666667,148.30896666666666,NA,NA,NA,satellite
2579999,2024-01-24T07:03:42Z,26.203193333333335,50.600683333333336,NA,NA,NA,dynamic_classA
2579999,2024-01-24T07:03:57Z,34.79538166666667,127.73848166666667,NA,NA,NA,dynamic_classA
2579999,2024-01-24T07:04:08Z,24.536278333333332,54.385045,NA,NA,NA,dynamic_classA
2579999,2024-01-24T07:04:13Z,10.28576,106.76144166666667,NA,NA,NA,dynamic_classA
2579999,2024-01-24T07:04:31Z,-38.44952833333333,148.30895999999998,NA,NA,NA,satellite
2579999,2024-01-24T07:04:40Z,-38.44952833333333,148.30895666666666,NA,NA,NA,satellite
2579999,2024-01-24T07:04:53Z,35.50159166666666,129.44116,NA,NA,NA,dynamic_classA
2579999,2024-01-24T07:05:07Z,53.539989999999996,9.878858333333334,NA,NA,NA,dynamic_classA
2579999,2024-01-24T07:05:15Z,29.650558333333333,32.361000000000004,NA,NA,NA,dynamic_classA
2579999,2024-01-24T07:05:20Z,1.2831583333333334,103.77934333333333,NA,NA,NA,dynamic_classA
2579999,2024-01-24T07:05:31Z,-38.44954166666666,148.30894166666667,NA,NA,NA,satellite
2579999,2024-01-24T07:05:34Z,1.2831516666666665,103.77933833333333,NA,NA,NA,dynamic_classA
2579999,2024-01-24T07:05:37Z,1.2831533333333334,103.77934166666667,NA,NA,NA,dynamic_classA
2579999,2024-01-24T07:05:52Z,29.650564999999997,32.361003333333336,NA,NA,NA,dynamic_classA
2579999,2024-01-24T07:06:09Z,53.450605,0.8896283333333332,NA,NA,NA,dynamic_classA
2579999,2024-01-24T07:06:24Z,24.536279999999998,54.385041666666666,NA,NA,NA,dynamic_classA
2579999,2024-01-24T07:06:41Z,63.44205833333333,10.403443333333334,NA,NA,NA,dynamic_classA
2579999,2024-01-24T07:06:44Z,-20.118605,115.23905333333333,NA,NA,NA,dynamic_classA
2579999,2024-01-24T07:06:53Z,1.2831466666666667,103.779325,NA,NA,NA,dynamic_classA
2579999,2024-01-24T07:06:58Z,59.889001666666665,10.753874999999999,NA,NA,NA,dynamic_classA
2579999,2024-01-24T07:06:59Z,29.650561666666665,32.36101,NA,NA,NA,dynamic_classA
2579999,2024-01-24T07:07:09Z,29.65056333333333,32.36101166666666,NA,NA,NA,dynamic_classA
2579999,2024-01-24T07:07:19Z,53.450585000000004,0.8895716666666666,NA,NA,NA,dynamic_classA
2579999,2024-01-24T07:07:20Z,50.79964333333333,-1.110025,NA,NA,NA,dynamic_classA
2579999,2024-01-24T07:07:23Z,54.60324166666667,-1.161715,NA,NA,NA,dynamic_classA
2579999,2024-01-24T07:07:25Z,34.795383333333334,127.73847833333333,NA,NA,NA,dynamic_classA
2579999,2024-01-24T07:07:36Z,9.503426666666666,-13.708226666666667,NA,NA,NA,dynamic_classA
2579999,2024-01-24T07:07:58Z,1.28314,103.77932666666668,NA,NA,NA,dynamic_classA
2579999,2024-01-24T07:08:04Z,-38.44954166666666,148.30899333333335,NA,NA,NA,dynamic_classA
2579999,2024-01-24T07:08:32Z,1.28314,103.77932333333334,NA,NA,NA,dynamic_classA
2579999,2024-01-24T07:08:35Z,29.650564999999997,32.361005,NA,NA,NA,dynamic_classA
2579999,2024-01-24T07:08:52Z,3.5680666666666667,113.32466500000001,NA,NA,NA,dynamic_classA
2579999,2024-01-24T07:08:55Z,-20.118613333333332,115.23904666666667,NA,NA,NA,dynamic_classA
2579999,2024-01-24T07:09:00Z,9.503435,-13.708236666666666,NA,NA,NA,dynamic_classA
2579999,2024-01-24T07:09:11Z,-20.118615,115.23904333333333,NA,NA,NA,dynamic_classA
2579999,2024-01-24T07:09:36Z,-20.118611666666666,115.23905166666667,NA,NA,NA,dynamic_classA
2579999,2024-01-24T07:09:42Z,-20.11861,115.23905166666667,NA,NA,NA,dynamic_classA
2579999,2024-01-24T07:09:54Z,35.501594999999995,129.44116666666667,NA,NA,NA,dynamic_classA
2579999,2024-01-24T07:10:10Z,50.79965,-1.1100533333333333,NA,NA,NA,dynamic_classA
2579999,2024-01-24T07:10:13Z,29.65056333333333,32.361005,NA,NA,NA,dynamic_classA
2579999,2024-01-24T07:10:22Z,34.79537833333333,127.73847833333333,NA,NA,NA,dynamic_classA
2579999,2024-01-24T07:10:33Z,65.21746833333333,6.905196666666667,NA,NA,NA,dynamic_classA
2579999,2024-01-24T07:10:36Z,24.536293333333333,54.385056666666664,NA,NA,NA,dynamic_classA
2579999,2024-01-24T07:10:38Z,-38.449513333333336,148.30902333333333,NA,NA,NA,dynamic_classA
2579999,2024-01-24T07:10:47Z,63.442078333333335,10.403405,NA,NA,NA,dynamic_classA
2579999,2024-01-24T07:10:49Z,9.503414999999999,-13.70822,NA,NA,NA,dynamic_classA
2579999,2024-01-24T07:10:57Z,35.50159333333333,129.44116666666667,NA,NA,NA,dynamic_classA
2579999,2024-01-24T07:11:21Z,35.50159333333333,129.44116833333334,NA,NA,NA,dynamic_classA
2579999,2024-01-24T07:11:28Z,-20.118608333333334,115.23905166666667,NA,NA,NA,dynamic_classA
2579999,2024-01-24T07:11:56Z,34.79537166666667,127.73848833333334,NA,NA,NA,dynamic_classA
2579999,2024-01-24T07:11:57Z,53.45061666666666,0.8896783333333332,NA,NA,NA,dynamic_classA
2579999,2024-01-24T07:12:24Z,56.70169166666667,-2.4657199999999997,NA,NA,NA,dynamic_classA
2579999,2024-01-24T07:12:33Z,53.539993333333335,9.878865,NA,NA,NA,dynamic_classA
2579999,2024-01-24T07:12:42Z,-5.455376666666667,105.31046166666667,NA,NA,NA,dynamic_classA
2579999,2024-01-24T07:12:48Z,35.50159,129.44118333333333,NA,NA,NA,dynamic_classA
2579999,2024-01-24T07:12:50Z,65.21745666666666,6.905203333333334,NA,NA,NA,dynamic_classA
2579999,2024-01-24T07:13:41Z,29.65056333333333,32.361000000000004,NA,NA,NA,dynamic_classA
2579999,2024-01-24T07:13:46Z,56.701683333333335,-2.4657616666666664,NA,NA,NA,dynamic_classA
2579999,2024-01-24T07:14:20Z,10.285718333333334,106.76148666666667,NA,NA,NA,dynamic_classA
2579999,2024-01-24T07:14:30Z,35.501578333333335,129.44116833333334,NA,NA,NA,dynamic_classA
2579999,2024-01-24T07:14:52Z,35.501575,129.44116,NA,NA,NA,dynamic_classA
2579999,2024-01-24T07:14:56Z,1.2831516666666665,103.77934166666667,NA,NA,NA,dynamic_classA
2579999,2024-01-24T07:15:01Z,9.503418333333334,-13.708226666666667,NA,NA,NA,dynamic_classA
2579999,2024-01-24T07:15:40Z,-38.44965833333333,148.30898833333333,NA,NA,NA,satellite
2579999,2024-01-24T07:16:00Z,-38.44965333333334,148.30897833333333,NA,NA,NA,satellite
2579999,2024-01-24T07:16:09Z,35.50157333333333,129.44115333333332,NA,NA,NA,dynamic_classA
2579999,2024-01-24T07:16:13Z,53.539989999999996,9.878856666666668,NA,NA,NA,dynamic_classA
2579999,2024-01-24T07:16:17Z,35.50156833333333,129.44115333333332,NA,NA,NA,dynamic_classA
2579999,2024-01-24T07:16:25Z,21.57144,88.25142833333332,NA,NA,NA,dynamic_classA
2579999,2024-01-24T07:16:29Z,-38.44966333333333,148.30899333333335,NA,NA,NA,dynamic_classA
2579999,2024-01-24T07:16:40Z,-38.44966333333333,148.30899666666667,NA,NA,NA,satellite
2579999,2024-01-24T07:16:47Z,34.795385,127.73849,NA,NA,NA,dynamic_classA
2579999,2024-01-24T07:16:48Z,24.536285000000003,54.38504666666667,NA,NA,NA,dynamic_classA
2579999,2024-01-24T07:16:49Z,56.70168666666667,-2.46573,NA,NA,NA,dynamic_classA
2579999,2024-01-24T07:16:51Z,35.50157,129.44114666666667,NA,NA,NA,dynamic_classA
2579999,2024-01-24T07:17:00Z,-38.449675,148.309005,NA,NA,NA,satellite
2579999,2024-01-24T07:17:13Z,50.799636666666665,-1.1100333333333334,NA,NA,NA,dynamic_classA
2579999,2024-01-24T07:17:14Z,54.603235000000005,-1.1617083333333333,NA,NA,NA,dynamic_classA
2579999,2024-01-24T07:17:19Z,29.65056666666667,32.36101,NA,NA,NA,dynamic_classA
2579999,2024-01-24T07:17:39Z,29.650564999999997,32.36101,NA,NA,NA,dynamic_classA
2579999,2024-01-24T07:17:40Z,-38.44967,148.30902,NA,NA,NA,satellite
2579999,2024-01-24T07:17:45Z,1.2831466666666667,103.77933833333333,NA,NA,NA,dynamic_classA
2579999,2024-01-24T07:17:47Z,1.2831466666666667,103.77933833333333,NA,NA,NA,dynamic_classA
2579999,2024-01-24T07:17:49Z,65.21745833333334,6.905209999999999,NA,NA,NA,dynamic_classA
2579999,2024-01-24T07:18:00Z,-38.449668333333335,148.30902666666668,NA,NA,NA,satellite
2579999,2024-01-24T07:18:14Z,24.536295,54.385043333333336,NA,NA,NA,dynamic_classA
2579999,2024-01-24T07:18:20Z,54.60324833333333,-1.1617266666666666,NA,NA,NA,satellite
2579999,2024-01-24T07:18:24Z,59.88898666666667,10.753885,NA,NA,NA,dynamic_classA
2579999,2024-01-24T07:18:30Z,-38.449666666666666,148.309015,NA,NA,NA,satellite
2579999,2024-01-24T07:18:35Z,34.79538,127.73849666666666,NA,NA,NA,dynamic_classA
2579999,2024-01-24T07:18:40Z,-38.449664999999996,148.30901,NA,NA,NA,satellite
2579999,2024-01-24T07:18:41Z,24.536295,54.385041666666666,NA,NA,NA,dynamic_classA
2579999,2024-01-24T07:18:45Z,53.53998833333333,9.878863333333333,NA,NA,NA,dynamic_classA
2579999,2024-01-24T07:19:00Z,-38.44965833333333,148.30899333333335,NA,NA,NA,satellite
2579999,2024-01-24T07:19:20Z,-38.44965166666667,148.30897666666667,NA,NA,NA,satellite
2579999,2024-01-24T07:19:22Z,-20.118608333333334,115.23903666666666,NA,NA,NA,dynamic_classA
2579999,2024-01-24T07:19:27Z,53.450606666666665,0.8896333333333334,NA,NA,NA,dynamic_classA
2579999,2024-01-24T07:19:30Z,-38.449648333333336,148.30897000000002,NA,NA,NA,satellite
2579999,2024-01-24T07:19:34Z,50.799641666666666,-1.1100299999999999,NA,NA,NA,dynamic_classA
2579999,2024-01-24T07:19:37Z,54.60325,-1.1617066666666667,NA,NA,NA,dynamic_classA
2579999,2024-01-24T07:19:38Z,24.536295,54.385043333333336,NA,NA,NA,dynamic_classA
2579999,2024-01-24T07:19:41Z,-38.449646666666666,148.308965,NA,NA,NA,satellite
2579999,2024-01-24T07:19:44Z,1.2831383333333333,103.77935666666667,NA,NA,NA,dynamic_classA
2579999,2024-01-24T07:19:55Z,53.539989999999996,9.87886,NA,NA,NA,dynamic_classA
2579999,2024-01-24T07:19:57Z,35.50155666666667,129.441145,NA,NA,NA,dynamic_classA
2579999,2024-01-24T07:20:08Z,65.21745333333334,6.905196666666667,NA,NA,NA,dynamic_classA
2579999,2024-01-24T07:20:26Z,35.501551666666664,129.44114833333333,NA,NA,NA,dynamic_classA
2579999,2024-01-24T07:20:33Z,65.217455,6.905191666666667,NA,NA,NA,dynamic_classA
2579999,2024-01-24T07:20:40Z,-38.44958666666666,148.30892833333334,NA,NA,NA,satellite
2579999,2024-01-24T07:20:42Z,56.70169666666666,-2.465751666666667,NA,NA,NA,dynamic_classA
2579999,2024-01-24T07:20:51Z,35.501555,129.441145,NA,NA,NA,dynamic_classA
2579999,2024-01-24T07:21:01Z,-20.118608333333334,115.239045,NA,NA,NA,dynamic_classA
2579999,2024-01-24T07:21:02Z,9.503423333333334,-13.708221666666667,NA,NA,NA,dynamic_classA
2579999,2024-01-24T07:21:08Z,35.50155666666667,129.441145,NA,NA,NA,dynamic_classA
2579999,2024-01-24T07:21:16Z,50.79964333333333,-1.1100416666666668,NA,NA,NA,dynamic_classA
2579999,2024-01-24T07:21:19Z,65.21745666666666,6.905209999999999,NA,NA,NA,dynamic_classA
2579999,2024-01-24T07:21:40Z,-38.449515,148.30894833333332,NA,NA,NA,satellite
2579999,2024-01-24T07:21:50Z,9.503421666666666,-13.708231666666668,NA,NA,NA,dynamic_classA
2579999,2024-01-24T07:22:09Z,35.50156166666667,129.44115,NA,NA,NA,dynamic_classA
2579999,2024-01-24T07:22:16Z,63.44207666666667,10.403414999999999,NA,NA,NA,dynamic_classA
2579999,2024-01-24T07:22:23Z,10.285730000000001,106.76147833333333,NA,NA,NA,dynamic_classA
2579999,2024-01-24T07:22:28Z,24.536288333333335,54.38505333333333,NA,NA,NA,dynamic_classA
2579999,2024-01-24T07:22:38Z,24.536288333333335,54.38505333333333,NA,NA,NA,dynamic_classA
2579999,2024-01-24T07:22:58Z,53.539991666666666,9.878873333333333,NA,NA,NA,dynamic_classA
2579999,2024-01-24T07:23:06Z,35.50156333333334,129.44115166666668,NA,NA,NA,dynamic_classA
2579999,2024-01-24T07:23:21Z,1.28314,103.77932666666668,NA,NA,NA,dynamic_classA
2579999,2024-01-24T07:23:52Z,29.650568333333336,32.361005,NA,NA,NA,dynamic_classA
2579999,2024-01-24T07:23:54Z,10.285733333333333,106.76146833333334,NA,NA,NA,dynamic_classA
2579999,2024-01-24T07:24:02Z,24.536288333333335,54.38505833333333,NA,NA,NA,dynamic_classA
2579999,2024-01-24T07:24:27Z,34.795368333333336,127.73848166666667,NA,NA,NA,dynamic_classA
2579999,2024-01-24T07:24:33Z,26.20313666666667,50.60099,NA,NA,NA,dynamic_classA
2579999,2024-01-24T07:25:27Z,53.539985,9.87886,NA,NA,NA,dynamic_classA
2579999,2024-01-24T07:25:34Z,29.650570000000002,32.360996666666665,NA,NA,NA,dynamic_classA
2579999,2024-01-24T07:25:43Z,35.501576666666665,129.44115833333333,NA,NA,NA,dynamic_classA
2579999,2024-01-24T07:25:57Z,35.50158,129.44115833333333,NA,NA,NA,dynamic_classA
2579999,2024-01-24T07:26:01Z,34.795359999999995,127.73847166666665,NA,NA,NA,dynamic_classA
2579999,2024-01-24T07:26:11Z,54.60321166666667,-1.1617366666666666,NA,NA,NA,dynamic_classA
2579999,2024-01-24T07:26:26Z,9.50342,-13.708223333333333,NA,NA,NA,dynamic_classA
2579999,2024-01-24T07:26:47Z,29.65056666666667,32.361005,NA,NA,NA,dynamic_classA
2579999,2024-01-24T07:26:54Z,24.536283333333333,54.38506666666667,NA,NA,NA,dynamic_classA
2579999,2024-01-24T07:27:01Z,1.28314,103.77933166666666,NA,NA,NA,dynamic_classA
2579999,2024-01-24T07:27:04Z,-38.44958,148.30900666666668,NA,NA,NA,satellite
2579999,2024-01-24T07:27:18Z,59.889005,10.753891666666668,NA,NA,NA,dynamic_classA
2579999,2024-01-24T07:27:24Z,-38.44958166666667,148.30900000000003,NA,NA,NA,satellite
2579999,2024-01-24T07:27:29Z,29.650564999999997,32.36100166666667,NA,NA,NA,dynamic_classA
2579999,2024-01-24T07:27:31Z,63.44205833333333,10.403386666666668,NA,NA,NA,dynamic_classA
2579999,2024-01-24T07:27:40Z,53.45057666666666,0.889665,NA,NA,NA,dynamic_classA
2579999,2024-01-24T07:27:43Z,54.60322166666666,-1.1617516666666667,NA,NA,NA,dynamic_classA
2579999,2024-01-24T07:27:45Z,34.795375,127.73847500000001,NA,NA,NA,dynamic_classA
2579999,2024-01-24T07:27:49Z,29.650564999999997,32.360996666666665,NA,NA,NA,dynamic_classA
2579999,2024-01-24T07:28:00Z,1.2831333333333332,103.77932000000001,NA,NA,NA,dynamic_classA
2579999,2024-01-24T07:28:04Z,24.536291666666667,54.385070000000006,NA,NA,NA,dynamic_classA
2579999,2024-01-24T07:28:10Z,34.795383333333334,127.73848,NA,NA,NA,dynamic_classA
2579999,2024-01-24T07:28:13Z,-20.118615,115.23905666666666,NA,NA,NA,dynamic_classA
2579999,2024-01-24T07:28:24Z,1.2831350000000001,103.779335,NA,NA,NA,dynamic_classA
2579999,2024-01-24T07:28:28Z,-38.449605,148.30897166666668,NA,NA,NA,satellite
2579999,2024-01-24T07:28:34Z,-38.449605,148.30897166666668,NA,NA,NA,satellite
2579999,2024-01-24T07:28:37Z,65.217455,6.905171666666666,NA,NA,NA,dynamic_classA
2579999,2024-01-24T07:28:50Z,50.799645000000005,-1.1100316666666667,NA,NA,NA,dynamic_classA
2579999,2024-01-24T07:28:51Z,1.2831350000000001,103.77934333333333,NA,NA,NA,dynamic_classA
2579999,2024-01-24T07:28:54Z,-38.449603333333336,148.308975,NA,NA,NA,dynamic_classA
2579999,2024-01-24T07:29:04Z,-38.44960666666667,148.30898166666665,NA,NA,NA,satellite
2579999,2024-01-24T07:29:15Z,29.650571666666668,32.36099333333333,NA,NA,NA,dynamic_classA
2579999,2024-01-24T07:29:28Z,-20.118611666666666,115.239075,NA,NA,NA,dynamic_classA
2579999,2024-01-24T07:29:37Z,1.2831316666666666,103.77933333333334,NA,NA,NA,dynamic_classA
2579999,2024-01-24T07:29:37Z,-20.118613333333332,115.23907666666668,NA,NA,NA,satellite
2579999,2024-01-24T07:29:48Z,-20.118613333333332,115.23907833333332,NA,NA,NA,dynamic_classA
2579999,2024-01-24T07:29:57Z,-20.11861,115.23907666666668,NA,NA,NA,satellite
2579999,2024-01-24T07:30:00Z,-20.118608333333334,115.23907666666668,NA,NA,NA,satellite
2579999,2024-01-24T07:30:01Z,-20.11861,115.23907666666668,NA,NA,NA,dynamic_classA
2579999,2024-01-24T07:30:07Z,-20.118608333333334,115.239075,NA,NA,NA,satellite
2579999,2024-01-24T07:30:14Z,35.50158,129.44116,NA,NA,NA,dynamic_classA
2579999,2024-01-24T07:30:17Z,-20.118611666666666,115.23907333333334,NA,NA,NA,satellite
2579999,2024-01-24T07:30:33Z,29.650568333333336,32.360998333333335,NA,NA,NA,dynamic_classA
2579999,2024-01-24T07:30:48Z,-38.44960666666667,148.308965,NA,NA,NA,dynamic_classA
2579999,2024-01-24T07:30:49Z,50.79963333333333,-1.1100299999999999,NA,NA,NA,dynamic_classA
2579999,2024-01-24T07:30:53Z,34.79536666666667,127.73848,NA,NA,NA,dynamic_classA
2579999,2024-01-24T07:31:00Z,-20.118616666666664,115.23907833333332,NA,NA,NA,satellite
2579999,2024-01-24T07:31:07Z,-20.118616666666664,115.23907666666668,NA,NA,NA,satellite
2579999,2024-01-24T07:31:16Z,24.53629,54.385065000000004,NA,NA,NA,dynamic_classA
2579999,2024-01-24T07:31:19Z,9.503418333333334,-13.70822,NA,NA,NA,dynamic_classA
2579999,2024-01-24T07:31:23Z,65.21746666666667,6.905185,NA,NA,NA,dynamic_classA
2579999,2024-01-24T07:31:38Z,35.50157166666667,129.44116,NA,NA,NA,dynamic_classA
2579999,2024-01-24T07:32:02Z,35.50157333333333,129.44117166666666,NA,NA,NA,dynamic_classA
2579999,2024-01-24T07:32:07Z,-38.44958999999999,148.30897833333333,NA,NA,NA,satellite
2579999,2024-01-24T07:32:07Z,-20.11862,115.239075,NA,NA,NA,satellite
2579999,2024-01-24T07:32:10Z,-20.118623333333336,115.23907333333334,NA,NA,NA,satellite
2579999,2024-01-24T07:32:14Z,-20.118628333333334,115.239075,NA,NA,NA,dynamic_classA
2579999,2024-01-24T07:32:16Z,34.795365,127.73846833333333,NA,NA,NA,dynamic_classA
2579999,2024-01-24T07:32:17Z,-38.44958166666667,148.30897833333333,NA,NA,NA,satellite
2579999,2024-01-24T07:32:19Z,24.536283333333333,54.38507166666667,NA,NA,NA,dynamic_classA
2579999,2024-01-24T07:32:34Z,-20.118628333333334,115.239075,NA,NA,NA,satellite
2579999,2024-01-24T07:32:37Z,-20.118628333333334,115.239075,NA,NA,NA,satellite
2579999,2024-01-24T07:32:44Z,-20.118625,115.23907333333334,NA,NA,NA,satellite
2579999,2024-01-24T07:32:46Z,34.795361666666665,127.73847,NA,NA,NA,dynamic_classA
2579999,2024-01-24T07:32:47Z,-20.118625,115.23907,NA,NA,NA,satellite
2579999,2024-01-24T07:32:49Z,24.536281666666664,54.38507666666667,NA,NA,NA,dynamic_classA
2579999,2024-01-24T07:32:50Z,-20.118623333333336,115.23907,NA,NA,NA,satellite
2579999,2024-01-24T07:33:10Z,-20.118625,115.23907333333334,NA,NA,NA,dynamic_classA
2579999,2024-01-24T07:33:10Z,-20.118623333333336,115.23907,NA,NA,NA,satellite
2579999,2024-01-24T07:33:14Z,56.70169666666666,-2.4657583333333335,NA,NA,NA,dynamic_classA
2579999,2024-01-24T07:33:18Z,-38.449578333333335,148.30899,NA,NA,NA,satellite
2579999,2024-01-24T07:33:21Z,65.217465,6.905205,NA,NA,NA,dynamic_classA
2579999,2024-01-24T07:33:22Z,-5.455376666666667,105.31048000000001,NA,NA,NA,dynamic_classA
2579999,2024-01-24T07:33:24Z,53.539995,9.878865,NA,NA,NA,dynamic_classA
2579999,2024-01-24T07:33:28Z,35.50156833333333,129.44117500000002,NA,NA,NA,dynamic_classA
2579999,2024-01-24T07:33:38Z,-20.118618333333334,115.23907666666668,NA,NA,NA,dynamic_classA
2579999,2024-01-24T07:33:47Z,63.44207166666667,10.4034,NA,NA,NA,dynamic_classA
2579999,2024-01-24T07:33:49Z,1.2831333333333332,103.77933833333333,NA,NA,NA,dynamic_classA
2579999,2024-01-24T07:33:56Z,56.70169166666667,-2.4657433333333336,NA,NA,NA,dynamic_classA
2579999,2024-01-24T07:34:07Z,-20.118621666666666,115.23908,NA,NA,NA,satellite
2579999,2024-01-24T07:34:12Z,29.650568333333336,32.36098666666667,NA,NA,NA,dynamic_classA
2579999,2024-01-24T07:34:21Z,29.650568333333336,32.36098666666667,NA,NA,NA,dynamic_classA
2579999,2024-01-24T07:34:40Z,35.50156666666667,129.44116166666666,NA,NA,NA,dynamic_classA
2579999,2024-01-24T07:34:45Z,29.65056666666667,32.360985,NA,NA,NA,dynamic_classA
2579999,2024-01-24T07:34:53Z,29.650564999999997,32.36098333333334,NA,NA,NA,dynamic_classA
2579999,2024-01-24T07:34:58Z,29.650564999999997,32.36098333333334,NA,NA,NA,dynamic_classA
2579999,2024-01-24T07:34:59Z,29.650564999999997,32.36098333333334,NA,NA,NA,dynamic_classA
2579999,2024-01-24T07:35:00Z,29.650564999999997,32.36098333333334,NA,NA,NA,dynamic_classA
2579999,2024-01-24T07:35:05Z,56.70170333333333,-2.465733333333333,NA,NA,NA,dynamic_classA
2579999,2024-01-24T07:35:13Z,46.543980000000005,-48.499066666666664,NA,NA,NA,dynamic_classA
2579999,2024-01-24T07:35:15Z,1.2831299999999999,103.77933666666667,NA,NA,NA,dynamic_classA
2579999,2024-01-24T07:35:17Z,-20.118626666666668,115.239075,NA,NA,NA,satellite
2579999,2024-01-24T07:35:19Z,1.2831316666666666,103.779335,NA,NA,NA,dynamic_classA
2579999,2024-01-24T07:35:20Z,29.650564999999997,32.36098333333334,NA,NA,NA,dynamic_classA
2579999,2024-01-24T07:35:53Z,35.50157166666667,129.44116333333332,NA,NA,NA,dynamic_classA
2579999,2024-01-24T07:36:12Z,35.50157166666667,129.44116,NA,NA,NA,dynamic_classA
2579999,2024-01-24T07:36:14Z,-20.118636666666664,115.239065,NA,NA,NA,satellite
2579999,2024-01-24T07:36:20Z,-20.118636666666664,115.239065,NA,NA,NA,satellite
2579999,2024-01-24T07:36:37Z,35.50156666666667,129.44115833333333,NA,NA,NA,dynamic_classA
2579999,2024-01-24T07:36:39Z,56.70169166666667,-2.4657433333333336,NA,NA,NA,dynamic_classA
2579999,2024-01-24T07:36:44Z,53.539993333333335,9.878861666666667,NA,NA,NA,dynamic_classA
2579999,2024-01-24T07:36:54Z,-20.118623333333336,115.23906166666667,NA,NA,NA,satellite
2579999,2024-01-24T07:36:59Z,56.70169,-2.4657416666666667,NA,NA,NA,dynamic_classA
2579999,2024-01-24T07:37:00Z,-20.118623333333336,115.23906166666667,NA,NA,NA,satellite
2579999,2024-01-24T07:37:09Z,35.501558333333335,129.44115833333333,NA,NA,NA,dynamic_classA
2579999,2024-01-24T07:37:14Z,-20.118623333333336,115.23906666666667,NA,NA,NA,satellite
2579999,2024-01-24T07:37:20Z,-20.118623333333336,115.23906666666667,NA,NA,NA,satellite
2579999,2024-01-24T07:37:27Z,34.795355,127.73847333333333,NA,NA,NA,dynamic_classA
2579999,2024-01-24T07:37:31Z,35.501555,129.44114666666667,NA,NA,NA,dynamic_classA
2579999,2024-01-24T07:37:39Z,-38.449468333333336,148.30891333333332,NA,NA,NA,dynamic_classA
2579999,2024-01-24T07:38:10Z,-20.118626666666668,115.23905833333333,NA,NA,NA,satellite
2579999,2024-01-24T07:38:19Z,65.21745833333334,6.905173333333334,NA,NA,NA,dynamic_classA
2579999,2024-01-24T07:38:40Z,54.603265,-1.1616883333333334,NA,NA,NA,satellite
2579999,2024-01-24T07:38:43Z,50.79963166666666,-1.11002,NA,NA,NA,dynamic_classA
2579999,2024-01-24T07:38:51Z,-20.118631666666666,115.23905333333333,NA,NA,NA,satellite
2579999,2024-01-24T07:38:52Z,1.28314,103.77934166666667,NA,NA,NA,dynamic_classA
2579999,2024-01-24T07:38:54Z,-20.118631666666666,115.23905166666667,NA,NA,NA,satellite
2579999,2024-01-24T07:39:11Z,53.539993333333335,9.878861666666667,NA,NA,NA,satellite
2579999,2024-01-24T07:39:14Z,-20.118628333333334,115.23905166666667,NA,NA,NA,satellite
2579999,2024-01-24T07:39:21Z,-20.118628333333334,115.23905333333333,NA,NA,NA,satellite
2579999,2024-01-24T07:39:25Z,34.795365,127.73846833333333,NA,NA,NA,dynamic_classA
2579999,2024-01-24T07:39:31Z,-20.118628333333334,115.23905833333333,NA,NA,NA,satellite
2579999,2024-01-24T07:39:41Z,24.536283333333333,54.38505,NA,NA,NA,dynamic_classA
2579999,2024-01-24T07:39:55Z,-20.118628333333334,115.23905500000001,NA,NA,NA,dynamic_classA
2579999,2024-01-24T07:39:57Z,54.60325833333333,-1.1617016666666666,NA,NA,NA,dynamic_classA
2579999,2024-01-24T07:40:04Z,25.318976666666668,53.462525,NA,NA,NA,dynamic_classA
2579999,2024-01-24T07:40:10Z,-20.118625,115.23905166666667,NA,NA,NA,satellite
2579999,2024-01-24T07:40:13Z,-20.118623333333336,115.23905333333333,NA,NA,NA,satellite
2579999,2024-01-24T07:40:23Z,50.79963166666666,-1.1100283333333332,NA,NA,NA,dynamic_classA
2579999,2024-01-24T07:40:30Z,25.318976666666668,53.462525,NA,NA,NA,dynamic_classA
2579999,2024-01-24T07:40:36Z,53.539991666666666,9.878856666666668,NA,NA,NA,dynamic_classA
2579999,2024-01-24T07:40:44Z,25.318976666666668,53.462525,NA,NA,NA,dynamic_classA
2579999,2024-01-24T07:40:45Z,1.2831433333333335,103.77934499999999,NA,NA,NA,dynamic_classA
2579999,2024-01-24T07:40:46Z,35.501560000000005,129.44114166666665,NA,NA,NA,dynamic_classA
2579999,2024-01-24T07:40:48Z,24.536288333333335,54.38505166666666,NA,NA,NA,dynamic_classA
2579999,2024-01-24T07:41:02Z,65.21745833333334,6.90518,NA,NA,NA,dynamic_classA
2579999,2024-01-24T07:41:06Z,35.501555,129.44114166666665,NA,NA,NA,dynamic_classA
2579999,2024-01-24T07:41:13Z,56.70169833333333,-2.465725,NA,NA,NA,dynamic_classA
2579999,2024-01-24T07:41:16Z,34.795345,127.73847,NA,NA,NA,dynamic_classA
2579999,2024-01-24T07:41:20Z,65.21745833333334,6.905176666666667,NA,NA,NA,dynamic_classA
2579999,2024-01-24T07:41:21Z,-20.118621666666666,115.23905833333333,NA,NA,NA,dynamic_classA
2579999,2024-01-24T07:41:26Z,50.799634999999995,-1.1100316666666667,NA,NA,NA,dynamic_classA
2579999,2024-01-24T07:41:32Z,9.503413333333333,-13.708216666666667,NA,NA,NA,dynamic_classA
2579999,2024-01-24T07:41:34Z,54.60323166666667,-1.1617016666666666,NA,NA,NA,dynamic_classA
2579999,2024-01-24T07:41:38Z,35.50155333333333,129.441135,NA,NA,NA,dynamic_classA
2579999,2024-01-24T07:41:45Z,-20.118621666666666,115.23906333333333,NA,NA,NA,dynamic_classA
2579999,2024-01-24T07:41:54Z,-20.118616666666664,115.23906333333333,NA,NA,NA,satellite
2579999,2024-01-24T07:42:24Z,-20.118613333333332,115.23906666666667,NA,NA,NA,satellite
2579999,2024-01-24T07:42:36Z,1.2831416666666666,103.77936,NA,NA,NA,dynamic_classA
2579999,2024-01-24T07:42:44Z,-20.118615,115.239065,NA,NA,NA,satellite
2579999,2024-01-24T07:42:49Z,35.50156333333334,129.44114,NA,NA,NA,dynamic_classA
2579999,2024-01-24T07:43:48Z,35.50156333333334,129.44114333333334,NA,NA,NA,dynamic_classA
2579999,2024-01-24T07:43:57Z,1.2831466666666667,103.77936666666666,NA,NA,NA,dynamic_classA
2579999,2024-01-24T07:44:13Z,24.536276666666666,54.385045,NA,NA,NA,dynamic_classA
2579999,2024-01-24T07:44:44Z,10.285708333333334,106.76153833333333,NA,NA,NA,dynamic_classA
2579999,2024-01-24T07:44:47Z,34.795361666666665,127.73847166666665,NA,NA,NA,dynamic_classA
2579999,2024-01-24T07:45:01Z,50.79964833333334,-1.1100299999999999,NA,NA,NA,dynamic_classA
2579999,2024-01-24T07:45:02Z,-38.44956666666667,148.3090083333333,NA,NA,NA,dynamic_classA
2579999,2024-01-24T07:45:07Z,63.442075,10.403408333333335,NA,NA,NA,dynamic_classA
2579999,2024-01-24T07:45:08Z,24.536278333333332,54.385055,NA,NA,NA,dynamic_classA
2579999,2024-01-24T07:45:36Z,56.701665000000006,-2.465748333333333,NA,NA,NA,dynamic_classA
2579999,2024-01-24T07:45:47Z,53.539989999999996,9.878853333333332,NA,NA,NA,dynamic_classA
2579999,2024-01-24T07:45:50Z,1.2831333333333332,103.77935166666666,NA,NA,NA,dynamic_classA
2579999,2024-01-24T07:46:16Z,35.501560000000005,129.441135,NA,NA,NA,dynamic_classA
2579999,2024-01-24T07:46:31Z,54.603245,-1.1617166666666667,NA,NA,NA,dynamic_classA
2579999,2024-01-24T07:46:33Z,35.501560000000005,129.44113833333333,NA,NA,NA,dynamic_classA
2579999,2024-01-24T07:46:40Z,34.795359999999995,127.73848500000001,NA,NA,NA,dynamic_classA
2579999,2024-01-24T07:46:46Z,35.501560000000005,129.44115,NA,NA,NA,dynamic_classA
2579999,2024-01-24T07:47:01Z,1.2831366666666668,103.77935166666666,NA,NA,NA,dynamic_classA
2579999,2024-01-24T07:47:06Z,9.503421666666666,-13.708218333333333,NA,NA,NA,dynamic_classA
2579999,2024-01-24T07:47:34Z,24.536295,54.38505833333333,NA,NA,NA,dynamic_classA
2579999,2024-01-24T07:47:38Z,59.88899333333333,10.753908333333333,NA,NA,NA,dynamic_classA
2579999,2024-01-24T07:47:55Z,34.79535,127.73846166666667,NA,NA,NA,dynamic_classA
2579999,2024-01-24T07:48:05Z,53.539986666666664,9.878856666666668,NA,NA,NA,dynamic_classA
2579999,2024-01-24T07:48:09Z,53.45058166666667,0.8896283333333332,NA,NA,NA,dynamic_classA
2579999,2024-01-24T07:48:11Z,63.44206666666666,10.403384999999998,NA,NA,NA,dynamic_classA
2579999,2024-01-24T07:48:33Z,54.60324833333333,-1.1617016666666666,NA,NA,NA,dynamic_classA
2579999,2024-01-24T07:48:37Z,1.2831333333333332,103.77935333333333,NA,NA,NA,dynamic_classA
2579999,2024-01-24T07:48:41Z,1.2831333333333332,103.77935333333333,NA,NA,NA,dynamic_classA
2579999,2024-01-24T07:49:00Z,34.79535833333333,127.73847500000001,NA,NA,NA,dynamic_classA
2579999,2024-01-24T07:49:07Z,65.21745,6.90523,NA,NA,NA,dynamic_classA
2579999,2024-01-24T07:49:10Z,50.79964666666667,-1.1100366666666666,NA,NA,NA,dynamic_classA
2579999,2024-01-24T07:49:12Z,25.31897,53.462505,NA,NA,NA,dynamic_classA
2579999,2024-01-24T07:49:24Z,59.889003333333335,10.753916666666667,NA,NA,NA,dynamic_classA
2579999,2024-01-24T07:49:28Z,-20.11862,115.23906000000001,NA,NA,NA,dynamic_classA
2579999,2024-01-24T07:49:34Z,-38.44952833333333,148.308915,NA,NA,NA,dynamic_classA
2579999,2024-01-24T07:49:50Z,24.53628666666667,54.385070000000006,NA,NA,NA,dynamic_classA
2579999,2024-01-24T07:50:00Z,25.31896833333333,53.462509999999995,NA,NA,NA,dynamic_classA
2579999,2024-01-24T07:50:34Z,35.501576666666665,129.44114833333333,NA,NA,NA,dynamic_classA
2579999,2024-01-24T07:50:35Z,1.2831333333333332,103.77936166666667,NA,NA,NA,dynamic_classA
2579999,2024-01-24T07:50:45Z,-20.11862,115.23906000000001,NA,NA,NA,dynamic_classA
2579999,2024-01-24T07:50:47Z,25.31897,53.46250666666666,NA,NA,NA,dynamic_classA
2579999,2024-01-24T07:50:48Z,-38.449526666666664,148.3089183333333,NA,NA,NA,dynamic_classA
2579999,2024-01-24T07:50:51Z,-20.118616666666664,115.23906166666667,NA,NA,NA,dynamic_classA
2579999,2024-01-24T07:51:01Z,50.79964666666667,-1.110025,NA,NA,NA,dynamic_classA
2579999,2024-01-24T07:51:18Z,65.21745166666666,6.90518,NA,NA,NA,dynamic_classA
2579999,2024-01-24T07:51:29Z,9.503421666666666,-13.708228333333333,NA,NA,NA,dynamic_classA
2579999,2024-01-24T07:51:40Z,50.799645000000005,-1.1100233333333334,NA,NA,NA,dynamic_classA
2579999,2024-01-24T07:52:10Z,34.795370000000005,127.73847500000001,NA,NA,NA,dynamic_classA
2579999,2024-01-24T07:52:17Z,35.50158666666667,129.44115166666668,NA,NA,NA,dynamic_classA
2579999,2024-01-24T07:52:24Z,65.21745333333334,6.905173333333334,NA,NA,NA,dynamic_classA
2579999,2024-01-24T07:52:31Z,29.650561666666665,32.36098833333333,NA,NA,NA,dynamic_classA
2579999,2024-01-24T07:52:58Z,-20.118626666666668,115.23904166666667,NA,NA,NA,dynamic_classA
2579999,2024-01-24T07:53:02Z,35.501576666666665,129.44114333333334,NA,NA,NA,dynamic_classA
2579999,2024-01-24T07:53:08Z,29.65056333333333,32.360996666666665,NA,NA,NA,dynamic_classA
2579999,2024-01-24T07:53:11Z,50.79964666666667,-1.1100266666666667,NA,NA,NA,dynamic_classA
2579999,2024-01-24T07:53:32Z,25.318963333333333,53.462493333333335,NA,NA,NA,dynamic_classA
2579999,2024-01-24T07:53:49Z,3.5680666666666667,113.32466500000001,NA,NA,NA,dynamic_classA
2579999,2024-01-24T07:54:01Z,65.21745333333334,6.9051816666666666,NA,NA,NA,dynamic_classA
2579999,2024-01-24T07:54:02Z,-5.45538,105.31047333333332,NA,NA,NA,dynamic_classA
2579999,2024-01-24T07:54:04Z,56.70167166666667,-2.4657600000000004,NA,NA,NA,dynamic_classA
2579999,2024-01-24T07:54:06Z,34.795395,127.73849166666668,NA,NA,NA,dynamic_classA
2579999,2024-01-24T07:54:09Z,10.285748333333334,106.76150833333332,NA,NA,NA,dynamic_classA
2579999,2024-01-24T07:54:16Z,56.701678333333334,-2.4657416666666667,NA,NA,NA,dynamic_classA
2579999,2024-01-24T07:54:18Z,35.50156666666667,129.44114666666667,NA,NA,NA,dynamic_classA
2579999,2024-01-24T07:54:36Z,21.57144,88.25143833333333,NA,NA,NA,dynamic_classA
2579999,2024-01-24T07:54:46Z,1.2831350000000001,103.77936,NA,NA,NA,dynamic_classA
2579999,2024-01-24T07:54:58Z,35.501558333333335,129.44114,NA,NA,NA,dynamic_classA
2579999,2024-01-24T07:55:10Z,35.50156166666667,129.44113833333333,NA,NA,NA,dynamic_classA
2579999,2024-01-24T07:56:00Z,25.318965,53.46250333333333,NA,NA,NA,dynamic_classA
2579999,2024-01-24T07:56:06Z,63.44208666666667,10.403403333333333,NA,NA,NA,dynamic_classA
2579999,2024-01-24T07:56:18Z,53.539993333333335,9.87885,NA,NA,NA,dynamic_classA
2579999,2024-01-24T07:56:28Z,1.2831333333333332,103.77935333333333,NA,NA,NA,dynamic_classA
2579999,2024-01-24T07:56:41Z,35.50155333333333,129.441125,NA,NA,NA,dynamic_classA
2579999,2024-01-24T07:56:43Z,35.501555,129.44112666666666,NA,NA,NA,dynamic_classA
2579999,2024-01-24T07:56:51Z,35.501555,129.44112666666666,NA,NA,NA,dynamic_classA
2579999,2024-01-24T07:56:57Z,35.501555,129.44112666666666,NA,NA,NA,dynamic_classA
2579999,2024-01-24T07:56:59Z,56.701685,-2.4657233333333335,NA,NA,NA,dynamic_classA
2579999,2024-01-24T07:57:14Z,25.318966666666665,53.46251333333333,NA,NA,NA,dynamic_classA
2579999,2024-01-24T07:57:23Z,53.539995,9.878851666666666,NA,NA,NA,dynamic_classA
2579999,2024-01-24T07:57:29Z,56.70169833333333,-2.46571,NA,NA,NA,dynamic_classA
2579999,2024-01-24T07:57:49Z,35.501551666666664,129.441135,NA,NA,NA,dynamic_classA
2579999,2024-01-24T07:58:17Z,34.79538166666667,127.73849333333332,NA,NA,NA,dynamic_classA
2579999,2024-01-24T07:58:28Z,25.318971666666666,53.46252166666667,NA,NA,NA,dynamic_classA
2579999,2024-01-24T07:58:49Z,-38.449466666666666,148.30906833333333,NA,NA,NA,dynamic_classA
2579999,2024-01-24T07:58:52Z,-33.878475,-58.42104333333334,NA,NA,NA,satellite
2579999,2024-01-24T07:58:53Z,25.318975000000002,53.46252333333334,NA,NA,NA,dynamic_classA
2579999,2024-01-24T07:58:59Z,65.21746666666667,6.905195,NA,NA,NA,dynamic_classA
2579999,2024-01-24T07:59:00Z,54.60324833333333,-1.1617033333333333,NA,NA,NA,dynamic_classA
2579999,2024-01-24T07:59:07Z,25.318973333333336,53.46252166666667,NA,NA,NA,dynamic_classA
2579999,2024-01-24T07:59:21Z,24.536268333333332,54.38506666666667,NA,NA,NA,dynamic_classA
2579999,2024-01-24T07:59:34Z,24.536268333333332,54.38506666666667,NA,NA,NA,dynamic_classA
2579999,2024-01-24T07:59:35Z,53.53999666666667,9.878848333333334,NA,NA,NA,dynamic_classA
2579999,2024-01-24T08:00:15Z,34.795370000000005,127.73849333333332,NA,NA,NA,dynamic_classA
2579999,2024-01-24T08:00:17Z,54.603253333333335,-1.1616816666666667,NA,NA,NA,dynamic_classA
2579999,2024-01-24T08:00:29Z,24.536268333333332,54.385061666666665,NA,NA,NA,dynamic_classA
2579999,2024-01-24T08:00:58Z,35.50154833333333,129.44113666666667,NA,NA,NA,dynamic_classA
2579999,2024-01-24T08:01:03Z,50.79963166666666,-1.1100283333333332,NA,NA,NA,dynamic_classA
2579999,2024-01-24T08:01:05Z,-20.11863,115.23906333333333,NA,NA,NA,dynamic_classA
2579999,2024-01-24T08:01:22Z,65.21744166666666,6.905195,NA,NA,NA,dynamic_classA
2579999,2024-01-24T08:01:23Z,56.70168833333333,-2.465733333333333,NA,NA,NA,dynamic_classA
2579999,2024-01-24T08:01:26Z,53.539993333333335,9.87884,NA,NA,NA,dynamic_classA
2579999,2024-01-24T08:01:34Z,54.60325833333333,-1.1616883333333334,NA,NA,NA,dynamic_classA
2579999,2024-01-24T08:01:42Z,9.503426666666666,-13.708210000000001,NA,NA,NA,dynamic_classA
2579999,2024-01-24T08:01:51Z,35.501545,129.441135,NA,NA,NA,dynamic_classA
2579999,2024-01-24T08:01:56Z,50.799636666666665,-1.110025,NA,NA,NA,dynamic_classA
2579999,2024-01-24T08:01:59Z,65.21746333333333,6.905176666666667,NA,NA,NA,dynamic_classA
2579999,2024-01-24T08:02:06Z,35.50154166666667,129.44113833333333,NA,NA,NA,dynamic_classA
2579999,2024-01-24T08:02:30Z,-38.449598333333334,148.30888666666667,NA,NA,NA,satellite
2579999,2024-01-24T08:02:35Z,-20.118628333333334,115.23905833333333,NA,NA,NA,dynamic_classA
2579999,2024-01-24T08:02:48Z,29.650564999999997,32.360998333333335,NA,NA,NA,dynamic_classA
2579999,2024-01-24T08:02:59Z,35.501545,129.441145,NA,NA,NA,dynamic_classA
2579999,2024-01-24T08:03:03Z,26.203263333333332,50.60115,NA,NA,NA,dynamic_classA
2579999,2024-01-24T08:03:39Z,3.5680666666666667,113.32466500000001,NA,NA,NA,dynamic_classA
2579999,2024-01-24T08:03:40Z,-38.44958833333333,148.30882333333332,NA,NA,NA,satellite
2579999,2024-01-24T08:04:00Z,-38.449578333333335,148.30882000000003,NA,NA,NA,satellite
2579999,2024-01-24T08:04:06Z,25.318973333333336,53.46251333333333,NA,NA,NA,dynamic_classA
2579999,2024-01-24T08:04:20Z,-38.449574999999996,148.30883,NA,NA,NA,satellite
2579999,2024-01-24T08:04:23Z,25.318973333333336,53.46251333333333,NA,NA,NA,dynamic_classA
2579999,2024-01-24T08:04:25Z,29.65056,32.361000000000004,NA,NA,NA,dynamic_classA
2579999,2024-01-24T08:04:36Z,35.501545,129.44114333333334,NA,NA,NA,dynamic_classA
2579999,2024-01-24T08:04:40Z,-38.44958,148.308825,NA,NA,NA,satellite
2579999,2024-01-24T08:04:52Z,24.536288333333335,54.385059999999996,NA,NA,NA,dynamic_classA
2579999,2024-01-24T08:05:00Z,-38.449574999999996,148.30881833333333,NA,NA,NA,satellite
2579999,2024-01-24T08:05:27Z,34.79537666666667,127.73848500000001,NA,NA,NA,dynamic_classA
2579999,2024-01-24T08:05:40Z,-38.44955166666667,148.30886999999998,NA,NA,NA,satellite
2579999,2024-01-24T08:05:50Z,-38.44954666666667,148.30888166666668,NA,NA,NA,satellite
2579999,2024-01-24T08:06:00Z,-38.44954499999999,148.30888833333333,NA,NA,NA,satellite
2579999,2024-01-24T08:06:06Z,9.503416666666668,-13.708233333333334,NA,NA,NA,dynamic_classA
2579999,2024-01-24T08:06:07Z,53.539995,9.878851666666666,NA,NA,NA,dynamic_classA
2579999,2024-01-24T08:06:10Z,-38.44954333333333,148.30890166666669,NA,NA,NA,satellite
2579999,2024-01-24T08:06:15Z,29.650570000000002,32.360998333333335,NA,NA,NA,dynamic_classA
2579999,2024-01-24T08:06:31Z,25.31896833333333,53.462509999999995,NA,NA,NA,satellite
2579999,2024-01-24T08:06:42Z,54.603251666666665,-1.1617066666666667,NA,NA,NA,dynamic_classA
2579999,2024-01-24T08:06:45Z,35.50154666666666,129.44114,NA,NA,NA,dynamic_classA
2579999,2024-01-24T08:06:50Z,-38.449578333333335,148.30893666666668,NA,NA,NA,satellite
2579999,2024-01-24T08:07:00Z,-38.44958833333333,148.30894666666666,NA,NA,NA,satellite
2579999,2024-01-24T08:07:02Z,1.2831299999999999,103.77935000000001,NA,NA,NA,dynamic_classA
2579999,2024-01-24T08:07:16Z,63.44206,10.403358333333333,NA,NA,NA,dynamic_classA
2579999,2024-01-24T08:07:22Z,29.650568333333336,32.36099,NA,NA,NA,dynamic_classA
2579999,2024-01-24T08:07:23Z,35.50154833333333,129.441145,NA,NA,NA,dynamic_classA
2579999,2024-01-24T08:07:25Z,34.795383333333334,127.73848500000001,NA,NA,NA,dynamic_classA
2579999,2024-01-24T08:07:30Z,34.795383333333334,127.73848500000001,NA,NA,NA,dynamic_classA
2579999,2024-01-24T08:07:31Z,-38.449601666666666,148.30898166666665,NA,NA,NA,satellite
2579999,2024-01-24T08:07:36Z,35.50154166666667,129.44115,NA,NA,NA,dynamic_classA
2579999,2024-01-24T08:07:50Z,29.650570000000002,32.36099,NA,NA,NA,satellite
2579999,2024-01-24T08:08:00Z,25.31896833333333,53.462515,NA,NA,NA,satellite
2579999,2024-01-24T08:08:09Z,25.31896833333333,53.462515,NA,NA,NA,dynamic_classA
2579999,2024-01-24T08:08:39Z,53.450590000000005,0.8896333333333334,NA,NA,NA,dynamic_classA
2579999,2024-01-24T08:08:53Z,54.60326666666666,-1.1617333333333333,NA,NA,NA,dynamic_classA
2579999,2024-01-24T08:08:59Z,29.650568333333336,32.360994999999996,NA,NA,NA,dynamic_classA
2579999,2024-01-24T08:09:01Z,63.44205833333333,10.403363333333335,NA,NA,NA,dynamic_classA
2579999,2024-01-24T08:09:05Z,-20.118628333333334,115.23905500000001,NA,NA,NA,dynamic_classA
2579999,2024-01-24T08:09:10Z,46.543980000000005,-48.499066666666664,NA,NA,NA,satellite
2579999,2024-01-24T08:09:15Z,1.2831299999999999,103.77934499999999,NA,NA,NA,dynamic_classA
2579999,2024-01-24T08:09:30Z,34.79537833333333,127.7385,NA,NA,NA,dynamic_classA
2579999,2024-01-24T08:09:45Z,1.2831266666666667,103.77934499999999,NA,NA,NA,dynamic_classA
2579999,2024-01-24T08:09:47Z,65.217455,6.905193333333333,NA,NA,NA,dynamic_classA
2579999,2024-01-24T08:10:07Z,-20.118628333333334,115.23905833333333,NA,NA,NA,satellite
2579999,2024-01-24T08:10:14Z,-20.11863,115.23905833333333,NA,NA,NA,satellite
2579999,2024-01-24T08:10:17Z,1.2831233333333332,103.77934166666667,NA,NA,NA,dynamic_classA
2579999,2024-01-24T08:10:19Z,-20.11863,115.23906000000001,NA,NA,NA,dynamic_classA
2579999,2024-01-24T08:10:24Z,-38.449565,148.30897833333333,NA,NA,NA,dynamic_classA
2579999,2024-01-24T08:10:35Z,-20.118631666666666,115.23906333333333,NA,NA,NA,satellite
2579999,2024-01-24T08:10:44Z,35.501549999999995,129.44114,NA,NA,NA,dynamic_classA
2579999,2024-01-24T08:10:45Z,-20.11863333333333,115.23906166666667,NA,NA,NA,satellite
2579999,2024-01-24T08:10:46Z,1.2831216666666667,103.77934166666667,NA,NA,NA,dynamic_classA
2579999,2024-01-24T08:10:48Z,-20.118631666666666,115.23906000000001,NA,NA,NA,satellite
2579999,2024-01-24T08:10:55Z,-20.11863333333333,115.23905833333333,NA,NA,NA,satellite
2579999,2024-01-24T08:10:58Z,-38.44954,148.30893,NA,NA,NA,dynamic_classA
2579999,2024-01-24T08:11:15Z,-20.118634999999998,115.23905833333333,NA,NA,NA,satellite
2579999,2024-01-24T08:11:22Z,1.2831233333333332,103.77933833333333,NA,NA,NA,dynamic_classA
2579999,2024-01-24T08:11:25Z,-20.118634999999998,115.23906166666667,NA,NA,NA,satellite
2579999,2024-01-24T08:11:36Z,56.701706666666674,-2.465735,NA,NA,NA,dynamic_classA
2579999,2024-01-24T08:11:38Z,-20.118634999999998,115.23906333333333,NA,NA,NA,dynamic_classA
2579999,2024-01-24T08:11:44Z,-20.118634999999998,115.239065,NA,NA,NA,satellite
2579999,2024-01-24T08:11:53Z,29.650576666666666,32.36100666666667,NA,NA,NA,dynamic_classA
2579999,2024-01-24T08:11:54Z,24.536295,54.385065000000004,NA,NA,NA,dynamic_classA
2579999,2024-01-24T08:12:07Z,29.650576666666666,32.36100666666667,NA,NA,NA,dynamic_classA
2579999,2024-01-24T08:12:18Z,35.501545,129.44114166666665,NA,NA,NA,dynamic_classA
2579999,2024-01-24T08:12:19Z,9.50343,-13.70824,NA,NA,NA,dynamic_classA
2579999,2024-01-24T08:12:24Z,-20.118636666666664,115.239075,NA,NA,NA,satellite
2579999,2024-01-24T08:12:30Z,50.79964333333333,-1.1100233333333334,NA,NA,NA,dynamic_classA
2579999,2024-01-24T08:12:31Z,24.536285000000003,54.385061666666665,NA,NA,NA,dynamic_classA
2579999,2024-01-24T08:12:35Z,-20.118636666666664,115.239075,NA,NA,NA,satellite
2579999,2024-01-24T08:12:38Z,24.536285000000003,54.385061666666665,NA,NA,NA,dynamic_classA
2579999,2024-01-24T08:12:41Z,-33.878478333333334,-58.42102666666666,NA,NA,NA,satellite
2579999,2024-01-24T08:12:57Z,35.50155333333333,129.44114666666667,NA,NA,NA,dynamic_classA
2579999,2024-01-24T08:13:05Z,-20.11863333333333,115.23906833333334,NA,NA,NA,satellite
2579999,2024-01-24T08:13:13Z,65.21746833333333,6.905188333333333,NA,NA,NA,dynamic_classA
2579999,2024-01-24T08:13:15Z,-20.118634999999998,115.23907,NA,NA,NA,satellite
2579999,2024-01-24T08:13:22Z,3.5680666666666667,113.32466500000001,NA,NA,NA,dynamic_classA
2579999,2024-01-24T08:13:35Z,-20.11863333333333,115.23907166666666,NA,NA,NA,satellite
2579999,2024-01-24T08:13:36Z,9.503421666666666,-13.708229999999999,NA,NA,NA,dynamic_classA
2579999,2024-01-24T08:13:45Z,-20.118628333333334,115.23907,NA,NA,NA,dynamic_classA
2579999,2024-01-24T08:13:55Z,-20.118628333333334,115.23907,NA,NA,NA,satellite
2579999,2024-01-24T08:14:05Z,-20.118628333333334,115.23906833333334,NA,NA,NA,satellite
2579999,2024-01-24T08:14:26Z,56.701701666666665,-2.46573,NA,NA,NA,dynamic_classA
2579999,2024-01-24T08:14:30Z,65.21746166666667,6.905150000000001,NA,NA,NA,dynamic_classA
2579999,2024-01-24T08:14:43Z,-5.455383333333333,105.31046833333333,NA,NA,NA,dynamic_classA
2579999,2024-01-24T08:14:45Z,-20.118625,115.23906666666667,NA,NA,NA,satellite
2579999,2024-01-24T08:14:54Z,56.70171333333334,-2.465735,NA,NA,NA,dynamic_classA
2579999,2024-01-24T08:15:15Z,-20.118616666666664,115.23906833333334,NA,NA,NA,satellite
2579999,2024-01-24T08:15:18Z,34.795388333333335,127.73848,NA,NA,NA,dynamic_classA
2579999,2024-01-24T08:15:20Z,35.501560000000005,129.441135,NA,NA,NA,dynamic_classA
2579999,2024-01-24T08:15:26Z,34.795368333333336,127.73847333333333,NA,NA,NA,dynamic_classA
2579999,2024-01-24T08:15:29Z,-38.449616666666664,148.30903666666666,NA,NA,NA,dynamic_classA
2579999,2024-01-24T08:15:31Z,29.650568333333336,32.36100166666667,NA,NA,NA,dynamic_classA
2579999,2024-01-24T08:15:38Z,-20.118616666666664,115.23906666666667,NA,NA,NA,satellite
2579999,2024-01-24T08:15:41Z,-20.118613333333332,115.23906666666667,NA,NA,NA,satellite
2579999,2024-01-24T08:15:54Z,10.285761666666668,106.76146,NA,NA,NA,dynamic_classA
2579999,2024-01-24T08:15:58Z,-20.118613333333332,115.23907,NA,NA,NA,satellite
2579999,2024-01-24T08:16:00Z,10.285761666666668,106.76146,NA,NA,NA,dynamic_classA
2579999,2024-01-24T08:16:01Z,-20.118615,115.23907,NA,NA,NA,satellite
2579999,2024-01-24T08:16:05Z,-20.118615,115.23907,NA,NA,NA,satellite
2579999,2024-01-24T08:16:11Z,-20.118618333333334,115.23907,NA,NA,NA,dynamic_classA
2579999,2024-01-24T08:16:15Z,50.79964833333334,-1.1100333333333334,NA,NA,NA,dynamic_classA
2579999,2024-01-24T08:16:33Z,50.799645000000005,-1.1100349999999999,NA,NA,NA,dynamic_classA
2579999,2024-01-24T08:16:37Z,1.2831299999999999,103.77934499999999,NA,NA,NA,dynamic_classA
2579999,2024-01-24T08:16:49Z,56.70169666666666,-2.465708333333333,NA,NA,NA,dynamic_classA
2579999,2024-01-24T08:16:52Z,29.65056666666667,32.361003333333336,NA,NA,NA,dynamic_classA
2579999,2024-01-24T08:16:55Z,1.2831299999999999,103.77934333333333,NA,NA,NA,dynamic_classA
2579999,2024-01-24T08:17:17Z,35.501558333333335,129.44114333333334,NA,NA,NA,dynamic_classA
2579999,2024-01-24T08:17:18Z,35.501558333333335,129.44114333333334,NA,NA,NA,dynamic_classA
2579999,2024-01-24T08:17:23Z,35.50156166666667,129.441145,NA,NA,NA,dynamic_classA
2579999,2024-01-24T08:17:31Z,35.50156166666667,129.441145,NA,NA,NA,satellite
2579999,2024-01-24T08:17:39Z,56.701715,-2.465726666666667,NA,NA,NA,dynamic_classA
2579999,2024-01-24T08:17:41Z,35.50156333333334,129.441145,NA,NA,NA,satellite
2579999,2024-01-24T08:18:01Z,-38.44963833333334,148.30903333333333,NA,NA,NA,satellite
2579999,2024-01-24T08:18:03Z,53.53999666666667,9.87886,NA,NA,NA,dynamic_classA
2579999,2024-01-24T08:18:22Z,-38.44963666666667,148.30902666666668,NA,NA,NA,satellite
2579999,2024-01-24T08:18:28Z,-38.449634999999994,148.30902666666668,NA,NA,NA,satellite
2579999,2024-01-24T08:18:37Z,63.442078333333335,10.403408333333335,NA,NA,NA,dynamic_classA
2579999,2024-01-24T08:18:38Z,-38.44963333333333,148.30902666666668,NA,NA,NA,satellite
2579999,2024-01-24T08:18:39Z,35.50156666666667,129.441145,NA,NA,NA,dynamic_classA
2579999,2024-01-24T08:18:42Z,-38.44963333333333,148.30902666666668,NA,NA,NA,satellite
2579999,2024-01-24T08:18:54Z,59.88901333333333,10.753881666666667,NA,NA,NA,dynamic_classA
2579999,2024-01-24T08:18:55Z,26.20331666666667,50.60102666666667,NA,NA,NA,dynamic_classA
2579999,2024-01-24T08:18:57Z,34.79535333333333,127.73847833333333,NA,NA,NA,dynamic_classA
2579999,2024-01-24T08:19:08Z,29.650568333333336,32.36100666666667,NA,NA,NA,satellite
2579999,2024-01-24T08:19:10Z,54.60330666666667,-1.1619,NA,NA,NA,dynamic_classA
2579999,2024-01-24T08:19:18Z,-38.449619999999996,148.30902,NA,NA,NA,satellite
2579999,2024-01-24T08:19:19Z,25.318976666666668,53.462518333333335,NA,NA,NA,dynamic_classA
2579999,2024-01-24T08:19:22Z,-38.449619999999996,148.30902,NA,NA,NA,satellite
2579999,2024-01-24T08:19:28Z,-38.44961166666667,148.30901166666666,NA,NA,NA,satellite
2579999,2024-01-24T08:19:29Z,65.21748,6.905163333333333,NA,NA,NA,dynamic_classA
2579999,2024-01-24T08:19:38Z,-38.449603333333336,148.30900333333332,NA,NA,NA,satellite
2579999,2024-01-24T08:19:41Z,-38.449603333333336,148.30900333333332,NA,NA,NA,satellite
2579999,2024-01-24T08:19:48Z,-38.44959666666667,148.30899833333334,NA,NA,NA,satellite
2579999,2024-01-24T08:19:55Z,53.53999666666667,9.878861666666667,NA,NA,NA,dynamic_classA
2579999,2024-01-24T08:19:58Z,-38.44958833333333,148.30899833333334,NA,NA,NA,satellite
2579999,2024-01-24T08:20:00Z,34.795361666666665,127.73847666666667,NA,NA,NA,dynamic_classA
2579999,2024-01-24T08:20:01Z,-38.44958833333333,148.30899833333334,NA,NA,NA,satellite
2579999,2024-01-24T08:20:08Z,53.539995,9.87886,NA,NA,NA,satellite
2579999,2024-01-24T08:20:18Z,-38.44957,148.30900333333332,NA,NA,NA,satellite
2579999,2024-01-24T08:20:21Z,-38.44957,148.30900333333332,NA,NA,NA,satellite
2579999,2024-01-24T08:20:37Z,1.2831233333333332,103.77933833333333,NA,NA,NA,dynamic_classA
2579999,2024-01-24T08:20:38Z,-38.44956333333334,148.30899833333334,NA,NA,NA,satellite
2579999,2024-01-24T08:20:41Z,-38.44956333333334,148.30899833333334,NA,NA,NA,satellite
2579999,2024-01-24T08:20:55Z,-20.118626666666668,115.23906333333333,NA,NA,NA,dynamic_classA
2579999,2024-01-24T08:20:59Z,65.21745666666666,6.905213333333333,NA,NA,NA,dynamic_classA
2579999,2024-01-24T08:21:08Z,-38.449578333333335,148.30899333333335,NA,NA,NA,satellite
2579999,2024-01-24T08:21:11Z,-38.449578333333335,148.30899333333335,NA,NA,NA,satellite
2579999,2024-01-24T08:21:16Z,35.501551666666664,129.441145,NA,NA,NA,dynamic_classA
2579999,2024-01-24T08:21:18Z,-20.118626666666668,115.23906166666667,NA,NA,NA,satellite
2579999,2024-01-24T08:21:21Z,-38.449578333333335,148.30898333333334,NA,NA,NA,satellite
2579999,2024-01-24T08:21:24Z,25.318976666666668,53.462520000000005,NA,NA,NA,dynamic_classA
2579999,2024-01-24T08:21:32Z,-38.449576666666665,148.30897166666668,NA,NA,NA,satellite
2579999,2024-01-24T08:21:38Z,-38.449571666666664,148.30895833333335,NA,NA,NA,satellite
2579999,2024-01-24T08:21:42Z,65.21744833333334,6.90519,NA,NA,NA,satellite
2579999,2024-01-24T08:21:55Z,-20.11862,115.23905500000001,NA,NA,NA,dynamic_classA
2579999,2024-01-24T08:22:02Z,9.503431666666668,-13.708229999999999,NA,NA,NA,dynamic_classA
2579999,2024-01-24T08:22:06Z,50.79964,-1.1100299999999999,NA,NA,NA,dynamic_classA
2579999,2024-01-24T08:22:08Z,35.50156333333334,129.44114666666667,NA,NA,NA,dynamic_classA
2579999,2024-01-24T08:22:11Z,-38.449556666666666,148.30890666666667,NA,NA,NA,satellite
2579999,2024-01-24T08:22:13Z,50.79964,-1.1100299999999999,NA,NA,NA,dynamic_classA
2579999,2024-01-24T08:22:14Z,24.53630666666667,54.385083333333334,NA,NA,NA,dynamic_classA
2579999,2024-01-24T08:22:18Z,59.888985000000005,10.753873333333333,NA,NA,NA,satellite
2579999,2024-01-24T08:22:21Z,35.50156333333334,129.44114666666667,NA,NA,NA,satellite
2579999,2024-01-24T08:22:23Z,56.70169,-2.4657649999999998,NA,NA,NA,dynamic_classA
2579999,2024-01-24T08:22:28Z,-38.44954166666666,148.30886666666666,NA,NA,NA,satellite
2579999,2024-01-24T08:22:29Z,25.318983333333332,53.46252333333334,NA,NA,NA,dynamic_classA
2579999,2024-01-24T08:22:38Z,-38.44954666666667,148.30885666666666,NA,NA,NA,satellite
2579999,2024-01-24T08:22:42Z,-38.44954666666667,148.30885666666666,NA,NA,NA,satellite
2579999,2024-01-24T08:22:48Z,-38.44955,148.30884833333332,NA,NA,NA,satellite
2579999,2024-01-24T08:22:50Z,-33.87848,-58.42102666666666,NA,NA,NA,satellite
2579999,2024-01-24T08:22:54Z,54.60322333333333,-1.1618033333333335,NA,NA,NA,dynamic_classA
2579999,2024-01-24T08:23:18Z,-38.44954833333334,148.30883166666666,NA,NA,NA,satellite
2579999,2024-01-24T08:23:29Z,35.501565,129.44114166666665,NA,NA,NA,dynamic_classA
2579999,2024-01-24T08:23:39Z,-38.44954499999999,148.30883333333335,NA,NA,NA,satellite
2579999,2024-01-24T08:23:41Z,-38.44954499999999,148.30883333333335,NA,NA,NA,satellite
2579999,2024-01-24T08:23:45Z,-20.118605,115.23906000000001,NA,NA,NA,dynamic_classA
2579999,2024-01-24T08:23:52Z,24.53631,54.38508,NA,NA,NA,dynamic_classA
2579999,2024-01-24T08:23:58Z,-38.44954333333333,148.30883,NA,NA,NA,satellite
2579999,2024-01-24T08:24:08Z,-38.44954333333333,148.30883333333335,NA,NA,NA,satellite
2579999,2024-01-24T08:24:18Z,-38.44954499999999,148.30883833333334,NA,NA,NA,satellite
2579999,2024-01-24T08:24:42Z,-38.44954499999999,148.30883333333335,NA,NA,NA,satellite
2579999,2024-01-24T08:24:58Z,-38.44954666666667,148.30883,NA,NA,NA,satellite
2579999,2024-01-24T08:25:01Z,-38.44954666666667,148.30883,NA,NA,NA,satellite
2579999,2024-01-24T08:25:16Z,35.50154833333333,129.44113166666665,NA,NA,NA,dynamic_classA
2579999,2024-01-24T08:25:18Z,-38.44953833333333,148.30881499999998,NA,NA,NA,satellite
2579999,2024-01-24T08:25:29Z,-38.449535,148.30880666666664,NA,NA,NA,satellite
2579999,2024-01-24T08:25:38Z,-38.449533333333335,148.30879833333333,NA,NA,NA,satellite
2579999,2024-01-24T08:25:41Z,-38.449533333333335,148.30879833333333,NA,NA,NA,satellite
2579999,2024-01-24T08:25:47Z,24.536308333333334,54.38507166666667,NA,NA,NA,dynamic_classA
2579999,2024-01-24T08:25:48Z,-38.449529999999996,148.30878833333333,NA,NA,NA,satellite
2579999,2024-01-24T08:25:50Z,-38.449529999999996,148.30878833333333,NA,NA,NA,satellite
2579999,2024-01-24T08:25:51Z,-38.449529999999996,148.30878833333333,NA,NA,NA,satellite
2579999,2024-01-24T08:25:55Z,21.571450000000002,88.25143833333333,NA,NA,NA,dynamic_classA
2579999,2024-01-24T08:25:57Z,34.79538166666667,127.73848666666666,NA,NA,NA,dynamic_classA
2579999,2024-01-24T08:25:58Z,-38.44952833333333,148.30877833333335,NA,NA,NA,satellite
2579999,2024-01-24T08:26:00Z,-38.44952833333333,148.30877833333335,NA,NA,NA,satellite
2579999,2024-01-24T08:26:01Z,-38.44952833333333,148.30877833333335,NA,NA,NA,satellite
2579999,2024-01-24T08:26:05Z,21.571450000000002,88.25143833333333,NA,NA,NA,dynamic_classA
2579999,2024-01-24T08:26:08Z,-38.44952833333333,148.30877,NA,NA,NA,satellite
2579999,2024-01-24T08:26:09Z,53.53998833333333,9.878858333333334,NA,NA,NA,satellite
2579999,2024-01-24T08:26:20Z,-38.44952833333333,148.30876666666666,NA,NA,NA,satellite
2579999,2024-01-24T08:26:27Z,53.53998833333333,9.878858333333334,NA,NA,NA,dynamic_classA
2579999,2024-01-24T08:26:34Z,29.65056666666667,32.361003333333336,NA,NA,NA,dynamic_classA
2579999,2024-01-24T08:26:40Z,-38.449529999999996,148.30879000000002,NA,NA,NA,satellite
2579999,2024-01-24T08:26:48Z,-38.449535,148.30880333333334,NA,NA,NA,satellite
2579999,2024-01-24T08:26:49Z,53.450595,0.8896166666666667,NA,NA,NA,dynamic_classA
2579999,2024-01-24T08:26:53Z,10.285728333333333,106.76154666666666,NA,NA,NA,dynamic_classA
2579999,2024-01-24T08:26:58Z,-38.44954166666666,148.30881333333335,NA,NA,NA,satellite
2579999,2024-01-24T08:27:00Z,-38.44954166666666,148.30881333333335,NA,NA,NA,satellite
2579999,2024-01-24T08:27:01Z,54.60324,-1.1617516666666667,NA,NA,NA,dynamic_classA
2579999,2024-01-24T08:27:05Z,35.50157166666667,129.44114833333333,NA,NA,NA,dynamic_classA
2579999,2024-01-24T08:27:20Z,-38.449555000000004,148.30882333333332,NA,NA,NA,satellite
2579999,2024-01-24T08:27:35Z,53.539991666666666,9.878865,NA,NA,NA,dynamic_classA
2579999,2024-01-24T08:27:39Z,53.539993333333335,9.878866666666665,NA,NA,NA,satellite
2579999,2024-01-24T08:27:59Z,-38.44959666666667,148.30884333333333,NA,NA,NA,satellite
2579999,2024-01-24T08:28:13Z,25.318998333333333,53.462515,NA,NA,NA,dynamic_classA
2579999,2024-01-24T08:28:15Z,34.79533833333333,127.738445,NA,NA,NA,dynamic_classA
2579999,2024-01-24T08:28:16Z,35.50155333333333,129.44112166666667,NA,NA,NA,dynamic_classA
2579999,2024-01-24T08:28:19Z,25.318998333333333,53.462515,NA,NA,NA,dynamic_classA
2579999,2024-01-24T08:28:20Z,34.79533833333333,127.738445,NA,NA,NA,dynamic_classA
2579999,2024-01-24T08:28:39Z,29.650575,32.36100166666667,NA,NA,NA,dynamic_classA
2579999,2024-01-24T08:28:40Z,-38.449625,148.308875,NA,NA,NA,satellite
2579999,2024-01-24T08:28:49Z,24.536301666666667,54.38505166666666,NA,NA,NA,dynamic_classA
2579999,2024-01-24T08:29:00Z,-38.449643333333334,148.30887166666668,NA,NA,NA,satellite
2579999,2024-01-24T08:29:06Z,26.20341833333333,50.601126666666666,NA,NA,NA,dynamic_classA
2579999,2024-01-24T08:29:10Z,-33.878478333333334,-58.421033333333334,NA,NA,NA,satellite
2579999,2024-01-24T08:29:13Z,54.60326166666667,-1.1617266666666666,NA,NA,NA,dynamic_classA
2579999,2024-01-24T08:29:20Z,50.79962666666667,-1.1100299999999999,NA,NA,NA,satellite
2579999,2024-01-24T08:29:28Z,29.650581666666668,32.36100166666667,NA,NA,NA,dynamic_classA
2579999,2024-01-24T08:29:30Z,-38.44965666666667,148.30889666666664,NA,NA,NA,satellite
2579999,2024-01-24T08:29:32Z,1.2831333333333332,103.779355,NA,NA,NA,dynamic_classA
2579999,2024-01-24T08:29:51Z,63.442054999999996,10.40338,NA,NA,NA,dynamic_classA
2579999,2024-01-24T08:29:52Z,-20.118613333333332,115.23906166666667,NA,NA,NA,dynamic_classA
2579999,2024-01-24T08:30:00Z,-38.44965,148.30892833333334,NA,NA,NA,satellite
2579999,2024-01-24T08:30:07Z,63.44205833333333,10.403376666666666,NA,NA,NA,dynamic_classA
2579999,2024-01-24T08:30:17Z,65.21744166666666,6.905151666666667,NA,NA,NA,dynamic_classA
2579999,2024-01-24T08:30:20Z,-38.44965166666667,148.30895333333333,NA,NA,NA,satellite
2579999,2024-01-24T08:30:30Z,-20.11860666666667,115.23906166666667,NA,NA,NA,satellite
2579999,2024-01-24T08:30:37Z,1.2831316666666666,103.77936,NA,NA,NA,dynamic_classA
2579999,2024-01-24T08:30:40Z,34.79537333333334,127.73846333333333,NA,NA,NA,satellite
2579999,2024-01-24T08:30:47Z,-20.11860666666667,115.23906333333333,NA,NA,NA,satellite
2579999,2024-01-24T08:30:54Z,29.650578333333332,32.361005,NA,NA,NA,satellite
2579999,2024-01-24T08:30:58Z,-38.44964166666667,148.30899,NA,NA,NA,dynamic_classA
2579999,2024-01-24T08:31:04Z,35.50161333333333,129.44110833333335,NA,NA,NA,dynamic_classA
2579999,2024-01-24T08:31:14Z,-38.44964,148.30899333333335,NA,NA,NA,satellite
2579999,2024-01-24T08:31:17Z,-20.118611666666666,115.23905666666666,NA,NA,NA,satellite
2579999,2024-01-24T08:31:20Z,-38.44963833333334,148.30899333333335,NA,NA,NA,satellite
2579999,2024-01-24T08:31:31Z,-20.118615,115.23906000000001,NA,NA,NA,dynamic_classA
2579999,2024-01-24T08:31:40Z,-38.449619999999996,148.30899833333334,NA,NA,NA,satellite
2579999,2024-01-24T08:32:00Z,-38.44959333333334,148.30899166666669,NA,NA,NA,satellite
2579999,2024-01-24T08:32:16Z,9.503416666666668,-13.708225,NA,NA,NA,dynamic_classA
2579999,2024-01-24T08:32:21Z,-20.118616666666664,115.23906333333333,NA,NA,NA,satellite
2579999,2024-01-24T08:32:27Z,24.536281666666664,54.385070000000006,NA,NA,NA,dynamic_classA
2579999,2024-01-24T08:32:28Z,-20.118616666666664,115.23906333333333,NA,NA,NA,dynamic_classA
2579999,2024-01-24T08:32:30Z,-20.118616666666664,115.23906333333333,NA,NA,NA,satellite
2579999,2024-01-24T08:32:39Z,9.503418333333334,-13.708229999999999,NA,NA,NA,dynamic_classA
2579999,2024-01-24T08:32:40Z,-20.118618333333334,115.23906166666667,NA,NA,NA,satellite
2579999,2024-01-24T08:32:43Z,29.650573333333334,32.36101,NA,NA,NA,dynamic_classA
2579999,2024-01-24T08:33:00Z,-38.44958999999999,148.30897166666668,NA,NA,NA,satellite
2579999,2024-01-24T08:33:01Z,-38.44958999999999,148.30897166666668,NA,NA,NA,satellite
2579999,2024-01-24T08:33:10Z,50.79962,-1.1100266666666667,NA,NA,NA,dynamic_classA
2579999,2024-01-24T08:33:11Z,-38.44959333333334,148.308965,NA,NA,NA,satellite
2579999,2024-01-24T08:33:13Z,-20.118611666666666,115.23906833333334,NA,NA,NA,satellite
2579999,2024-01-24T08:33:14Z,-20.118611666666666,115.23906833333334,NA,NA,NA,satellite
2579999,2024-01-24T08:33:24Z,-20.118613333333332,115.23907,NA,NA,NA,dynamic_classA
2579999,2024-01-24T08:33:30Z,-38.449601666666666,148.30896666666666,NA,NA,NA,satellite
2579999,2024-01-24T08:33:37Z,35.50161,129.44111166666667,NA,NA,NA,dynamic_classA
2579999,2024-01-24T08:33:40Z,-38.44960833333334,148.3089733333333,NA,NA,NA,satellite
2579999,2024-01-24T08:33:41Z,-38.44960833333334,148.3089733333333,NA,NA,NA,satellite
2579999,2024-01-24T08:33:43Z,-20.118613333333332,115.23906833333334,NA,NA,NA,satellite
2579999,2024-01-24T08:33:44Z,-20.118613333333332,115.23906833333334,NA,NA,NA,satellite
2579999,2024-01-24T08:33:52Z,3.5680666666666667,113.32466500000001,NA,NA,NA,dynamic_classA
2579999,2024-01-24T08:34:00Z,-20.118613333333332,115.239065,NA,NA,NA,satellite
2579999,2024-01-24T08:34:01Z,-38.44962666666667,148.30898833333333,NA,NA,NA,satellite
2579999,2024-01-24T08:34:09Z,24.536305000000002,54.38509666666666,NA,NA,NA,dynamic_classA
2579999,2024-01-24T08:34:13Z,65.21745,6.9051383333333325,NA,NA,NA,dynamic_classA
2579999,2024-01-24T08:34:17Z,24.536305000000002,54.38509666666666,NA,NA,NA,dynamic_classA
2579999,2024-01-24T08:34:21Z,-38.44964,148.30898833333333,NA,NA,NA,satellite
2579999,2024-01-24T08:34:23Z,46.543980000000005,-48.499066666666664,NA,NA,NA,dynamic_classA
2579999,2024-01-24T08:34:31Z,-20.118618333333334,115.239065,NA,NA,NA,dynamic_classA
2579999,2024-01-24T08:34:40Z,-20.118618333333334,115.239065,NA,NA,NA,satellite
2579999,2024-01-24T08:34:41Z,-38.44965166666667,148.30898,NA,NA,NA,satellite
2579999,2024-01-24T08:34:46Z,56.701706666666674,-2.4657466666666665,NA,NA,NA,dynamic_classA
2579999,2024-01-24T08:34:56Z,1.2831249999999998,103.77933833333333,NA,NA,NA,dynamic_classA
2579999,2024-01-24T08:35:01Z,-38.44967,148.30897833333333,NA,NA,NA,satellite
2579999,2024-01-24T08:35:02Z,3.5680666666666667,113.32466500000001,NA,NA,NA,dynamic_classA
2579999,2024-01-24T08:35:10Z,65.21746166666667,6.905145,NA,NA,NA,dynamic_classA
2579999,2024-01-24T08:35:12Z,-5.455398333333333,105.31049333333334,NA,NA,NA,dynamic_classA
2579999,2024-01-24T08:35:20Z,-38.44968333333334,148.308965,NA,NA,NA,satellite
2579999,2024-01-24T08:35:34Z,53.54,9.878858333333334,NA,NA,NA,dynamic_classA
2579999,2024-01-24T08:35:35Z,21.57145166666667,88.25144333333333,NA,NA,NA,dynamic_classA
2579999,2024-01-24T08:35:40Z,-38.449693333333336,148.308955,NA,NA,NA,satellite
2579999,2024-01-24T08:35:44Z,56.701710000000006,-2.465751666666667,NA,NA,NA,dynamic_classA
2579999,2024-01-24T08:35:50Z,35.50162,129.44111333333333,NA,NA,NA,dynamic_classA
2579999,2024-01-24T08:35:57Z,-20.118611666666666,115.23906166666667,NA,NA,NA,dynamic_classA
2579999,2024-01-24T08:36:00Z,-38.44968666666667,148.30895166666667,NA,NA,NA,satellite
2579999,2024-01-24T08:36:06Z,34.79539166666667,127.73846833333333,NA,NA,NA,dynamic_classA
2579999,2024-01-24T08:36:11Z,29.650573333333334,32.36100666666667,NA,NA,NA,dynamic_classA
2579999,2024-01-24T08:36:16Z,63.442075,10.40338,NA,NA,NA,dynamic_classA
2579999,2024-01-24T08:36:18Z,35.501625,129.44111333333333,NA,NA,NA,dynamic_classA
2579999,2024-01-24T08:36:21Z,-38.449664999999996,148.30894500000002,NA,NA,NA,satellite
2579999,2024-01-24T08:36:30Z,-38.44965166666667,148.30894333333333,NA,NA,NA,satellite
2579999,2024-01-24T08:36:36Z,56.70167,-2.4657600000000004,NA,NA,NA,dynamic_classA
2579999,2024-01-24T08:36:50Z,50.79961166666667,-1.11002,NA,NA,NA,dynamic_classA
2579999,2024-01-24T08:36:58Z,58.014646666666664,7.483878333333333,NA,NA,NA,dynamic_classA
2579999,2024-01-24T08:37:00Z,-38.44961,148.30893666666668,NA,NA,NA,satellite
2579999,2024-01-24T08:37:01Z,1.2831249999999998,103.77934499999999,NA,NA,NA,dynamic_classA
2579999,2024-01-24T08:37:08Z,24.536338333333333,54.38507666666667,NA,NA,NA,dynamic_classA
2579999,2024-01-24T08:37:09Z,56.70169,-2.465748333333333,NA,NA,NA,dynamic_classA
2579999,2024-01-24T08:37:21Z,-38.449598333333334,148.308935,NA,NA,NA,satellite
2579999,2024-01-24T08:37:37Z,35.501621666666665,129.441115,NA,NA,NA,dynamic_classA
2579999,2024-01-24T08:37:41Z,-38.44959166666667,148.30892666666665,NA,NA,NA,satellite
2579999,2024-01-24T08:37:48Z,35.501621666666665,129.44111333333333,NA,NA,NA,dynamic_classA
2579999,2024-01-24T08:38:01Z,-38.449571666666664,148.3089,NA,NA,NA,satellite
2579999,2024-01-24T08:38:02Z,35.501621666666665,129.44111333333333,NA,NA,NA,dynamic_classA
2579999,2024-01-24T08:38:03Z,50.799618333333335,-1.11002,NA,NA,NA,dynamic_classA
2579999,2024-01-24T08:38:09Z,56.70168833333333,-2.465748333333333,NA,NA,NA,dynamic_classA
2579999,2024-01-24T08:38:10Z,10.285728333333333,106.76152,NA,NA,NA,dynamic_classA
2579999,2024-01-24T08:38:11Z,-38.44956333333334,148.30888833333333,NA,NA,NA,satellite
2579999,2024-01-24T08:38:21Z,35.50162,129.44111166666667,NA,NA,NA,dynamic_classA
2579999,2024-01-24T08:38:28Z,1.2831266666666667,103.77934833333333,NA,NA,NA,dynamic_classA
2579999,2024-01-24T08:38:31Z,-38.44954333333333,148.30885500000002,NA,NA,NA,satellite
2579999,2024-01-24T08:38:43Z,53.54,9.87886,NA,NA,NA,dynamic_classA
2579999,2024-01-24T08:38:51Z,35.50161666666667,129.44111333333333,NA,NA,NA,dynamic_classA
2579999,2024-01-24T08:39:01Z,-38.44952,148.30879666666667,NA,NA,NA,satellite
2579999,2024-01-24T08:39:19Z,35.50161333333333,129.44111666666666,NA,NA,NA,dynamic_classA
2579999,2024-01-24T08:39:21Z,-38.449515,148.30877166666667,NA,NA,NA,satellite
2579999,2024-01-24T08:39:30Z,54.6033,-1.1618083333333333,NA,NA,NA,dynamic_classA
2579999,2024-01-24T08:39:47Z,34.79535166666667,127.73847,NA,NA,NA,dynamic_classA
2579999,2024-01-24T08:39:49Z,65.21746166666667,6.905176666666667,NA,NA,NA,dynamic_classA
2579999,2024-01-24T08:40:11Z,24.53633166666667,54.385086666666666,NA,NA,NA,dynamic_classA
2579999,2024-01-24T08:40:15Z,53.53999666666667,9.878853333333332,NA,NA,NA,dynamic_classA
2579999,2024-01-24T08:40:31Z,-38.44949833333333,148.30877666666666,NA,NA,NA,satellite
2579999,2024-01-24T08:40:41Z,-38.44949,148.30876666666666,NA,NA,NA,satellite
2579999,2024-01-24T08:40:49Z,34.795355,127.73847333333333,NA,NA,NA,dynamic_classA
2579999,2024-01-24T08:40:57Z,54.60328666666667,-1.16178,NA,NA,NA,dynamic_classA
2579999,2024-01-24T08:40:58Z,53.53999833333333,9.878853333333332,NA,NA,NA,dynamic_classA
2579999,2024-01-24T08:40:59Z,-38.44947333333334,148.30874166666666,NA,NA,NA,dynamic_classA
2579999,2024-01-24T08:41:19Z,24.536323333333332,54.385106666666665,NA,NA,NA,dynamic_classA
2579999,2024-01-24T08:41:35Z,34.795370000000005,127.73846333333333,NA,NA,NA,dynamic_classA
2579999,2024-01-24T08:41:36Z,35.50161,129.44112666666666,NA,NA,NA,dynamic_classA
2579999,2024-01-24T08:41:40Z,1.2831183333333334,103.77934166666667,NA,NA,NA,dynamic_classA
2579999,2024-01-24T08:41:48Z,24.536311666666666,54.38510333333333,NA,NA,NA,dynamic_classA
2579999,2024-01-24T08:41:52Z,65.21745833333334,6.905156666666667,NA,NA,NA,dynamic_classA
2579999,2024-01-24T08:42:08Z,-20.118601666666667,115.23906166666667,NA,NA,NA,dynamic_classA
2579999,2024-01-24T08:42:21Z,35.50161,129.44112833333332,NA,NA,NA,dynamic_classA
2579999,2024-01-24T08:42:22Z,9.503431666666668,-13.708236666666666,NA,NA,NA,dynamic_classA
2579999,2024-01-24T08:42:23Z,56.701699999999995,-2.4657433333333336,NA,NA,NA,dynamic_classA
2579999,2024-01-24T08:42:26Z,50.799634999999995,-1.1100233333333334,NA,NA,NA,dynamic_classA
2579999,2024-01-24T08:42:28Z,35.50161,129.44112833333332,NA,NA,NA,dynamic_classA
2579999,2024-01-24T08:42:29Z,-20.118608333333334,115.239065,NA,NA,NA,dynamic_classA
2579999,2024-01-24T08:42:35Z,53.539993333333335,9.878856666666668,NA,NA,NA,dynamic_classA
2579999,2024-01-24T08:42:45Z,-20.11860666666667,115.23905666666666,NA,NA,NA,dynamic_classA
2579999,2024-01-24T08:42:53Z,50.799634999999995,-1.1100283333333332,NA,NA,NA,dynamic_classA
2579999,2024-01-24T08:43:23Z,1.2831333333333332,103.77934666666667,NA,NA,NA,dynamic_classA
2579999,2024-01-24T08:43:39Z,65.21744666666667,6.905176666666667,NA,NA,NA,dynamic_classA
2579999,2024-01-24T08:43:49Z,35.50159166666666,129.441125,NA,NA,NA,dynamic_classA
2579999,2024-01-24T08:45:53Z,10.28576,106.76145666666666,NA,NA,NA,dynamic_classA
2579999,2024-01-24T08:45:59Z,-20.118608333333334,115.23905166666667,NA,NA,NA,dynamic_classA
2579999,2024-01-24T08:46:01Z,1.28314,103.77934166666667,NA,NA,NA,dynamic_classA
2579999,2024-01-24T08:46:06Z,35.50157,129.44112833333332,NA,NA,NA,dynamic_classA
2579999,2024-01-24T08:46:27Z,34.795341666666666,127.73849333333332,NA,NA,NA,dynamic_classA
2579999,2024-01-24T08:46:47Z,53.539989999999996,9.87885,NA,NA,NA,dynamic_classA
2579999,2024-01-24T08:46:54Z,29.650568333333336,32.361003333333336,NA,NA,NA,dynamic_classA
2579999,2024-01-24T08:47:12Z,54.60326666666666,-1.1617166666666667,NA,NA,NA,dynamic_classA
2579999,2024-01-24T08:47:19Z,53.450608333333335,0.88966,NA,NA,NA,dynamic_classA
2579999,2024-01-24T08:47:25Z,35.50157333333333,129.44114,NA,NA,NA,dynamic_classA
2579999,2024-01-24T08:47:33Z,25.318996666666667,53.46251333333333,NA,NA,NA,dynamic_classA
2579999,2024-01-24T08:47:37Z,63.44208166666667,10.403381666666666,NA,NA,NA,dynamic_classA
2579999,2024-01-24T08:47:42Z,25.31900166666667,53.46251333333333,NA,NA,NA,dynamic_classA
2579999,2024-01-24T08:47:58Z,29.650571666666668,32.36101,NA,NA,NA,dynamic_classA
2579999,2024-01-24T08:48:02Z,29.650571666666668,32.36101,NA,NA,NA,dynamic_classA
2579999,2024-01-24T08:48:03Z,46.543980000000005,-48.499066666666664,NA,NA,NA,dynamic_classA
2579999,2024-01-24T08:48:04Z,25.318996666666667,53.462511666666664,NA,NA,NA,dynamic_classA
2579999,2024-01-24T08:48:10Z,-38.449605,148.30886,NA,NA,NA,satellite
2579999,2024-01-24T08:48:20Z,-38.44961,148.30885833333332,NA,NA,NA,satellite
2579999,2024-01-24T08:48:25Z,34.795343333333335,127.73849166666668,NA,NA,NA,dynamic_classA
2579999,2024-01-24T08:48:28Z,59.88901833333333,10.753938333333334,NA,NA,NA,dynamic_classA
2579999,2024-01-24T08:48:29Z,25.319003333333335,53.46251333333333,NA,NA,NA,dynamic_classA
2579999,2024-01-24T08:48:30Z,25.319003333333335,53.46251333333333,NA,NA,NA,dynamic_classA
2579999,2024-01-24T08:48:31Z,50.799616666666665,-1.1100216666666667,NA,NA,NA,dynamic_classA
2579999,2024-01-24T08:48:53Z,35.501578333333335,129.44113333333334,NA,NA,NA,dynamic_classA
2579999,2024-01-24T08:49:00Z,34.79534666666667,127.73848500000001,NA,NA,NA,satellite
2579999,2024-01-24T08:49:07Z,35.50158333333333,129.441125,NA,NA,NA,dynamic_classA
2579999,2024-01-24T08:49:10Z,-38.449615,148.30883666666665,NA,NA,NA,satellite
2579999,2024-01-24T08:49:20Z,-38.449623333333335,148.30884166666667,NA,NA,NA,satellite
2579999,2024-01-24T08:49:33Z,54.603245,-1.1617016666666666,NA,NA,NA,dynamic_classA
2579999,2024-01-24T08:49:40Z,-38.44963,148.30887666666666,NA,NA,NA,satellite
2579999,2024-01-24T08:49:49Z,25.31898,53.46252166666667,NA,NA,NA,dynamic_classA
2579999,2024-01-24T08:50:00Z,-38.44963166666666,148.30889333333334,NA,NA,NA,satellite
2579999,2024-01-24T08:50:08Z,29.650578333333332,32.36100666666667,NA,NA,NA,dynamic_classA
2579999,2024-01-24T08:50:17Z,65.21746166666667,6.905150000000001,NA,NA,NA,dynamic_classA
2579999,2024-01-24T08:50:20Z,-38.44961,148.30888166666668,NA,NA,NA,satellite
2579999,2024-01-24T08:50:27Z,25.318976666666668,53.462518333333335,NA,NA,NA,dynamic_classA
2579999,2024-01-24T08:50:30Z,46.543980000000005,-48.499066666666664,NA,NA,NA,satellite
2579999,2024-01-24T08:50:38Z,-20.118616666666664,115.23904666666667,NA,NA,NA,dynamic_classA
2579999,2024-01-24T08:50:39Z,1.28314,103.77934499999999,NA,NA,NA,dynamic_classA
2579999,2024-01-24T08:50:40Z,-38.449605,148.30889333333334,NA,NA,NA,satellite
2579999,2024-01-24T08:50:41Z,-38.449605,148.30889333333334,NA,NA,NA,dynamic_classA
2579999,2024-01-24T08:50:49Z,-2.6682550000000003,118.89450833333333,NA,NA,NA,dynamic_classA
2579999,2024-01-24T08:50:51Z,25.318991666666665,53.462520000000005,NA,NA,NA,dynamic_classA
2579999,2024-01-24T08:50:57Z,1.2831350000000001,103.77934499999999,NA,NA,NA,dynamic_classA
2579999,2024-01-24T08:51:00Z,-38.44960666666667,148.30891166666666,NA,NA,NA,satellite
2579999,2024-01-24T08:51:08Z,-38.44960833333334,148.30891666666668,NA,NA,NA,dynamic_classA
2579999,2024-01-24T08:51:20Z,-38.44961,148.30891666666668,NA,NA,NA,satellite
2579999,2024-01-24T08:51:24Z,35.50157166666667,129.44113166666665,NA,NA,NA,dynamic_classA
2579999,2024-01-24T08:51:30Z,34.795345,127.73850333333333,NA,NA,NA,dynamic_classA
2579999,2024-01-24T08:51:34Z,29.650578333333332,32.36100666666667,NA,NA,NA,dynamic_classA
2579999,2024-01-24T08:51:54Z,-38.44962833333333,148.30892166666666,NA,NA,NA,dynamic_classA
2579999,2024-01-24T08:52:00Z,-38.44962833333333,148.308925,NA,NA,NA,satellite
2579999,2024-01-24T08:52:09Z,-20.118615,115.23904666666667,NA,NA,NA,dynamic_classA
2579999,2024-01-24T08:52:20Z,25.31899333333333,53.462538333333335,NA,NA,NA,dynamic_classA
2579999,2024-01-24T08:52:27Z,1.2831350000000001,103.77934,NA,NA,NA,dynamic_classA
2579999,2024-01-24T08:52:45Z,25.319005,53.46254,NA,NA,NA,dynamic_classA
2579999,2024-01-24T08:52:54Z,54.60328666666667,-1.1617133333333334,NA,NA,NA,dynamic_classA
2579999,2024-01-24T08:52:58Z,25.319005,53.46254,NA,NA,NA,dynamic_classA
2579999,2024-01-24T08:53:00Z,-38.44960833333334,148.30893166666667,NA,NA,NA,satellite
2579999,2024-01-24T08:53:03Z,29.650581666666668,32.36101166666666,NA,NA,NA,dynamic_classA
2579999,2024-01-24T08:53:09Z,9.50343,-13.708248333333334,NA,NA,NA,dynamic_classA
2579999,2024-01-24T08:53:14Z,-20.118605,115.23904999999999,NA,NA,NA,dynamic_classA
2579999,2024-01-24T08:53:16Z,25.319008333333333,53.462535,NA,NA,NA,dynamic_classA
2579999,2024-01-24T08:53:26Z,25.319008333333333,53.462535,NA,NA,NA,dynamic_classA
2579999,2024-01-24T08:53:31Z,46.543980000000005,-48.499066666666664,NA,NA,NA,satellite
2579999,2024-01-24T08:53:37Z,-20.118613333333332,115.23904999999999,NA,NA,NA,dynamic_classA
2579999,2024-01-24T08:53:39Z,65.217465,6.905156666666667,NA,NA,NA,dynamic_classA
2579999,2024-01-24T08:53:40Z,50.79962833333333,-1.1100283333333332,NA,NA,NA,satellite
2579999,2024-01-24T08:53:54Z,-20.118613333333332,115.23905166666667,NA,NA,NA,satellite
2579999,2024-01-24T08:54:06Z,9.503435,-13.708245,NA,NA,NA,dynamic_classA
2579999,2024-01-24T08:54:07Z,35.501578333333335,129.441125,NA,NA,NA,dynamic_classA
2579999,2024-01-24T08:54:33Z,-20.118615,115.23904333333333,NA,NA,NA,satellite
2579999,2024-01-24T08:54:47Z,1.28314,103.77934,NA,NA,NA,dynamic_classA
2579999,2024-01-24T08:54:50Z,-38.449601666666666,148.30891166666666,NA,NA,NA,satellite
2579999,2024-01-24T08:54:57Z,-20.118615,115.23904666666667,NA,NA,NA,satellite
2579999,2024-01-24T08:55:04Z,65.217465,6.905166666666667,NA,NA,NA,dynamic_classA
2579999,2024-01-24T08:55:16Z,56.701685,-2.4657233333333335,NA,NA,NA,dynamic_classA
2579999,2024-01-24T08:55:17Z,-20.118616666666664,115.239045,NA,NA,NA,satellite
2579999,2024-01-24T08:55:18Z,-20.118613333333332,115.23904333333333,NA,NA,NA,dynamic_classA
2579999,2024-01-24T08:55:19Z,3.5680666666666667,113.32466500000001,NA,NA,NA,dynamic_classA
2579999,2024-01-24T08:55:27Z,-20.118613333333332,115.23904333333333,NA,NA,NA,satellite
2579999,2024-01-24T08:55:33Z,-20.118611666666666,115.23904166666667,NA,NA,NA,satellite
2579999,2024-01-24T08:55:40Z,65.21746333333333,6.905171666666666,NA,NA,NA,dynamic_classA
2579999,2024-01-24T08:55:47Z,-20.118611666666666,115.23904166666667,NA,NA,NA,satellite
2579999,2024-01-24T08:55:52Z,-5.4553883333333335,105.31047666666667,NA,NA,NA,dynamic_classA
2579999,2024-01-24T08:55:59Z,3.5680666666666667,113.32466500000001,NA,NA,NA,dynamic_classA
2579999,2024-01-24T08:56:10Z,35.501576666666665,129.44112333333334,NA,NA,NA,dynamic_classA
2579999,2024-01-24T08:56:13Z,53.539993333333335,9.878853333333332,NA,NA,NA,satellite
2579999,2024-01-24T08:56:15Z,56.70169833333333,-2.465745,NA,NA,NA,dynamic_classA
2579999,2024-01-24T08:56:17Z,-20.118615,115.23904999999999,NA,NA,NA,satellite
2579999,2024-01-24T08:56:27Z,-20.118611666666666,115.23905166666667,NA,NA,NA,satellite
2579999,2024-01-24T08:56:34Z,56.70169666666666,-2.4657616666666664,NA,NA,NA,dynamic_classA
2579999,2024-01-24T08:56:41Z,29.650583333333334,32.36101,NA,NA,NA,dynamic_classA
2579999,2024-01-24T08:56:56Z,34.79537833333333,127.73846666666667,NA,NA,NA,dynamic_classA
2579999,2024-01-24T08:56:57Z,-20.11861,115.23906000000001,NA,NA,NA,satellite
2579999,2024-01-24T08:57:08Z,35.501578333333335,129.44112166666667,NA,NA,NA,dynamic_classA
2579999,2024-01-24T08:57:09Z,56.70171666666667,-2.4657633333333333,NA,NA,NA,dynamic_classA
2579999,2024-01-24T08:57:20Z,-20.118611666666666,115.23906333333333,NA,NA,NA,dynamic_classA
2579999,2024-01-24T08:57:25Z,34.79537166666667,127.73847500000001,NA,NA,NA,dynamic_classA
2579999,2024-01-24T08:57:27Z,29.650583333333334,32.36101,NA,NA,NA,dynamic_classA
2579999,2024-01-24T08:57:47Z,35.50157,129.44112166666667,NA,NA,NA,dynamic_classA
2579999,2024-01-24T08:58:29Z,56.701685,-2.4657600000000004,NA,NA,NA,dynamic_classA
2579999,2024-01-24T08:58:33Z,35.50157166666667,129.441125,NA,NA,NA,dynamic_classA
2579999,2024-01-24T08:58:34Z,-20.118628333333334,115.23905166666667,NA,NA,NA,satellite
2579999,2024-01-24T08:58:36Z,1.2831316666666666,103.77933,NA,NA,NA,dynamic_classA
2579999,2024-01-24T08:58:41Z,24.536336666666667,54.38509833333333,NA,NA,NA,dynamic_classA
2579999,2024-01-24T08:58:44Z,1.2831333333333332,103.77933,NA,NA,NA,dynamic_classA
2579999,2024-01-24T08:58:48Z,35.50157,129.441125,NA,NA,NA,dynamic_classA
2579999,2024-01-24T08:58:49Z,10.28576,106.76145,NA,NA,NA,dynamic_classA
2579999,2024-01-24T08:58:52Z,35.50157,129.441125,NA,NA,NA,dynamic_classA
2579999,2024-01-24T08:58:57Z,25.318975000000002,53.46253166666667,NA,NA,NA,dynamic_classA
2579999,2024-01-24T08:58:58Z,24.536333333333335,54.385095,NA,NA,NA,dynamic_classA
2579999,2024-01-24T08:58:59Z,24.536333333333335,54.385095,NA,NA,NA,dynamic_classA
2579999,2024-01-24T08:59:07Z,63.44207166666667,10.403393333333334,NA,NA,NA,dynamic_classA
2579999,2024-01-24T08:59:10Z,1.2831333333333332,103.77933,NA,NA,NA,dynamic_classA
2579999,2024-01-24T08:59:11Z,35.50157166666667,129.44112333333334,NA,NA,NA,dynamic_classA
2579999,2024-01-24T08:59:13Z,53.539989999999996,9.878861666666667,NA,NA,NA,dynamic_classA
2579999,2024-01-24T08:59:27Z,1.2831333333333332,103.77933,NA,NA,NA,dynamic_classA
2579999,2024-01-24T08:59:33Z,50.799625,-1.1100316666666667,NA,NA,NA,dynamic_classA
2579999,2024-01-24T08:59:38Z,-38.449666666666666,148.30890333333335,NA,NA,NA,satellite
2579999,2024-01-24T08:59:40Z,54.60323833333334,-1.1617416666666667,NA,NA,NA,dynamic_classA
2579999,2024-01-24T08:59:59Z,35.50156833333333,129.44112,NA,NA,NA,dynamic_classA
2579999,2024-01-24T09:00:19Z,29.650579999999998,32.36100666666667,NA,NA,NA,dynamic_classA
2579999,2024-01-24T09:00:27Z,34.79535166666667,127.73848333333333,NA,NA,NA,dynamic_classA
2579999,2024-01-24T09:00:30Z,65.21744666666667,6.905166666666667,NA,NA,NA,dynamic_classA
2579999,2024-01-24T09:00:35Z,53.53998833333333,9.878858333333334,NA,NA,NA,dynamic_classA
2579999,2024-01-24T09:00:59Z,-38.44963666666667,148.30889833333333,NA,NA,NA,dynamic_classA
2579999,2024-01-24T09:01:07Z,54.603245,-1.161745,NA,NA,NA,dynamic_classA
2579999,2024-01-24T09:01:20Z,34.795345,127.73849,NA,NA,NA,dynamic_classA
2579999,2024-01-24T09:01:48Z,53.539986666666664,9.878861666666667,NA,NA,NA,dynamic_classA
2579999,2024-01-24T09:01:49Z,1.28314,103.77935333333333,NA,NA,NA,dynamic_classA
2579999,2024-01-24T09:01:53Z,56.701699999999995,-2.465735,NA,NA,NA,dynamic_classA
2579999,2024-01-24T09:01:56Z,35.50156666666667,129.44112666666666,NA,NA,NA,dynamic_classA
2579999,2024-01-24T09:01:58Z,56.701699999999995,-2.465735,NA,NA,NA,satellite
2579999,2024-01-24T09:02:12Z,65.217455,6.905171666666666,NA,NA,NA,dynamic_classA
2579999,2024-01-24T09:02:26Z,50.79962166666667,-1.1100366666666666,NA,NA,NA,dynamic_classA
2579999,2024-01-24T09:02:32Z,9.503423333333334,-13.708235,NA,NA,NA,dynamic_classA
2579999,2024-01-24T09:02:35Z,34.79534833333333,127.73848666666666,NA,NA,NA,dynamic_classA
2579999,2024-01-24T09:02:48Z,35.50156166666667,129.441125,NA,NA,NA,dynamic_classA
2579999,2024-01-24T09:02:58Z,-20.118623333333336,115.239065,NA,NA,NA,dynamic_classA
2579999,2024-01-24T09:03:08Z,58.014633333333336,7.483875,NA,NA,NA,dynamic_classA
2579999,2024-01-24T09:03:11Z,35.501560000000005,129.441125,NA,NA,NA,dynamic_classA
2579999,2024-01-24T09:03:15Z,53.53998,9.87886,NA,NA,NA,dynamic_classA
2579999,2024-01-24T09:03:32Z,-20.11862,115.239065,NA,NA,NA,dynamic_classA
2579999,2024-01-24T09:03:43Z,50.79962833333333,-1.1100433333333333,NA,NA,NA,dynamic_classA
2579999,2024-01-24T09:03:54Z,1.2831416666666666,103.77935333333333,NA,NA,NA,dynamic_classA
2579999,2024-01-24T09:04:09Z,35.50156333333334,129.44113666666667,NA,NA,NA,dynamic_classA
2579999,2024-01-24T09:04:18Z,-38.449648333333336,148.30879166666668,NA,NA,NA,satellite
2579999,2024-01-24T09:04:29Z,1.2831433333333335,103.77935333333333,NA,NA,NA,dynamic_classA
2579999,2024-01-24T09:04:42Z,29.65059,32.361005,NA,NA,NA,dynamic_classA
2579999,2024-01-24T09:04:46Z,25.318986666666667,53.462536666666665,NA,NA,NA,dynamic_classA
2579999,2024-01-24T09:04:51Z,25.318985,53.46253333333333,NA,NA,NA,dynamic_classA
2579999,2024-01-24T09:04:52Z,25.318985,53.46253333333333,NA,NA,NA,dynamic_classA
2579999,2024-01-24T09:04:55Z,26.20304666666667,50.600919999999995,NA,NA,NA,dynamic_classA
2579999,2024-01-24T09:04:58Z,-38.449616666666664,148.30882000000003,NA,NA,NA,satellite
2579999,2024-01-24T09:05:05Z,21.57142,88.25144666666667,NA,NA,NA,dynamic_classA
2579999,2024-01-24T09:05:09Z,65.21745333333334,6.905173333333334,NA,NA,NA,dynamic_classA
2579999,2024-01-24T09:05:54Z,1.2831333333333332,103.77934333333333,NA,NA,NA,dynamic_classA
2579999,2024-01-24T09:06:08Z,46.543980000000005,-48.499066666666664,NA,NA,NA,satellite
2579999,2024-01-24T09:06:31Z,46.543980000000005,-48.499066666666664,NA,NA,NA,satellite
2579999,2024-01-24T09:06:56Z,35.50154666666666,129.44114333333334,NA,NA,NA,dynamic_classA
2579999,2024-01-24T09:06:57Z,34.79537166666667,127.73846499999999,NA,NA,NA,satellite
2579999,2024-01-24T09:06:58Z,46.543980000000005,-48.499066666666664,NA,NA,NA,satellite
2579999,2024-01-24T09:07:08Z,59.88899833333333,10.753876666666667,NA,NA,NA,dynamic_classA
2579999,2024-01-24T09:07:09Z,1.2831316666666666,103.77933666666667,NA,NA,NA,dynamic_classA
2579999,2024-01-24T09:07:14Z,29.650571666666668,32.361003333333336,NA,NA,NA,dynamic_classA
2579999,2024-01-24T09:07:17Z,53.53998333333333,9.87886,NA,NA,NA,dynamic_classA
2579999,2024-01-24T09:07:31Z,54.60333,-1.16173,NA,NA,NA,dynamic_classA
2579999,2024-01-24T09:07:39Z,53.450590000000005,0.889625,NA,NA,NA,dynamic_classA
2579999,2024-01-24T09:07:46Z,35.50154333333333,129.44113833333333,NA,NA,NA,dynamic_classA
2579999,2024-01-24T09:07:54Z,10.285765,106.761485,NA,NA,NA,dynamic_classA
2579999,2024-01-24T09:08:09Z,24.536316666666668,54.38509666666666,NA,NA,NA,dynamic_classA
2579999,2024-01-24T09:08:10Z,29.650571666666668,32.36100166666667,NA,NA,NA,dynamic_classA
2579999,2024-01-24T09:08:16Z,24.536316666666668,54.38509666666666,NA,NA,NA,dynamic_classA
2579999,2024-01-24T09:08:20Z,-33.87845166666667,-58.42104166666666,NA,NA,NA,satellite
2579999,2024-01-24T09:08:35Z,34.79536333333333,127.73846333333333,NA,NA,NA,dynamic_classA
2579999,2024-01-24T09:09:06Z,9.503426666666666,-13.708243333333334,NA,NA,NA,dynamic_classA
2579999,2024-01-24T09:09:08Z,46.543980000000005,-48.499066666666664,NA,NA,NA,satellite
2579999,2024-01-24T09:09:30Z,25.31900166666667,53.462536666666665,NA,NA,NA,dynamic_classA
2579999,2024-01-24T09:09:34Z,25.31900166666667,53.462536666666665,NA,NA,NA,dynamic_classA
2579999,2024-01-24T09:09:37Z,1.28312,103.77934166666667,NA,NA,NA,dynamic_classA
2579999,2024-01-24T09:09:40Z,34.79536666666667,127.73846666666667,NA,NA,NA,satellite
2579999,2024-01-24T09:09:43Z,35.50154333333333,129.44112333333334,NA,NA,NA,dynamic_classA
2579999,2024-01-24T09:09:50Z,25.318996666666667,53.462535,NA,NA,NA,dynamic_classA
2579999,2024-01-24T09:09:52Z,-20.118603333333333,115.23905833333333,NA,NA,NA,dynamic_classA
2579999,2024-01-24T09:09:53Z,54.60326666666666,-1.1617583333333334,NA,NA,NA,dynamic_classA
2579999,2024-01-24T09:09:56Z,35.501551666666664,129.44112666666666,NA,NA,NA,dynamic_classA
2579999,2024-01-24T09:10:02Z,25.318994999999997,53.46253333333333,NA,NA,NA,dynamic_classA
2579999,2024-01-24T09:10:19Z,25.318994999999997,53.46253333333333,NA,NA,NA,dynamic_classA
2579999,2024-01-24T09:10:20Z,25.318994999999997,53.46253333333333,NA,NA,NA,dynamic_classA
2579999,2024-01-24T09:10:36Z,63.44205833333333,10.403388333333334,NA,NA,NA,dynamic_classA
2579999,2024-01-24T09:10:41Z,1.28312,103.77934666666667,NA,NA,NA,dynamic_classA
2579999,2024-01-24T09:10:49Z,29.650591666666667,32.36100166666667,NA,NA,NA,dynamic_classA
2579999,2024-01-24T09:11:06Z,25.31899333333333,53.46252166666667,NA,NA,NA,dynamic_classA
2579999,2024-01-24T09:11:08Z,-38.449621666666665,148.30886333333333,NA,NA,NA,dynamic_classA
2579999,2024-01-24T09:11:09Z,25.31899333333333,53.46252166666667,NA,NA,NA,dynamic_classA
2579999,2024-01-24T09:11:10Z,50.79962,-1.1100299999999999,NA,NA,NA,dynamic_classA
2579999,2024-01-24T09:11:17Z,65.21741333333334,6.905146666666667,NA,NA,NA,dynamic_classA
2579999,2024-01-24T09:11:31Z,63.44206,10.403381666666666,NA,NA,NA,dynamic_classA
2579999,2024-01-24T09:11:35Z,-20.118598333333335,115.23906000000001,NA,NA,NA,dynamic_classA
2579999,2024-01-24T09:11:44Z,35.501555,129.44112333333334,NA,NA,NA,dynamic_classA
2579999,2024-01-24T09:12:05Z,29.650571666666668,32.360996666666665,NA,NA,NA,dynamic_classA
2579999,2024-01-24T09:12:20Z,34.795359999999995,127.73847333333333,NA,NA,NA,dynamic_classA
2579999,2024-01-24T09:12:29Z,-38.44957,148.30888833333333,NA,NA,NA,dynamic_classA
2579999,2024-01-24T09:12:35Z,1.2831216666666667,103.77934333333333,NA,NA,NA,dynamic_classA
2579999,2024-01-24T09:12:36Z,9.503433333333334,-13.708223333333333,NA,NA,NA,dynamic_classA
2579999,2024-01-24T09:12:44Z,-38.44956833333333,148.30888666666667,NA,NA,NA,dynamic_classA
2579999,2024-01-24T09:12:48Z,35.50155333333333,129.44111666666666,NA,NA,NA,dynamic_classA
2579999,2024-01-24T09:13:05Z,50.799625,-1.1100299999999999,NA,NA,NA,dynamic_classA
2579999,2024-01-24T09:13:24Z,-20.11860666666667,115.23906333333333,NA,NA,NA,dynamic_classA
2579999,2024-01-24T09:13:30Z,50.79962833333333,-1.1100333333333334,NA,NA,NA,dynamic_classA
2579999,2024-01-24T09:13:33Z,29.650558333333333,32.36099333333333,NA,NA,NA,dynamic_classA
2579999,2024-01-24T09:13:39Z,9.503433333333334,-13.708226666666667,NA,NA,NA,dynamic_classA
2579999,2024-01-24T09:13:50Z,46.543980000000005,-48.499066666666664,NA,NA,NA,satellite
2579999,2024-01-24T09:14:05Z,-20.118611666666666,115.23906833333334,NA,NA,NA,dynamic_classA
2579999,2024-01-24T09:14:09Z,-2.6682550000000003,118.89451666666668,NA,NA,NA,dynamic_classA
2579999,2024-01-24T09:14:12Z,25.318986666666667,53.46251333333333,NA,NA,NA,dynamic_classA
2579999,2024-01-24T09:14:22Z,25.318986666666667,53.46251333333333,NA,NA,NA,dynamic_classA
2579999,2024-01-24T09:14:40Z,50.79962833333333,-1.1100333333333334,NA,NA,NA,dynamic_classA
2579999,2024-01-24T09:14:47Z,35.50155666666667,129.44112666666666,NA,NA,NA,dynamic_classA
2579999,2024-01-24T09:15:23Z,46.543980000000005,-48.499066666666664,NA,NA,NA,dynamic_classA
2579999,2024-01-24T09:15:26Z,56.70172,-2.46569,NA,NA,NA,dynamic_classA
2579999,2024-01-24T09:15:39Z,3.5680666666666667,113.32466500000001,NA,NA,NA,dynamic_classA
2579999,2024-01-24T09:15:53Z,1.2831216666666667,103.77934499999999,NA,NA,NA,dynamic_classA
2579999,2024-01-24T09:15:54Z,65.21745333333334,6.905146666666667,NA,NA,NA,dynamic_classA
2579999,2024-01-24T09:16:08Z,-20.11860666666667,115.23906000000001,NA,NA,NA,dynamic_classA
2579999,2024-01-24T09:16:11Z,24.5363,54.385083333333334,NA,NA,NA,dynamic_classA
2579999,2024-01-24T09:16:20Z,65.21744833333334,6.905143333333333,NA,NA,NA,dynamic_classA
2579999,2024-01-24T09:16:30Z,35.501551666666664,129.44113666666667,NA,NA,NA,dynamic_classA
2579999,2024-01-24T09:16:32Z,-5.455391666666667,105.31049333333334,NA,NA,NA,dynamic_classA
2579999,2024-01-24T09:16:33Z,26.203263333333332,50.60113166666667,NA,NA,NA,dynamic_classA
2579999,2024-01-24T09:16:44Z,24.536301666666667,54.385083333333334,NA,NA,NA,dynamic_classA
2579999,2024-01-24T09:16:46Z,25.31899,53.462520000000005,NA,NA,NA,dynamic_classA
2579999,2024-01-24T09:16:48Z,24.536301666666667,54.385083333333334,NA,NA,NA,dynamic_classA
2579999,2024-01-24T09:16:54Z,9.503433333333334,-13.708233333333334,NA,NA,NA,dynamic_classA
2579999,2024-01-24T09:17:04Z,53.53998333333333,9.87886,NA,NA,NA,dynamic_classA
2579999,2024-01-24T09:17:09Z,56.701701666666665,-2.4657199999999997,NA,NA,NA,dynamic_classA
2579999,2024-01-24T09:17:14Z,56.701701666666665,-2.4657199999999997,NA,NA,NA,dynamic_classA
2579999,2024-01-24T09:17:21Z,29.650575,32.361000000000004,NA,NA,NA,dynamic_classA
2579999,2024-01-24T09:17:46Z,34.79536666666667,127.73847,NA,NA,NA,dynamic_classA
2579999,2024-01-24T09:17:48Z,35.50154833333333,129.44113833333333,NA,NA,NA,dynamic_classA
2579999,2024-01-24T09:17:50Z,46.543980000000005,-48.499066666666664,NA,NA,NA,satellite
2579999,2024-01-24T09:17:52Z,-20.11862,115.23905833333333,NA,NA,NA,dynamic_classA
2579999,2024-01-24T09:17:55Z,56.701708333333336,-2.4657150000000003,NA,NA,NA,dynamic_classA
2579999,2024-01-24T09:18:07Z,35.50154666666666,129.44114166666665,NA,NA,NA,dynamic_classA
2579999,2024-01-24T09:18:10Z,46.543980000000005,-48.499066666666664,NA,NA,NA,satellite
2579999,2024-01-24T09:18:59Z,56.701708333333336,-2.465733333333333,NA,NA,NA,dynamic_classA
2579999,2024-01-24T09:19:10Z,10.285725000000001,106.76154666666666,NA,NA,NA,dynamic_classA
2579999,2024-01-24T09:19:18Z,35.501549999999995,129.44113666666667,NA,NA,NA,dynamic_classA
2579999,2024-01-24T09:19:22Z,35.501549999999995,129.441135,NA,NA,NA,dynamic_classA
2579999,2024-01-24T09:19:33Z,10.285728333333333,106.76153166666667,NA,NA,NA,dynamic_classA
2579999,2024-01-24T09:19:37Z,34.79535,127.73846333333333,NA,NA,NA,dynamic_classA
2579999,2024-01-24T09:19:42Z,35.501551666666664,129.44113333333334,NA,NA,NA,dynamic_classA
2579999,2024-01-24T09:19:51Z,35.501551666666664,129.44113333333334,NA,NA,NA,dynamic_classA
2579999,2024-01-24T09:19:54Z,53.53997833333334,9.878871666666667,NA,NA,NA,dynamic_classA
2579999,2024-01-24T09:19:55Z,34.79535,127.73846499999999,NA,NA,NA,dynamic_classA
2579999,2024-01-24T09:20:00Z,54.60338333333333,-1.161735,NA,NA,NA,dynamic_classA
2579999,2024-01-24T09:20:08Z,24.536296666666665,54.385081666666665,NA,NA,NA,dynamic_classA
2579999,2024-01-24T09:20:12Z,25.319006666666667,53.46252166666667,NA,NA,NA,dynamic_classA
2579999,2024-01-24T09:20:19Z,1.2831249999999998,103.77935166666666,NA,NA,NA,dynamic_classA
2579999,2024-01-24T09:20:27Z,24.536296666666665,54.38508,NA,NA,NA,dynamic_classA
2579999,2024-01-24T09:20:29Z,65.217455,6.9051583333333335,NA,NA,NA,dynamic_classA
2579999,2024-01-24T09:20:30Z,25.319006666666667,53.46252166666667,NA,NA,NA,dynamic_classA
2579999,2024-01-24T09:20:32Z,29.650571666666668,32.361003333333336,NA,NA,NA,dynamic_classA
2579999,2024-01-24T09:20:44Z,25.319003333333335,53.46252166666667,NA,NA,NA,dynamic_classA
2579999,2024-01-24T09:20:46Z,24.536296666666665,54.38508,NA,NA,NA,dynamic_classA
2579999,2024-01-24T09:20:49Z,35.501549999999995,129.44113166666665,NA,NA,NA,dynamic_classA
2579999,2024-01-24T09:20:53Z,50.799618333333335,-1.1100383333333332,NA,NA,NA,dynamic_classA
2579999,2024-01-24T09:20:55Z,53.53997666666667,9.878873333333333,NA,NA,NA,dynamic_classA
2579999,2024-01-24T09:20:59Z,29.650576666666666,32.36100166666667,NA,NA,NA,dynamic_classA
2579999,2024-01-24T09:21:27Z,54.603316666666665,-1.1617183333333334,NA,NA,NA,dynamic_classA
2579999,2024-01-24T09:21:41Z,50.799618333333335,-1.1100400000000001,NA,NA,NA,dynamic_classA
2579999,2024-01-24T09:21:49Z,24.536305000000002,54.385083333333334,NA,NA,NA,dynamic_classA
2579999,2024-01-24T09:22:16Z,35.50154666666666,129.44114166666665,NA,NA,NA,dynamic_classA
2579999,2024-01-24T09:22:18Z,56.70167,-2.4657466666666665,NA,NA,NA,dynamic_classA
2579999,2024-01-24T09:22:20Z,34.79535333333333,127.73847166666665,NA,NA,NA,dynamic_classA
2579999,2024-01-24T09:22:22Z,65.217455,6.905168333333333,NA,NA,NA,dynamic_classA
2579999,2024-01-24T09:22:27Z,63.44206333333333,10.403373333333333,NA,NA,NA,dynamic_classA
2579999,2024-01-24T09:22:29Z,1.28312,103.77934,NA,NA,NA,dynamic_classA
2579999,2024-01-24T09:22:42Z,9.503425,-13.708245,NA,NA,NA,dynamic_classA
2579999,2024-01-24T09:22:48Z,53.53997666666667,9.878865,NA,NA,NA,dynamic_classA
2579999,2024-01-24T09:22:51Z,-20.11863333333333,115.23904666666667,NA,NA,NA,dynamic_classA
2579999,2024-01-24T09:22:56Z,1.28312,103.77933,NA,NA,NA,dynamic_classA
2579999,2024-01-24T09:23:08Z,35.501545,129.44113833333333,NA,NA,NA,dynamic_classA
2579999,2024-01-24T09:23:35Z,34.795361666666665,127.73847666666667,NA,NA,NA,dynamic_classA
2579999,2024-01-24T09:23:41Z,35.50154166666667,129.44113666666667,NA,NA,NA,satellite
2579999,2024-01-24T09:23:51Z,-20.118628333333334,115.23904666666667,NA,NA,NA,dynamic_classA
2579999,2024-01-24T09:23:56Z,53.53998166666667,9.878865,NA,NA,NA,dynamic_classA
2579999,2024-01-24T09:23:58Z,58.014651666666666,7.483876666666666,NA,NA,NA,dynamic_classA
2579999,2024-01-24T09:24:02Z,56.701678333333334,-2.4657533333333332,NA,NA,NA,dynamic_classA
2579999,2024-01-24T09:24:23Z,50.79962,-1.1100349999999999,NA,NA,NA,dynamic_classA
2579999,2024-01-24T09:24:25Z,-20.118626666666668,115.239045,NA,NA,NA,dynamic_classA
2579999,2024-01-24T09:24:29Z,35.50154166666667,129.44114,NA,NA,NA,dynamic_classA
2579999,2024-01-24T09:24:48Z,65.21743,6.905171666666666,NA,NA,NA,dynamic_classA
2579999,2024-01-24T09:24:55Z,50.79962166666667,-1.1100299999999999,NA,NA,NA,dynamic_classA
2579999,2024-01-24T09:24:59Z,65.21743,6.90518,NA,NA,NA,dynamic_classA
2579999,2024-01-24T09:25:04Z,1.28312,103.779325,NA,NA,NA,dynamic_classA
2579999,2024-01-24T09:25:29Z,1.2831166666666667,103.77932666666668,NA,NA,NA,dynamic_classA
2579999,2024-01-24T09:26:41Z,50.79962,-1.1100383333333332,NA,NA,NA,dynamic_classA
2579999,2024-01-24T09:27:17Z,34.795355,127.73846833333333,NA,NA,NA,dynamic_classA
2579999,2024-01-24T09:27:27Z,53.539986666666664,9.878851666666666,NA,NA,NA,dynamic_classA
2579999,2024-01-24T09:27:34Z,29.650583333333334,32.360998333333335,NA,NA,NA,dynamic_classA
2579999,2024-01-24T09:27:41Z,1.2831166666666667,103.77934,NA,NA,NA,dynamic_classA
2579999,2024-01-24T09:27:46Z,35.501551666666664,129.44112833333332,NA,NA,NA,dynamic_classA
2579999,2024-01-24T09:27:52Z,54.60322333333333,-1.1616983333333333,NA,NA,NA,dynamic_classA
2579999,2024-01-24T09:27:59Z,53.450579999999995,0.8896333333333334,NA,NA,NA,dynamic_classA
2579999,2024-01-24T09:28:06Z,35.50154833333333,129.44112333333334,NA,NA,NA,dynamic_classA
2579999,2024-01-24T09:28:35Z,21.571445,88.25146666666666,NA,NA,NA,dynamic_classA
2579999,2024-01-24T09:28:46Z,34.795359999999995,127.73847166666665,NA,NA,NA,dynamic_classA
2579999,2024-01-24T09:28:52Z,1.2831166666666667,103.77934333333333,NA,NA,NA,dynamic_classA
2579999,2024-01-24T09:28:55Z,26.203,50.60037666666666,NA,NA,NA,dynamic_classA
2579999,2024-01-24T09:29:08Z,25.319016666666666,53.46254,NA,NA,NA,dynamic_classA
2579999,2024-01-24T09:29:10Z,25.319016666666666,53.46254,NA,NA,NA,dynamic_classA
2579999,2024-01-24T09:29:11Z,25.319016666666666,53.46254,NA,NA,NA,dynamic_classA
2579999,2024-01-24T09:29:14Z,25.319016666666666,53.46254,NA,NA,NA,dynamic_classA
2579999,2024-01-24T09:29:16Z,21.571446666666667,88.25146833333334,NA,NA,NA,dynamic_classA
2579999,2024-01-24T09:29:37Z,25.31901333333333,53.462536666666665,NA,NA,NA,satellite
2579999,2024-01-24T09:29:50Z,25.31901333333333,53.462536666666665,NA,NA,NA,dynamic_classA
2579999,2024-01-24T09:30:09Z,25.319011666666665,53.46253,NA,NA,NA,dynamic_classA
2579999,2024-01-24T09:30:10Z,25.319011666666665,53.46253,NA,NA,NA,dynamic_classA
2579999,2024-01-24T09:30:13Z,25.319011666666665,53.46253,NA,NA,NA,dynamic_classA
2579999,2024-01-24T09:30:16Z,25.319011666666665,53.46253,NA,NA,NA,dynamic_classA
2579999,2024-01-24T09:30:17Z,25.319011666666665,53.46253,NA,NA,NA,dynamic_classA
2579999,2024-01-24T09:30:21Z,25.319011666666665,53.46253,NA,NA,NA,satellite
2579999,2024-01-24T09:30:32Z,25.319008333333333,53.46252166666667,NA,NA,NA,dynamic_classA
2579999,2024-01-24T09:30:40Z,34.79535833333333,127.73847666666667,NA,NA,NA,dynamic_classA
2579999,2024-01-24T09:30:46Z,35.50155666666667,129.44112333333334,NA,NA,NA,dynamic_classA
2579999,2024-01-24T09:30:50Z,29.650568333333336,32.36101333333333,NA,NA,NA,dynamic_classA
2579999,2024-01-24T09:31:01Z,25.31901333333333,53.462515,NA,NA,NA,dynamic_classA
2579999,2024-01-24T09:31:12Z,1.2831183333333334,103.779335,NA,NA,NA,dynamic_classA
2579999,2024-01-24T09:31:18Z,-38.44952333333333,148.30892333333335,NA,NA,NA,dynamic_classA
2579999,2024-01-24T09:31:29Z,29.650570000000002,32.36101166666666,NA,NA,NA,dynamic_classA
2579999,2024-01-24T09:31:37Z,1.2831183333333334,103.77933333333334,NA,NA,NA,dynamic_classA
2579999,2024-01-24T09:31:54Z,35.501555,129.441125,NA,NA,NA,dynamic_classA
2579999,2024-01-24T09:31:57Z,65.21744833333334,6.905183333333333,NA,NA,NA,dynamic_classA
2579999,2024-01-24T09:32:01Z,63.442080000000004,10.403398333333334,NA,NA,NA,dynamic_classA
2579999,2024-01-24T09:32:14Z,59.88899666666667,10.753883333333333,NA,NA,NA,dynamic_classA
2579999,2024-01-24T09:32:16Z,9.503426666666666,-13.708255000000001,NA,NA,NA,dynamic_classA
2579999,2024-01-24T09:32:26Z,-20.118634999999998,115.23903166666668,NA,NA,NA,dynamic_classA
2579999,2024-01-24T09:32:28Z,-20.118634999999998,115.23903166666668,NA,NA,NA,dynamic_classA
2579999,2024-01-24T09:32:45Z,29.650578333333332,32.36100666666667,NA,NA,NA,dynamic_classA
2579999,2024-01-24T09:33:00Z,34.79535833333333,127.73848500000001,NA,NA,NA,dynamic_classA
2579999,2024-01-24T09:33:05Z,9.503421666666666,-13.708253333333333,NA,NA,NA,dynamic_classA
2579999,2024-01-24T09:33:08Z,29.650579999999998,32.36101,NA,NA,NA,dynamic_classA
2579999,2024-01-24T09:33:18Z,59.88899333333333,10.753896666666666,NA,NA,NA,dynamic_classA
2579999,2024-01-24T09:33:23Z,46.543980000000005,-48.499066666666664,NA,NA,NA,dynamic_classA
2579999,2024-01-24T09:33:24Z,-38.44947833333333,148.30899166666669,NA,NA,NA,dynamic_classA
2579999,2024-01-24T09:33:40Z,-38.449486666666665,148.30896833333333,NA,NA,NA,satellite
2579999,2024-01-24T09:33:44Z,24.536323333333332,54.38507666666667,NA,NA,NA,dynamic_classA
2579999,2024-01-24T09:33:47Z,1.2831249999999998,103.77932833333332,NA,NA,NA,dynamic_classA
2579999,2024-01-24T09:33:54Z,24.536321666666666,54.38507666666667,NA,NA,NA,dynamic_classA
2579999,2024-01-24T09:33:59Z,24.536321666666666,54.38507666666667,NA,NA,NA,dynamic_classA
2579999,2024-01-24T09:34:00Z,50.79962666666667,-1.1100333333333334,NA,NA,NA,satellite
2579999,2024-01-24T09:34:03Z,29.650586666666666,32.36100833333333,NA,NA,NA,dynamic_classA
2579999,2024-01-24T09:34:05Z,29.650586666666666,32.36100833333333,NA,NA,NA,dynamic_classA
2579999,2024-01-24T09:34:07Z,63.442065,10.403371666666667,NA,NA,NA,dynamic_classA
2579999,2024-01-24T09:34:09Z,9.503426666666666,-13.708246666666668,NA,NA,NA,dynamic_classA
2579999,2024-01-24T09:34:10Z,50.79962666666667,-1.1100333333333334,NA,NA,NA,dynamic_classA
2579999,2024-01-24T09:34:16Z,35.501551666666664,129.44113166666665,NA,NA,NA,dynamic_classA
2579999,2024-01-24T09:34:20Z,-38.449508333333334,148.30893,NA,NA,NA,satellite
2579999,2024-01-24T09:34:40Z,-38.44951833333334,148.30894333333333,NA,NA,NA,satellite
2579999,2024-01-24T09:34:55Z,-20.118631666666666,115.23905333333333,NA,NA,NA,dynamic_classA
2579999,2024-01-24T09:35:00Z,-38.44953833333333,148.30896666666666,NA,NA,NA,satellite
2579999,2024-01-24T09:35:09Z,-2.668248333333333,118.89450333333333,NA,NA,NA,dynamic_classA
2579999,2024-01-24T09:35:20Z,-38.44954499999999,148.30896666666666,NA,NA,NA,satellite
2579999,2024-01-24T09:35:27Z,35.501558333333335,129.44113166666665,NA,NA,NA,dynamic_classA
2579999,2024-01-24T09:35:36Z,56.70167333333333,-2.465745,NA,NA,NA,dynamic_classA
2579999,2024-01-24T09:35:40Z,-38.44954,148.30895999999998,NA,NA,NA,satellite
2579999,2024-01-24T09:35:50Z,24.536326666666664,54.38507333333334,NA,NA,NA,dynamic_classA
2579999,2024-01-24T09:35:59Z,3.5680666666666667,113.32466500000001,NA,NA,NA,dynamic_classA
2579999,2024-01-24T09:36:00Z,-38.44952833333333,148.30896333333334,NA,NA,NA,satellite
2579999,2024-01-24T09:36:10Z,-38.44952166666667,148.30897000000002,NA,NA,NA,satellite
2579999,2024-01-24T09:36:20Z,-38.449511666666666,148.30898,NA,NA,NA,satellite
2579999,2024-01-24T09:36:30Z,-38.44950333333334,148.30898833333333,NA,NA,NA,satellite
2579999,2024-01-24T09:36:50Z,35.501565,129.44112166666667,NA,NA,NA,dynamic_classA
2579999,2024-01-24T09:36:51Z,65.21744333333334,6.9051583333333335,NA,NA,NA,dynamic_classA
2579999,2024-01-24T09:36:53Z,65.21744333333334,6.9051583333333335,NA,NA,NA,dynamic_classA
2579999,2024-01-24T09:36:57Z,-20.118626666666668,115.23905666666666,NA,NA,NA,dynamic_classA
2579999,2024-01-24T09:37:01Z,24.536323333333332,54.38507166666667,NA,NA,NA,dynamic_classA
2579999,2024-01-24T09:37:12Z,-5.4553899999999995,105.31050499999999,NA,NA,NA,dynamic_classA
2579999,2024-01-24T09:37:16Z,24.536323333333332,54.38507166666667,NA,NA,NA,dynamic_classA
2579999,2024-01-24T09:37:19Z,56.701681666666666,-2.4657366666666665,NA,NA,NA,dynamic_classA
2579999,2024-01-24T09:37:34Z,-20.11862,115.23905333333333,NA,NA,NA,satellite
2579999,2024-01-24T09:37:37Z,-20.11862,115.23905166666667,NA,NA,NA,satellite
2579999,2024-01-24T09:37:47Z,-20.118621666666666,115.23905166666667,NA,NA,NA,satellite
2579999,2024-01-24T09:37:51Z,29.650578333333332,32.361005,NA,NA,NA,dynamic_classA
2579999,2024-01-24T09:37:54Z,53.539993333333335,9.878856666666668,NA,NA,NA,satellite
2579999,2024-01-24T09:37:59Z,3.5680666666666667,113.32466500000001,NA,NA,NA,dynamic_classA
2579999,2024-01-24T09:38:06Z,65.21744,6.905151666666667,NA,NA,NA,dynamic_classA
2579999,2024-01-24T09:38:07Z,24.536315000000002,54.385055,NA,NA,NA,dynamic_classA
2579999,2024-01-24T09:38:14Z,56.70169,-2.46574,NA,NA,NA,satellite
2579999,2024-01-24T09:38:16Z,25.319016666666666,53.462520000000005,NA,NA,NA,dynamic_classA
2579999,2024-01-24T09:38:17Z,-20.118625,115.23904833333333,NA,NA,NA,satellite
2579999,2024-01-24T09:38:24Z,-20.118625,115.23904833333333,NA,NA,NA,satellite
2579999,2024-01-24T09:38:26Z,56.70169333333333,-2.4657433333333336,NA,NA,NA,dynamic_classA
2579999,2024-01-24T09:38:27Z,35.501549999999995,129.44113166666665,NA,NA,NA,dynamic_classA
2579999,2024-01-24T09:38:34Z,-20.118623333333336,115.23904833333333,NA,NA,NA,satellite
2579999,2024-01-24T09:38:36Z,34.795368333333336,127.73847166666665,NA,NA,NA,dynamic_classA
2579999,2024-01-24T09:38:41Z,63.442083333333336,10.403373333333333,NA,NA,NA,dynamic_classA
2579999,2024-01-24T09:38:47Z,-20.118623333333336,115.23904666666667,NA,NA,NA,satellite
2579999,2024-01-24T09:38:48Z,35.501549999999995,129.44113166666665,NA,NA,NA,dynamic_classA
2579999,2024-01-24T09:38:54Z,-20.118625,115.23904666666667,NA,NA,NA,satellite
2579999,2024-01-24T09:39:09Z,56.70169333333333,-2.465748333333333,NA,NA,NA,dynamic_classA
2579999,2024-01-24T09:39:24Z,-20.118625,115.23904833333333,NA,NA,NA,satellite
2579999,2024-01-24T09:39:34Z,-20.118623333333336,115.23904666666667,NA,NA,NA,satellite
2579999,2024-01-24T09:39:37Z,1.28312,103.77933333333334,NA,NA,NA,dynamic_classA
2579999,2024-01-24T09:39:44Z,-20.118623333333336,115.23904833333333,NA,NA,NA,satellite
2579999,2024-01-24T09:39:47Z,-20.118623333333336,115.23904833333333,NA,NA,NA,satellite
2579999,2024-01-24T09:39:57Z,-20.118621666666666,115.23905166666667,NA,NA,NA,satellite
2579999,2024-01-24T09:40:02Z,35.501545,129.44113833333333,NA,NA,NA,dynamic_classA
2579999,2024-01-24T09:40:04Z,-20.118621666666666,115.23905166666667,NA,NA,NA,satellite
2579999,2024-01-24T09:40:11Z,35.501545,129.44113833333333,NA,NA,NA,dynamic_classA
2579999,2024-01-24T09:40:17Z,34.795365,127.73847166666665,NA,NA,NA,dynamic_classA
2579999,2024-01-24T09:40:20Z,54.60323666666667,-1.1617333333333333,NA,NA,NA,dynamic_classA
2579999,2024-01-24T09:40:21Z,-20.118611666666666,115.23905166666667,NA,NA,NA,satellite
2579999,2024-01-24T09:40:22Z,35.50154833333333,129.44113833333333,NA,NA,NA,dynamic_classA
2579999,2024-01-24T09:40:33Z,53.539993333333335,9.878856666666668,NA,NA,NA,satellite
2579999,2024-01-24T09:40:37Z,-20.118611666666666,115.23904999999999,NA,NA,NA,satellite
2579999,2024-01-24T09:40:49Z,1.28312,103.77933333333334,NA,NA,NA,dynamic_classA
2579999,2024-01-24T09:40:50Z,10.285733333333333,106.76151333333334,NA,NA,NA,dynamic_classA
2579999,2024-01-24T09:40:57Z,-20.11861,115.23905166666667,NA,NA,NA,satellite
2579999,2024-01-24T09:41:02Z,1.28312,103.779335,NA,NA,NA,dynamic_classA
2579999,2024-01-24T09:41:03Z,-20.118608333333334,115.23905500000001,NA,NA,NA,satellite
2579999,2024-01-24T09:41:19Z,65.21744666666667,6.90517,NA,NA,NA,dynamic_classA
2579999,2024-01-24T09:41:25Z,53.539991666666666,9.878856666666668,NA,NA,NA,dynamic_classA
2579999,2024-01-24T09:41:31Z,-1.6064216666666666,103.58105333333333,NA,NA,NA,satellite
2579999,2024-01-24T09:41:38Z,29.650588333333335,32.36101,NA,NA,NA,dynamic_classA
2579999,2024-01-24T09:41:47Z,54.60320166666667,-1.1617549999999999,NA,NA,NA,satellite
2579999,2024-01-24T09:41:56Z,-20.118608333333334,115.23905666666666,NA,NA,NA,satellite
2579999,2024-01-24T09:42:13Z,-20.118603333333333,115.23906166666667,NA,NA,NA,satellite
2579999,2024-01-24T09:42:16Z,-20.118603333333333,115.23906166666667,NA,NA,NA,satellite
2579999,2024-01-24T09:42:23Z,50.79963,-1.1100349999999999,NA,NA,NA,dynamic_classA
2579999,2024-01-24T09:42:25Z,35.501549999999995,129.44113166666665,NA,NA,NA,dynamic_classA
2579999,2024-01-24T09:42:27Z,1.2831249999999998,103.77935333333333,NA,NA,NA,dynamic_classA
2579999,2024-01-24T09:42:38Z,-20.118598333333335,115.23907166666666,NA,NA,NA,dynamic_classA
2579999,2024-01-24T09:42:42Z,65.21743333333333,6.905148333333333,NA,NA,NA,dynamic_classA
2579999,2024-01-24T09:42:47Z,29.650586666666666,32.36101166666666,NA,NA,NA,dynamic_classA
2579999,2024-01-24T09:42:49Z,56.701701666666665,-2.4657683333333336,NA,NA,NA,dynamic_classA
2579999,2024-01-24T09:42:59Z,-20.11859666666667,115.23907666666668,NA,NA,NA,dynamic_classA
2579999,2024-01-24T09:43:06Z,-20.11859666666667,115.23907666666668,NA,NA,NA,satellite
2579999,2024-01-24T09:43:12Z,9.503435,-13.708235,NA,NA,NA,dynamic_classA
2579999,2024-01-24T09:43:16Z,50.79963166666666,-1.1100316666666667,NA,NA,NA,satellite
2579999,2024-01-24T09:43:20Z,34.795365,127.73847500000001,NA,NA,NA,dynamic_classA
2579999,2024-01-24T09:43:28Z,24.536311666666666,54.385059999999996,NA,NA,NA,dynamic_classA
2579999,2024-01-24T09:43:33Z,24.536311666666666,54.385059999999996,NA,NA,NA,dynamic_classA
2579999,2024-01-24T09:43:38Z,53.539986666666664,9.878858333333334,NA,NA,NA,dynamic_classA
2579999,2024-01-24T09:43:46Z,-20.11860666666667,115.23907666666668,NA,NA,NA,satellite
2579999,2024-01-24T09:44:07Z,-20.118605,115.23907666666668,NA,NA,NA,satellite
2579999,2024-01-24T09:44:11Z,35.50154333333333,129.44113666666667,NA,NA,NA,satellite
2579999,2024-01-24T09:44:35Z,1.2831283333333334,103.77934499999999,NA,NA,NA,dynamic_classA
2579999,2024-01-24T09:44:36Z,53.53998166666667,9.878863333333333,NA,NA,NA,dynamic_classA
2579999,2024-01-24T09:44:38Z,58.01464166666666,7.4839,NA,NA,NA,dynamic_classA
2579999,2024-01-24T09:44:42Z,56.70171166666667,-2.4657383333333334,NA,NA,NA,dynamic_classA
2579999,2024-01-24T09:44:49Z,35.501555,129.441135,NA,NA,NA,dynamic_classA
2579999,2024-01-24T09:44:51Z,24.536315000000002,54.38506333333333,NA,NA,NA,dynamic_classA
2579999,2024-01-24T09:45:02Z,25.319016666666666,53.462518333333335,NA,NA,NA,dynamic_classA
2579999,2024-01-24T09:45:06Z,24.536315000000002,54.38506333333333,NA,NA,NA,dynamic_classA
2579999,2024-01-24T09:45:07Z,26.203273333333335,50.60100833333333,NA,NA,NA,dynamic_classA
2579999,2024-01-24T09:45:08Z,24.536315000000002,54.38506333333333,NA,NA,NA,dynamic_classA
2579999,2024-01-24T09:45:13Z,50.79962833333333,-1.1100316666666667,NA,NA,NA,dynamic_classA
2579999,2024-01-24T09:45:39Z,65.21745166666666,6.905213333333333,NA,NA,NA,dynamic_classA
2579999,2024-01-24T09:46:06Z,63.44207666666667,10.403376666666666,NA,NA,NA,dynamic_classA
2579999,2024-01-24T09:46:09Z,35.50157,129.44113833333333,NA,NA,NA,dynamic_classA
2579999,2024-01-24T09:46:37Z,-38.44958166666667,148.30880833333333,NA,NA,NA,dynamic_classA
2579999,2024-01-24T09:47:19Z,53.45057666666666,0.8896350000000001,NA,NA,NA,dynamic_classA
2579999,2024-01-24T09:47:33Z,10.285746666666666,106.76150666666668,NA,NA,NA,dynamic_classA
2579999,2024-01-24T09:47:43Z,46.543980000000005,-48.499066666666664,NA,NA,NA,dynamic_classA
2579999,2024-01-24T09:47:52Z,29.65059,32.36100666666667,NA,NA,NA,dynamic_classA
2579999,2024-01-24T09:47:54Z,29.65059,32.36100666666667,NA,NA,NA,dynamic_classA
2579999,2024-01-24T09:47:57Z,34.79535,127.73846833333333,NA,NA,NA,dynamic_classA
2579999,2024-01-24T09:48:00Z,1.2831316666666666,103.77933333333334,NA,NA,NA,dynamic_classA
2579999,2024-01-24T09:48:01Z,54.603233333333336,-1.161735,NA,NA,NA,dynamic_classA
2579999,2024-01-24T09:48:20Z,29.65059,32.361005,NA,NA,NA,dynamic_classA
2579999,2024-01-24T09:48:26Z,35.501545,129.44112166666667,NA,NA,NA,dynamic_classA
2579999,2024-01-24T09:48:28Z,35.50154666666666,129.44112,NA,NA,NA,dynamic_classA
2579999,2024-01-24T09:48:34Z,24.536313333333332,54.38505833333333,NA,NA,NA,dynamic_classA
2579999,2024-01-24T09:48:36Z,35.50154333333333,129.441125,NA,NA,NA,dynamic_classA
2579999,2024-01-24T09:48:56Z,34.795355,127.73847166666665,NA,NA,NA,dynamic_classA
2579999,2024-01-24T09:49:13Z,35.50154333333333,129.44111833333332,NA,NA,NA,dynamic_classA
2579999,2024-01-24T09:49:52Z,1.2831333333333332,103.779335,NA,NA,NA,dynamic_classA
2579999,2024-01-24T09:50:33Z,54.603278333333336,-1.1617283333333333,NA,NA,NA,dynamic_classA
2579999,2024-01-24T09:51:12Z,29.650601666666667,32.36100666666667,NA,NA,NA,dynamic_classA
2579999,2024-01-24T09:51:15Z,9.503425,-13.708226666666667,NA,NA,NA,dynamic_classA
2579999,2024-01-24T09:51:20Z,34.79535833333333,127.73847,NA,NA,NA,dynamic_classA
2579999,2024-01-24T09:51:32Z,1.2831316666666666,103.77935000000001,NA,NA,NA,dynamic_classA
2579999,2024-01-24T09:51:37Z,35.50154,129.44111666666666,NA,NA,NA,dynamic_classA
2579999,2024-01-24T09:51:57Z,1.2831316666666666,103.779355,NA,NA,NA,dynamic_classA
2579999,2024-01-24T09:51:58Z,-38.449553333333334,148.30902166666667,NA,NA,NA,dynamic_classA
2579999,2024-01-24T09:52:08Z,29.650603333333333,32.360998333333335,NA,NA,NA,dynamic_classA
2579999,2024-01-24T09:52:14Z,35.50154333333333,129.44111833333332,NA,NA,NA,dynamic_classA
2579999,2024-01-24T09:52:27Z,65.21744166666666,6.905165,NA,NA,NA,dynamic_classA
2579999,2024-01-24T09:52:32Z,3.5680666666666667,113.32466500000001,NA,NA,NA,dynamic_classA
2579999,2024-01-24T09:52:36Z,9.503433333333334,-13.708233333333334,NA,NA,NA,dynamic_classA
2579999,2024-01-24T09:52:39Z,24.536313333333332,54.38506666666667,NA,NA,NA,dynamic_classA
2579999,2024-01-24T09:52:41Z,1.2831316666666666,103.779355,NA,NA,NA,dynamic_classA
2579999,2024-01-24T09:52:47Z,35.50154333333333,129.44112166666667,NA,NA,NA,dynamic_classA
2579999,2024-01-24T09:53:08Z,-20.118581666666667,115.23905500000001,NA,NA,NA,dynamic_classA
2579999,2024-01-24T09:53:15Z,29.65060833333333,32.361000000000004,NA,NA,NA,dynamic_classA
2579999,2024-01-24T09:53:22Z,-20.118571666666664,115.23905333333333,NA,NA,NA,dynamic_classA
2579999,2024-01-24T09:53:34Z,24.536311666666666,54.38507666666667,NA,NA,NA,dynamic_classA
2579999,2024-01-24T09:53:40Z,9.50342,-13.708238333333332,NA,NA,NA,dynamic_classA
2579999,2024-01-24T09:53:50Z,24.536311666666666,54.38507666666667,NA,NA,NA,dynamic_classA
2579999,2024-01-24T09:53:59Z,25.319008333333333,53.462518333333335,NA,NA,NA,dynamic_classA
2579999,2024-01-24T09:54:03Z,25.319008333333333,53.46251666666667,NA,NA,NA,dynamic_classA
2579999,2024-01-24T09:54:08Z,24.53631,54.38508,NA,NA,NA,dynamic_classA
2579999,2024-01-24T09:54:09Z,-20.118589999999998,115.23905333333333,NA,NA,NA,dynamic_classA
2579999,2024-01-24T09:54:14Z,-38.449619999999996,148.309055,NA,NA,NA,dynamic_classA
2579999,2024-01-24T09:54:18Z,35.501545,129.44113833333333,NA,NA,NA,dynamic_classA
2579999,2024-01-24T09:54:21Z,50.79962833333333,-1.110025,NA,NA,NA,dynamic_classA
2579999,2024-01-24T09:54:25Z,29.650601666666667,32.36100166666667,NA,NA,NA,dynamic_classA
2579999,2024-01-24T09:54:38Z,-20.118593333333333,115.23904833333333,NA,NA,NA,satellite
2579999,2024-01-24T09:54:39Z,9.503418333333334,-13.708228333333333,NA,NA,NA,dynamic_classA
2579999,2024-01-24T09:54:40Z,9.503418333333334,-13.708228333333333,NA,NA,NA,dynamic_classA
2579999,2024-01-24T09:54:41Z,-20.118593333333333,115.23904833333333,NA,NA,NA,satellite
2579999,2024-01-24T09:54:53Z,29.650601666666667,32.36100666666667,NA,NA,NA,dynamic_classA
2579999,2024-01-24T09:54:54Z,-20.118598333333335,115.23905500000001,NA,NA,NA,satellite
2579999,2024-01-24T09:55:01Z,35.501545,129.44113833333333,NA,NA,NA,satellite
2579999,2024-01-24T09:55:14Z,-20.118595000000003,115.23905333333333,NA,NA,NA,satellite
2579999,2024-01-24T09:55:20Z,50.79962833333333,-1.110025,NA,NA,NA,dynamic_classA
2579999,2024-01-24T09:55:35Z,-20.1186,115.23905333333333,NA,NA,NA,satellite
2579999,2024-01-24T09:55:41Z,-20.118603333333333,115.23905500000001,NA,NA,NA,satellite
2579999,2024-01-24T09:55:45Z,-20.118603333333333,115.23905333333333,NA,NA,NA,satellite
2579999,2024-01-24T09:55:48Z,65.217455,6.905193333333333,NA,NA,NA,satellite
2579999,2024-01-24T09:55:49Z,-2.6682599999999996,118.89452166666666,NA,NA,NA,dynamic_classA
2579999,2024-01-24T09:55:52Z,-20.118598333333335,115.23905333333333,NA,NA,NA,satellite
2579999,2024-01-24T09:55:55Z,-20.118598333333335,115.23905333333333,NA,NA,NA,satellite
2579999,2024-01-24T09:55:56Z,56.70169,-2.465755,NA,NA,NA,dynamic_classA
2579999,2024-01-24T09:56:05Z,-20.11859666666667,115.23905333333333,NA,NA,NA,satellite
2579999,2024-01-24T09:56:07Z,35.50154166666667,129.441135,NA,NA,NA,dynamic_classA
2579999,2024-01-24T09:56:11Z,-20.118595000000003,115.23905500000001,NA,NA,NA,satellite
2579999,2024-01-24T09:56:15Z,-20.118593333333333,115.23905666666666,NA,NA,NA,satellite
2579999,2024-01-24T09:56:18Z,-20.118593333333333,115.23905666666666,NA,NA,NA,satellite
2579999,2024-01-24T09:56:20Z,29.357485,34.96126,NA,NA,NA,dynamic_classA
2579999,2024-01-24T09:56:25Z,-20.11859666666667,115.23905833333333,NA,NA,NA,satellite
2579999,2024-01-24T09:56:28Z,-20.11859666666667,115.23905833333333,NA,NA,NA,satellite
2579999,2024-01-24T09:56:29Z,-38.44956166666667,148.308985,NA,NA,NA,dynamic_classA
2579999,2024-01-24T09:56:32Z,-20.118598333333335,115.23906000000001,NA,NA,NA,satellite
2579999,2024-01-24T09:56:35Z,-20.118598333333335,115.23906000000001,NA,NA,NA,satellite
2579999,2024-01-24T09:56:38Z,35.50153666666667,129.441135,NA,NA,NA,satellite
2579999,2024-01-24T09:56:39Z,-20.118601666666667,115.23906166666667,NA,NA,NA,dynamic_classA
2579999,2024-01-24T09:56:42Z,29.357486666666667,34.961263333333335,NA,NA,NA,dynamic_classA
2579999,2024-01-24T09:56:44Z,-20.1186,115.23906166666667,NA,NA,NA,satellite
2579999,2024-01-24T09:56:53Z,65.21745333333334,6.905196666666667,NA,NA,NA,dynamic_classA
2579999,2024-01-24T09:56:55Z,-20.11859666666667,115.23906166666667,NA,NA,NA,satellite
2579999,2024-01-24T09:56:56Z,56.701678333333334,-2.465771666666667,NA,NA,NA,dynamic_classA
2579999,2024-01-24T09:56:58Z,-20.11859666666667,115.23906166666667,NA,NA,NA,satellite
2579999,2024-01-24T09:57:04Z,9.503426666666666,-13.708245,NA,NA,NA,dynamic_classA
2579999,2024-01-24T09:57:08Z,-20.118593333333333,115.23906000000001,NA,NA,NA,satellite
2579999,2024-01-24T09:57:10Z,35.50153666666667,129.44113000000002,NA,NA,NA,dynamic_classA
2579999,2024-01-24T09:57:18Z,-20.11858833333333,115.23905833333333,NA,NA,NA,satellite
2579999,2024-01-24T09:57:19Z,56.701681666666666,-2.4657633333333333,NA,NA,NA,dynamic_classA
2579999,2024-01-24T09:57:24Z,-20.118589999999998,115.23905833333333,NA,NA,NA,satellite
2579999,2024-01-24T09:57:25Z,-20.11858833333333,115.23906000000001,NA,NA,NA,satellite
2579999,2024-01-24T09:57:28Z,-20.11858833333333,115.23906000000001,NA,NA,NA,satellite
2579999,2024-01-24T09:57:30Z,65.217455,6.905196666666667,NA,NA,NA,dynamic_classA
2579999,2024-01-24T09:57:41Z,-20.118586666666666,115.23906333333333,NA,NA,NA,dynamic_classA
2579999,2024-01-24T09:57:44Z,10.28574,106.76149166666667,NA,NA,NA,dynamic_classA
2579999,2024-01-24T09:57:45Z,-20.118586666666666,115.23906333333333,NA,NA,NA,satellite
2579999,2024-01-24T09:57:48Z,-20.118586666666666,115.23906333333333,NA,NA,NA,satellite
2579999,2024-01-24T09:57:52Z,-5.455391666666667,105.31050166666667,NA,NA,NA,dynamic_classA
2579999,2024-01-24T09:57:57Z,63.442078333333335,10.403391666666666,NA,NA,NA,dynamic_classA
2579999,2024-01-24T09:58:01Z,-20.118585,115.239065,NA,NA,NA,satellite
2579999,2024-01-24T09:58:15Z,-20.118593333333333,115.239065,NA,NA,NA,satellite
2579999,2024-01-24T09:58:18Z,-20.118593333333333,115.239065,NA,NA,NA,satellite
2579999,2024-01-24T09:58:21Z,-20.118595000000003,115.23906666666667,NA,NA,NA,satellite
2579999,2024-01-24T09:58:25Z,-20.118595000000003,115.23906666666667,NA,NA,NA,satellite
2579999,2024-01-24T09:58:31Z,29.650606666666665,32.36100166666667,NA,NA,NA,satellite
2579999,2024-01-24T09:58:34Z,53.539991666666666,9.878868333333333,NA,NA,NA,dynamic_classA
2579999,2024-01-24T09:58:36Z,1.2831316666666666,103.77933,NA,NA,NA,dynamic_classA
2579999,2024-01-24T09:58:47Z,35.501535,129.44112166666667,NA,NA,NA,dynamic_classA
2579999,2024-01-24T09:58:56Z,3.5680666666666667,113.32466500000001,NA,NA,NA,dynamic_classA
2579999,2024-01-24T09:59:04Z,56.70169,-2.4657433333333336,NA,NA,NA,dynamic_classA
2579999,2024-01-24T09:59:05Z,-20.118593333333333,115.23906333333333,NA,NA,NA,satellite
2579999,2024-01-24T09:59:15Z,-20.118595000000003,115.23906166666667,NA,NA,NA,satellite
2579999,2024-01-24T09:59:18Z,-20.118595000000003,115.23906166666667,NA,NA,NA,satellite
2579999,2024-01-24T09:59:24Z,-20.118598333333335,115.23906333333333,NA,NA,NA,satellite
2579999,2024-01-24T09:59:26Z,34.79534833333333,127.73847333333333,NA,NA,NA,dynamic_classA
2579999,2024-01-24T09:59:28Z,-20.118598333333335,115.23906333333333,NA,NA,NA,satellite
2579999,2024-01-24T09:59:31Z,-20.118598333333335,115.23906333333333,NA,NA,NA,satellite
2579999,2024-01-24T09:59:34Z,-20.118593333333333,115.23906166666667,NA,NA,NA,satellite
2579999,2024-01-24T09:59:35Z,-20.118598333333335,115.23906333333333,NA,NA,NA,satellite
2579999,2024-01-24T09:59:39Z,56.70169333333333,-2.46573,NA,NA,NA,dynamic_classA
2579999,2024-01-24T09:59:41Z,-20.118593333333333,115.23906166666667,NA,NA,NA,satellite
2579999,2024-01-24T09:59:52Z,25.319000000000003,53.46250666666666,NA,NA,NA,dynamic_classA
2579999,2024-01-24T10:00:02Z,-20.118593333333333,115.23905666666666,NA,NA,NA,satellite
2579999,2024-01-24T10:00:05Z,-20.118591666666667,115.23905833333333,NA,NA,NA,satellite
2579999,2024-01-24T10:00:15Z,-20.118591666666667,115.23905833333333,NA,NA,NA,satellite
2579999,2024-01-24T10:00:20Z,10.285756666666666,106.76146166666668,NA,NA,NA,dynamic_classA
2579999,2024-01-24T10:00:25Z,-20.11858833333333,115.23906000000001,NA,NA,NA,satellite
2579999,2024-01-24T10:00:30Z,54.60328166666667,-1.1617266666666666,NA,NA,NA,dynamic_classA
2579999,2024-01-24T10:00:32Z,-20.11858833333333,115.23906166666667,NA,NA,NA,satellite
2579999,2024-01-24T10:00:36Z,25.319000000000003,53.46251333333333,NA,NA,NA,dynamic_classA
2579999,2024-01-24T10:00:40Z,29.650606666666665,32.361005,NA,NA,NA,dynamic_classA
2579999,2024-01-24T10:00:52Z,35.50154166666667,129.44112333333334,NA,NA,NA,dynamic_classA
2579999,2024-01-24T10:00:57Z,34.79534833333333,127.73846333333333,NA,NA,NA,dynamic_classA
2579999,2024-01-24T10:01:02Z,24.536303333333333,54.38506333333333,NA,NA,NA,dynamic_classA
2579999,2024-01-24T10:01:04Z,24.536303333333333,54.385065000000004,NA,NA,NA,dynamic_classA
2579999,2024-01-24T10:01:11Z,35.50154166666667,129.441125,NA,NA,NA,satellite
2579999,2024-01-24T10:01:13Z,53.539986666666664,9.878870000000001,NA,NA,NA,dynamic_classA
2579999,2024-01-24T10:01:14Z,-20.118581666666667,115.23906166666667,NA,NA,NA,satellite
2579999,2024-01-24T10:01:25Z,29.650609999999997,32.36100666666667,NA,NA,NA,dynamic_classA
2579999,2024-01-24T10:01:31Z,25.31900166666667,53.462518333333335,NA,NA,NA,dynamic_classA
2579999,2024-01-24T10:01:41Z,-20.118578333333335,115.23906000000001,NA,NA,NA,satellite
2579999,2024-01-24T10:01:45Z,53.539985,9.878870000000001,NA,NA,NA,dynamic_classA
2579999,2024-01-24T10:01:57Z,1.2831283333333334,103.77934166666667,NA,NA,NA,dynamic_classA
2579999,2024-01-24T10:02:01Z,-20.118575,115.23906000000001,NA,NA,NA,satellite
2579999,2024-01-24T10:02:09Z,65.21746333333333,6.90517,NA,NA,NA,dynamic_classA
2579999,2024-01-24T10:02:14Z,-20.118571666666664,115.23906166666667,NA,NA,NA,satellite
2579999,2024-01-24T10:02:17Z,-20.118573333333334,115.23906166666667,NA,NA,NA,satellite
2579999,2024-01-24T10:02:19Z,29.650603333333333,32.36100666666667,NA,NA,NA,dynamic_classA
2579999,2024-01-24T10:02:20Z,-20.118571666666664,115.23906333333333,NA,NA,NA,satellite
2579999,2024-01-24T10:02:25Z,34.79534833333333,127.73847166666665,NA,NA,NA,dynamic_classA
2579999,2024-01-24T10:02:32Z,25.31900166666667,53.462520000000005,NA,NA,NA,dynamic_classA
2579999,2024-01-24T10:02:34Z,-20.118573333333334,115.23906333333333,NA,NA,NA,satellite
2579999,2024-01-24T10:02:40Z,-20.118575,115.23906333333333,NA,NA,NA,satellite
2579999,2024-01-24T10:02:41Z,25.319005,53.46252166666667,NA,NA,NA,dynamic_classA
2579999,2024-01-24T10:02:42Z,1.2831266666666667,103.77935166666666,NA,NA,NA,dynamic_classA
2579999,2024-01-24T10:02:45Z,35.50155333333333,129.44112333333334,NA,NA,NA,dynamic_classA
2579999,2024-01-24T10:02:49Z,56.701699999999995,-2.465726666666667,NA,NA,NA,dynamic_classA
2579999,2024-01-24T10:02:52Z,1.2831266666666667,103.77935166666666,NA,NA,NA,dynamic_classA
2579999,2024-01-24T10:02:56Z,65.21746333333333,6.905171666666666,NA,NA,NA,dynamic_classA
2579999,2024-01-24T10:03:00Z,25.319005,53.46252166666667,NA,NA,NA,dynamic_classA
2579999,2024-01-24T10:03:02Z,65.21746166666667,6.905175,NA,NA,NA,dynamic_classA
2579999,2024-01-24T10:03:08Z,25.319003333333335,53.46252166666667,NA,NA,NA,dynamic_classA
2579999,2024-01-24T10:03:10Z,25.319003333333335,53.46252166666667,NA,NA,NA,dynamic_classA
2579999,2024-01-24T10:03:12Z,-20.118578333333335,115.239065,NA,NA,NA,dynamic_classA
2579999,2024-01-24T10:03:22Z,9.503423333333334,-13.708248333333334,NA,NA,NA,dynamic_classA
2579999,2024-01-24T10:03:25Z,-20.118583333333333,115.23906166666667,NA,NA,NA,dynamic_classA
2579999,2024-01-24T10:03:36Z,50.79962666666667,-1.1100183333333333,NA,NA,NA,dynamic_classA
2579999,2024-01-24T10:03:44Z,50.79962666666667,-1.1100183333333333,NA,NA,NA,dynamic_classA
2579999,2024-01-24T10:04:11Z,35.501551666666664,129.44112666666666,NA,NA,NA,dynamic_classA
2579999,2024-01-24T10:04:17Z,1.2831233333333332,103.77933333333334,NA,NA,NA,dynamic_classA
2579999,2024-01-24T10:04:20Z,34.79535833333333,127.73847166666665,NA,NA,NA,dynamic_classA
2579999,2024-01-24T10:04:45Z,29.650593333333333,32.36099333333333,NA,NA,NA,dynamic_classA
2579999,2024-01-24T10:04:59Z,35.50154166666667,129.44112666666666,NA,NA,NA,dynamic_classA
2579999,2024-01-24T10:05:03Z,56.70169666666666,-2.4657666666666667,NA,NA,NA,dynamic_classA
2579999,2024-01-24T10:05:10Z,-20.118593333333333,115.23904833333333,NA,NA,NA,satellite
2579999,2024-01-24T10:05:13Z,-20.118593333333333,115.23904833333333,NA,NA,NA,satellite
2579999,2024-01-24T10:05:16Z,53.53998833333333,9.878866666666665,NA,NA,NA,dynamic_classA
2579999,2024-01-24T10:05:17Z,-20.118593333333333,115.23904833333333,NA,NA,NA,satellite
2579999,2024-01-24T10:05:27Z,-20.118595000000003,115.23904833333333,NA,NA,NA,satellite
2579999,2024-01-24T10:05:28Z,-20.118593333333333,115.23904999999999,NA,NA,NA,dynamic_classA
2579999,2024-01-24T10:05:30Z,-20.118595000000003,115.23905166666667,NA,NA,NA,satellite
2579999,2024-01-24T10:05:33Z,-20.11859666666667,115.23904833333333,NA,NA,NA,satellite
2579999,2024-01-24T10:05:35Z,-20.118595000000003,115.23905166666667,NA,NA,NA,dynamic_classA
2579999,2024-01-24T10:05:38Z,-38.449488333333335,148.308895,NA,NA,NA,dynamic_classA
2579999,2024-01-24T10:05:43Z,-20.118595000000003,115.23905333333333,NA,NA,NA,satellite
2579999,2024-01-24T10:05:45Z,34.79535666666666,127.73846666666667,NA,NA,NA,dynamic_classA
2579999,2024-01-24T10:05:47Z,-20.118591666666667,115.23905500000001,NA,NA,NA,satellite
2579999,2024-01-24T10:05:48Z,59.88900666666667,10.753858333333334,NA,NA,NA,dynamic_classA
2579999,2024-01-24T10:05:53Z,50.79962166666667,-1.1100166666666667,NA,NA,NA,dynamic_classA
2579999,2024-01-24T10:05:57Z,-20.11858833333333,115.23906000000001,NA,NA,NA,satellite
2579999,2024-01-24T10:06:03Z,-20.118585,115.23906333333333,NA,NA,NA,satellite
2579999,2024-01-24T10:06:13Z,-20.118583333333333,115.239065,NA,NA,NA,satellite
2579999,2024-01-24T10:06:18Z,10.28572,106.76151,NA,NA,NA,dynamic_classA
2579999,2024-01-24T10:06:49Z,35.50153833333333,129.44112833333332,NA,NA,NA,dynamic_classA
2579999,2024-01-24T10:06:56Z,-20.118583333333333,115.239065,NA,NA,NA,satellite
2579999,2024-01-24T10:07:01Z,50.79962833333333,-1.1100133333333335,NA,NA,NA,dynamic_classA
2579999,2024-01-24T10:07:03Z,-20.118581666666667,115.23906166666667,NA,NA,NA,satellite
2579999,2024-01-24T10:07:06Z,-20.118581666666667,115.23906166666667,NA,NA,NA,satellite
2579999,2024-01-24T10:07:14Z,-20.118581666666667,115.23906000000001,NA,NA,NA,satellite
2579999,2024-01-24T10:07:19Z,65.217455,6.905178333333334,NA,NA,NA,dynamic_classA
2579999,2024-01-24T10:07:34Z,-20.118586666666666,115.23906000000001,NA,NA,NA,satellite
2579999,2024-01-24T10:07:44Z,10.285705,106.76151666666667,NA,NA,NA,satellite
2579999,2024-01-24T10:07:47Z,-20.118591666666667,115.23905833333333,NA,NA,NA,satellite
2579999,2024-01-24T10:07:54Z,-20.118593333333333,115.23905666666666,NA,NA,NA,satellite
2579999,2024-01-24T10:08:14Z,-20.118593333333333,115.23905166666667,NA,NA,NA,satellite
2579999,2024-01-24T10:08:17Z,53.53998833333333,9.878863333333333,NA,NA,NA,dynamic_classA
2579999,2024-01-24T10:08:21Z,-38.44954833333334,148.30884333333333,NA,NA,NA,dynamic_classA
2579999,2024-01-24T10:08:24Z,-20.118593333333333,115.23904999999999,NA,NA,NA,satellite
2579999,2024-01-24T10:08:27Z,34.79535166666667,127.73846666666667,NA,NA,NA,satellite
2579999,2024-01-24T10:08:33Z,1.2831316666666666,103.77935166666666,NA,NA,NA,dynamic_classA
2579999,2024-01-24T10:08:36Z,26.203516666666665,50.60104666666667,NA,NA,NA,dynamic_classA
2579999,2024-01-24T10:08:37Z,-20.1186,115.23904833333333,NA,NA,NA,satellite
2579999,2024-01-24T10:08:38Z,1.2831316666666666,103.77935166666666,NA,NA,NA,dynamic_classA
2579999,2024-01-24T10:08:46Z,1.2831316666666666,103.77935166666666,NA,NA,NA,dynamic_classA
2579999,2024-01-24T10:08:48Z,1.2831316666666666,103.77935166666666,NA,NA,NA,dynamic_classA
2579999,2024-01-24T10:08:49Z,1.2831316666666666,103.77935166666666,NA,NA,NA,dynamic_classA
2579999,2024-01-24T10:08:56Z,25.318994999999997,53.46250833333333,NA,NA,NA,dynamic_classA
2579999,2024-01-24T10:08:58Z,35.501545,129.441125,NA,NA,NA,dynamic_classA
2579999,2024-01-24T10:09:06Z,35.50154666666666,129.441125,NA,NA,NA,dynamic_classA
2579999,2024-01-24T10:09:10Z,-20.118605,115.23904833333333,NA,NA,NA,satellite
2579999,2024-01-24T10:09:24Z,-20.118605,115.23905166666667,NA,NA,NA,satellite
2579999,2024-01-24T10:09:26Z,-20.118608333333334,115.23905166666667,NA,NA,NA,satellite
2579999,2024-01-24T10:09:27Z,-20.118608333333334,115.23905166666667,NA,NA,NA,satellite
2579999,2024-01-24T10:09:34Z,-20.118608333333334,115.23905333333333,NA,NA,NA,satellite
2579999,2024-01-24T10:09:47Z,63.442083333333336,10.40339,NA,NA,NA,dynamic_classA
2579999,2024-01-24T10:10:04Z,-20.11860666666667,115.23905333333333,NA,NA,NA,satellite
2579999,2024-01-24T10:10:09Z,24.536303333333333,54.385075,NA,NA,NA,dynamic_classA
2579999,2024-01-24T10:10:10Z,25.319003333333335,53.462515,NA,NA,NA,dynamic_classA
2579999,2024-01-24T10:10:11Z,25.31900166666667,53.462515,NA,NA,NA,dynamic_classA
2579999,2024-01-24T10:10:13Z,25.319003333333335,53.462515,NA,NA,NA,dynamic_classA
2579999,2024-01-24T10:10:24Z,1.2831283333333334,103.77933,NA,NA,NA,dynamic_classA
2579999,2024-01-24T10:10:25Z,35.50154333333333,129.441125,NA,NA,NA,dynamic_classA
2579999,2024-01-24T10:10:30Z,25.319005,53.462518333333335,NA,NA,NA,dynamic_classA
2579999,2024-01-24T10:10:34Z,-20.11861,115.23905500000001,NA,NA,NA,satellite
2579999,2024-01-24T10:10:35Z,25.319005,53.462518333333335,NA,NA,NA,dynamic_classA
2579999,2024-01-24T10:10:37Z,25.319005,53.462518333333335,NA,NA,NA,dynamic_classA
2579999,2024-01-24T10:10:41Z,25.319008333333333,53.46251666666667,NA,NA,NA,dynamic_classA
2579999,2024-01-24T10:10:44Z,25.319006666666667,53.462518333333335,NA,NA,NA,dynamic_classA
2579999,2024-01-24T10:10:49Z,25.319008333333333,53.46251666666667,NA,NA,NA,dynamic_classA
2579999,2024-01-24T10:10:52Z,25.319008333333333,53.46251666666667,NA,NA,NA,dynamic_classA
2579999,2024-01-24T10:10:53Z,54.60326666666666,-1.1617400000000002,NA,NA,NA,dynamic_classA
2579999,2024-01-24T10:11:00Z,25.31901,53.462515,NA,NA,NA,dynamic_classA
2579999,2024-01-24T10:11:04Z,-20.11860666666667,115.23905666666666,NA,NA,NA,satellite
2579999,2024-01-24T10:11:06Z,25.31901,53.462515,NA,NA,NA,dynamic_classA
2579999,2024-01-24T10:11:10Z,25.31901,53.462515,NA,NA,NA,dynamic_classA
2579999,2024-01-24T10:11:16Z,25.31901,53.462515,NA,NA,NA,dynamic_classA
2579999,2024-01-24T10:11:17Z,1.2831249999999998,103.77932833333332,NA,NA,NA,dynamic_classA
2579999,2024-01-24T10:11:25Z,56.701678333333334,-2.465731666666667,NA,NA,NA,dynamic_classA
2579999,2024-01-24T10:11:27Z,-20.118613333333332,115.23905833333333,NA,NA,NA,satellite
2579999,2024-01-24T10:11:34Z,-20.118611666666666,115.23906000000001,NA,NA,NA,satellite
2579999,2024-01-24T10:11:50Z,1.2831233333333332,103.77933333333334,NA,NA,NA,satellite
2579999,2024-01-24T10:11:58Z,-20.118608333333334,115.23906166666667,NA,NA,NA,dynamic_classA
2579999,2024-01-24T10:12:00Z,34.79535166666667,127.73847833333333,NA,NA,NA,dynamic_classA
2579999,2024-01-24T10:12:24Z,-20.118618333333334,115.239065,NA,NA,NA,satellite
2579999,2024-01-24T10:12:26Z,35.501531666666665,129.44112166666667,NA,NA,NA,dynamic_classA
2579999,2024-01-24T10:12:28Z,-20.11862,115.239065,NA,NA,NA,satellite
2579999,2024-01-24T10:12:34Z,35.50153,129.441125,NA,NA,NA,dynamic_classA
2579999,2024-01-24T10:12:44Z,-20.118618333333334,115.23906666666667,NA,NA,NA,satellite
2579999,2024-01-24T10:12:46Z,29.650591666666667,32.36101,NA,NA,NA,dynamic_classA
2579999,2024-01-24T10:12:54Z,-20.118615,115.23906666666667,NA,NA,NA,satellite
2579999,2024-01-24T10:12:57Z,65.21745666666666,6.905171666666666,NA,NA,NA,dynamic_classA
2579999,2024-01-24T10:13:15Z,35.501533333333334,129.44111833333332,NA,NA,NA,dynamic_classA
2579999,2024-01-24T10:13:36Z,65.21745833333334,6.905166666666667,NA,NA,NA,dynamic_classA
2579999,2024-01-24T10:13:44Z,10.285756666666666,106.76145166666667,NA,NA,NA,satellite
2579999,2024-01-24T10:13:54Z,-38.44962666666667,148.30892833333334,NA,NA,NA,satellite
2579999,2024-01-24T10:13:57Z,-20.118616666666664,115.23906833333334,NA,NA,NA,satellite
2579999,2024-01-24T10:14:04Z,-20.11862,115.23907,NA,NA,NA,satellite
2579999,2024-01-24T10:14:15Z,-20.11862,115.23907166666666,NA,NA,NA,dynamic_classA
2579999,2024-01-24T10:14:16Z,9.503418333333334,-13.708238333333332,NA,NA,NA,dynamic_classA
2579999,2024-01-24T10:14:24Z,-20.118621666666666,115.23906833333334,NA,NA,NA,satellite
2579999,2024-01-24T10:14:32Z,-20.118623333333336,115.239065,NA,NA,NA,dynamic_classA
2579999,2024-01-24T10:14:34Z,-20.118621666666666,115.23906833333334,NA,NA,NA,satellite
2579999,2024-01-24T10:14:35Z,29.650593333333333,32.36100166666667,NA,NA,NA,dynamic_classA
2579999,2024-01-24T10:14:40Z,34.79535333333333,127.73847166666665,NA,NA,NA,dynamic_classA
2579999,2024-01-24T10:14:43Z,-20.118623333333336,115.239065,NA,NA,NA,dynamic_classA
2579999,2024-01-24T10:14:44Z,-20.118621666666666,115.239065,NA,NA,NA,satellite
2579999,2024-01-24T10:14:55Z,1.2831266666666667,103.77932833333332,NA,NA,NA,dynamic_classA
2579999,2024-01-24T10:14:57Z,-20.118623333333336,115.23906166666667,NA,NA,NA,satellite
2579999,2024-01-24T10:15:04Z,-38.44963666666667,148.30890333333335,NA,NA,NA,dynamic_classA
2579999,2024-01-24T10:15:05Z,50.79963166666666,-1.1100066666666666,NA,NA,NA,dynamic_classA
2579999,2024-01-24T10:15:13Z,29.650595,32.361000000000004,NA,NA,NA,dynamic_classA
2579999,2024-01-24T10:15:24Z,-20.118626666666668,115.23906333333333,NA,NA,NA,satellite
2579999,2024-01-24T10:15:36Z,26.20322666666667,50.601189999999995,NA,NA,NA,dynamic_classA
2579999,2024-01-24T10:15:44Z,-20.118628333333334,115.23905833333333,NA,NA,NA,satellite
2579999,2024-01-24T10:16:16Z,56.70166166666667,-2.465751666666667,NA,NA,NA,dynamic_classA
2579999,2024-01-24T10:16:25Z,3.5680666666666667,113.32466500000001,NA,NA,NA,dynamic_classA
2579999,2024-01-24T10:16:37Z,35.50154833333333,129.44113166666665,NA,NA,NA,dynamic_classA
2579999,2024-01-24T10:16:49Z,-2.668248333333333,118.89451166666666,NA,NA,NA,dynamic_classA
2579999,2024-01-24T10:16:50Z,1.2831249999999998,103.77935166666666,NA,NA,NA,dynamic_classA
2579999,2024-01-24T10:17:18Z,-20.118631666666666,115.23906166666667,NA,NA,NA,dynamic_classA
2579999,2024-01-24T10:17:19Z,56.701663333333336,-2.46573,NA,NA,NA,dynamic_classA
2579999,2024-01-24T10:17:30Z,35.50154,129.44113333333334,NA,NA,NA,dynamic_classA
2579999,2024-01-24T10:18:01Z,65.217455,6.9051383333333325,NA,NA,NA,dynamic_classA
2579999,2024-01-24T10:18:12Z,25.319000000000003,53.462511666666664,NA,NA,NA,dynamic_classA
2579999,2024-01-24T10:18:14Z,9.503411666666667,-13.708223333333333,NA,NA,NA,dynamic_classA
2579999,2024-01-24T10:18:18Z,29.650583333333334,32.361003333333336,NA,NA,NA,dynamic_classA
2579999,2024-01-24T10:18:23Z,-5.455396666666667,105.31050499999999,NA,NA,NA,dynamic_classA
2579999,2024-01-24T10:18:25Z,-20.118631666666666,115.23906166666667,NA,NA,NA,dynamic_classA
2579999,2024-01-24T10:18:26Z,25.319000000000003,53.462511666666664,NA,NA,NA,dynamic_classA
2579999,2024-01-24T10:18:27Z,24.53629,54.385056666666664,NA,NA,NA,dynamic_classA
2579999,2024-01-24T10:18:30Z,25.319000000000003,53.462511666666664,NA,NA,NA,dynamic_classA
2579999,2024-01-24T10:18:32Z,25.319000000000003,53.462511666666664,NA,NA,NA,dynamic_classA
2579999,2024-01-24T10:18:43Z,65.217445,6.905113333333333,NA,NA,NA,dynamic_classA
2579999,2024-01-24T10:18:45Z,-20.118626666666668,115.23906333333333,NA,NA,NA,dynamic_classA
2579999,2024-01-24T10:18:47Z,25.31900166666667,53.462509999999995,NA,NA,NA,dynamic_classA
2579999,2024-01-24T10:18:49Z,25.318998333333333,53.462509999999995,NA,NA,NA,dynamic_classA
2579999,2024-01-24T10:18:50Z,25.31900166666667,53.462509999999995,NA,NA,NA,dynamic_classA
2579999,2024-01-24T10:18:51Z,25.31900166666667,53.462509999999995,NA,NA,NA,dynamic_classA
2579999,2024-01-24T10:18:56Z,25.31900166666667,53.462509999999995,NA,NA,NA,dynamic_classA
2579999,2024-01-24T10:18:58Z,25.31900166666667,53.462509999999995,NA,NA,NA,dynamic_classA
2579999,2024-01-24T10:19:00Z,25.319003333333335,53.462511666666664,NA,NA,NA,dynamic_classA
2579999,2024-01-24T10:19:01Z,29.650579999999998,32.361000000000004,NA,NA,NA,dynamic_classA
2579999,2024-01-24T10:19:07Z,35.501545,129.44113333333334,NA,NA,NA,dynamic_classA
2579999,2024-01-24T10:19:13Z,53.53998833333333,9.878855,NA,NA,NA,dynamic_classA
2579999,2024-01-24T10:19:15Z,29.650579999999998,32.361005,NA,NA,NA,dynamic_classA
2579999,2024-01-24T10:19:19Z,29.650579999999998,32.361005,NA,NA,NA,dynamic_classA
2579999,2024-01-24T10:19:28Z,1.2831249999999998,103.77936,NA,NA,NA,dynamic_classA
2579999,2024-01-24T10:19:33Z,1.2831249999999998,103.77936,NA,NA,NA,dynamic_classA
2579999,2024-01-24T10:19:36Z,1.2831249999999998,103.77936,NA,NA,NA,dynamic_classA
2579999,2024-01-24T10:19:38Z,1.2831249999999998,103.77936,NA,NA,NA,dynamic_classA
2579999,2024-01-24T10:19:43Z,29.650581666666668,32.36100666666667,NA,NA,NA,dynamic_classA
2579999,2024-01-24T10:19:49Z,3.5680666666666667,113.32466500000001,NA,NA,NA,dynamic_classA
2579999,2024-01-24T10:19:52Z,24.536303333333333,54.385061666666665,NA,NA,NA,dynamic_classA
2579999,2024-01-24T10:19:53Z,24.536303333333333,54.385061666666665,NA,NA,NA,dynamic_classA
2579999,2024-01-24T10:19:54Z,56.701663333333336,-2.4657216666666666,NA,NA,NA,dynamic_classA
2579999,2024-01-24T10:19:58Z,29.650581666666668,32.36100666666667,NA,NA,NA,dynamic_classA
2579999,2024-01-24T10:19:59Z,56.70166166666667,-2.4657199999999997,NA,NA,NA,dynamic_classA
2579999,2024-01-24T10:20:01Z,29.650581666666668,32.36100666666667,NA,NA,NA,dynamic_classA
2579999,2024-01-24T10:20:07Z,29.650581666666668,32.36100666666667,NA,NA,NA,dynamic_classA
2579999,2024-01-24T10:20:14Z,59.88899666666667,10.753855,NA,NA,NA,dynamic_classA
2579999,2024-01-24T10:20:16Z,34.79535166666667,127.73845833333333,NA,NA,NA,dynamic_classA
2579999,2024-01-24T10:20:28Z,35.50154333333333,129.44114166666665,NA,NA,NA,dynamic_classA
2579999,2024-01-24T10:20:34Z,24.536303333333333,54.385061666666665,NA,NA,NA,dynamic_classA
2579999,2024-01-24T10:20:38Z,24.536303333333333,54.385061666666665,NA,NA,NA,dynamic_classA
2579999,2024-01-24T10:20:39Z,24.536303333333333,54.385061666666665,NA,NA,NA,dynamic_classA
2579999,2024-01-24T10:20:42Z,24.536303333333333,54.385061666666665,NA,NA,NA,dynamic_classA
2579999,2024-01-24T10:20:44Z,24.536303333333333,54.385061666666665,NA,NA,NA,dynamic_classA
2579999,2024-01-24T10:20:50Z,54.60323166666667,-1.1617166666666667,NA,NA,NA,dynamic_classA
2579999,2024-01-24T10:20:51Z,24.536305000000002,54.385065000000004,NA,NA,NA,dynamic_classA
2579999,2024-01-24T10:21:06Z,25.319008333333333,53.462515,NA,NA,NA,dynamic_classA
2579999,2024-01-24T10:21:15Z,29.650583333333334,32.361003333333336,NA,NA,NA,dynamic_classA
2579999,2024-01-24T10:21:32Z,35.501549999999995,129.44113333333334,NA,NA,NA,dynamic_classA
2579999,2024-01-24T10:21:43Z,53.539993333333335,9.878856666666668,NA,NA,NA,dynamic_classA
2579999,2024-01-24T10:21:44Z,10.28576,106.76144666666667,NA,NA,NA,dynamic_classA
2579999,2024-01-24T10:21:47Z,34.79536666666667,127.73847166666665,NA,NA,NA,dynamic_classA
2579999,2024-01-24T10:21:52Z,35.501545,129.441135,NA,NA,NA,dynamic_classA
2579999,2024-01-24T10:22:05Z,53.539993333333335,9.878858333333334,NA,NA,NA,dynamic_classA
2579999,2024-01-24T10:22:14Z,54.603245,-1.1617083333333333,NA,NA,NA,dynamic_classA
2579999,2024-01-24T10:22:17Z,54.603245,-1.1617083333333333,NA,NA,NA,dynamic_classA
2579999,2024-01-24T10:22:26Z,1.2831266666666667,103.77935333333333,NA,NA,NA,dynamic_classA
2579999,2024-01-24T10:22:49Z,65.21746333333333,6.905143333333333,NA,NA,NA,dynamic_classA
2579999,2024-01-24T10:23:05Z,35.50154166666667,129.44112833333332,NA,NA,NA,dynamic_classA
2579999,2024-01-24T10:23:13Z,65.217465,6.905145,NA,NA,NA,dynamic_classA
2579999,2024-01-24T10:23:19Z,56.701663333333336,-2.465716666666667,NA,NA,NA,dynamic_classA
2579999,2024-01-24T10:23:33Z,1.2831283333333334,103.779355,NA,NA,NA,dynamic_classA
2579999,2024-01-24T10:23:42Z,9.503416666666668,-13.708233333333334,NA,NA,NA,dynamic_classA
2579999,2024-01-24T10:23:46Z,65.21746666666667,6.9051583333333335,NA,NA,NA,dynamic_classA
2579999,2024-01-24T10:23:48Z,25.31901333333333,53.462515,NA,NA,NA,dynamic_classA
2579999,2024-01-24T10:23:49Z,25.31901333333333,53.462515,NA,NA,NA,dynamic_classA
2579999,2024-01-24T10:23:50Z,25.31901333333333,53.462515,NA,NA,NA,dynamic_classA
2579999,2024-01-24T10:23:51Z,1.2831283333333334,103.779355,NA,NA,NA,dynamic_classA
2579999,2024-01-24T10:23:56Z,50.79962833333333,-1.1100116666666666,NA,NA,NA,dynamic_classA
2579999,2024-01-24T10:24:40Z,34.79535666666666,127.73847,NA,NA,NA,dynamic_classA
2579999,2024-01-24T10:24:49Z,-20.118608333333334,115.23905833333333,NA,NA,NA,dynamic_classA
2579999,2024-01-24T10:24:52Z,35.50154333333333,129.44112666666666,NA,NA,NA,dynamic_classA
2579999,2024-01-24T10:25:01Z,35.50154333333333,129.441125,NA,NA,NA,dynamic_classA
2579999,2024-01-24T10:25:13Z,50.79963333333333,-1.11002,NA,NA,NA,dynamic_classA
2579999,2024-01-24T10:25:39Z,35.50154166666667,129.441125,NA,NA,NA,dynamic_classA
2579999,2024-01-24T10:25:43Z,56.70166833333334,-2.4656966666666666,NA,NA,NA,dynamic_classA
2579999,2024-01-24T10:25:56Z,53.53998833333333,9.878871666666667,NA,NA,NA,dynamic_classA
2579999,2024-01-24T10:26:09Z,9.50341,-13.708226666666667,NA,NA,NA,dynamic_classA
2579999,2024-01-24T10:26:16Z,-20.118605,115.23904,NA,NA,NA,satellite
2579999,2024-01-24T10:26:18Z,-20.11860666666667,115.23904,NA,NA,NA,dynamic_classA
2579999,2024-01-24T10:26:26Z,-20.118605,115.23903666666666,NA,NA,NA,satellite
2579999,2024-01-24T10:26:38Z,58.014645,7.483876666666666,NA,NA,NA,dynamic_classA
2579999,2024-01-24T10:26:44Z,50.79963333333333,-1.110015,NA,NA,NA,dynamic_classA
2579999,2024-01-24T10:26:55Z,34.79534666666667,127.73847,NA,NA,NA,dynamic_classA
2579999,2024-01-24T10:26:59Z,65.21744833333334,6.90514,NA,NA,NA,dynamic_classA
2579999,2024-01-24T10:27:01Z,25.319000000000003,53.462515,NA,NA,NA,dynamic_classA
2579999,2024-01-24T10:27:13Z,-20.118603333333333,115.23903666666666,NA,NA,NA,satellite
2579999,2024-01-24T10:27:16Z,25.319000000000003,53.462515,NA,NA,NA,dynamic_classA
2579999,2024-01-24T10:27:29Z,35.50154166666667,129.441125,NA,NA,NA,dynamic_classA
2579999,2024-01-24T10:27:54Z,-20.1186,115.23904,NA,NA,NA,satellite
2579999,2024-01-24T10:27:58Z,10.285761666666668,106.761465,NA,NA,NA,dynamic_classA
2579999,2024-01-24T10:28:00Z,-20.1186,115.23904,NA,NA,NA,satellite
2579999,2024-01-24T10:28:05Z,50.79964,-1.1100183333333333,NA,NA,NA,dynamic_classA
2579999,2024-01-24T10:28:09Z,24.536324999999998,54.38507333333334,NA,NA,NA,dynamic_classA
2579999,2024-01-24T10:28:10Z,25.31900166666667,53.462515,NA,NA,NA,dynamic_classA
2579999,2024-01-24T10:28:14Z,-20.118601666666667,115.23904,NA,NA,NA,satellite
2579999,2024-01-24T10:28:16Z,65.21743833333333,6.905156666666667,NA,NA,NA,dynamic_classA
2579999,2024-01-24T10:28:24Z,-20.118605,115.23904,NA,NA,NA,satellite
2579999,2024-01-24T10:28:27Z,53.539989999999996,9.878865,NA,NA,NA,satellite
2579999,2024-01-24T10:28:29Z,25.319003333333335,53.46251333333333,NA,NA,NA,dynamic_classA
2579999,2024-01-24T10:28:32Z,25.319003333333335,53.46251333333333,NA,NA,NA,dynamic_classA
2579999,2024-01-24T10:28:41Z,54.60325,-1.16173,NA,NA,NA,dynamic_classA
2579999,2024-01-24T10:28:55Z,1.2831299999999999,103.77937166666668,NA,NA,NA,dynamic_classA
2579999,2024-01-24T10:28:57Z,34.79536333333333,127.73848333333333,NA,NA,NA,dynamic_classA
2579999,2024-01-24T10:29:18Z,35.501545,129.44112333333334,NA,NA,NA,dynamic_classA
2579999,2024-01-24T10:29:24Z,1.2831350000000001,103.77936666666666,NA,NA,NA,dynamic_classA
2579999,2024-01-24T10:29:26Z,34.795355,127.73848666666666,NA,NA,NA,dynamic_classA
2579999,2024-01-24T10:30:06Z,35.50154333333333,129.44113000000002,NA,NA,NA,dynamic_classA
2579999,2024-01-24T10:30:08Z,59.88899166666667,10.753888333333332,NA,NA,NA,dynamic_classA
2579999,2024-01-24T10:31:12Z,26.203300000000002,50.60104166666667,NA,NA,NA,dynamic_classA
2579999,2024-01-24T10:31:13Z,54.603235000000005,-1.1617516666666667,NA,NA,NA,dynamic_classA
2579999,2024-01-24T10:31:16Z,21.571455,88.25144666666667,NA,NA,NA,dynamic_classA
2579999,2024-01-24T10:31:48Z,25.319005,53.462518333333335,NA,NA,NA,dynamic_classA
2579999,2024-01-24T10:31:59Z,1.2831350000000001,103.77934499999999,NA,NA,NA,dynamic_classA
2579999,2024-01-24T10:32:27Z,1.2831316666666666,103.77933833333333,NA,NA,NA,dynamic_classA
2579999,2024-01-24T10:32:48Z,-20.118628333333334,115.239065,NA,NA,NA,dynamic_classA
2579999,2024-01-24T10:32:54Z,35.50154666666666,129.44113166666665,NA,NA,NA,dynamic_classA
2579999,2024-01-24T10:33:00Z,34.795365,127.73847333333333,NA,NA,NA,dynamic_classA
2579999,2024-01-24T10:33:16Z,35.501549999999995,129.441135,NA,NA,NA,dynamic_classA
2579999,2024-01-24T10:33:27Z,65.21745166666666,6.905150000000001,NA,NA,NA,dynamic_classA
2579999,2024-01-24T10:33:32Z,1.2831249999999998,103.77934666666667,NA,NA,NA,dynamic_classA
2579999,2024-01-24T10:33:41Z,25.319005,53.46252333333334,NA,NA,NA,dynamic_classA
2579999,2024-01-24T10:33:46Z,25.319005,53.46252333333334,NA,NA,NA,dynamic_classA
2579999,2024-01-24T10:33:48Z,25.319005,53.46252333333334,NA,NA,NA,dynamic_classA
2579999,2024-01-24T10:33:49Z,25.319005,53.46252333333334,NA,NA,NA,dynamic_classA
2579999,2024-01-24T10:34:36Z,35.50155666666667,129.44112833333332,NA,NA,NA,dynamic_classA
2579999,2024-01-24T10:34:45Z,-20.118626666666668,115.23905333333333,NA,NA,NA,satellite
2579999,2024-01-24T10:35:05Z,-20.118623333333336,115.23905333333333,NA,NA,NA,dynamic_classA
2579999,2024-01-24T10:35:09Z,-20.118623333333336,115.23905500000001,NA,NA,NA,dynamic_classA
2579999,2024-01-24T10:35:10Z,34.79535666666666,127.73846499999999,NA,NA,NA,dynamic_classA
2579999,2024-01-24T10:35:26Z,3.5680666666666667,113.32466500000001,NA,NA,NA,dynamic_classA
2579999,2024-01-24T10:35:29Z,1.2831216666666667,103.77935666666667,NA,NA,NA,dynamic_classA
2579999,2024-01-24T10:35:54Z,-38.44962666666667,148.30902333333333,NA,NA,NA,dynamic_classA
2579999,2024-01-24T10:36:00Z,-20.118621666666666,115.23905666666666,NA,NA,NA,satellite
2579999,2024-01-24T10:36:04Z,-20.118621666666666,115.23905833333333,NA,NA,NA,satellite
2579999,2024-01-24T10:36:26Z,1.2831333333333332,103.77936166666667,NA,NA,NA,dynamic_classA
2579999,2024-01-24T10:36:36Z,56.70169833333333,-2.4657433333333336,NA,NA,NA,dynamic_classA
2579999,2024-01-24T10:36:40Z,-20.11862,115.23905666666666,NA,NA,NA,satellite
2579999,2024-01-24T10:36:54Z,10.28576,106.76145166666667,NA,NA,NA,dynamic_classA
2579999,2024-01-24T10:37:08Z,53.539995,9.878861666666667,NA,NA,NA,dynamic_classA
2579999,2024-01-24T10:37:17Z,35.501551666666664,129.44113166666665,NA,NA,NA,dynamic_classA
2579999,2024-01-24T10:37:35Z,21.571461666666668,88.25144833333334,NA,NA,NA,dynamic_classA
2579999,2024-01-24T10:37:39Z,56.70169666666666,-2.465731666666667,NA,NA,NA,dynamic_classA
2579999,2024-01-24T10:37:41Z,-20.118631666666666,115.23906000000001,NA,NA,NA,dynamic_classA
2579999,2024-01-24T10:37:49Z,-2.6682533333333334,118.89453333333333,NA,NA,NA,dynamic_classA
2579999,2024-01-24T10:37:50Z,35.50154833333333,129.44113166666665,NA,NA,NA,dynamic_classA
2579999,2024-01-24T10:38:09Z,25.31900166666667,53.462520000000005,NA,NA,NA,dynamic_classA
2579999,2024-01-24T10:38:13Z,25.31900166666667,53.462520000000005,NA,NA,NA,dynamic_classA
2579999,2024-01-24T10:38:18Z,-20.118621666666666,115.23905666666666,NA,NA,NA,dynamic_classA
2579999,2024-01-24T10:38:41Z,65.21746333333333,6.905205,NA,NA,NA,dynamic_classA
2579999,2024-01-24T10:38:55Z,-20.118636666666664,115.23905666666666,NA,NA,NA,satellite
2579999,2024-01-24T10:39:00Z,-20.118638333333333,115.23905833333333,NA,NA,NA,satellite
2579999,2024-01-24T10:39:02Z,-5.455396666666667,105.31047666666667,NA,NA,NA,dynamic_classA
2579999,2024-01-24T10:39:04Z,-20.118638333333333,115.23905833333333,NA,NA,NA,satellite
2579999,2024-01-24T10:39:14Z,-20.118638333333333,115.23905833333333,NA,NA,NA,satellite
2579999,2024-01-24T10:39:15Z,-20.118636666666664,115.23905833333333,NA,NA,NA,dynamic_classA
2579999,2024-01-24T10:39:24Z,-20.118636666666664,115.23905666666666,NA,NA,NA,satellite
2579999,2024-01-24T10:39:27Z,35.501551666666664,129.44113000000002,NA,NA,NA,dynamic_classA
2579999,2024-01-24T10:39:29Z,25.319003333333335,53.462520000000005,NA,NA,NA,dynamic_classA
2579999,2024-01-24T10:39:33Z,65.21746166666667,6.905195,NA,NA,NA,dynamic_classA
2579999,2024-01-24T10:39:34Z,25.31900166666667,53.462520000000005,NA,NA,NA,dynamic_classA
2579999,2024-01-24T10:39:38Z,35.501551666666664,129.44113000000002,NA,NA,NA,dynamic_classA
2579999,2024-01-24T10:39:39Z,25.31900166666667,53.462520000000005,NA,NA,NA,dynamic_classA
2579999,2024-01-24T10:39:42Z,3.5680666666666667,113.32466500000001,NA,NA,NA,dynamic_classA
2579999,2024-01-24T10:39:44Z,-20.11864166666667,115.23905333333333,NA,NA,NA,satellite
2579999,2024-01-24T10:39:50Z,25.319000000000003,53.462520000000005,NA,NA,NA,dynamic_classA
2579999,2024-01-24T10:39:56Z,25.318998333333333,53.462520000000005,NA,NA,NA,dynamic_classA
2579999,2024-01-24T10:40:01Z,-20.118645,115.23905500000001,NA,NA,NA,satellite
2579999,2024-01-24T10:40:02Z,25.319000000000003,53.462520000000005,NA,NA,NA,dynamic_classA
2579999,2024-01-24T10:40:04Z,53.53998833333333,9.878866666666665,NA,NA,NA,dynamic_classA
2579999,2024-01-24T10:40:13Z,-20.118643333333335,115.23905500000001,NA,NA,NA,satellite
2579999,2024-01-24T10:40:19Z,56.70169,-2.46574,NA,NA,NA,dynamic_classA
2579999,2024-01-24T10:40:20Z,-20.118643333333335,115.23905500000001,NA,NA,NA,dynamic_classA
2579999,2024-01-24T10:40:44Z,56.70169,-2.465735,NA,NA,NA,dynamic_classA
2579999,2024-01-24T10:40:45Z,9.503408333333335,-13.708236666666666,NA,NA,NA,dynamic_classA
2579999,2024-01-24T10:40:48Z,1.2831383333333333,103.77935000000001,NA,NA,NA,dynamic_classA
2579999,2024-01-24T10:40:53Z,-20.118645,115.23905500000001,NA,NA,NA,satellite
2579999,2024-01-24T10:41:00Z,54.603233333333336,-1.1616900000000001,NA,NA,NA,dynamic_classA
2579999,2024-01-24T10:41:14Z,-20.118640000000003,115.23905333333333,NA,NA,NA,satellite
2579999,2024-01-24T10:41:16Z,34.795359999999995,127.73846333333333,NA,NA,NA,dynamic_classA
2579999,2024-01-24T10:41:24Z,-20.118640000000003,115.23905333333333,NA,NA,NA,satellite
2579999,2024-01-24T10:41:29Z,1.2831383333333333,103.77935166666666,NA,NA,NA,dynamic_classA
2579999,2024-01-24T10:41:57Z,-38.44962666666667,148.30908833333334,NA,NA,NA,satellite
2579999,2024-01-24T10:42:02Z,35.50156166666667,129.44113000000002,NA,NA,NA,dynamic_classA
2579999,2024-01-24T10:42:04Z,-20.118631666666666,115.23905833333333,NA,NA,NA,satellite
2579999,2024-01-24T10:42:07Z,-38.449623333333335,148.30908333333335,NA,NA,NA,satellite
2579999,2024-01-24T10:42:17Z,34.79536333333333,127.73846166666667,NA,NA,NA,dynamic_classA
2579999,2024-01-24T10:42:23Z,53.539986666666664,9.878870000000001,NA,NA,NA,dynamic_classA
2579999,2024-01-24T10:42:24Z,54.60324166666667,-1.16173,NA,NA,NA,dynamic_classA
2579999,2024-01-24T10:42:32Z,35.50156333333334,129.44112833333332,NA,NA,NA,dynamic_classA
2579999,2024-01-24T10:42:35Z,53.539986666666664,9.878871666666667,NA,NA,NA,dynamic_classA
2579999,2024-01-24T10:42:37Z,54.60323666666667,-1.1617250000000001,NA,NA,NA,satellite
2579999,2024-01-24T10:42:58Z,-20.118631666666666,115.23905500000001,NA,NA,NA,dynamic_classA
2579999,2024-01-24T10:43:06Z,65.21745333333334,6.905195,NA,NA,NA,dynamic_classA
2579999,2024-01-24T10:43:17Z,-38.449585,148.30903333333333,NA,NA,NA,satellite
2579999,2024-01-24T10:43:26Z,35.50155666666667,129.441125,NA,NA,NA,dynamic_classA
2579999,2024-01-24T10:43:27Z,-2.6682449999999998,118.894525,NA,NA,NA,dynamic_classA
2579999,2024-01-24T10:43:33Z,65.21745333333334,6.905206666666667,NA,NA,NA,dynamic_classA
2579999,2024-01-24T10:43:38Z,-38.44958,148.30903,NA,NA,NA,satellite
2579999,2024-01-24T10:43:53Z,-20.118628333333334,115.23906000000001,NA,NA,NA,satellite
2579999,2024-01-24T10:43:55Z,26.20322666666667,50.601056666666665,NA,NA,NA,dynamic_classA
2579999,2024-01-24T10:43:58Z,25.319000000000003,53.46252333333334,NA,NA,NA,dynamic_classA
2579999,2024-01-24T10:43:59Z,25.319000000000003,53.46252333333334,NA,NA,NA,dynamic_classA
2579999,2024-01-24T10:44:01Z,35.50154666666666,129.44112333333334,NA,NA,NA,dynamic_classA
2579999,2024-01-24T10:44:02Z,9.503401666666667,-13.708221666666667,NA,NA,NA,dynamic_classA
2579999,2024-01-24T10:44:03Z,25.319000000000003,53.46252333333334,NA,NA,NA,dynamic_classA
2579999,2024-01-24T10:44:04Z,25.319000000000003,53.46252333333334,NA,NA,NA,dynamic_classA
2579999,2024-01-24T10:44:06Z,50.799645000000005,-1.1100266666666667,NA,NA,NA,dynamic_classA
2579999,2024-01-24T10:44:08Z,56.701683333333335,-2.46575,NA,NA,NA,dynamic_classA
2579999,2024-01-24T10:44:09Z,9.503401666666667,-13.708221666666667,NA,NA,NA,dynamic_classA
2579999,2024-01-24T10:44:38Z,-38.449574999999996,148.30899166666669,NA,NA,NA,satellite
2579999,2024-01-24T10:44:45Z,34.795335,127.73847166666665,NA,NA,NA,dynamic_classA
2579999,2024-01-24T10:44:46Z,1.2831366666666668,103.77935666666667,NA,NA,NA,dynamic_classA
2579999,2024-01-24T10:44:51Z,1.2831383333333333,103.779355,NA,NA,NA,dynamic_classA
2579999,2024-01-24T10:44:53Z,46.543980000000005,-48.499066666666664,NA,NA,NA,dynamic_classA
2579999,2024-01-24T10:44:57Z,-38.449553333333334,148.30896333333334,NA,NA,NA,satellite
2579999,2024-01-24T10:45:01Z,1.2831366666666668,103.77935666666667,NA,NA,NA,dynamic_classA
2579999,2024-01-24T10:45:17Z,-38.449526666666664,148.30893166666667,NA,NA,NA,satellite
2579999,2024-01-24T10:45:27Z,63.442054999999996,10.403388333333334,NA,NA,NA,dynamic_classA
2579999,2024-01-24T10:45:37Z,-38.44949999999999,148.308925,NA,NA,NA,satellite
2579999,2024-01-24T10:45:44Z,34.79532833333334,127.73847333333333,NA,NA,NA,dynamic_classA
2579999,2024-01-24T10:45:57Z,-38.44948,148.30894500000002,NA,NA,NA,satellite
2579999,2024-01-24T10:46:09Z,35.50153833333333,129.44111833333332,NA,NA,NA,dynamic_classA
2579999,2024-01-24T10:46:12Z,35.50153833333333,129.44111833333332,NA,NA,NA,dynamic_classA
2579999,2024-01-24T10:46:13Z,35.50153833333333,129.44111833333332,NA,NA,NA,dynamic_classA
2579999,2024-01-24T10:46:16Z,53.53998833333333,9.878866666666665,NA,NA,NA,dynamic_classA
2579999,2024-01-24T10:46:17Z,-38.449466666666666,148.30896333333334,NA,NA,NA,satellite
2579999,2024-01-24T10:46:23Z,56.70169,-2.465733333333333,NA,NA,NA,dynamic_classA
2579999,2024-01-24T10:46:38Z,-38.44945499999999,148.30896333333334,NA,NA,NA,satellite
2579999,2024-01-24T10:46:39Z,65.217465,6.905176666666667,NA,NA,NA,dynamic_classA
2579999,2024-01-24T10:46:43Z,50.799645000000005,-1.1100216666666667,NA,NA,NA,dynamic_classA
2579999,2024-01-24T10:46:58Z,-38.44945666666667,148.308965,NA,NA,NA,satellite
2579999,2024-01-24T10:47:01Z,-20.118611666666666,115.23904666666667,NA,NA,NA,dynamic_classA
2579999,2024-01-24T10:47:09Z,-38.44946,148.30897000000002,NA,NA,NA,dynamic_classA
2579999,2024-01-24T10:47:24Z,50.79964333333333,-1.1100216666666667,NA,NA,NA,dynamic_classA
2579999,2024-01-24T10:47:28Z,58.01463666666667,7.483885,NA,NA,NA,dynamic_classA
2579999,2024-01-24T10:47:38Z,-38.449463333333334,148.308965,NA,NA,NA,satellite
2579999,2024-01-24T10:47:39Z,25.318996666666667,53.46252666666667,NA,NA,NA,dynamic_classA
2579999,2024-01-24T10:48:09Z,35.50153,129.44112333333334,NA,NA,NA,dynamic_classA
2579999,2024-01-24T10:48:18Z,-38.449465000000004,148.30895166666667,NA,NA,NA,satellite
2579999,2024-01-24T10:48:25Z,34.79535833333333,127.73846499999999,NA,NA,NA,dynamic_classA
2579999,2024-01-24T10:48:39Z,24.536301666666667,54.385081666666665,NA,NA,NA,dynamic_classA
2579999,2024-01-24T10:48:47Z,53.539985,9.878863333333333,NA,NA,NA,dynamic_classA
2579999,2024-01-24T10:48:49Z,65.217475,6.905148333333333,NA,NA,NA,dynamic_classA
2579999,2024-01-24T10:48:51Z,54.60326666666666,-1.1616933333333332,NA,NA,NA,dynamic_classA
2579999,2024-01-24T10:48:54Z,25.318998333333333,53.462525,NA,NA,NA,dynamic_classA
2579999,2024-01-24T10:48:58Z,25.318998333333333,53.462525,NA,NA,NA,dynamic_classA
2579999,2024-01-24T10:48:59Z,25.318998333333333,53.462525,NA,NA,NA,dynamic_classA
2579999,2024-01-24T10:49:02Z,25.318998333333333,53.462525,NA,NA,NA,dynamic_classA
2579999,2024-01-24T10:49:06Z,25.318998333333333,53.462525,NA,NA,NA,dynamic_classA
2579999,2024-01-24T10:49:15Z,50.79964,-1.1100266666666667,NA,NA,NA,dynamic_classA
2579999,2024-01-24T10:49:22Z,24.5363,54.385085000000004,NA,NA,NA,dynamic_classA
2579999,2024-01-24T10:49:27Z,34.795361666666665,127.73846833333333,NA,NA,NA,dynamic_classA
2579999,2024-01-24T10:49:38Z,35.50153,129.44112666666666,NA,NA,NA,dynamic_classA
2579999,2024-01-24T10:49:48Z,10.285646666666667,106.76161499999999,NA,NA,NA,dynamic_classA
2579999,2024-01-24T10:49:55Z,21.57144,88.25142833333332,NA,NA,NA,dynamic_classA
2579999,2024-01-24T10:49:56Z,34.795361666666665,127.73846499999999,NA,NA,NA,dynamic_classA
2579999,2024-01-24T10:50:10Z,50.799638333333334,-1.1100216666666667,NA,NA,NA,dynamic_classA
2579999,2024-01-24T10:50:28Z,1.2831333333333332,103.77935833333332,NA,NA,NA,dynamic_classA
2579999,2024-01-24T10:50:36Z,35.50153,129.44112666666666,NA,NA,NA,dynamic_classA
2579999,2024-01-24T10:50:37Z,-38.44947,148.30892166666666,NA,NA,NA,satellite
2579999,2024-01-24T10:50:39Z,1.2831283333333334,103.77938166666667,NA,NA,NA,satellite
2579999,2024-01-24T10:50:59Z,53.539989999999996,9.878858333333334,NA,NA,NA,satellite
2579999,2024-01-24T10:51:29Z,-38.44949166666667,148.308985,NA,NA,NA,satellite
2579999,2024-01-24T10:51:33Z,54.60324,-1.1617066666666667,NA,NA,NA,dynamic_classA
2579999,2024-01-24T10:51:39Z,-38.44949666666666,148.30899666666667,NA,NA,NA,satellite
2579999,2024-01-24T10:52:57Z,1.2831283333333334,103.77940166666667,NA,NA,NA,dynamic_classA
2579999,2024-01-24T10:52:59Z,53.53998833333333,9.878866666666665,NA,NA,NA,satellite
2579999,2024-01-24T10:53:04Z,35.50152666666667,129.44112166666667,NA,NA,NA,dynamic_classA
2579999,2024-01-24T10:53:09Z,1.2831283333333334,103.77939833333333,NA,NA,NA,dynamic_classA
2579999,2024-01-24T10:53:21Z,35.50152666666667,129.44112166666667,NA,NA,NA,dynamic_classA
2579999,2024-01-24T10:53:38Z,-20.118623333333336,115.23905666666666,NA,NA,NA,dynamic_classA
2579999,2024-01-24T10:53:40Z,34.795345,127.73848,NA,NA,NA,dynamic_classA
2579999,2024-01-24T10:53:49Z,53.539986666666664,9.878871666666667,NA,NA,NA,satellite
2579999,2024-01-24T10:54:06Z,35.50152833333333,129.441125,NA,NA,NA,dynamic_classA
2579999,2024-01-24T10:54:07Z,65.21745833333334,6.905198333333333,NA,NA,NA,dynamic_classA
2579999,2024-01-24T10:54:09Z,53.539986666666664,9.878868333333333,NA,NA,NA,satellite
2579999,2024-01-24T10:54:48Z,1.2831366666666668,103.779375,NA,NA,NA,dynamic_classA
2579999,2024-01-24T10:54:56Z,65.217455,6.905206666666667,NA,NA,NA,dynamic_classA
2579999,2024-01-24T10:55:09Z,-20.118634999999998,115.23905333333333,NA,NA,NA,dynamic_classA
2579999,2024-01-24T10:55:16Z,25.319000000000003,53.46252333333334,NA,NA,NA,dynamic_classA
2579999,2024-01-24T10:55:25Z,25.319000000000003,53.46252333333334,NA,NA,NA,dynamic_classA
2579999,2024-01-24T10:55:33Z,25.319000000000003,53.46252333333334,NA,NA,NA,dynamic_classA
2579999,2024-01-24T10:55:34Z,25.319000000000003,53.46252333333334,NA,NA,NA,dynamic_classA
2579999,2024-01-24T10:55:35Z,25.319000000000003,53.46252333333334,NA,NA,NA,dynamic_classA
2579999,2024-01-24T10:55:36Z,25.319000000000003,53.46252333333334,NA,NA,NA,dynamic_classA
2579999,2024-01-24T10:55:48Z,25.318998333333333,53.462525,NA,NA,NA,dynamic_classA
2579999,2024-01-24T10:55:49Z,25.318998333333333,53.462525,NA,NA,NA,dynamic_classA
2579999,2024-01-24T10:56:02Z,-20.118638333333333,115.23905166666667,NA,NA,NA,dynamic_classA
2579999,2024-01-24T10:56:07Z,63.44205833333333,10.403384999999998,NA,NA,NA,dynamic_classA
2579999,2024-01-24T10:56:11Z,25.318996666666667,53.46252333333334,NA,NA,NA,dynamic_classA
2579999,2024-01-24T10:56:15Z,3.5680666666666667,113.32466500000001,NA,NA,NA,dynamic_classA
2579999,2024-01-24T10:56:19Z,25.318998333333333,53.46252333333334,NA,NA,NA,dynamic_classA
2579999,2024-01-24T10:56:20Z,34.79535166666667,127.73846333333333,NA,NA,NA,dynamic_classA
2579999,2024-01-24T10:56:21Z,25.31900166666667,53.46252333333334,NA,NA,NA,dynamic_classA
2579999,2024-01-24T10:56:26Z,35.50154,129.44113333333334,NA,NA,NA,dynamic_classA
2579999,2024-01-24T10:56:34Z,1.2831350000000001,103.77935833333332,NA,NA,NA,dynamic_classA
2579999,2024-01-24T10:56:36Z,9.503413333333333,-13.708208333333333,NA,NA,NA,dynamic_classA
2579999,2024-01-24T10:56:50Z,25.318998333333333,53.462525,NA,NA,NA,dynamic_classA
2579999,2024-01-24T10:57:09Z,25.318996666666667,53.46252666666667,NA,NA,NA,dynamic_classA
2579999,2024-01-24T10:57:12Z,25.318996666666667,53.46252666666667,NA,NA,NA,dynamic_classA
2579999,2024-01-24T10:57:28Z,-20.118631666666666,115.23905166666667,NA,NA,NA,dynamic_classA
2579999,2024-01-24T10:57:50Z,56.70169333333333,-2.4657366666666665,NA,NA,NA,dynamic_classA
2579999,2024-01-24T10:57:57Z,35.50154333333333,129.44113166666665,NA,NA,NA,dynamic_classA
2579999,2024-01-24T10:58:04Z,10.285691666666667,106.76153833333333,NA,NA,NA,dynamic_classA
2579999,2024-01-24T10:58:09Z,65.21747166666667,6.905146666666667,NA,NA,NA,dynamic_classA
2579999,2024-01-24T10:58:10Z,35.50153666666667,129.44113833333333,NA,NA,NA,dynamic_classA
2579999,2024-01-24T10:58:39Z,-2.6682433333333337,118.89453,NA,NA,NA,dynamic_classA
2579999,2024-01-24T10:59:10Z,65.21748666666666,6.90519,NA,NA,NA,dynamic_classA
2579999,2024-01-24T10:59:11Z,1.2831416666666666,103.77936166666667,NA,NA,NA,dynamic_classA
2579999,2024-01-24T10:59:14Z,54.60327666666667,-1.1617549999999999,NA,NA,NA,dynamic_classA
2579999,2024-01-24T10:59:17Z,1.2831416666666666,103.77936166666667,NA,NA,NA,dynamic_classA
2579999,2024-01-24T10:59:23Z,-20.11862,115.23905166666667,NA,NA,NA,dynamic_classA
2579999,2024-01-24T10:59:24Z,25.318996666666667,53.462525,NA,NA,NA,dynamic_classA
2579999,2024-01-24T10:59:42Z,-5.455391666666667,105.31047833333334,NA,NA,NA,dynamic_classA
2579999,2024-01-24T10:59:47Z,35.50153833333333,129.44113666666667,NA,NA,NA,dynamic_classA
2579999,2024-01-24T10:59:59Z,25.318996666666667,53.462525,NA,NA,NA,dynamic_classA
2579999,2024-01-24T11:00:01Z,-20.118611666666666,115.23905500000001,NA,NA,NA,dynamic_classA
2579999,2024-01-24T11:00:34Z,65.21748166666666,6.905178333333334,NA,NA,NA,dynamic_classA
2579999,2024-01-24T11:00:39Z,56.701685,-2.4657366666666665,NA,NA,NA,dynamic_classA
2579999,2024-01-24T11:00:43Z,53.53998333333333,9.878866666666665,NA,NA,NA,dynamic_classA
2579999,2024-01-24T11:01:11Z,1.2831483333333333,103.77936166666667,NA,NA,NA,dynamic_classA
2579999,2024-01-24T11:01:20Z,54.60326333333333,-1.1617366666666666,NA,NA,NA,dynamic_classA
2579999,2024-01-24T11:01:25Z,9.503421666666666,-13.708210000000001,NA,NA,NA,dynamic_classA
2579999,2024-01-24T11:01:32Z,3.5680666666666667,113.32466500000001,NA,NA,NA,dynamic_classA
2579999,2024-01-24T11:01:34Z,56.70167333333333,-2.465751666666667,NA,NA,NA,dynamic_classA
2579999,2024-01-24T11:01:47Z,1.2831466666666667,103.77936,NA,NA,NA,dynamic_classA
2579999,2024-01-24T11:01:58Z,35.50153833333333,129.44112333333334,NA,NA,NA,dynamic_classA
2579999,2024-01-24T11:02:06Z,34.795341666666666,127.73848500000001,NA,NA,NA,dynamic_classA
2579999,2024-01-24T11:02:08Z,53.539985,9.878858333333334,NA,NA,NA,dynamic_classA
2579999,2024-01-24T11:02:12Z,9.503431666666668,-13.7082,NA,NA,NA,dynamic_classA
2579999,2024-01-24T11:02:42Z,35.50153666666667,129.44112333333334,NA,NA,NA,dynamic_classA
2579999,2024-01-24T11:02:47Z,54.60326,-1.1617483333333332,NA,NA,NA,dynamic_classA
2579999,2024-01-24T11:02:55Z,53.539986666666664,9.878856666666668,NA,NA,NA,dynamic_classA
2579999,2024-01-24T11:03:03Z,53.539986666666664,9.878856666666668,NA,NA,NA,dynamic_classA
2579999,2024-01-24T11:03:07Z,34.79531833333333,127.73847666666667,NA,NA,NA,dynamic_classA
2579999,2024-01-24T11:03:11Z,35.50154166666667,129.44112166666667,NA,NA,NA,dynamic_classA
2579999,2024-01-24T11:03:16Z,65.217465,6.9051599999999995,NA,NA,NA,dynamic_classA
2579999,2024-01-24T11:03:19Z,25.318988333333333,53.46252666666667,NA,NA,NA,dynamic_classA
2579999,2024-01-24T11:03:26Z,25.318988333333333,53.46252666666667,NA,NA,NA,dynamic_classA
2579999,2024-01-24T11:03:32Z,25.318986666666667,53.46252833333333,NA,NA,NA,dynamic_classA
2579999,2024-01-24T11:03:35Z,35.50154166666667,129.44112,NA,NA,NA,dynamic_classA
2579999,2024-01-24T11:03:37Z,24.53629833333333,54.385095,NA,NA,NA,dynamic_classA
2579999,2024-01-24T11:03:38Z,24.53629833333333,54.38509666666666,NA,NA,NA,dynamic_classA
2579999,2024-01-24T11:03:42Z,65.21746,6.905178333333334,NA,NA,NA,dynamic_classA
2579999,2024-01-24T11:03:52Z,-20.118611666666666,115.23905833333333,NA,NA,NA,dynamic_classA
2579999,2024-01-24T11:04:13Z,9.503408333333335,-13.708238333333332,NA,NA,NA,dynamic_classA
2579999,2024-01-24T11:04:17Z,25.318986666666667,53.46252833333333,NA,NA,NA,dynamic_classA
2579999,2024-01-24T11:04:19Z,25.318986666666667,53.46252833333333,NA,NA,NA,dynamic_classA
2579999,2024-01-24T11:04:26Z,50.799636666666665,-1.1100116666666666,NA,NA,NA,dynamic_classA
2579999,2024-01-24T11:04:27Z,63.44206833333333,10.403386666666668,NA,NA,NA,dynamic_classA
2579999,2024-01-24T11:04:49Z,56.70171166666667,-2.4657583333333335,NA,NA,NA,dynamic_classA
2579999,2024-01-24T11:05:10Z,25.31899,53.46253,NA,NA,NA,dynamic_classA
2579999,2024-01-24T11:05:18Z,25.318988333333333,53.46253166666667,NA,NA,NA,dynamic_classA
2579999,2024-01-24T11:05:19Z,25.318988333333333,53.46253166666667,NA,NA,NA,dynamic_classA
2579999,2024-01-24T11:05:24Z,25.318988333333333,53.46253166666667,NA,NA,NA,dynamic_classA
2579999,2024-01-24T11:05:26Z,25.318988333333333,53.46253166666667,NA,NA,NA,dynamic_classA
2579999,2024-01-24T11:05:28Z,25.318988333333333,53.46253166666667,NA,NA,NA,dynamic_classA
2579999,2024-01-24T11:05:31Z,25.31899,53.46253,NA,NA,NA,dynamic_classA
2579999,2024-01-24T11:05:45Z,3.5680666666666667,113.32466500000001,NA,NA,NA,dynamic_classA
2579999,2024-01-24T11:06:02Z,1.2831350000000001,103.77934833333333,NA,NA,NA,dynamic_classA
2579999,2024-01-24T11:06:31Z,34.79534666666667,127.73848166666667,NA,NA,NA,dynamic_classA
2579999,2024-01-24T11:06:39Z,35.50153,129.44113166666665,NA,NA,NA,dynamic_classA
2579999,2024-01-24T11:06:50Z,1.2831333333333332,103.77934666666667,NA,NA,NA,dynamic_classA
2579999,2024-01-24T11:06:52Z,35.501531666666665,129.44113000000002,NA,NA,NA,dynamic_classA
2579999,2024-01-24T11:06:53Z,56.701701666666665,-2.4657433333333336,NA,NA,NA,dynamic_classA
2579999,2024-01-24T11:07:02Z,-20.118625,115.23904999999999,NA,NA,NA,dynamic_classA
2579999,2024-01-24T11:07:05Z,53.539991666666666,9.878870000000001,NA,NA,NA,dynamic_classA
2579999,2024-01-24T11:07:13Z,35.50152833333333,129.44113333333334,NA,NA,NA,dynamic_classA
2579999,2024-01-24T11:07:33Z,1.2831316666666666,103.77934666666667,NA,NA,NA,dynamic_classA
2579999,2024-01-24T11:07:35Z,-20.118623333333336,115.23905666666666,NA,NA,NA,dynamic_classA
2579999,2024-01-24T11:07:48Z,-20.118625,115.23905666666666,NA,NA,NA,dynamic_classA
2579999,2024-01-24T11:08:06Z,65.217475,6.905150000000001,NA,NA,NA,dynamic_classA
2579999,2024-01-24T11:08:10Z,-38.449396666666665,148.30904166666667,NA,NA,NA,satellite
2579999,2024-01-24T11:08:13Z,50.799634999999995,-1.1100183333333333,NA,NA,NA,dynamic_classA
2579999,2024-01-24T11:08:20Z,35.50153833333333,129.44113666666667,NA,NA,NA,satellite
2579999,2024-01-24T11:08:30Z,-38.44940666666666,148.30902333333333,NA,NA,NA,satellite
2579999,2024-01-24T11:08:49Z,35.501535,129.44114,NA,NA,NA,dynamic_classA
2579999,2024-01-24T11:09:05Z,34.79534,127.73847500000001,NA,NA,NA,dynamic_classA
2579999,2024-01-24T11:09:07Z,53.539993333333335,9.878870000000001,NA,NA,NA,dynamic_classA
2579999,2024-01-24T11:09:10Z,-38.449418333333334,148.30896833333333,NA,NA,NA,satellite
2579999,2024-01-24T11:09:11Z,54.603226666666664,-1.1617183333333334,NA,NA,NA,dynamic_classA
2579999,2024-01-24T11:09:20Z,-38.449421666666666,148.308955,NA,NA,NA,satellite
2579999,2024-01-24T11:09:22Z,1.2831350000000001,103.77935833333332,NA,NA,NA,dynamic_classA
2579999,2024-01-24T11:09:25Z,34.79533833333333,127.73847666666667,NA,NA,NA,dynamic_classA
2579999,2024-01-24T11:09:30Z,-38.449423333333336,148.30894,NA,NA,NA,satellite
2579999,2024-01-24T11:09:39Z,65.21748333333333,6.905133333333334,NA,NA,NA,dynamic_classA
2579999,2024-01-24T11:09:50Z,-38.44942,148.308915,NA,NA,NA,satellite
2579999,2024-01-24T11:09:56Z,1.2831299999999999,103.77933666666667,NA,NA,NA,dynamic_classA
2579999,2024-01-24T11:09:57Z,34.79535166666667,127.73847,NA,NA,NA,dynamic_classA
2579999,2024-01-24T11:09:58Z,10.285718333333334,106.76151666666667,NA,NA,NA,dynamic_classA
2579999,2024-01-24T11:10:00Z,-38.44941166666667,148.30890499999998,NA,NA,NA,satellite
2579999,2024-01-24T11:10:16Z,34.795343333333335,127.73846499999999,NA,NA,NA,dynamic_classA
2579999,2024-01-24T11:10:30Z,-38.449394999999996,148.30889166666665,NA,NA,NA,satellite
2579999,2024-01-24T11:10:39Z,1.28314,103.77936500000001,NA,NA,NA,dynamic_classA
2579999,2024-01-24T11:10:50Z,50.79963166666666,-1.1100166666666667,NA,NA,NA,satellite
2579999,2024-01-24T11:10:51Z,35.50154333333333,129.44113833333333,NA,NA,NA,dynamic_classA
2579999,2024-01-24T11:11:01Z,25.318996666666667,53.462520000000005,NA,NA,NA,dynamic_classA
2579999,2024-01-24T11:11:02Z,25.318996666666667,53.462520000000005,NA,NA,NA,dynamic_classA
2579999,2024-01-24T11:11:07Z,25.318996666666667,53.462520000000005,NA,NA,NA,dynamic_classA
2579999,2024-01-24T11:11:10Z,25.318996666666667,53.462520000000005,NA,NA,NA,dynamic_classA
2579999,2024-01-24T11:11:17Z,63.44206,10.403391666666666,NA,NA,NA,dynamic_classA
2579999,2024-01-24T11:11:19Z,25.318996666666667,53.462520000000005,NA,NA,NA,dynamic_classA
2579999,2024-01-24T11:11:27Z,35.50154333333333,129.441135,NA,NA,NA,dynamic_classA
2579999,2024-01-24T11:11:53Z,54.60327333333333,-1.1617333333333333,NA,NA,NA,dynamic_classA
2579999,2024-01-24T11:11:54Z,24.536303333333333,54.385085000000004,NA,NA,NA,dynamic_classA
2579999,2024-01-24T11:12:00Z,9.503404999999999,-13.708238333333332,NA,NA,NA,dynamic_classA
2579999,2024-01-24T11:12:10Z,-38.44946,148.30885666666666,NA,NA,NA,satellite
2579999,2024-01-24T11:12:20Z,1.283145,103.77935833333332,NA,NA,NA,dynamic_classA
2579999,2024-01-24T11:12:26Z,9.50341,-13.708238333333332,NA,NA,NA,dynamic_classA
2579999,2024-01-24T11:12:30Z,-5.455386666666667,105.31048000000001,NA,NA,NA,satellite
2579999,2024-01-24T11:13:00Z,-38.44947666666667,148.30885500000002,NA,NA,NA,satellite
2579999,2024-01-24T11:13:02Z,-20.11862,115.23906166666667,NA,NA,NA,dynamic_classA
2579999,2024-01-24T11:13:17Z,1.283145,103.77935666666667,NA,NA,NA,dynamic_classA
2579999,2024-01-24T11:13:24Z,-38.449465000000004,148.308865,NA,NA,NA,dynamic_classA
2579999,2024-01-24T11:14:20Z,34.79536333333333,127.73846666666667,NA,NA,NA,dynamic_classA
2579999,2024-01-24T11:14:24Z,-38.44946166666667,148.30890666666667,NA,NA,NA,dynamic_classA
2579999,2024-01-24T11:14:25Z,-20.118623333333336,115.23906166666667,NA,NA,NA,dynamic_classA
2579999,2024-01-24T11:14:27Z,65.21748166666666,6.90517,NA,NA,NA,dynamic_classA
2579999,2024-01-24T11:14:49Z,25.31900166666667,53.46252166666667,NA,NA,NA,dynamic_classA
2579999,2024-01-24T11:14:56Z,25.31900166666667,53.46252166666667,NA,NA,NA,dynamic_classA
2579999,2024-01-24T11:14:57Z,35.501545,129.44113166666665,NA,NA,NA,dynamic_classA
2579999,2024-01-24T11:15:19Z,9.503404999999999,-13.708241666666668,NA,NA,NA,dynamic_classA
2579999,2024-01-24T11:15:50Z,50.79963166666666,-1.1100166666666667,NA,NA,NA,dynamic_classA
2579999,2024-01-24T11:16:19Z,-20.118618333333334,115.23906666666667,NA,NA,NA,dynamic_classA
2579999,2024-01-24T11:16:23Z,1.2831416666666666,103.77936166666667,NA,NA,NA,dynamic_classA
2579999,2024-01-24T11:16:48Z,24.536301666666667,54.385081666666665,NA,NA,NA,dynamic_classA
2579999,2024-01-24T11:16:50Z,24.536301666666667,54.385081666666665,NA,NA,NA,dynamic_classA
2579999,2024-01-24T11:16:55Z,-20.118616666666664,115.23907,NA,NA,NA,dynamic_classA
2579999,2024-01-24T11:16:56Z,56.70170333333333,-2.4657283333333333,NA,NA,NA,dynamic_classA
2579999,2024-01-24T11:16:59Z,-38.44952166666667,148.308915,NA,NA,NA,satellite
2579999,2024-01-24T11:17:00Z,34.79537166666667,127.73846,NA,NA,NA,dynamic_classA
2579999,2024-01-24T11:17:04Z,10.285738333333335,106.76147833333333,NA,NA,NA,dynamic_classA
2579999,2024-01-24T11:17:37Z,63.442056666666666,10.403428333333332,NA,NA,NA,dynamic_classA
2579999,2024-01-24T11:17:45Z,35.50154666666666,129.44113833333333,NA,NA,NA,dynamic_classA
2579999,2024-01-24T11:17:49Z,56.70170333333333,-2.4657116666666665,NA,NA,NA,dynamic_classA
2579999,2024-01-24T11:18:27Z,35.50154833333333,129.44113333333334,NA,NA,NA,dynamic_classA
2579999,2024-01-24T11:18:40Z,35.50154333333333,129.441135,NA,NA,NA,dynamic_classA
2579999,2024-01-24T11:18:44Z,-20.118611666666666,115.239075,NA,NA,NA,dynamic_classA
2579999,2024-01-24T11:19:30Z,65.217485,6.905143333333333,NA,NA,NA,dynamic_classA
2579999,2024-01-24T11:19:48Z,25.319005,53.462520000000005,NA,NA,NA,dynamic_classA
2579999,2024-01-24T11:19:49Z,-2.6682333333333332,118.89449833333333,NA,NA,NA,dynamic_classA
2579999,2024-01-24T11:19:56Z,25.319005,53.462520000000005,NA,NA,NA,dynamic_classA
2579999,2024-01-24T11:20:00Z,25.319005,53.462520000000005,NA,NA,NA,dynamic_classA
2579999,2024-01-24T11:20:07Z,35.50155666666667,129.44113666666667,NA,NA,NA,dynamic_classA
2579999,2024-01-24T11:20:22Z,-5.455394999999999,105.31047833333334,NA,NA,NA,dynamic_classA
2579999,2024-01-24T11:20:48Z,-20.118601666666667,115.23904,NA,NA,NA,dynamic_classA
2579999,2024-01-24T11:20:54Z,54.60325,-1.161735,NA,NA,NA,dynamic_classA
2579999,2024-01-24T11:21:09Z,56.701723333333334,-2.4657883333333337,NA,NA,NA,dynamic_classA
2579999,2024-01-24T11:21:21Z,24.536305000000002,54.38506833333334,NA,NA,NA,dynamic_classA
2579999,2024-01-24T11:21:24Z,65.21748833333334,6.905133333333334,NA,NA,NA,dynamic_classA
2579999,2024-01-24T11:21:30Z,54.60323666666667,-1.16173,NA,NA,NA,dynamic_classA
2579999,2024-01-24T11:21:44Z,53.539989999999996,9.878865,NA,NA,NA,dynamic_classA
2579999,2024-01-24T11:21:45Z,-20.118603333333333,115.23904333333333,NA,NA,NA,dynamic_classA
2579999,2024-01-24T11:21:51Z,-33.87845,-58.421058333333335,NA,NA,NA,satellite
2579999,2024-01-24T11:22:10Z,1.2831366666666668,103.77934333333333,NA,NA,NA,dynamic_classA
2579999,2024-01-24T11:22:16Z,3.5680666666666667,113.32466500000001,NA,NA,NA,dynamic_classA
2579999,2024-01-24T11:22:18Z,35.50155666666667,129.44113166666665,NA,NA,NA,dynamic_classA
2579999,2024-01-24T11:22:24Z,56.701715,-2.465733333333333,NA,NA,NA,dynamic_classA
2579999,2024-01-24T11:22:25Z,9.503408333333335,-13.708246666666668,NA,NA,NA,dynamic_classA
2579999,2024-01-24T11:22:30Z,-20.118608333333334,115.23904333333333,NA,NA,NA,dynamic_classA
2579999,2024-01-24T11:22:46Z,34.79534666666667,127.73846499999999,NA,NA,NA,dynamic_classA
2579999,2024-01-24T11:22:49Z,65.21746333333333,6.90518,NA,NA,NA,dynamic_classA
2579999,2024-01-24T11:22:58Z,53.53998833333333,9.87886,NA,NA,NA,dynamic_classA
2579999,2024-01-24T11:23:07Z,54.603251666666665,-1.1617266666666666,NA,NA,NA,dynamic_classA
2579999,2024-01-24T11:23:08Z,1.2831316666666666,103.77931333333332,NA,NA,NA,dynamic_classA
2579999,2024-01-24T11:23:22Z,35.501558333333335,129.441125,NA,NA,NA,dynamic_classA
2579999,2024-01-24T11:23:25Z,53.53998833333333,9.878861666666667,NA,NA,NA,dynamic_classA
2579999,2024-01-24T11:23:33Z,53.53998833333333,9.878861666666667,NA,NA,NA,dynamic_classA
2579999,2024-01-24T11:23:47Z,34.79536666666667,127.73846333333333,NA,NA,NA,dynamic_classA
2579999,2024-01-24T11:23:51Z,35.501560000000005,129.44112166666667,NA,NA,NA,dynamic_classA
2579999,2024-01-24T11:24:02Z,65.21745833333334,6.905163333333333,NA,NA,NA,dynamic_classA
2579999,2024-01-24T11:24:22Z,9.50341,-13.708221666666667,NA,NA,NA,dynamic_classA
2579999,2024-01-24T11:24:26Z,35.501551666666664,129.44112,NA,NA,NA,dynamic_classA
2579999,2024-01-24T11:24:46Z,50.799641666666666,-1.1100216666666667,NA,NA,NA,dynamic_classA
2579999,2024-01-24T11:24:48Z,56.701735,-2.4657816666666665,NA,NA,NA,dynamic_classA
2579999,2024-01-24T11:24:52Z,-20.118603333333333,115.23904333333333,NA,NA,NA,dynamic_classA
2579999,2024-01-24T11:25:03Z,46.543980000000005,-48.499066666666664,NA,NA,NA,dynamic_classA
2579999,2024-01-24T11:25:06Z,65.21746166666667,6.905161666666667,NA,NA,NA,dynamic_classA
2579999,2024-01-24T11:25:18Z,58.01461333333334,7.483906666666667,NA,NA,NA,dynamic_classA
2579999,2024-01-24T11:25:41Z,24.53629,54.38509333333333,NA,NA,NA,dynamic_classA
2579999,2024-01-24T11:26:01Z,-20.118608333333334,115.23905500000001,NA,NA,NA,dynamic_classA
2579999,2024-01-24T11:26:34Z,54.603269999999995,-1.16175,NA,NA,NA,dynamic_classA
2579999,2024-01-24T11:26:42Z,9.50342,-13.7082,NA,NA,NA,dynamic_classA
2579999,2024-01-24T11:26:50Z,1.2831416666666666,103.77937333333333,NA,NA,NA,dynamic_classA
2579999,2024-01-24T11:27:22Z,56.70171333333334,-2.4657199999999997,NA,NA,NA,dynamic_classA
2579999,2024-01-24T11:27:27Z,26.202851666666668,50.600498333333334,NA,NA,NA,dynamic_classA
2579999,2024-01-24T11:27:29Z,35.50154666666666,129.44112833333332,NA,NA,NA,dynamic_classA
2579999,2024-01-24T11:27:31Z,34.79534,127.73847166666665,NA,NA,NA,dynamic_classA
2579999,2024-01-24T11:27:42Z,35.501551666666664,129.441125,NA,NA,NA,dynamic_classA
2579999,2024-01-24T11:27:46Z,53.53998833333333,9.878865,NA,NA,NA,dynamic_classA
2579999,2024-01-24T11:28:02Z,1.2831366666666668,103.77935000000001,NA,NA,NA,dynamic_classA
2579999,2024-01-24T11:28:10Z,35.501551666666664,129.44112833333332,NA,NA,NA,dynamic_classA
2579999,2024-01-24T11:28:35Z,-20.11861,115.23905666666666,NA,NA,NA,dynamic_classA
2579999,2024-01-24T11:29:08Z,65.217475,6.905121666666667,NA,NA,NA,dynamic_classA
2579999,2024-01-24T11:29:09Z,24.53630666666667,54.385086666666666,NA,NA,NA,dynamic_classA
2579999,2024-01-24T11:29:13Z,35.501531666666665,129.44111833333332,NA,NA,NA,dynamic_classA
2579999,2024-01-24T11:29:21Z,29.6506,32.36101,NA,NA,NA,dynamic_classA
2579999,2024-01-24T11:29:23Z,-38.449623333333335,148.30895666666666,NA,NA,NA,dynamic_classA
2579999,2024-01-24T11:29:27Z,53.53998333333333,9.878865,NA,NA,NA,dynamic_classA
2579999,2024-01-24T11:29:29Z,35.501533333333334,129.441115,NA,NA,NA,dynamic_classA
2579999,2024-01-24T11:29:33Z,50.799638333333334,-1.11002,NA,NA,NA,dynamic_classA
2579999,2024-01-24T11:30:03Z,1.28314,103.77933666666667,NA,NA,NA,dynamic_classA
2579999,2024-01-24T11:30:05Z,29.650603333333333,32.36101166666666,NA,NA,NA,dynamic_classA
2579999,2024-01-24T11:30:07Z,29.650603333333333,32.36101166666666,NA,NA,NA,dynamic_classA
2579999,2024-01-24T11:30:09Z,1.28314,103.77933666666667,NA,NA,NA,dynamic_classA
2579999,2024-01-24T11:30:13Z,1.28314,103.77933666666667,NA,NA,NA,dynamic_classA
2579999,2024-01-24T11:30:14Z,1.28314,103.77933666666667,NA,NA,NA,dynamic_classA
2579999,2024-01-24T11:30:15Z,34.79533166666667,127.73846833333333,NA,NA,NA,dynamic_classA
2579999,2024-01-24T11:30:17Z,1.28314,103.77933666666667,NA,NA,NA,dynamic_classA
2579999,2024-01-24T11:30:18Z,35.501525,129.44111333333333,NA,NA,NA,dynamic_classA
2579999,2024-01-24T11:30:19Z,1.28314,103.77933666666667,NA,NA,NA,dynamic_classA
2579999,2024-01-24T11:30:21Z,1.28314,103.77933666666667,NA,NA,NA,dynamic_classA
2579999,2024-01-24T11:30:24Z,1.28314,103.77933666666667,NA,NA,NA,dynamic_classA
2579999,2024-01-24T11:31:07Z,34.79533333333333,127.73846666666667,NA,NA,NA,dynamic_classA
2579999,2024-01-24T11:31:09Z,24.536326666666664,54.385085000000004,NA,NA,NA,dynamic_classA
2579999,2024-01-24T11:31:16Z,34.79534,127.73846833333333,NA,NA,NA,dynamic_classA
2579999,2024-01-24T11:31:18Z,10.285744999999999,106.76146833333334,NA,NA,NA,dynamic_classA
2579999,2024-01-24T11:31:19Z,1.2831433333333335,103.779335,NA,NA,NA,dynamic_classA
2579999,2024-01-24T11:31:48Z,25.318991666666665,53.462535,NA,NA,NA,dynamic_classA
2579999,2024-01-24T11:31:49Z,25.318991666666665,53.462535,NA,NA,NA,dynamic_classA
2579999,2024-01-24T11:32:10Z,25.318991666666665,53.462535,NA,NA,NA,dynamic_classA
2579999,2024-01-24T11:32:13Z,54.603314999999995,-1.1617766666666667,NA,NA,NA,dynamic_classA
2579999,2024-01-24T11:32:16Z,25.318991666666665,53.462536666666665,NA,NA,NA,dynamic_classA
2579999,2024-01-24T11:32:21Z,25.31899333333333,53.462535,NA,NA,NA,dynamic_classA
2579999,2024-01-24T11:32:27Z,35.50154666666666,129.441115,NA,NA,NA,dynamic_classA
2579999,2024-01-24T11:32:31Z,25.318994999999997,53.462536666666665,NA,NA,NA,dynamic_classA
2579999,2024-01-24T11:32:40Z,25.318994999999997,53.462536666666665,NA,NA,NA,dynamic_classA
2579999,2024-01-24T11:32:42Z,1.2831483333333333,103.77934166666667,NA,NA,NA,dynamic_classA
2579999,2024-01-24T11:32:49Z,25.318996666666667,53.462535,NA,NA,NA,dynamic_classA
2579999,2024-01-24T11:32:54Z,25.318994999999997,53.46253333333333,NA,NA,NA,dynamic_classA
2579999,2024-01-24T11:32:58Z,25.318994999999997,53.46253333333333,NA,NA,NA,dynamic_classA
2579999,2024-01-24T11:33:00Z,25.318994999999997,53.46253333333333,NA,NA,NA,dynamic_classA
2579999,2024-01-24T11:33:24Z,25.318998333333333,53.46253333333333,NA,NA,NA,dynamic_classA
2579999,2024-01-24T11:33:31Z,25.318998333333333,53.46253166666667,NA,NA,NA,dynamic_classA
2579999,2024-01-24T11:33:33Z,25.318998333333333,53.46253166666667,NA,NA,NA,dynamic_classA
2579999,2024-01-24T11:33:36Z,25.31900166666667,53.46253,NA,NA,NA,dynamic_classA
2579999,2024-01-24T11:33:37Z,25.31900166666667,53.46253,NA,NA,NA,dynamic_classA
2579999,2024-01-24T11:33:38Z,25.318998333333333,53.46253333333333,NA,NA,NA,dynamic_classA
2579999,2024-01-24T11:33:39Z,25.31900166666667,53.46253,NA,NA,NA,dynamic_classA
2579999,2024-01-24T11:33:40Z,25.31900166666667,53.46253,NA,NA,NA,dynamic_classA
2579999,2024-01-24T11:33:43Z,25.31900166666667,53.46253,NA,NA,NA,dynamic_classA
2579999,2024-01-24T11:33:44Z,35.50154333333333,129.44112166666667,NA,NA,NA,dynamic_classA
2579999,2024-01-24T11:33:46Z,25.31900166666667,53.46253,NA,NA,NA,dynamic_classA
2579999,2024-01-24T11:33:47Z,25.31900166666667,53.46253,NA,NA,NA,dynamic_classA
2579999,2024-01-24T11:33:49Z,25.31900166666667,53.46253,NA,NA,NA,dynamic_classA
2579999,2024-01-24T11:33:50Z,25.31900166666667,53.46253,NA,NA,NA,dynamic_classA
2579999,2024-01-24T11:33:52Z,-38.44948333333333,148.30897000000002,NA,NA,NA,dynamic_classA
2579999,2024-01-24T11:33:57Z,46.543980000000005,-48.499066666666664,NA,NA,NA,satellite
2579999,2024-01-24T11:34:40Z,1.28314,103.77931666666667,NA,NA,NA,dynamic_classA
2579999,2024-01-24T11:34:50Z,1.2831383333333333,103.77931833333334,NA,NA,NA,dynamic_classA
2579999,2024-01-24T11:34:52Z,1.28314,103.77931666666667,NA,NA,NA,dynamic_classA
2579999,2024-01-24T11:35:07Z,65.21746166666667,6.905150000000001,NA,NA,NA,dynamic_classA
2579999,2024-01-24T11:35:09Z,3.5680666666666667,113.32466500000001,NA,NA,NA,dynamic_classA
2579999,2024-01-24T11:35:11Z,-20.11859666666667,115.23905666666666,NA,NA,NA,dynamic_classA
2579999,2024-01-24T11:35:20Z,-38.44942,148.30896666666666,NA,NA,NA,dynamic_classA
2579999,2024-01-24T11:35:36Z,35.501535,129.44112166666667,NA,NA,NA,dynamic_classA
2579999,2024-01-24T11:35:37Z,63.44205833333333,10.403398333333334,NA,NA,NA,dynamic_classA
2579999,2024-01-24T11:36:14Z,-20.11860666666667,115.23904166666667,NA,NA,NA,dynamic_classA
2579999,2024-01-24T11:36:24Z,50.79963333333333,-1.1100216666666667,NA,NA,NA,dynamic_classA
2579999,2024-01-24T11:36:36Z,-20.11860666666667,115.23904,NA,NA,NA,dynamic_classA
2579999,2024-01-24T11:36:49Z,9.503425,-13.708225,NA,NA,NA,dynamic_classA
2579999,2024-01-24T11:36:55Z,9.503425,-13.708225,NA,NA,NA,dynamic_classA
2579999,2024-01-24T11:37:15Z,-20.118613333333332,115.23903833333334,NA,NA,NA,dynamic_classA
2579999,2024-01-24T11:37:16Z,56.701706666666674,-2.4658,NA,NA,NA,dynamic_classA
2579999,2024-01-24T11:37:49Z,56.70170333333333,-2.4657766666666663,NA,NA,NA,dynamic_classA
2579999,2024-01-24T11:37:51Z,-20.11862,115.23904,NA,NA,NA,dynamic_classA
2579999,2024-01-24T11:38:00Z,34.79533,127.73846499999999,NA,NA,NA,dynamic_classA
2579999,2024-01-24T11:38:20Z,-33.87844666666667,-58.42106666666667,NA,NA,NA,satellite
2579999,2024-01-24T11:38:36Z,9.503436666666666,-13.7082,NA,NA,NA,dynamic_classA
2579999,2024-01-24T11:38:47Z,24.536315000000002,54.38509,NA,NA,NA,dynamic_classA
2579999,2024-01-24T11:39:07Z,35.501551666666664,129.44113000000002,NA,NA,NA,dynamic_classA
2579999,2024-01-24T11:39:22Z,24.536316666666668,54.385095,NA,NA,NA,dynamic_classA
2579999,2024-01-24T11:39:32Z,24.536316666666668,54.385095,NA,NA,NA,dynamic_classA
2579999,2024-01-24T11:39:39Z,1.2831316666666666,103.779375,NA,NA,NA,dynamic_classA
2579999,2024-01-24T11:39:40Z,35.501558333333335,129.44113333333334,NA,NA,NA,dynamic_classA
2579999,2024-01-24T11:39:44Z,65.21747166666667,6.905141666666666,NA,NA,NA,dynamic_classA
2579999,2024-01-24T11:39:46Z,-20.11859666666667,115.23904333333333,NA,NA,NA,dynamic_classA
2579999,2024-01-24T11:39:49Z,24.536315000000002,54.38509666666666,NA,NA,NA,dynamic_classA
2579999,2024-01-24T11:40:04Z,10.285723333333333,106.76148666666667,NA,NA,NA,dynamic_classA
2579999,2024-01-24T11:40:17Z,35.501551666666664,129.441135,NA,NA,NA,dynamic_classA
2579999,2024-01-24T11:40:20Z,65.21747,6.905145,NA,NA,NA,dynamic_classA
2579999,2024-01-24T11:40:31Z,1.2831350000000001,103.77937833333334,NA,NA,NA,dynamic_classA
2579999,2024-01-24T11:40:39Z,-2.6682316666666663,118.89448666666667,NA,NA,NA,dynamic_classA
2579999,2024-01-24T11:40:40Z,-33.878436666666666,-58.421058333333335,NA,NA,NA,satellite
2579999,2024-01-24T11:41:02Z,-5.455383333333333,105.3105,NA,NA,NA,dynamic_classA
2579999,2024-01-24T11:41:19Z,56.70167666666667,-2.465755,NA,NA,NA,dynamic_classA
2579999,2024-01-24T11:41:34Z,-20.1186,115.23904333333333,NA,NA,NA,dynamic_classA
2579999,2024-01-24T11:41:48Z,35.501558333333335,129.441135,NA,NA,NA,dynamic_classA
2579999,2024-01-24T11:41:50Z,54.603280000000005,-1.1617583333333334,NA,NA,NA,dynamic_classA
2579999,2024-01-24T11:42:14Z,10.285731666666667,106.761465,NA,NA,NA,dynamic_classA
2579999,2024-01-24T11:42:21Z,24.536315000000002,54.38509333333333,NA,NA,NA,dynamic_classA
2579999,2024-01-24T11:42:24Z,24.536315000000002,54.38509333333333,NA,NA,NA,dynamic_classA
2579999,2024-01-24T11:42:34Z,53.539985,9.87885,NA,NA,NA,dynamic_classA
2579999,2024-01-24T11:42:40Z,24.536315000000002,54.38509333333333,NA,NA,NA,dynamic_classA
2579999,2024-01-24T11:42:55Z,63.44206166666667,10.403384999999998,NA,NA,NA,dynamic_classA
2579999,2024-01-24T11:42:59Z,10.285743333333333,106.76145833333334,NA,NA,NA,dynamic_classA
2579999,2024-01-24T11:43:01Z,-20.1186,115.23902500000001,NA,NA,NA,dynamic_classA
2579999,2024-01-24T11:43:12Z,3.5680666666666667,113.32466500000001,NA,NA,NA,dynamic_classA
2579999,2024-01-24T11:43:14Z,56.701715,-2.4657533333333332,NA,NA,NA,dynamic_classA
2579999,2024-01-24T11:43:23Z,-20.118608333333334,115.23902833333334,NA,NA,NA,dynamic_classA
2579999,2024-01-24T11:43:27Z,54.60327666666667,-1.1617316666666668,NA,NA,NA,dynamic_classA
2579999,2024-01-24T11:43:36Z,34.79534833333333,127.73846166666667,NA,NA,NA,dynamic_classA
2579999,2024-01-24T11:43:40Z,-33.878456666666665,-58.421079999999996,NA,NA,NA,satellite
2579999,2024-01-24T11:43:45Z,53.53998333333333,9.878853333333332,NA,NA,NA,dynamic_classA
2579999,2024-01-24T11:43:48Z,53.539985,9.878855,NA,NA,NA,dynamic_classA
2579999,2024-01-24T11:43:58Z,35.50154,129.44113833333333,NA,NA,NA,dynamic_classA
2579999,2024-01-24T11:44:08Z,24.536318333333334,54.38509333333333,NA,NA,NA,dynamic_classA
2579999,2024-01-24T11:44:13Z,65.21746166666667,6.9051583333333335,NA,NA,NA,dynamic_classA
2579999,2024-01-24T11:44:20Z,-33.878455,-58.421065,NA,NA,NA,satellite
2579999,2024-01-24T11:44:27Z,34.795355,127.73846166666667,NA,NA,NA,dynamic_classA
2579999,2024-01-24T11:44:32Z,35.50153666666667,129.441135,NA,NA,NA,dynamic_classA
2579999,2024-01-24T11:44:45Z,35.50153666666667,129.44113333333334,NA,NA,NA,dynamic_classA
2579999,2024-01-24T11:44:48Z,29.650606666666665,32.361018333333334,NA,NA,NA,dynamic_classA
2579999,2024-01-24T11:44:52Z,9.503425,-13.708221666666667,NA,NA,NA,dynamic_classA
2579999,2024-01-24T11:45:05Z,3.5680666666666667,113.32466500000001,NA,NA,NA,dynamic_classA
2579999,2024-01-24T11:45:06Z,50.79963333333333,-1.1100400000000001,NA,NA,NA,dynamic_classA
2579999,2024-01-24T11:45:07Z,29.650606666666665,32.361021666666666,NA,NA,NA,dynamic_classA
2579999,2024-01-24T11:45:08Z,29.650606666666665,32.361021666666666,NA,NA,NA,dynamic_classA
2579999,2024-01-24T11:45:09Z,29.650606666666665,32.361021666666666,NA,NA,NA,dynamic_classA
2579999,2024-01-24T11:45:17Z,29.650606666666665,32.361021666666666,NA,NA,NA,dynamic_classA
2579999,2024-01-24T11:45:18Z,56.701699999999995,-2.4657416666666667,NA,NA,NA,dynamic_classA
2579999,2024-01-24T11:45:46Z,-20.11858,115.23905333333333,NA,NA,NA,dynamic_classA
2579999,2024-01-24T11:46:08Z,-20.118585,115.23905333333333,NA,NA,NA,dynamic_classA
2579999,2024-01-24T11:46:16Z,35.50153666666667,129.44113333333334,NA,NA,NA,dynamic_classA
2579999,2024-01-24T11:47:27Z,63.44206166666667,10.4034,NA,NA,NA,dynamic_classA
2579999,2024-01-24T11:47:43Z,1.2831383333333333,103.779335,NA,NA,NA,dynamic_classA
2579999,2024-01-24T11:47:49Z,35.50154833333333,129.44113666666667,NA,NA,NA,dynamic_classA
2579999,2024-01-24T11:47:54Z,1.2831366666666668,103.77933,NA,NA,NA,dynamic_classA
2579999,2024-01-24T11:48:03Z,56.70169166666667,-2.465726666666667,NA,NA,NA,dynamic_classA
2579999,2024-01-24T11:48:06Z,25.319020000000002,53.46253166666667,NA,NA,NA,dynamic_classA
2579999,2024-01-24T11:48:19Z,65.21746,6.905186666666666,NA,NA,NA,dynamic_classA
2579999,2024-01-24T11:48:26Z,53.53998833333333,9.87886,NA,NA,NA,dynamic_classA
2579999,2024-01-24T11:48:32Z,35.50154333333333,129.44113666666667,NA,NA,NA,dynamic_classA
2579999,2024-01-24T11:48:50Z,34.79534666666667,127.73847666666667,NA,NA,NA,dynamic_classA
2579999,2024-01-24T11:48:59Z,25.31901333333333,53.462536666666665,NA,NA,NA,dynamic_classA
2579999,2024-01-24T11:49:03Z,25.31901333333333,53.462536666666665,NA,NA,NA,dynamic_classA
2579999,2024-01-24T11:49:25Z,-20.118595000000003,115.23905833333333,NA,NA,NA,dynamic_classA
2579999,2024-01-24T11:49:41Z,54.60329333333333,-1.1617966666666668,NA,NA,NA,dynamic_classA
2579999,2024-01-24T11:49:47Z,53.539991666666666,9.878856666666668,NA,NA,NA,dynamic_classA
2579999,2024-01-24T11:50:03Z,50.79965166666667,-1.1100366666666666,NA,NA,NA,dynamic_classA
2579999,2024-01-24T11:50:19Z,35.501576666666665,129.44112,NA,NA,NA,dynamic_classA
2579999,2024-01-24T11:50:27Z,26.20171333333333,50.59914166666667,NA,NA,NA,dynamic_classA
2579999,2024-01-24T11:50:38Z,35.501575,129.44112166666667,NA,NA,NA,dynamic_classA
2579999,2024-01-24T11:51:03Z,50.79965333333334,-1.1100433333333333,NA,NA,NA,dynamic_classA
2579999,2024-01-24T11:51:05Z,34.79535333333333,127.73847500000001,NA,NA,NA,dynamic_classA
2579999,2024-01-24T11:51:09Z,65.217485,6.905168333333333,NA,NA,NA,satellite
2579999,2024-01-24T11:51:11Z,25.319021666666668,53.462525,NA,NA,NA,dynamic_classA
2579999,2024-01-24T11:51:27Z,34.795355,127.73847833333333,NA,NA,NA,dynamic_classA
2579999,2024-01-24T11:51:30Z,1.2831366666666668,103.77933833333333,NA,NA,NA,dynamic_classA
2579999,2024-01-24T11:51:36Z,34.795355,127.73848,NA,NA,NA,dynamic_classA
2579999,2024-01-24T11:51:49Z,24.536313333333332,54.38509333333333,NA,NA,NA,dynamic_classA
2579999,2024-01-24T11:52:01Z,1.2831433333333335,103.77934666666667,NA,NA,NA,dynamic_classA
2579999,2024-01-24T11:52:33Z,54.60330333333333,-1.16178,NA,NA,NA,dynamic_classA
2579999,2024-01-24T11:52:38Z,10.285734999999999,106.76145833333334,NA,NA,NA,dynamic_classA
2579999,2024-01-24T11:52:54Z,25.319018333333336,53.46254,NA,NA,NA,dynamic_classA
2579999,2024-01-24T11:52:59Z,25.319018333333336,53.46254,NA,NA,NA,dynamic_classA
2579999,2024-01-24T11:53:02Z,1.2831433333333335,103.77934833333333,NA,NA,NA,dynamic_classA
2579999,2024-01-24T11:53:06Z,35.501578333333335,129.44112333333334,NA,NA,NA,dynamic_classA
2579999,2024-01-24T11:53:08Z,25.319020000000002,53.46254,NA,NA,NA,dynamic_classA
2579999,2024-01-24T11:53:16Z,25.319018333333336,53.46254166666667,NA,NA,NA,dynamic_classA
2579999,2024-01-24T11:53:18Z,25.319018333333336,53.46254166666667,NA,NA,NA,dynamic_classA
2579999,2024-01-24T11:53:19Z,25.319018333333336,53.46254166666667,NA,NA,NA,dynamic_classA
2579999,2024-01-24T11:53:20Z,25.319018333333336,53.46254166666667,NA,NA,NA,dynamic_classA
2579999,2024-01-24T11:53:21Z,25.319018333333336,53.46254166666667,NA,NA,NA,dynamic_classA
2579999,2024-01-24T11:53:27Z,25.319018333333336,53.46254166666667,NA,NA,NA,dynamic_classA
2579999,2024-01-24T11:53:28Z,25.319018333333336,53.46254166666667,NA,NA,NA,dynamic_classA
2579999,2024-01-24T11:53:29Z,24.536301666666667,54.385101666666664,NA,NA,NA,dynamic_classA
2579999,2024-01-24T11:53:32Z,24.536301666666667,54.385101666666664,NA,NA,NA,dynamic_classA
2579999,2024-01-24T11:53:34Z,24.536301666666667,54.385101666666664,NA,NA,NA,dynamic_classA
2579999,2024-01-24T11:53:54Z,35.50156666666667,129.44111,NA,NA,NA,dynamic_classA
2579999,2024-01-24T11:54:09Z,26.201375,50.59711,NA,NA,NA,dynamic_classA
2579999,2024-01-24T11:54:47Z,65.21746833333333,6.905173333333334,NA,NA,NA,dynamic_classA
2579999,2024-01-24T11:55:55Z,34.79534,127.738455,NA,NA,NA,dynamic_classA
2579999,2024-01-24T11:56:01Z,-20.118618333333334,115.23904666666667,NA,NA,NA,dynamic_classA
2579999,2024-01-24T11:56:10Z,34.795343333333335,127.73844333333334,NA,NA,NA,dynamic_classA
2579999,2024-01-24T11:56:17Z,1.2831366666666668,103.77933666666667,NA,NA,NA,dynamic_classA
2579999,2024-01-24T11:56:26Z,35.50156333333334,129.44112333333334,NA,NA,NA,dynamic_classA
2579999,2024-01-24T11:56:35Z,-20.118615,115.23905333333333,NA,NA,NA,dynamic_classA
2579999,2024-01-24T11:57:36Z,56.70169166666667,-2.4657133333333334,NA,NA,NA,dynamic_classA
2579999,2024-01-24T11:57:52Z,-20.11862,115.23905500000001,NA,NA,NA,dynamic_classA
2579999,2024-01-24T11:57:59Z,56.70170333333333,-2.465716666666667,NA,NA,NA,dynamic_classA
2579999,2024-01-24T11:58:24Z,10.28574,106.76146166666668,NA,NA,NA,dynamic_classA
2579999,2024-01-24T11:58:45Z,-20.118618333333334,115.23905833333333,NA,NA,NA,dynamic_classA
2579999,2024-01-24T11:58:50Z,34.79535166666667,127.73846666666667,NA,NA,NA,dynamic_classA
2579999,2024-01-24T11:59:02Z,25.319023333333334,53.46254166666667,NA,NA,NA,dynamic_classA
2579999,2024-01-24T11:59:16Z,9.503416666666668,-13.708229999999999,NA,NA,NA,dynamic_classA
2579999,2024-01-24T11:59:17Z,63.442054999999996,10.403406666666665,NA,NA,NA,dynamic_classA
2579999,2024-01-24T11:59:47Z,35.50153,129.44111166666667,NA,NA,NA,dynamic_classA
2579999,2024-01-24T11:59:57Z,25.319028333333332,53.462538333333335,NA,NA,NA,dynamic_classA
2579999,2024-01-24T12:00:00Z,35.50152666666667,129.44111666666666,NA,NA,NA,dynamic_classA
2579999,2024-01-24T12:00:09Z,25.319028333333332,53.462538333333335,NA,NA,NA,dynamic_classA
2579999,2024-01-24T12:00:18Z,65.21746833333333,6.9051583333333335,NA,NA,NA,dynamic_classA
2579999,2024-01-24T12:00:44Z,65.21746833333333,6.905143333333333,NA,NA,NA,dynamic_classA
2579999,2024-01-24T12:00:47Z,35.50153,129.44112,NA,NA,NA,dynamic_classA
2579999,2024-01-24T12:00:53Z,25.319028333333332,53.462535,NA,NA,NA,dynamic_classA
2579999,2024-01-24T12:01:00Z,65.21747166666667,6.905146666666667,NA,NA,NA,dynamic_classA
2579999,2024-01-24T12:01:11Z,25.319028333333332,53.462535,NA,NA,NA,dynamic_classA
2579999,2024-01-24T12:01:20Z,25.319025,53.462538333333335,NA,NA,NA,dynamic_classA
2579999,2024-01-24T12:01:29Z,25.319023333333334,53.46254,NA,NA,NA,dynamic_classA
2579999,2024-01-24T12:01:35Z,-20.118605,115.23905666666666,NA,NA,NA,dynamic_classA
2579999,2024-01-24T12:01:39Z,-2.6682366666666666,118.89449166666667,NA,NA,NA,dynamic_classA
2579999,2024-01-24T12:01:42Z,-5.455383333333333,105.31049833333333,NA,NA,NA,dynamic_classA
2579999,2024-01-24T12:01:49Z,25.319025,53.46254,NA,NA,NA,dynamic_classA
2579999,2024-01-24T12:01:51Z,24.536326666666664,54.38507333333334,NA,NA,NA,dynamic_classA
2579999,2024-01-24T12:01:56Z,24.536326666666664,54.385075,NA,NA,NA,dynamic_classA
2579999,2024-01-24T12:02:09Z,24.536326666666664,54.38507333333334,NA,NA,NA,dynamic_classA
2579999,2024-01-24T12:02:10Z,54.60326,-1.1617400000000002,NA,NA,NA,dynamic_classA
2579999,2024-01-24T12:02:15Z,9.503426666666666,-13.708235,NA,NA,NA,dynamic_classA
2579999,2024-01-24T12:02:18Z,-20.11860666666667,115.23905666666666,NA,NA,NA,dynamic_classA
2579999,2024-01-24T12:02:25Z,9.503426666666666,-13.708233333333334,NA,NA,NA,satellite
2579999,2024-01-24T12:02:55Z,9.503431666666668,-13.708226666666667,NA,NA,NA,satellite
2579999,2024-01-24T12:03:06Z,65.21745166666666,6.90517,NA,NA,NA,dynamic_classA
2579999,2024-01-24T12:03:23Z,53.539970000000004,9.878853333333332,NA,NA,NA,dynamic_classA
2579999,2024-01-24T12:03:32Z,35.50152666666667,129.44112333333334,NA,NA,NA,dynamic_classA
2579999,2024-01-24T12:03:37Z,54.60326,-1.1617416666666667,NA,NA,NA,dynamic_classA
2579999,2024-01-24T12:03:38Z,35.50152666666667,129.44112333333334,NA,NA,NA,dynamic_classA
2579999,2024-01-24T12:03:44Z,63.442069999999994,10.403391666666666,NA,NA,NA,dynamic_classA
2579999,2024-01-24T12:03:54Z,56.701710000000006,-2.4657233333333335,NA,NA,NA,dynamic_classA
2579999,2024-01-24T12:04:05Z,53.53996666666667,9.878851666666666,NA,NA,NA,dynamic_classA
2579999,2024-01-24T12:04:09Z,3.5680666666666667,113.32466500000001,NA,NA,NA,dynamic_classA
2579999,2024-01-24T12:04:19Z,9.503428333333334,-13.708225,NA,NA,NA,dynamic_classA
2579999,2024-01-24T12:04:20Z,-20.118613333333332,115.23904999999999,NA,NA,NA,dynamic_classA
2579999,2024-01-24T12:04:33Z,-38.44956666666667,148.30903833333332,NA,NA,NA,dynamic_classA
2579999,2024-01-24T12:04:36Z,34.795368333333336,127.73847,NA,NA,NA,dynamic_classA
2579999,2024-01-24T12:04:38Z,35.50152166666667,129.44112333333334,NA,NA,NA,dynamic_classA
2579999,2024-01-24T12:04:39Z,53.53996333333334,9.87885,NA,NA,NA,dynamic_classA
2579999,2024-01-24T12:04:48Z,-20.11860666666667,115.23905166666667,NA,NA,NA,dynamic_classA
2579999,2024-01-24T12:04:53Z,53.53996333333334,9.87885,NA,NA,NA,dynamic_classA
2579999,2024-01-24T12:04:57Z,34.795368333333336,127.73846833333333,NA,NA,NA,dynamic_classA
2579999,2024-01-24T12:05:05Z,35.50153833333333,129.441125,NA,NA,NA,dynamic_classA
2579999,2024-01-24T12:05:11Z,35.50153833333333,129.441125,NA,NA,NA,dynamic_classA
2579999,2024-01-24T12:05:12Z,9.503425,-13.708226666666667,NA,NA,NA,dynamic_classA
2579999,2024-01-24T12:05:18Z,56.701699999999995,-2.4657183333333332,NA,NA,NA,dynamic_classA
2579999,2024-01-24T12:05:26Z,50.79965333333334,-1.1100333333333334,NA,NA,NA,dynamic_classA
2579999,2024-01-24T12:05:37Z,25.319026666666666,53.46255,NA,NA,NA,dynamic_classA
2579999,2024-01-24T12:05:38Z,25.319026666666666,53.46255,NA,NA,NA,dynamic_classA
2579999,2024-01-24T12:05:45Z,-20.118611666666666,115.23906000000001,NA,NA,NA,dynamic_classA
2579999,2024-01-24T12:05:49Z,25.319025,53.46255,NA,NA,NA,dynamic_classA
2579999,2024-01-24T12:05:56Z,25.319025,53.46255,NA,NA,NA,dynamic_classA
2579999,2024-01-24T12:06:02Z,24.536326666666664,54.38511666666667,NA,NA,NA,dynamic_classA
2579999,2024-01-24T12:06:26Z,35.50153666666667,129.44112833333332,NA,NA,NA,dynamic_classA
2579999,2024-01-24T12:06:39Z,-20.118616666666664,115.23905500000001,NA,NA,NA,dynamic_classA
2579999,2024-01-24T12:07:06Z,1.283145,103.77933333333334,NA,NA,NA,dynamic_classA
2579999,2024-01-24T12:07:36Z,35.50154833333333,129.44111666666666,NA,NA,NA,dynamic_classA
2579999,2024-01-24T12:07:44Z,-20.118616666666664,115.23905833333333,NA,NA,NA,dynamic_classA
2579999,2024-01-24T12:07:47Z,-2.668241666666667,118.894495,NA,NA,NA,dynamic_classA
2579999,2024-01-24T12:08:19Z,35.50154166666667,129.44111666666666,NA,NA,NA,dynamic_classA
2579999,2024-01-24T12:08:34Z,24.536323333333332,54.38512166666667,NA,NA,NA,dynamic_classA
2579999,2024-01-24T12:08:38Z,58.014630000000004,7.483868333333334,NA,NA,NA,dynamic_classA
2579999,2024-01-24T12:08:42Z,56.70167666666667,-2.46573,NA,NA,NA,dynamic_classA
2579999,2024-01-24T12:08:52Z,25.319035,53.46255833333333,NA,NA,NA,dynamic_classA
2579999,2024-01-24T12:08:59Z,65.21744833333334,6.905203333333334,NA,NA,NA,dynamic_classA
2579999,2024-01-24T12:09:05Z,53.539970000000004,9.87885,NA,NA,NA,dynamic_classA
2579999,2024-01-24T12:09:16Z,25.319031666666667,53.46255833333333,NA,NA,NA,dynamic_classA
2579999,2024-01-24T12:09:22Z,35.50154333333333,129.44112,NA,NA,NA,dynamic_classA
2579999,2024-01-24T12:09:42Z,34.79534833333333,127.73847500000001,NA,NA,NA,dynamic_classA
2579999,2024-01-24T12:09:53Z,25.319036666666666,53.462554999999995,NA,NA,NA,dynamic_classA
2579999,2024-01-24T12:09:59Z,25.319036666666666,53.46255333333333,NA,NA,NA,dynamic_classA
2579999,2024-01-24T12:10:00Z,25.319036666666666,53.46255333333333,NA,NA,NA,dynamic_classA
2579999,2024-01-24T12:10:02Z,54.60325833333333,-1.1617183333333334,NA,NA,NA,dynamic_classA
2579999,2024-01-24T12:10:07Z,53.539971666666666,9.878853333333332,NA,NA,NA,dynamic_classA
2579999,2024-01-24T12:10:13Z,25.319036666666666,53.46255333333333,NA,NA,NA,dynamic_classA
2579999,2024-01-24T12:10:18Z,-20.118615,115.23904999999999,NA,NA,NA,dynamic_classA
2579999,2024-01-24T12:10:24Z,10.285723333333333,106.76147999999999,NA,NA,NA,dynamic_classA
2579999,2024-01-24T12:10:33Z,46.543980000000005,-48.499066666666664,NA,NA,NA,dynamic_classA
2579999,2024-01-24T12:10:48Z,35.501545,129.441125,NA,NA,NA,dynamic_classA
2579999,2024-01-24T12:10:54Z,50.79965666666667,-1.110025,NA,NA,NA,dynamic_classA
2579999,2024-01-24T12:11:00Z,-38.44952833333333,148.309065,NA,NA,NA,satellite
2579999,2024-01-24T12:11:07Z,63.44206166666667,10.403406666666665,NA,NA,NA,dynamic_classA
2579999,2024-01-24T12:11:29Z,35.50154333333333,129.44111833333332,NA,NA,NA,dynamic_classA
2579999,2024-01-24T12:11:40Z,-38.449510000000004,148.30906166666668,NA,NA,NA,satellite
2579999,2024-01-24T12:11:46Z,34.795345,127.73847833333333,NA,NA,NA,dynamic_classA
2579999,2024-01-24T12:11:49Z,65.21745333333334,6.905171666666666,NA,NA,NA,dynamic_classA
2579999,2024-01-24T12:11:55Z,34.795345,127.73847833333333,NA,NA,NA,dynamic_classA
2579999,2024-01-24T12:11:57Z,9.503421666666666,-13.70824,NA,NA,NA,satellite
2579999,2024-01-24T12:12:00Z,-38.449508333333334,148.30905333333334,NA,NA,NA,satellite
2579999,2024-01-24T12:12:03Z,35.50154666666666,129.44112166666667,NA,NA,NA,dynamic_classA
2579999,2024-01-24T12:12:08Z,34.79534666666667,127.73847833333333,NA,NA,NA,dynamic_classA
2579999,2024-01-24T12:12:10Z,-38.449513333333336,148.30904833333335,NA,NA,NA,satellite
2579999,2024-01-24T12:12:20Z,-38.44951833333334,148.309045,NA,NA,NA,satellite
2579999,2024-01-24T12:12:28Z,10.285726666666667,106.76147166666667,NA,NA,NA,dynamic_classA
2579999,2024-01-24T12:12:29Z,25.319039999999998,53.46255333333333,NA,NA,NA,dynamic_classA
2579999,2024-01-24T12:12:33Z,50.799645000000005,-1.11002,NA,NA,NA,dynamic_classA
2579999,2024-01-24T12:12:53Z,1.28314,103.77933666666667,NA,NA,NA,dynamic_classA
2579999,2024-01-24T12:12:58Z,24.536328333333334,54.385106666666665,NA,NA,NA,dynamic_classA
2579999,2024-01-24T12:13:00Z,-38.449533333333335,148.30904166666667,NA,NA,NA,satellite
2579999,2024-01-24T12:13:14Z,25.319043333333333,53.46254333333333,NA,NA,NA,dynamic_classA
2579999,2024-01-24T12:13:20Z,-38.449526666666664,148.30903166666667,NA,NA,NA,satellite
2579999,2024-01-24T12:13:25Z,-20.118625,115.23906833333334,NA,NA,NA,satellite
2579999,2024-01-24T12:13:33Z,-20.118623333333336,115.23906833333334,NA,NA,NA,dynamic_classA
2579999,2024-01-24T12:13:38Z,1.2831483333333333,103.77933,NA,NA,NA,dynamic_classA
2579999,2024-01-24T12:13:42Z,24.536318333333334,54.385106666666665,NA,NA,NA,dynamic_classA
2579999,2024-01-24T12:13:44Z,25.31905,53.462536666666665,NA,NA,NA,dynamic_classA
2579999,2024-01-24T12:13:48Z,35.501545,129.44112666666666,NA,NA,NA,dynamic_classA
2579999,2024-01-24T12:14:05Z,25.319053333333333,53.462535,NA,NA,NA,dynamic_classA
2579999,2024-01-24T12:14:07Z,25.319055,53.462535,NA,NA,NA,dynamic_classA
2579999,2024-01-24T12:14:10Z,-38.44955166666667,148.30899166666669,NA,NA,NA,satellite
2579999,2024-01-24T12:14:14Z,35.50155666666667,129.44112333333334,NA,NA,NA,dynamic_classA
2579999,2024-01-24T12:14:17Z,25.319051666666667,53.462536666666665,NA,NA,NA,dynamic_classA
2579999,2024-01-24T12:14:21Z,-38.449556666666666,148.30899,NA,NA,NA,satellite
2579999,2024-01-24T12:14:29Z,24.536316666666668,54.38509666666666,NA,NA,NA,dynamic_classA
2579999,2024-01-24T12:14:40Z,25.31905,53.462538333333335,NA,NA,NA,dynamic_classA
2579999,2024-01-24T12:14:50Z,-38.44956666666667,148.30899166666669,NA,NA,NA,satellite
2579999,2024-01-24T12:14:58Z,25.319056666666665,53.462535,NA,NA,NA,dynamic_classA
2579999,2024-01-24T12:15:01Z,-20.11862,115.23906333333333,NA,NA,NA,satellite
2579999,2024-01-24T12:15:03Z,25.319053333333333,53.462536666666665,NA,NA,NA,dynamic_classA
2579999,2024-01-24T12:15:28Z,50.79964666666667,-1.11002,NA,NA,NA,dynamic_classA
2579999,2024-01-24T12:15:30Z,-38.44958999999999,148.30902333333333,NA,NA,NA,satellite
2579999,2024-01-24T12:15:39Z,25.319051666666667,53.46254,NA,NA,NA,dynamic_classA
2579999,2024-01-24T12:15:50Z,-38.44962666666667,148.3090633333333,NA,NA,NA,satellite
2579999,2024-01-24T12:16:07Z,65.21746,6.905188333333333,NA,NA,NA,dynamic_classA
2579999,2024-01-24T12:16:16Z,25.319053333333333,53.46254166666667,NA,NA,NA,dynamic_classA
2579999,2024-01-24T12:16:19Z,1.2831433333333335,103.77930500000001,NA,NA,NA,dynamic_classA
2579999,2024-01-24T12:16:24Z,54.60323833333334,-1.1617416666666667,NA,NA,NA,dynamic_classA
2579999,2024-01-24T12:16:29Z,25.319053333333333,53.46254333333333,NA,NA,NA,dynamic_classA
2579999,2024-01-24T12:16:37Z,-20.118603333333333,115.23906833333334,NA,NA,NA,satellite
2579999,2024-01-24T12:16:43Z,-20.118605,115.239065,NA,NA,NA,satellite
2579999,2024-01-24T12:16:50Z,34.795345,127.73846,NA,NA,NA,dynamic_classA
2579999,2024-01-24T12:16:51Z,-20.118603333333333,115.23906666666667,NA,NA,NA,dynamic_classA
2579999,2024-01-24T12:16:54Z,-20.118611666666666,115.23906333333333,NA,NA,NA,satellite
2579999,2024-01-24T12:16:57Z,25.319048333333335,53.462545,NA,NA,NA,satellite
2579999,2024-01-24T12:17:05Z,34.795343333333335,127.73846166666667,NA,NA,NA,dynamic_classA
2579999,2024-01-24T12:17:10Z,25.31903833333333,53.46254666666667,NA,NA,NA,dynamic_classA
2579999,2024-01-24T12:17:16Z,35.50154166666667,129.44113166666665,NA,NA,NA,dynamic_classA
2579999,2024-01-24T12:17:17Z,63.44207666666667,10.403403333333333,NA,NA,NA,dynamic_classA
2579999,2024-01-24T12:17:21Z,25.319043333333333,53.462545,NA,NA,NA,dynamic_classA
2579999,2024-01-24T12:17:23Z,1.2831433333333335,103.77930333333333,NA,NA,NA,dynamic_classA
2579999,2024-01-24T12:17:24Z,25.31903833333333,53.46254666666667,NA,NA,NA,dynamic_classA
2579999,2024-01-24T12:17:28Z,25.319043333333333,53.462545,NA,NA,NA,dynamic_classA
2579999,2024-01-24T12:17:37Z,1.2831366666666668,103.77931,NA,NA,NA,dynamic_classA
2579999,2024-01-24T12:17:50Z,25.31904666666667,53.46254166666667,NA,NA,NA,dynamic_classA
2579999,2024-01-24T12:17:56Z,25.31904666666667,53.46254333333333,NA,NA,NA,dynamic_classA
2579999,2024-01-24T12:17:59Z,56.701685,-2.4657216666666666,NA,NA,NA,dynamic_classA
2579999,2024-01-24T12:18:05Z,21.57144,88.25143,NA,NA,NA,dynamic_classA
2579999,2024-01-24T12:18:18Z,1.2831416666666666,103.77930500000001,NA,NA,NA,dynamic_classA
2579999,2024-01-24T12:18:19Z,-38.449595,148.30906000000002,NA,NA,NA,satellite
2579999,2024-01-24T12:18:28Z,25.319036666666666,53.46254666666667,NA,NA,NA,dynamic_classA
2579999,2024-01-24T12:18:31Z,25.319036666666666,53.46254666666667,NA,NA,NA,dynamic_classA
2579999,2024-01-24T12:18:54Z,-20.118626666666668,115.23904999999999,NA,NA,NA,satellite
2579999,2024-01-24T12:19:04Z,-20.118628333333334,115.23904999999999,NA,NA,NA,satellite
2579999,2024-01-24T12:19:10Z,25.319041666666667,53.462545,NA,NA,NA,dynamic_classA
2579999,2024-01-24T12:19:38Z,-20.118623333333336,115.23905666666666,NA,NA,NA,dynamic_classA
2579999,2024-01-24T12:19:40Z,34.79535,127.73846333333333,NA,NA,NA,dynamic_classA
2579999,2024-01-24T12:19:54Z,-20.118621666666666,115.23906333333333,NA,NA,NA,satellite
2579999,2024-01-24T12:20:20Z,35.501549999999995,129.44112,NA,NA,NA,dynamic_classA
2579999,2024-01-24T12:20:27Z,35.501549999999995,129.44112,NA,NA,NA,dynamic_classA
2579999,2024-01-24T12:20:29Z,25.31903833333333,53.46254,NA,NA,NA,dynamic_classA
2579999,2024-01-24T12:20:35Z,25.31903833333333,53.46254,NA,NA,NA,dynamic_classA
2579999,2024-01-24T12:20:36Z,9.503416666666668,-13.708228333333333,NA,NA,NA,dynamic_classA
2579999,2024-01-24T12:20:52Z,25.319035,53.462538333333335,NA,NA,NA,dynamic_classA
2579999,2024-01-24T12:20:54Z,10.285741666666667,106.76145166666667,NA,NA,NA,dynamic_classA
2579999,2024-01-24T12:20:57Z,35.50155333333333,129.44111833333332,NA,NA,NA,dynamic_classA
2579999,2024-01-24T12:21:01Z,-20.118616666666664,115.23907166666666,NA,NA,NA,satellite
2579999,2024-01-24T12:21:17Z,-38.44959166666667,148.309025,NA,NA,NA,satellite
2579999,2024-01-24T12:21:31Z,65.21745333333334,6.905178333333334,NA,NA,NA,satellite
2579999,2024-01-24T12:21:33Z,25.319028333333332,53.462536666666665,NA,NA,NA,dynamic_classA
2579999,2024-01-24T12:21:34Z,-20.118611666666666,115.23907166666666,NA,NA,NA,satellite
2579999,2024-01-24T12:21:51Z,25.319031666666667,53.46253166666667,NA,NA,NA,dynamic_classA
2579999,2024-01-24T12:22:00Z,25.319031666666667,53.46253166666667,NA,NA,NA,dynamic_classA
2579999,2024-01-24T12:22:04Z,9.503418333333334,-13.708218333333333,NA,NA,NA,dynamic_classA
2579999,2024-01-24T12:22:09Z,56.70160333333333,-2.4657833333333334,NA,NA,NA,dynamic_classA
2579999,2024-01-24T12:22:10Z,9.503418333333334,-13.708218333333333,NA,NA,NA,dynamic_classA
2579999,2024-01-24T12:22:16Z,25.31903,53.46253166666667,NA,NA,NA,dynamic_classA
2579999,2024-01-24T12:22:20Z,54.603245,-1.1617533333333334,NA,NA,NA,dynamic_classA
2579999,2024-01-24T12:22:22Z,-5.455383333333333,105.31050333333333,NA,NA,NA,dynamic_classA
2579999,2024-01-24T12:22:26Z,25.31903,53.46253166666667,NA,NA,NA,dynamic_classA
2579999,2024-01-24T12:22:27Z,25.31903,53.46253166666667,NA,NA,NA,dynamic_classA
2579999,2024-01-24T12:22:29Z,35.501555,129.44111333333333,NA,NA,NA,dynamic_classA
2579999,2024-01-24T12:22:30Z,25.31903,53.46253166666667,NA,NA,NA,dynamic_classA
2579999,2024-01-24T12:22:32Z,25.31903,53.46253166666667,NA,NA,NA,dynamic_classA
2579999,2024-01-24T12:22:39Z,-2.6682366666666666,118.89448333333333,NA,NA,NA,dynamic_classA
2579999,2024-01-24T12:22:40Z,1.283145,103.77932000000001,NA,NA,NA,dynamic_classA
2579999,2024-01-24T12:22:48Z,-38.449625,148.30900333333332,NA,NA,NA,satellite
2579999,2024-01-24T12:23:04Z,-20.118623333333336,115.23906166666667,NA,NA,NA,dynamic_classA
2579999,2024-01-24T12:23:14Z,65.21745666666666,6.90519,NA,NA,NA,dynamic_classA
2579999,2024-01-24T12:23:27Z,63.44206666666666,10.403396666666668,NA,NA,NA,dynamic_classA
2579999,2024-01-24T12:23:53Z,46.543980000000005,-48.499066666666664,NA,NA,NA,dynamic_classA
2579999,2024-01-24T12:23:57Z,54.603253333333335,-1.1617616666666666,NA,NA,NA,dynamic_classA
2579999,2024-01-24T12:23:58Z,35.501549999999995,129.441115,NA,NA,NA,dynamic_classA
2579999,2024-01-24T12:24:13Z,35.501551666666664,129.44111166666667,NA,NA,NA,dynamic_classA
2579999,2024-01-24T12:24:14Z,53.539985,9.878865,NA,NA,NA,dynamic_classA
2579999,2024-01-24T12:24:25Z,53.539985,9.878866666666665,NA,NA,NA,dynamic_classA
2579999,2024-01-24T12:24:36Z,35.501551666666664,129.441115,NA,NA,NA,dynamic_classA
2579999,2024-01-24T12:24:44Z,56.701638333333335,-2.465745,NA,NA,NA,dynamic_classA
2579999,2024-01-24T12:24:49Z,9.503414999999999,-13.708221666666667,NA,NA,NA,dynamic_classA
2579999,2024-01-24T12:24:53Z,65.21744833333334,6.905206666666667,NA,NA,NA,dynamic_classA
2579999,2024-01-24T12:24:58Z,-38.449603333333336,148.30907833333333,NA,NA,NA,satellite
2579999,2024-01-24T12:25:05Z,35.50154666666666,129.44111666666666,NA,NA,NA,dynamic_classA
2579999,2024-01-24T12:25:09Z,3.5680666666666667,113.32466500000001,NA,NA,NA,dynamic_classA
2579999,2024-01-24T12:25:20Z,25.31905,53.46254,NA,NA,NA,dynamic_classA
2579999,2024-01-24T12:25:22Z,9.503414999999999,-13.708223333333333,NA,NA,NA,dynamic_classA
2579999,2024-01-24T12:25:29Z,-38.449605,148.30907166666665,NA,NA,NA,satellite
2579999,2024-01-24T12:25:31Z,-20.118618333333334,115.23907166666666,NA,NA,NA,dynamic_classA
2579999,2024-01-24T12:25:33Z,53.53998333333333,9.878866666666665,NA,NA,NA,dynamic_classA
2579999,2024-01-24T12:25:36Z,50.799636666666665,-1.11002,NA,NA,NA,dynamic_classA
2579999,2024-01-24T12:25:37Z,34.795341666666666,127.73845833333333,NA,NA,NA,satellite
2579999,2024-01-24T12:25:38Z,35.50154666666666,129.44111333333333,NA,NA,NA,dynamic_classA
2579999,2024-01-24T12:25:39Z,65.21745,6.905195,NA,NA,NA,dynamic_classA
2579999,2024-01-24T12:25:46Z,34.79533833333333,127.73846,NA,NA,NA,dynamic_classA
2579999,2024-01-24T12:25:51Z,35.501545,129.44111666666666,NA,NA,NA,dynamic_classA
2579999,2024-01-24T12:25:57Z,25.319041666666667,53.462535,NA,NA,NA,satellite
2579999,2024-01-24T12:25:58Z,56.70164,-2.465731666666667,NA,NA,NA,dynamic_classA
2579999,2024-01-24T12:25:59Z,-38.449605,148.30904,NA,NA,NA,satellite
2579999,2024-01-24T12:26:14Z,63.44205833333333,10.403411666666667,NA,NA,NA,dynamic_classA
2579999,2024-01-24T12:26:29Z,-38.449603333333336,148.30901333333335,NA,NA,NA,satellite
2579999,2024-01-24T12:26:38Z,-38.449601666666666,148.30900333333332,NA,NA,NA,satellite
2579999,2024-01-24T12:26:47Z,-2.6682383333333335,118.89448333333333,NA,NA,NA,dynamic_classA
2579999,2024-01-24T12:26:52Z,25.31903833333333,53.462525,NA,NA,NA,dynamic_classA
2579999,2024-01-24T12:26:59Z,-38.44960666666667,148.308985,NA,NA,NA,satellite
2579999,2024-01-24T12:27:08Z,50.799638333333334,-1.1100233333333334,NA,NA,NA,dynamic_classA
2579999,2024-01-24T12:27:39Z,-38.449621666666665,148.309005,NA,NA,NA,satellite
2579999,2024-01-24T12:27:40Z,25.319031666666667,53.462518333333335,NA,NA,NA,dynamic_classA
2579999,2024-01-24T12:27:48Z,25.319031666666667,53.462518333333335,NA,NA,NA,dynamic_classA
2579999,2024-01-24T12:28:18Z,58.01461,7.483866666666667,NA,NA,NA,dynamic_classA
2579999,2024-01-24T12:28:28Z,-38.449600000000004,148.30900333333332,NA,NA,NA,satellite
2579999,2024-01-24T12:28:31Z,-20.11860666666667,115.239065,NA,NA,NA,dynamic_classA
2579999,2024-01-24T12:28:37Z,-38.44959333333334,148.30900333333332,NA,NA,NA,satellite
2579999,2024-01-24T12:28:39Z,35.50154666666666,129.44112166666667,NA,NA,NA,satellite
2579999,2024-01-24T12:28:48Z,35.50154833333333,129.44112,NA,NA,NA,dynamic_classA
2579999,2024-01-24T12:28:59Z,-38.449585,148.30901333333335,NA,NA,NA,satellite
2579999,2024-01-24T12:29:16Z,25.319035,53.462525,NA,NA,NA,dynamic_classA
2579999,2024-01-24T12:29:19Z,25.319033333333334,53.46252666666667,NA,NA,NA,dynamic_classA
2579999,2024-01-24T12:29:22Z,56.70167666666667,-2.4657116666666665,NA,NA,NA,dynamic_classA
2579999,2024-01-24T12:29:29Z,-38.449556666666666,148.30901833333334,NA,NA,NA,satellite
2579999,2024-01-24T12:29:39Z,-38.44954333333333,148.30900666666668,NA,NA,NA,satellite
2579999,2024-01-24T12:29:46Z,53.53998333333333,9.878866666666665,NA,NA,NA,dynamic_classA
2579999,2024-01-24T12:29:49Z,53.53998333333333,9.878866666666665,NA,NA,NA,satellite
2579999,2024-01-24T12:30:01Z,34.79535833333333,127.73846166666667,NA,NA,NA,dynamic_classA
2579999,2024-01-24T12:30:09Z,1.2831366666666668,103.77932333333334,NA,NA,NA,dynamic_classA
2579999,2024-01-24T12:30:11Z,54.6032,-1.1617816666666667,NA,NA,NA,dynamic_classA
2579999,2024-01-24T12:30:16Z,25.319041666666667,53.46253333333333,NA,NA,NA,dynamic_classA
2579999,2024-01-24T12:30:18Z,53.539985,9.878868333333333,NA,NA,NA,dynamic_classA
2579999,2024-01-24T12:30:29Z,-38.44950166666667,148.308965,NA,NA,NA,satellite
2579999,2024-01-24T12:30:33Z,25.319043333333333,53.46253333333333,NA,NA,NA,dynamic_classA
2579999,2024-01-24T12:30:37Z,25.319043333333333,53.46253333333333,NA,NA,NA,dynamic_classA
2579999,2024-01-24T12:30:39Z,-38.44950333333334,148.30896833333333,NA,NA,NA,satellite
2579999,2024-01-24T12:30:48Z,29.650643333333335,32.361043333333335,NA,NA,NA,dynamic_classA
2579999,2024-01-24T12:30:49Z,-38.44950666666667,148.30897000000002,NA,NA,NA,satellite
2579999,2024-01-24T12:30:52Z,35.501549999999995,129.441125,NA,NA,NA,dynamic_classA
2579999,2024-01-24T12:30:58Z,29.650643333333335,32.361045000000004,NA,NA,NA,dynamic_classA
2579999,2024-01-24T12:30:59Z,-38.449511666666666,148.30897000000002,NA,NA,NA,satellite
2579999,2024-01-24T12:31:03Z,25.319036666666666,53.46253166666667,NA,NA,NA,dynamic_classA
2579999,2024-01-24T12:31:05Z,29.650643333333335,32.361048333333336,NA,NA,NA,dynamic_classA
2579999,2024-01-24T12:31:08Z,1.2831383333333333,103.77932333333334,NA,NA,NA,dynamic_classA
2579999,2024-01-24T12:31:09Z,29.650643333333335,32.361048333333336,NA,NA,NA,dynamic_classA
2579999,2024-01-24T12:31:19Z,-38.449505,148.30897833333333,NA,NA,NA,satellite
2579999,2024-01-24T12:31:20Z,25.319036666666666,53.46253166666667,NA,NA,NA,dynamic_classA
2579999,2024-01-24T12:31:28Z,65.21745666666666,6.90517,NA,NA,NA,dynamic_classA
2579999,2024-01-24T12:31:34Z,50.799636666666665,-1.1100366666666666,NA,NA,NA,dynamic_classA
2579999,2024-01-24T12:31:38Z,29.65064,32.361045000000004,NA,NA,NA,dynamic_classA
2579999,2024-01-24T12:31:47Z,29.650638333333333,32.361045000000004,NA,NA,NA,dynamic_classA
2579999,2024-01-24T12:31:51Z,29.650638333333333,32.361045000000004,NA,NA,NA,dynamic_classA
2579999,2024-01-24T12:31:53Z,29.650638333333333,32.361045000000004,NA,NA,NA,dynamic_classA
2579999,2024-01-24T12:31:57Z,29.650638333333333,32.361045000000004,NA,NA,NA,dynamic_classA
2579999,2024-01-24T12:31:58Z,29.650638333333333,32.361045000000004,NA,NA,NA,dynamic_classA
2579999,2024-01-24T12:31:59Z,29.650638333333333,32.361045000000004,NA,NA,NA,dynamic_classA
2579999,2024-01-24T12:32:05Z,29.650638333333333,32.361045000000004,NA,NA,NA,dynamic_classA
2579999,2024-01-24T12:32:09Z,35.501555,129.44111666666666,NA,NA,NA,dynamic_classA
2579999,2024-01-24T12:32:14Z,25.319036666666666,53.46252833333333,NA,NA,NA,dynamic_classA
2579999,2024-01-24T12:32:16Z,34.79535333333333,127.73845666666666,NA,NA,NA,dynamic_classA
2579999,2024-01-24T12:32:17Z,34.79535333333333,127.73845666666666,NA,NA,NA,dynamic_classA
2579999,2024-01-24T12:32:21Z,25.319036666666666,53.46252666666667,NA,NA,NA,dynamic_classA
2579999,2024-01-24T12:32:22Z,25.319036666666666,53.46252666666667,NA,NA,NA,dynamic_classA
2579999,2024-01-24T12:32:24Z,25.319036666666666,53.46252666666667,NA,NA,NA,dynamic_classA
2579999,2024-01-24T12:32:27Z,25.319036666666666,53.46252666666667,NA,NA,NA,dynamic_classA
2579999,2024-01-24T12:32:29Z,25.319036666666666,53.46252666666667,NA,NA,NA,dynamic_classA
2579999,2024-01-24T12:32:30Z,25.319036666666666,53.46252666666667,NA,NA,NA,dynamic_classA
2579999,2024-01-24T12:32:31Z,25.319036666666666,53.46252666666667,NA,NA,NA,dynamic_classA
2579999,2024-01-24T12:32:32Z,25.319036666666666,53.46252666666667,NA,NA,NA,dynamic_classA
2579999,2024-01-24T12:32:35Z,25.319036666666666,53.46252666666667,NA,NA,NA,dynamic_classA
2579999,2024-01-24T12:32:37Z,25.319036666666666,53.46252666666667,NA,NA,NA,dynamic_classA
2579999,2024-01-24T12:32:39Z,65.217455,6.905156666666667,NA,NA,NA,dynamic_classA
2579999,2024-01-24T12:32:43Z,35.501549999999995,129.44111,NA,NA,NA,dynamic_classA
2579999,2024-01-24T12:32:48Z,25.319033333333334,53.462525,NA,NA,NA,dynamic_classA
2579999,2024-01-24T12:32:50Z,25.319033333333334,53.462525,NA,NA,NA,dynamic_classA
2579999,2024-01-24T12:32:59Z,-38.44956166666667,148.30898833333333,NA,NA,NA,satellite
2579999,2024-01-24T12:33:05Z,34.795345,127.73846833333333,NA,NA,NA,dynamic_classA
2579999,2024-01-24T12:33:13Z,54.60326833333333,-1.1618199999999999,NA,NA,NA,dynamic_classA
2579999,2024-01-24T12:33:22Z,1.2831350000000001,103.77932833333332,NA,NA,NA,dynamic_classA
2579999,2024-01-24T12:34:03Z,50.799638333333334,-1.1100316666666667,NA,NA,NA,dynamic_classA
2579999,2024-01-24T12:34:09Z,9.503413333333333,-13.708229999999999,NA,NA,NA,dynamic_classA
2579999,2024-01-24T12:34:16Z,35.50154166666667,129.441115,NA,NA,NA,dynamic_classA
2579999,2024-01-24T12:34:18Z,24.53633,54.385083333333334,NA,NA,NA,dynamic_classA
2579999,2024-01-24T12:34:27Z,24.53633,54.385083333333334,NA,NA,NA,dynamic_classA
2579999,2024-01-24T12:34:28Z,35.50154166666667,129.44112,NA,NA,NA,dynamic_classA
2579999,2024-01-24T12:34:34Z,35.50154166666667,129.44112333333334,NA,NA,NA,dynamic_classA
2579999,2024-01-24T12:34:38Z,1.2831366666666668,103.77931333333332,NA,NA,NA,dynamic_classA
2579999,2024-01-24T12:34:39Z,24.53633166666667,54.385085000000004,NA,NA,NA,dynamic_classA
2579999,2024-01-24T12:35:14Z,1.28314,103.779315,NA,NA,NA,dynamic_classA
2579999,2024-01-24T12:35:26Z,63.44207333333333,10.403423333333334,NA,NA,NA,dynamic_classA
2579999,2024-01-24T12:35:35Z,-20.118616666666664,115.23906166666667,NA,NA,NA,dynamic_classA
2579999,2024-01-24T12:35:54Z,-38.44958166666667,148.30896333333334,NA,NA,NA,satellite
2579999,2024-01-24T12:36:04Z,-38.449585,148.30897166666668,NA,NA,NA,satellite
2579999,2024-01-24T12:36:06Z,24.536324999999998,54.385081666666665,NA,NA,NA,dynamic_classA
2579999,2024-01-24T12:36:08Z,10.285738333333335,106.761475,NA,NA,NA,dynamic_classA
2579999,2024-01-24T12:36:34Z,-38.44958833333333,148.30899499999998,NA,NA,NA,satellite
2579999,2024-01-24T12:36:38Z,65.217465,6.905176666666667,NA,NA,NA,dynamic_classA
2579999,2024-01-24T12:36:50Z,1.2831416666666666,103.77934,NA,NA,NA,dynamic_classA
2579999,2024-01-24T12:36:55Z,-38.44959166666667,148.30900333333332,NA,NA,NA,satellite
2579999,2024-01-24T12:37:04Z,-38.449595,148.30900666666668,NA,NA,NA,satellite
2579999,2024-01-24T12:37:05Z,-20.118611666666666,115.239065,NA,NA,NA,dynamic_classA
2579999,2024-01-24T12:37:19Z,-20.118608333333334,115.239065,NA,NA,NA,dynamic_classA
2579999,2024-01-24T12:37:24Z,-38.449598333333334,148.309015,NA,NA,NA,satellite
2579999,2024-01-24T12:37:30Z,34.79535,127.73845,NA,NA,NA,dynamic_classA
2579999,2024-01-24T12:37:34Z,-38.449601666666666,148.309025,NA,NA,NA,satellite
2579999,2024-01-24T12:37:57Z,1.2831433333333335,103.77933333333334,NA,NA,NA,dynamic_classA
2579999,2024-01-24T12:38:05Z,-38.44958999999999,148.30905666666666,NA,NA,NA,satellite
2579999,2024-01-24T12:38:06Z,35.501545,129.44112666666666,NA,NA,NA,dynamic_classA
2579999,2024-01-24T12:38:09Z,56.70168833333333,-2.4657133333333334,NA,NA,NA,dynamic_classA
2579999,2024-01-24T12:38:34Z,-38.449574999999996,148.30904833333335,NA,NA,NA,satellite
2579999,2024-01-24T12:39:05Z,34.79535,127.73844666666668,NA,NA,NA,satellite
2579999,2024-01-24T12:39:21Z,24.53633,54.38507666666667,NA,NA,NA,dynamic_classA
2579999,2024-01-24T12:39:35Z,-38.449555000000004,148.309045,NA,NA,NA,satellite
2579999,2024-01-24T12:39:41Z,24.53633,54.38507666666667,NA,NA,NA,dynamic_classA
2579999,2024-01-24T12:40:20Z,34.795341666666666,127.73845833333333,NA,NA,NA,dynamic_classA
2579999,2024-01-24T12:40:32Z,-20.11861,115.23906000000001,NA,NA,NA,dynamic_classA
2579999,2024-01-24T12:40:57Z,35.50154666666666,129.441125,NA,NA,NA,dynamic_classA
2579999,2024-01-24T12:41:05Z,-38.44957,148.30908833333334,NA,NA,NA,satellite
2579999,2024-01-24T12:41:14Z,10.285725000000001,106.76150666666668,NA,NA,NA,dynamic_classA
2579999,2024-01-24T12:41:17Z,35.501545,129.44112333333334,NA,NA,NA,dynamic_classA
2579999,2024-01-24T12:41:20Z,35.501545,129.44112333333334,NA,NA,NA,dynamic_classA
2579999,2024-01-24T12:41:42Z,9.503425,-13.708235,NA,NA,NA,dynamic_classA
2579999,2024-01-24T12:41:46Z,9.503425,-13.708235,NA,NA,NA,dynamic_classA
2579999,2024-01-24T12:42:10Z,65.21745166666666,6.905155,NA,NA,NA,satellite
2579999,2024-01-24T12:42:20Z,-38.449533333333335,148.30899833333334,NA,NA,NA,satellite
2579999,2024-01-24T12:42:29Z,56.701695,-2.4656749999999996,NA,NA,NA,dynamic_classA
2579999,2024-01-24T12:42:30Z,-38.449535,148.30898,NA,NA,NA,satellite
2579999,2024-01-24T12:42:40Z,54.60335333333333,-1.16191,NA,NA,NA,satellite
2579999,2024-01-24T12:42:52Z,-5.455381666666667,105.31048333333334,NA,NA,NA,dynamic_classA
2579999,2024-01-24T12:43:00Z,-38.44954,148.30894,NA,NA,NA,satellite
2579999,2024-01-24T12:43:29Z,-2.668235,118.89450333333333,NA,NA,NA,dynamic_classA
2579999,2024-01-24T12:43:30Z,-38.44954666666667,148.30891000000003,NA,NA,NA,satellite
2579999,2024-01-24T12:43:37Z,-20.118618333333334,115.23905833333333,NA,NA,NA,dynamic_classA
2579999,2024-01-24T12:43:51Z,-20.118615,115.23905666666666,NA,NA,NA,dynamic_classA
2579999,2024-01-24T12:44:00Z,-38.449553333333334,148.30889833333333,NA,NA,NA,satellite
2579999,2024-01-24T12:44:14Z,65.217455,6.90519,NA,NA,NA,dynamic_classA
2579999,2024-01-24T12:44:17Z,54.603431666666665,-1.1618400000000002,NA,NA,NA,dynamic_classA
2579999,2024-01-24T12:44:34Z,54.603433333333335,-1.1618266666666666,NA,NA,NA,dynamic_classA
2579999,2024-01-24T12:44:35Z,9.503414999999999,-13.708235,NA,NA,NA,dynamic_classA
2579999,2024-01-24T12:44:45Z,53.53998166666667,9.878870000000001,NA,NA,NA,dynamic_classA
2579999,2024-01-24T12:44:50Z,24.536313333333332,54.385085000000004,NA,NA,NA,dynamic_classA
2579999,2024-01-24T12:44:53Z,35.501551666666664,129.44112333333334,NA,NA,NA,dynamic_classA
2579999,2024-01-24T12:44:54Z,53.53998166666667,9.878871666666667,NA,NA,NA,dynamic_classA
2579999,2024-01-24T12:45:02Z,65.21745166666666,6.9052,NA,NA,NA,dynamic_classA
2579999,2024-01-24T12:45:13Z,25.319018333333336,53.462536666666665,NA,NA,NA,dynamic_classA
2579999,2024-01-24T12:45:20Z,25.319016666666666,53.462536666666665,NA,NA,NA,dynamic_classA
2579999,2024-01-24T12:45:29Z,53.53998166666667,9.878863333333333,NA,NA,NA,satellite
2579999,2024-01-24T12:45:35Z,35.501545,129.44113333333334,NA,NA,NA,dynamic_classA
2579999,2024-01-24T12:45:39Z,-38.449598333333334,148.30885333333333,NA,NA,NA,satellite
2579999,2024-01-24T12:45:40Z,-38.449598333333334,148.30885333333333,NA,NA,NA,satellite
2579999,2024-01-24T12:45:42Z,9.503418333333334,-13.708241666666668,NA,NA,NA,dynamic_classA
2579999,2024-01-24T12:45:44Z,56.701701666666665,-2.4656883333333335,NA,NA,NA,dynamic_classA
2579999,2024-01-24T12:45:47Z,25.319015,53.462535,NA,NA,NA,dynamic_classA
2579999,2024-01-24T12:45:56Z,50.799615,-1.110055,NA,NA,NA,dynamic_classA
2579999,2024-01-24T12:46:03Z,53.53998333333333,9.878861666666667,NA,NA,NA,dynamic_classA
2579999,2024-01-24T12:46:09Z,3.5680666666666667,113.32466500000001,NA,NA,NA,dynamic_classA
2579999,2024-01-24T12:46:11Z,25.319016666666666,53.46253333333333,NA,NA,NA,dynamic_classA
2579999,2024-01-24T12:46:14Z,-20.118616666666664,115.23907333333334,NA,NA,NA,dynamic_classA
2579999,2024-01-24T12:46:19Z,25.319016666666666,53.46253333333333,NA,NA,NA,dynamic_classA
2579999,2024-01-24T12:46:27Z,34.79533166666667,127.73848,NA,NA,NA,dynamic_classA
2579999,2024-01-24T12:46:28Z,35.501551666666664,129.441125,NA,NA,NA,dynamic_classA
2579999,2024-01-24T12:46:29Z,-38.44962833333333,148.30892,NA,NA,NA,satellite
2579999,2024-01-24T12:46:36Z,34.79533,127.73847500000001,NA,NA,NA,dynamic_classA
2579999,2024-01-24T12:46:40Z,-38.44962833333333,148.30892666666665,NA,NA,NA,satellite
2579999,2024-01-24T12:46:41Z,35.50154833333333,129.44113166666665,NA,NA,NA,dynamic_classA
2579999,2024-01-24T12:46:44Z,25.319015,53.46253333333333,NA,NA,NA,dynamic_classA
2579999,2024-01-24T12:46:50Z,-38.449625,148.30893333333333,NA,NA,NA,satellite
2579999,2024-01-24T12:47:00Z,-38.449621666666665,148.30894666666666,NA,NA,NA,satellite
2579999,2024-01-24T12:47:01Z,9.503413333333333,-13.708248333333334,NA,NA,NA,satellite
2579999,2024-01-24T12:47:02Z,25.31901333333333,53.46253166666667,NA,NA,NA,dynamic_classA
2579999,2024-01-24T12:47:07Z,63.442069999999994,10.403413333333333,NA,NA,NA,dynamic_classA
2579999,2024-01-24T12:47:15Z,63.442069999999994,10.403408333333335,NA,NA,NA,dynamic_classA
2579999,2024-01-24T12:47:30Z,-38.44961166666667,148.308985,NA,NA,NA,satellite
2579999,2024-01-24T12:47:38Z,-38.44960833333334,148.30899166666669,NA,NA,NA,satellite
2579999,2024-01-24T12:47:40Z,-38.44960833333334,148.30899166666669,NA,NA,NA,satellite
2579999,2024-01-24T12:47:48Z,-38.449605,148.30899499999998,NA,NA,NA,satellite
2579999,2024-01-24T12:47:59Z,-38.449601666666666,148.30899666666667,NA,NA,NA,satellite
2579999,2024-01-24T12:48:01Z,-38.449601666666666,148.30899666666667,NA,NA,NA,satellite
2579999,2024-01-24T12:48:12Z,-20.118616666666664,115.23907166666666,NA,NA,NA,dynamic_classA
2579999,2024-01-24T12:48:18Z,25.319008333333333,53.46252833333333,NA,NA,NA,dynamic_classA
2579999,2024-01-24T12:48:19Z,-38.44959666666667,148.30900333333332,NA,NA,NA,satellite
2579999,2024-01-24T12:48:29Z,-38.44959666666667,148.309005,NA,NA,NA,satellite
2579999,2024-01-24T12:48:30Z,35.501549999999995,129.44112,NA,NA,NA,dynamic_classA
2579999,2024-01-24T12:48:34Z,25.31901333333333,53.46253333333333,NA,NA,NA,dynamic_classA
2579999,2024-01-24T12:48:37Z,25.31901,53.46253,NA,NA,NA,dynamic_classA
2579999,2024-01-24T12:48:40Z,-38.449598333333334,148.30900333333332,NA,NA,NA,satellite
2579999,2024-01-24T12:48:48Z,24.53632,54.385104999999996,NA,NA,NA,dynamic_classA
2579999,2024-01-24T12:48:49Z,53.539991666666666,9.878858333333334,NA,NA,NA,satellite
2579999,2024-01-24T12:48:53Z,-20.118618333333334,115.239075,NA,NA,NA,dynamic_classA
2579999,2024-01-24T12:48:59Z,53.539991666666666,9.87886,NA,NA,NA,satellite
2579999,2024-01-24T12:49:19Z,35.501549999999995,129.44112333333334,NA,NA,NA,satellite
2579999,2024-01-24T12:49:20Z,-38.449634999999994,148.30899499999998,NA,NA,NA,satellite
2579999,2024-01-24T12:49:22Z,56.70166,-2.46574,NA,NA,NA,dynamic_classA
2579999,2024-01-24T12:49:24Z,-20.11862,115.239075,NA,NA,NA,dynamic_classA
2579999,2024-01-24T12:49:27Z,-2.668241666666667,118.89448999999999,NA,NA,NA,dynamic_classA
2579999,2024-01-24T12:49:29Z,53.53998833333333,9.878861666666667,NA,NA,NA,satellite
2579999,2024-01-24T12:49:30Z,-38.44964166666667,148.30898666666664,NA,NA,NA,satellite
2579999,2024-01-24T12:49:39Z,-38.449645000000004,148.30896333333334,NA,NA,NA,satellite
2579999,2024-01-24T12:49:40Z,-38.449645000000004,148.30896333333334,NA,NA,NA,satellite
2579999,2024-01-24T12:49:45Z,21.57144333333333,88.25142333333334,NA,NA,NA,dynamic_classA
2579999,2024-01-24T12:49:54Z,-20.118625,115.23907,NA,NA,NA,dynamic_classA
2579999,2024-01-24T12:49:56Z,25.31901333333333,53.46252833333333,NA,NA,NA,dynamic_classA
2579999,2024-01-24T12:50:07Z,1.2831383333333333,103.779335,NA,NA,NA,dynamic_classA
2579999,2024-01-24T12:50:09Z,53.53998833333333,9.878863333333333,NA,NA,NA,satellite
2579999,2024-01-24T12:50:16Z,35.50154166666667,129.44112666666666,NA,NA,NA,dynamic_classA
2579999,2024-01-24T12:50:19Z,-38.449623333333335,148.30895999999998,NA,NA,NA,satellite
2579999,2024-01-24T12:50:26Z,53.53998833333333,9.878861666666667,NA,NA,NA,dynamic_classA
2579999,2024-01-24T12:50:29Z,-38.449625,148.30895833333335,NA,NA,NA,satellite
2579999,2024-01-24T12:50:31Z,54.60335833333333,-1.161815,NA,NA,NA,dynamic_classA
2579999,2024-01-24T12:50:39Z,53.539986666666664,9.878861666666667,NA,NA,NA,satellite
2579999,2024-01-24T12:50:57Z,53.539986666666664,9.878861666666667,NA,NA,NA,dynamic_classA
2579999,2024-01-24T12:50:59Z,53.539986666666664,9.878863333333333,NA,NA,NA,satellite
2579999,2024-01-24T12:51:01Z,-20.11862,115.23906000000001,NA,NA,NA,dynamic_classA
2579999,2024-01-24T12:51:08Z,25.319011666666665,53.46252833333333,NA,NA,NA,dynamic_classA
2579999,2024-01-24T12:51:09Z,25.319011666666665,53.46252833333333,NA,NA,NA,dynamic_classA
2579999,2024-01-24T12:51:17Z,25.319015,53.46253,NA,NA,NA,dynamic_classA
2579999,2024-01-24T12:51:18Z,1.28314,103.779315,NA,NA,NA,dynamic_classA
2579999,2024-01-24T12:51:19Z,1.28314,103.779315,NA,NA,NA,dynamic_classA
2579999,2024-01-24T12:51:22Z,35.50154333333333,129.44111833333332,NA,NA,NA,dynamic_classA
2579999,2024-01-24T12:51:26Z,25.319006666666667,53.46252833333333,NA,NA,NA,dynamic_classA
2579999,2024-01-24T12:51:29Z,25.319006666666667,53.46252833333333,NA,NA,NA,dynamic_classA
2579999,2024-01-24T12:51:30Z,34.795343333333335,127.73846499999999,NA,NA,NA,dynamic_classA
2579999,2024-01-24T12:51:31Z,25.319006666666667,53.46252833333333,NA,NA,NA,dynamic_classA
2579999,2024-01-24T12:51:34Z,25.319006666666667,53.46252833333333,NA,NA,NA,dynamic_classA
2579999,2024-01-24T12:51:38Z,25.319005,53.46252833333333,NA,NA,NA,dynamic_classA
2579999,2024-01-24T12:51:39Z,25.319005,53.46252833333333,NA,NA,NA,satellite
2579999,2024-01-24T12:51:55Z,-20.118621666666666,115.23906000000001,NA,NA,NA,dynamic_classA
2579999,2024-01-24T12:51:56Z,35.50154166666667,129.44112,NA,NA,NA,dynamic_classA
2579999,2024-01-24T12:52:02Z,9.503418333333334,-13.708248333333334,NA,NA,NA,dynamic_classA
2579999,2024-01-24T12:52:14Z,50.79962333333334,-1.1100566666666665,NA,NA,NA,dynamic_classA
2579999,2024-01-24T12:52:36Z,34.79535,127.73845333333334,NA,NA,NA,dynamic_classA
2579999,2024-01-24T12:52:42Z,-20.11862,115.23905500000001,NA,NA,NA,dynamic_classA
2579999,2024-01-24T12:52:49Z,35.50153833333333,129.44112333333334,NA,NA,NA,dynamic_classA
2579999,2024-01-24T12:53:07Z,34.79533833333333,127.73844333333334,NA,NA,NA,dynamic_classA
2579999,2024-01-24T12:53:27Z,63.44206166666667,10.403413333333333,NA,NA,NA,dynamic_classA
2579999,2024-01-24T12:53:33Z,54.603341666666665,-1.1617966666666668,NA,NA,NA,dynamic_classA
2579999,2024-01-24T12:53:39Z,65.21744833333334,6.9052,NA,NA,NA,dynamic_classA
2579999,2024-01-24T12:53:55Z,34.79532833333334,127.73844333333334,NA,NA,NA,dynamic_classA
2579999,2024-01-24T12:54:15Z,1.28315,103.779325,NA,NA,NA,dynamic_classA
2579999,2024-01-24T12:54:54Z,35.501533333333334,129.44112166666667,NA,NA,NA,dynamic_classA
2579999,2024-01-24T12:54:59Z,24.5363,54.38510333333333,NA,NA,NA,dynamic_classA
2579999,2024-01-24T12:55:16Z,35.50153666666667,129.44112166666667,NA,NA,NA,dynamic_classA
2579999,2024-01-24T12:55:21Z,1.2831483333333333,103.779315,NA,NA,NA,dynamic_classA
2579999,2024-01-24T12:55:23Z,50.79962166666667,-1.110055,NA,NA,NA,dynamic_classA
2579999,2024-01-24T12:55:24Z,1.283145,103.77931833333334,NA,NA,NA,dynamic_classA
2579999,2024-01-24T12:55:28Z,10.285741666666667,106.76144166666667,NA,NA,NA,dynamic_classA
2579999,2024-01-24T12:55:42Z,1.2831483333333333,103.779315,NA,NA,NA,dynamic_classA
2579999,2024-01-24T12:55:43Z,56.701678333333334,-2.465748333333333,NA,NA,NA,dynamic_classA
2579999,2024-01-24T12:55:52Z,24.53629833333333,54.385086666666666,NA,NA,NA,dynamic_classA
2579999,2024-01-24T12:55:58Z,24.53629833333333,54.385086666666666,NA,NA,NA,dynamic_classA
2579999,2024-01-24T12:55:59Z,24.53629833333333,54.385086666666666,NA,NA,NA,dynamic_classA
2579999,2024-01-24T12:56:15Z,1.28315,103.779325,NA,NA,NA,dynamic_classA
2579999,2024-01-24T12:56:28Z,35.501535,129.44111833333332,NA,NA,NA,dynamic_classA
2579999,2024-01-24T12:57:09Z,1.2831433333333335,103.77932833333332,NA,NA,NA,dynamic_classA
2579999,2024-01-24T12:57:17Z,65.21746666666667,6.905176666666667,NA,NA,NA,dynamic_classA
2579999,2024-01-24T12:57:25Z,29.65060833333333,32.361018333333334,NA,NA,NA,dynamic_classA
2579999,2024-01-24T12:57:26Z,1.2831433333333335,103.77932666666668,NA,NA,NA,dynamic_classA
2579999,2024-01-24T12:57:37Z,1.2831433333333335,103.77932666666668,NA,NA,NA,dynamic_classA
2579999,2024-01-24T12:57:43Z,35.50154,129.44111333333333,NA,NA,NA,dynamic_classA
2579999,2024-01-24T12:57:47Z,24.5363,54.38506666666667,NA,NA,NA,dynamic_classA
2579999,2024-01-24T12:57:48Z,29.650605,32.361016666666664,NA,NA,NA,dynamic_classA
2579999,2024-01-24T12:57:49Z,25.31900166666667,53.46252833333333,NA,NA,NA,dynamic_classA
2579999,2024-01-24T12:57:50Z,25.31900166666667,53.46252833333333,NA,NA,NA,dynamic_classA
2579999,2024-01-24T12:58:08Z,1.283145,103.77932166666666,NA,NA,NA,dynamic_classA
2579999,2024-01-24T12:58:16Z,3.5680666666666667,113.32466500000001,NA,NA,NA,dynamic_classA
2579999,2024-01-24T12:58:19Z,56.70168666666667,-2.465708333333333,NA,NA,NA,dynamic_classA
2579999,2024-01-24T12:58:20Z,34.795323333333336,127.73846499999999,NA,NA,NA,dynamic_classA
2579999,2024-01-24T12:58:24Z,-20.118634999999998,115.23906666666667,NA,NA,NA,dynamic_classA
2579999,2024-01-24T12:58:26Z,56.70168666666667,-2.4657066666666667,NA,NA,NA,dynamic_classA
2579999,2024-01-24T12:58:56Z,35.501545,129.44111666666666,NA,NA,NA,dynamic_classA
2579999,2024-01-24T12:59:30Z,-20.118628333333334,115.23905333333333,NA,NA,NA,dynamic_classA
2579999,2024-01-24T13:00:19Z,29.650601666666667,32.361016666666664,NA,NA,NA,dynamic_classA
2579999,2024-01-24T13:00:38Z,1.2831299999999999,103.77933,NA,NA,NA,dynamic_classA
2579999,2024-01-24T13:01:10Z,34.795335,127.73846833333333,NA,NA,NA,dynamic_classA
2579999,2024-01-24T13:01:25Z,34.79533666666667,127.73847166666665,NA,NA,NA,dynamic_classA
2579999,2024-01-24T13:01:28Z,-20.118621666666666,115.23906000000001,NA,NA,NA,dynamic_classA
2579999,2024-01-24T13:01:30Z,35.50154666666666,129.44113000000002,NA,NA,NA,dynamic_classA
2579999,2024-01-24T13:01:31Z,24.536301666666667,54.38506833333334,NA,NA,NA,dynamic_classA
2579999,2024-01-24T13:01:37Z,35.50154833333333,129.44113000000002,NA,NA,NA,dynamic_classA
2579999,2024-01-24T13:01:38Z,35.50154666666666,129.44113000000002,NA,NA,NA,dynamic_classA
2579999,2024-01-24T13:02:04Z,35.50154666666666,129.44112833333332,NA,NA,NA,dynamic_classA
2579999,2024-01-24T13:02:12Z,25.319021666666668,53.46253,NA,NA,NA,dynamic_classA
2579999,2024-01-24T13:02:14Z,65.21747666666667,6.9052,NA,NA,NA,dynamic_classA
2579999,2024-01-24T13:02:23Z,24.53629833333333,54.38506833333334,NA,NA,NA,dynamic_classA
2579999,2024-01-24T13:02:29Z,25.319021666666668,53.46253,NA,NA,NA,dynamic_classA
2579999,2024-01-24T13:02:38Z,65.21747,6.905183333333333,NA,NA,NA,dynamic_classA
2579999,2024-01-24T13:02:40Z,65.21747,6.905183333333333,NA,NA,NA,dynamic_classA
2579999,2024-01-24T13:02:49Z,56.70169,-2.4657216666666666,NA,NA,NA,dynamic_classA
2579999,2024-01-24T13:02:56Z,9.503414999999999,-13.708246666666668,NA,NA,NA,dynamic_classA
2579999,2024-01-24T13:03:00Z,25.319016666666666,53.462525,NA,NA,NA,dynamic_classA
2579999,2024-01-24T13:03:19Z,29.650576666666666,32.361005,NA,NA,NA,dynamic_classA
2579999,2024-01-24T13:03:41Z,29.650576666666666,32.361003333333336,NA,NA,NA,dynamic_classA
2579999,2024-01-24T13:03:42Z,-5.455385000000001,105.31047,NA,NA,NA,dynamic_classA
2579999,2024-01-24T13:03:44Z,9.50342,-13.708235,NA,NA,NA,dynamic_classA
2579999,2024-01-24T13:03:45Z,29.650579999999998,32.361005,NA,NA,NA,dynamic_classA
2579999,2024-01-24T13:03:47Z,25.319011666666665,53.46252666666667,NA,NA,NA,dynamic_classA
2579999,2024-01-24T13:03:48Z,29.650579999999998,32.361005,NA,NA,NA,dynamic_classA
2579999,2024-01-24T13:03:50Z,25.319011666666665,53.462525,NA,NA,NA,dynamic_classA
2579999,2024-01-24T13:03:51Z,25.31901,53.46252333333334,NA,NA,NA,dynamic_classA
2579999,2024-01-24T13:03:55Z,29.650578333333332,32.36100666666667,NA,NA,NA,dynamic_classA
2579999,2024-01-24T13:04:29Z,-2.66825,118.89450000000001,NA,NA,NA,dynamic_classA
2579999,2024-01-24T13:04:34Z,54.60328333333334,-1.1617549999999999,NA,NA,NA,dynamic_classA
2579999,2024-01-24T13:04:37Z,54.60328333333334,-1.1617549999999999,NA,NA,NA,dynamic_classA
2579999,2024-01-24T13:04:38Z,-20.118611666666666,115.239075,NA,NA,NA,dynamic_classA
2579999,2024-01-24T13:05:05Z,53.53998166666667,9.87886,NA,NA,NA,dynamic_classA
2579999,2024-01-24T13:05:17Z,63.44207333333333,10.403405,NA,NA,NA,dynamic_classA
2579999,2024-01-24T13:05:18Z,25.31901,53.462520000000005,NA,NA,NA,dynamic_classA
2579999,2024-01-24T13:05:20Z,25.319011666666665,53.462520000000005,NA,NA,NA,dynamic_classA
2579999,2024-01-24T13:05:22Z,65.21746,6.905191666666667,NA,NA,NA,dynamic_classA
2579999,2024-01-24T13:05:33Z,35.50154666666666,129.44113333333334,NA,NA,NA,dynamic_classA
2579999,2024-01-24T13:05:37Z,25.319008333333333,53.46251666666667,NA,NA,NA,dynamic_classA
2579999,2024-01-24T13:05:44Z,53.53998333333333,9.87886,NA,NA,NA,dynamic_classA
2579999,2024-01-24T13:05:48Z,10.285746666666666,106.76144166666667,NA,NA,NA,dynamic_classA
2579999,2024-01-24T13:05:50Z,25.31901,53.46251666666667,NA,NA,NA,dynamic_classA
2579999,2024-01-24T13:05:56Z,35.501549999999995,129.44112333333334,NA,NA,NA,dynamic_classA
2579999,2024-01-24T13:05:58Z,35.501549999999995,129.44112333333334,NA,NA,NA,dynamic_classA
2579999,2024-01-24T13:06:02Z,9.503411666666667,-13.708238333333332,NA,NA,NA,dynamic_classA
2579999,2024-01-24T13:06:17Z,50.799616666666665,-1.1100416666666668,NA,NA,NA,dynamic_classA
2579999,2024-01-24T13:06:31Z,25.319006666666667,53.46250833333333,NA,NA,NA,dynamic_classA
2579999,2024-01-24T13:06:34Z,56.701678333333334,-2.465733333333333,NA,NA,NA,dynamic_classA
2579999,2024-01-24T13:06:36Z,50.799616666666665,-1.1100416666666668,NA,NA,NA,dynamic_classA
2579999,2024-01-24T13:06:37Z,25.319006666666667,53.46250833333333,NA,NA,NA,dynamic_classA
2579999,2024-01-24T13:06:43Z,53.53998333333333,9.87886,NA,NA,NA,dynamic_classA
2579999,2024-01-24T13:07:07Z,34.79535833333333,127.73846333333333,NA,NA,NA,dynamic_classA
2579999,2024-01-24T13:07:09Z,25.31901,53.46250666666666,NA,NA,NA,dynamic_classA
2579999,2024-01-24T13:07:16Z,34.795355,127.73846499999999,NA,NA,NA,dynamic_classA
2579999,2024-01-24T13:07:18Z,35.50153666666667,129.44112,NA,NA,NA,dynamic_classA
2579999,2024-01-24T13:07:20Z,-20.118628333333334,115.239045,NA,NA,NA,dynamic_classA
2579999,2024-01-24T13:07:21Z,35.50153666666667,129.44112333333334,NA,NA,NA,dynamic_classA
2579999,2024-01-24T13:07:22Z,25.31901333333333,53.46250666666666,NA,NA,NA,dynamic_classA
2579999,2024-01-24T13:07:32Z,25.319011666666665,53.46250666666666,NA,NA,NA,dynamic_classA
2579999,2024-01-24T13:07:35Z,25.31901,53.46250833333333,NA,NA,NA,dynamic_classA
2579999,2024-01-24T13:07:48Z,46.543980000000005,-48.499066666666664,NA,NA,NA,satellite
2579999,2024-01-24T13:07:49Z,53.53998333333333,9.878855,NA,NA,NA,dynamic_classA
2579999,2024-01-24T13:07:55Z,25.319011666666665,53.462511666666664,NA,NA,NA,dynamic_classA
2579999,2024-01-24T13:08:05Z,63.442065,10.403433333333334,NA,NA,NA,dynamic_classA
2579999,2024-01-24T13:08:39Z,-20.118623333333336,115.239045,NA,NA,NA,dynamic_classA
2579999,2024-01-24T13:08:47Z,29.650598333333335,32.36100833333333,NA,NA,NA,dynamic_classA
2579999,2024-01-24T13:08:53Z,29.650598333333335,32.36100666666667,NA,NA,NA,dynamic_classA
2579999,2024-01-24T13:08:57Z,35.50153833333333,129.44111833333332,NA,NA,NA,dynamic_classA
2579999,2024-01-24T13:08:58Z,29.650598333333335,32.36100666666667,NA,NA,NA,dynamic_classA
2579999,2024-01-24T13:08:59Z,29.650598333333335,32.36100666666667,NA,NA,NA,dynamic_classA
2579999,2024-01-24T13:09:05Z,29.650598333333335,32.36100666666667,NA,NA,NA,dynamic_classA
2579999,2024-01-24T13:09:07Z,29.650598333333335,32.36100666666667,NA,NA,NA,dynamic_classA
2579999,2024-01-24T13:09:08Z,25.319018333333336,53.462515,NA,NA,NA,dynamic_classA
2579999,2024-01-24T13:09:23Z,25.319016666666666,53.462515,NA,NA,NA,dynamic_classA
2579999,2024-01-24T13:09:27Z,25.319016666666666,53.462515,NA,NA,NA,dynamic_classA
2579999,2024-01-24T13:09:49Z,35.50154666666666,129.44111833333332,NA,NA,NA,dynamic_classA
2579999,2024-01-24T13:09:55Z,25.319015,53.462520000000005,NA,NA,NA,dynamic_classA
2579999,2024-01-24T13:10:07Z,-2.668251666666667,118.89450166666667,NA,NA,NA,dynamic_classA
2579999,2024-01-24T13:10:11Z,26.20547,50.6,NA,NA,NA,dynamic_classA
2579999,2024-01-24T13:10:18Z,-20.118616666666664,115.23905833333333,NA,NA,NA,dynamic_classA
2579999,2024-01-24T13:10:36Z,25.31901,53.46252166666667,NA,NA,NA,dynamic_classA
2579999,2024-01-24T13:10:41Z,54.603269999999995,-1.1617783333333334,NA,NA,NA,dynamic_classA
2579999,2024-01-24T13:10:46Z,53.539985,9.878856666666668,NA,NA,NA,dynamic_classA
2579999,2024-01-24T13:10:47Z,50.79962,-1.1100433333333333,NA,NA,NA,dynamic_classA
2579999,2024-01-24T13:11:12Z,25.319011666666665,53.462525,NA,NA,NA,dynamic_classA
2579999,2024-01-24T13:11:17Z,53.539985,9.878858333333334,NA,NA,NA,dynamic_classA
2579999,2024-01-24T13:11:28Z,50.79962,-1.1100400000000001,NA,NA,NA,dynamic_classA
2579999,2024-01-24T13:11:56Z,35.50154666666666,129.441105,NA,NA,NA,dynamic_classA
2579999,2024-01-24T13:12:03Z,25.319011666666665,53.46252166666667,NA,NA,NA,dynamic_classA
2579999,2024-01-24T13:12:04Z,25.31901333333333,53.46252166666667,NA,NA,NA,dynamic_classA
2579999,2024-01-24T13:12:11Z,25.31901333333333,53.46252166666667,NA,NA,NA,dynamic_classA
2579999,2024-01-24T13:12:20Z,34.79534833333333,127.73847833333333,NA,NA,NA,dynamic_classA
2579999,2024-01-24T13:12:26Z,25.319011666666665,53.46252166666667,NA,NA,NA,dynamic_classA
2579999,2024-01-24T13:12:32Z,35.50154333333333,129.44111,NA,NA,NA,dynamic_classA
2579999,2024-01-24T13:12:36Z,34.79535,127.73847166666665,NA,NA,NA,dynamic_classA
2579999,2024-01-24T13:12:41Z,50.79962,-1.11005,NA,NA,NA,dynamic_classA
2579999,2024-01-24T13:12:44Z,-20.118618333333334,115.23906000000001,NA,NA,NA,dynamic_classA
2579999,2024-01-24T13:12:48Z,53.53998333333333,9.87886,NA,NA,NA,dynamic_classA
2579999,2024-01-24T13:13:03Z,50.79962166666667,-1.1100483333333335,NA,NA,NA,dynamic_classA
2579999,2024-01-24T13:13:04Z,25.31901,53.46252166666667,NA,NA,NA,dynamic_classA
2579999,2024-01-24T13:13:08Z,1.2831416666666666,103.77932833333332,NA,NA,NA,dynamic_classA
2579999,2024-01-24T13:13:12Z,-20.118618333333334,115.23905333333333,NA,NA,NA,dynamic_classA
2579999,2024-01-24T13:13:19Z,35.50154666666666,129.44112,NA,NA,NA,dynamic_classA
2579999,2024-01-24T13:13:27Z,34.79533833333333,127.73846,NA,NA,NA,dynamic_classA
2579999,2024-01-24T13:13:44Z,24.536315000000002,54.38506666666667,NA,NA,NA,dynamic_classA
2579999,2024-01-24T13:13:53Z,54.60329333333333,-1.1617566666666665,NA,NA,NA,dynamic_classA
2579999,2024-01-24T13:13:59Z,25.319008333333333,53.46252333333334,NA,NA,NA,dynamic_classA
2579999,2024-01-24T13:14:03Z,56.701678333333334,-2.4657416666666667,NA,NA,NA,dynamic_classA
2579999,2024-01-24T13:14:26Z,26.206703333333333,50.59968166666667,NA,NA,NA,dynamic_classA
2579999,2024-01-24T13:14:40Z,25.31901333333333,53.46252333333334,NA,NA,NA,dynamic_classA
2579999,2024-01-24T13:14:49Z,24.536316666666668,54.38507333333334,NA,NA,NA,dynamic_classA
2579999,2024-01-24T13:14:58Z,1.2831466666666667,103.779335,NA,NA,NA,dynamic_classA
2579999,2024-01-24T13:15:12Z,25.31901,53.462520000000005,NA,NA,NA,dynamic_classA
2579999,2024-01-24T13:15:14Z,35.501545,129.44112666666666,NA,NA,NA,dynamic_classA
2579999,2024-01-24T13:15:16Z,34.79532666666667,127.73846166666667,NA,NA,NA,dynamic_classA
2579999,2024-01-24T13:15:19Z,24.536318333333334,54.385075,NA,NA,NA,dynamic_classA
2579999,2024-01-24T13:15:22Z,25.31901,53.462518333333335,NA,NA,NA,dynamic_classA
2579999,2024-01-24T13:15:27Z,25.31901,53.462518333333335,NA,NA,NA,dynamic_classA
2579999,2024-01-24T13:15:30Z,24.536318333333334,54.385075,NA,NA,NA,dynamic_classA
2579999,2024-01-24T13:15:31Z,9.503418333333334,-13.708245,NA,NA,NA,satellite
2579999,2024-01-24T13:15:49Z,1.28315,103.779335,NA,NA,NA,dynamic_classA
2579999,2024-01-24T13:15:54Z,25.319011666666665,53.462520000000005,NA,NA,NA,dynamic_classA
2579999,2024-01-24T13:15:55Z,26.206316666666666,50.59966,NA,NA,NA,dynamic_classA
2579999,2024-01-24T13:15:57Z,35.50154666666666,129.44112833333332,NA,NA,NA,dynamic_classA
2579999,2024-01-24T13:16:14Z,1.2831533333333334,103.779335,NA,NA,NA,dynamic_classA
2579999,2024-01-24T13:16:25Z,-20.118616666666664,115.23906166666667,NA,NA,NA,dynamic_classA
2579999,2024-01-24T13:16:31Z,9.503414999999999,-13.708241666666668,NA,NA,NA,satellite
2579999,2024-01-24T13:16:38Z,25.319016666666666,53.462520000000005,NA,NA,NA,dynamic_classA
2579999,2024-01-24T13:16:39Z,25.319016666666666,53.462520000000005,NA,NA,NA,dynamic_classA
2579999,2024-01-24T13:16:41Z,24.53632,54.38506833333334,NA,NA,NA,dynamic_classA
2579999,2024-01-24T13:16:48Z,25.319015,53.462520000000005,NA,NA,NA,dynamic_classA
2579999,2024-01-24T13:16:51Z,25.319015,53.462518333333335,NA,NA,NA,dynamic_classA
2579999,2024-01-24T13:16:52Z,25.319015,53.462518333333335,NA,NA,NA,dynamic_classA
2579999,2024-01-24T13:16:53Z,50.79963166666666,-1.1100416666666668,NA,NA,NA,dynamic_classA
2579999,2024-01-24T13:16:55Z,21.571408333333334,88.25141666666667,NA,NA,NA,dynamic_classA
2579999,2024-01-24T13:16:56Z,25.319015,53.462518333333335,NA,NA,NA,dynamic_classA
2579999,2024-01-24T13:16:57Z,25.319015,53.462518333333335,NA,NA,NA,dynamic_classA
2579999,2024-01-24T13:16:58Z,25.319015,53.462518333333335,NA,NA,NA,dynamic_classA
2579999,2024-01-24T13:16:59Z,25.319015,53.462518333333335,NA,NA,NA,dynamic_classA
2579999,2024-01-24T13:17:02Z,25.319015,53.462518333333335,NA,NA,NA,dynamic_classA
2579999,2024-01-24T13:17:04Z,25.319015,53.462518333333335,NA,NA,NA,dynamic_classA
2579999,2024-01-24T13:17:06Z,25.319015,53.462518333333335,NA,NA,NA,dynamic_classA
2579999,2024-01-24T13:17:08Z,35.50155666666667,129.441115,NA,NA,NA,dynamic_classA
2579999,2024-01-24T13:17:09Z,25.319015,53.462518333333335,NA,NA,NA,dynamic_classA
2579999,2024-01-24T13:17:10Z,25.319015,53.46251666666667,NA,NA,NA,dynamic_classA
2579999,2024-01-24T13:17:11Z,25.319016666666666,53.462520000000005,NA,NA,NA,dynamic_classA
2579999,2024-01-24T13:17:12Z,25.319015,53.462518333333335,NA,NA,NA,dynamic_classA
2579999,2024-01-24T13:17:17Z,63.442075,10.403413333333333,NA,NA,NA,dynamic_classA
2579999,2024-01-24T13:17:18Z,25.319016666666666,53.462520000000005,NA,NA,NA,dynamic_classA
2579999,2024-01-24T13:17:19Z,25.319016666666666,53.462520000000005,NA,NA,NA,dynamic_classA
2579999,2024-01-24T13:17:20Z,25.319016666666666,53.462520000000005,NA,NA,NA,dynamic_classA
2579999,2024-01-24T13:17:21Z,25.319016666666666,53.462520000000005,NA,NA,NA,dynamic_classA
2579999,2024-01-24T13:17:27Z,25.319015,53.462518333333335,NA,NA,NA,dynamic_classA
2579999,2024-01-24T13:17:57Z,65.21747,6.905198333333333,NA,NA,NA,dynamic_classA
2579999,2024-01-24T13:18:09Z,1.2831466666666667,103.77933166666666,NA,NA,NA,dynamic_classA
2579999,2024-01-24T13:18:17Z,1.2831466666666667,103.77933166666666,NA,NA,NA,dynamic_classA
2579999,2024-01-24T13:18:19Z,56.70167333333333,-2.4657283333333333,NA,NA,NA,dynamic_classA
2579999,2024-01-24T13:18:26Z,9.50341,-13.708238333333332,NA,NA,NA,dynamic_classA
2579999,2024-01-24T13:18:33Z,35.50154833333333,129.44111333333333,NA,NA,NA,dynamic_classA
2579999,2024-01-24T13:18:36Z,56.70168666666667,-2.46573,NA,NA,NA,dynamic_classA
2579999,2024-01-24T13:18:53Z,46.543980000000005,-48.499066666666664,NA,NA,NA,dynamic_classA
2579999,2024-01-24T13:19:10Z,34.79537166666667,127.73847166666665,NA,NA,NA,dynamic_classA
2579999,2024-01-24T13:19:15Z,-20.118628333333334,115.23905833333333,NA,NA,NA,dynamic_classA
2579999,2024-01-24T13:19:21Z,-20.118628333333334,115.23905833333333,NA,NA,NA,satellite
2579999,2024-01-24T13:19:31Z,9.503413333333333,-13.708241666666668,NA,NA,NA,satellite
2579999,2024-01-24T13:19:46Z,35.50154833333333,129.44112,NA,NA,NA,dynamic_classA
2579999,2024-01-24T13:19:51Z,9.503411666666667,-13.708243333333334,NA,NA,NA,satellite
2579999,2024-01-24T13:20:05Z,-20.118621666666666,115.23906166666667,NA,NA,NA,dynamic_classA
2579999,2024-01-24T13:20:07Z,24.536321666666666,54.38506333333333,NA,NA,NA,dynamic_classA
2579999,2024-01-24T13:20:50Z,1.2831416666666666,103.77932666666668,NA,NA,NA,dynamic_classA
2579999,2024-01-24T13:21:22Z,9.503423333333334,-13.70824,NA,NA,NA,dynamic_classA
2579999,2024-01-24T13:21:34Z,1.2831366666666668,103.77932000000001,NA,NA,NA,dynamic_classA
2579999,2024-01-24T13:21:57Z,35.50154333333333,129.44112666666666,NA,NA,NA,dynamic_classA
2579999,2024-01-24T13:22:00Z,35.50154333333333,129.44112666666666,NA,NA,NA,dynamic_classA
2579999,2024-01-24T13:22:17Z,35.50154333333333,129.44113000000002,NA,NA,NA,dynamic_classA
2579999,2024-01-24T13:22:20Z,-33.878455,-58.421063333333336,NA,NA,NA,satellite
2579999,2024-01-24T13:22:21Z,9.50342,-13.70824,NA,NA,NA,satellite
2579999,2024-01-24T13:22:25Z,34.795325000000005,127.73846833333333,NA,NA,NA,dynamic_classA
2579999,2024-01-24T13:22:59Z,56.701705,-2.46574,NA,NA,NA,dynamic_classA
2579999,2024-01-24T13:23:10Z,54.603278333333336,-1.1617266666666666,NA,NA,NA,dynamic_classA
2579999,2024-01-24T13:23:11Z,65.21747666666667,6.905203333333334,NA,NA,NA,dynamic_classA
2579999,2024-01-24T13:23:14Z,65.21747666666667,6.905203333333334,NA,NA,NA,dynamic_classA
2579999,2024-01-24T13:23:34Z,10.285744999999999,106.76145666666666,NA,NA,NA,dynamic_classA
2579999,2024-01-24T13:24:12Z,-5.455386666666667,105.31047666666667,NA,NA,NA,dynamic_classA
2579999,2024-01-24T13:24:14Z,-20.118921666666665,115.23865666666667,NA,NA,NA,dynamic_classA
2579999,2024-01-24T13:24:20Z,1.283145,103.77932000000001,NA,NA,NA,dynamic_classA
2579999,2024-01-24T13:24:47Z,54.60326833333333,-1.1617183333333334,NA,NA,NA,dynamic_classA
2579999,2024-01-24T13:25:24Z,1.2831483333333333,103.77932333333334,NA,NA,NA,dynamic_classA
2579999,2024-01-24T13:25:25Z,53.539991666666666,9.878861666666667,NA,NA,NA,dynamic_classA
2579999,2024-01-24T13:25:27Z,50.79962666666667,-1.1100299999999999,NA,NA,NA,dynamic_classA
2579999,2024-01-24T13:25:29Z,-2.6682599999999996,118.89447333333332,NA,NA,NA,dynamic_classA
2579999,2024-01-24T13:25:32Z,65.21746666666667,6.905215,NA,NA,NA,dynamic_classA
2579999,2024-01-24T13:25:43Z,1.2831466666666667,103.77932666666668,NA,NA,NA,dynamic_classA
2579999,2024-01-24T13:25:47Z,63.44207333333333,10.403395,NA,NA,NA,dynamic_classA
2579999,2024-01-24T13:25:55Z,35.50154,129.44112333333334,NA,NA,NA,dynamic_classA
2579999,2024-01-24T13:26:05Z,9.503416666666668,-13.708235,NA,NA,NA,dynamic_classA
2579999,2024-01-24T13:26:12Z,35.50153833333333,129.44112666666666,NA,NA,NA,dynamic_classA
2579999,2024-01-24T13:26:19Z,65.217475,6.905195,NA,NA,NA,dynamic_classA
2579999,2024-01-24T13:26:24Z,53.539993333333335,9.878856666666668,NA,NA,NA,dynamic_classA
2579999,2024-01-24T13:26:36Z,50.79962666666667,-1.1100333333333334,NA,NA,NA,dynamic_classA
2579999,2024-01-24T13:26:39Z,24.536311666666666,54.38504833333333,NA,NA,NA,dynamic_classA
2579999,2024-01-24T13:26:53Z,46.543980000000005,-48.499066666666664,NA,NA,NA,dynamic_classA
2579999,2024-01-24T13:26:57Z,35.50153666666667,129.44112166666667,NA,NA,NA,dynamic_classA
2579999,2024-01-24T13:26:58Z,35.50153666666667,129.44112166666667,NA,NA,NA,dynamic_classA
2579999,2024-01-24T13:27:00Z,9.503414999999999,-13.708238333333332,NA,NA,NA,dynamic_classA
2579999,2024-01-24T13:27:14Z,56.701705,-2.46574,NA,NA,NA,dynamic_classA
2579999,2024-01-24T13:27:23Z,53.53999666666667,9.878856666666668,NA,NA,NA,dynamic_classA
2579999,2024-01-24T13:27:25Z,50.79963,-1.1100316666666667,NA,NA,NA,dynamic_classA
2579999,2024-01-24T13:27:47Z,34.795359999999995,127.73846,NA,NA,NA,dynamic_classA
2579999,2024-01-24T13:27:58Z,35.501535,129.44112333333334,NA,NA,NA,dynamic_classA
2579999,2024-01-24T13:27:59Z,3.5680666666666667,113.32466500000001,NA,NA,NA,dynamic_classA
2579999,2024-01-24T13:28:16Z,34.79536666666667,127.73847500000001,NA,NA,NA,dynamic_classA
2579999,2024-01-24T13:28:54Z,63.442078333333335,10.403398333333334,NA,NA,NA,dynamic_classA
2579999,2024-01-24T13:29:08Z,35.50153666666667,129.44112666666666,NA,NA,NA,dynamic_classA
2579999,2024-01-24T13:29:15Z,21.571433333333335,88.251455000000007,NA,NA,NA,dynamic_classA
2579999,2024-01-24T13:30:09Z,1.2831466666666667,103.77933833333333,NA,NA,NA,dynamic_classA
2579999,2024-01-24T13:30:58Z,24.536328333333334,54.38504666666667,NA,NA,NA,dynamic_classA
2579999,2024-01-24T13:30:59Z,24.536328333333334,54.38504666666667,NA,NA,NA,dynamic_classA
2579999,2024-01-24T13:31:07Z,-2.668265,118.894495,NA,NA,NA,dynamic_classA
2579999,2024-01-24T13:31:10Z,24.536328333333334,54.38504666666667,NA,NA,NA,dynamic_classA
2579999,2024-01-24T13:31:11Z,-20.12138333333333,115.23507500000001,NA,NA,NA,dynamic_classA
2579999,2024-01-24T13:31:31Z,50.799636666666665,-1.110015,NA,NA,NA,dynamic_classA
2579999,2024-01-24T13:31:37Z,53.539989999999996,9.878863333333333,NA,NA,NA,dynamic_classA
2579999,2024-01-24T13:31:45Z,53.539989999999996,9.878865,NA,NA,NA,dynamic_classA
2579999,2024-01-24T13:32:21Z,54.603245,-1.1617400000000002,NA,NA,NA,dynamic_classA
2579999,2024-01-24T13:32:41Z,1.2831466666666667,103.77934833333333,NA,NA,NA,dynamic_classA
2579999,2024-01-24T13:32:56Z,34.795361666666665,127.73846333333333,NA,NA,NA,dynamic_classA
2579999,2024-01-24T13:33:12Z,35.50154833333333,129.44112833333332,NA,NA,NA,dynamic_classA
2579999,2024-01-24T13:33:20Z,34.79536333333333,127.73846333333333,NA,NA,NA,dynamic_classA
2579999,2024-01-24T13:33:24Z,24.536324999999998,54.38504666666667,NA,NA,NA,dynamic_classA
2579999,2024-01-24T13:33:31Z,-20.122166666666665,115.233805,NA,NA,NA,dynamic_classA
2579999,2024-01-24T13:33:32Z,24.536324999999998,54.38504666666667,NA,NA,NA,dynamic_classA
2579999,2024-01-24T13:33:38Z,53.539993333333335,9.878865,NA,NA,NA,dynamic_classA
2579999,2024-01-24T13:33:39Z,35.50154333333333,129.44112666666666,NA,NA,NA,dynamic_classA
2579999,2024-01-24T13:33:49Z,65.21747833333333,6.905201666666667,NA,NA,NA,dynamic_classA
2579999,2024-01-24T13:33:54Z,50.799638333333334,-1.11002,NA,NA,NA,dynamic_classA
2579999,2024-01-24T13:33:57Z,34.79535166666667,127.73846666666667,NA,NA,NA,dynamic_classA
2579999,2024-01-24T13:34:06Z,34.79535166666667,127.73846666666667,NA,NA,NA,dynamic_classA
2579999,2024-01-24T13:34:10Z,9.503418333333334,-13.708243333333334,NA,NA,NA,satellite
2579999,2024-01-24T13:34:13Z,54.603233333333336,-1.1617033333333333,NA,NA,NA,dynamic_classA
2579999,2024-01-24T13:35:24Z,35.50154833333333,129.44113000000002,NA,NA,NA,dynamic_classA
2579999,2024-01-24T13:35:35Z,1.283145,103.779335,NA,NA,NA,dynamic_classA
2579999,2024-01-24T13:35:37Z,24.53632,54.385036666666664,NA,NA,NA,dynamic_classA
2579999,2024-01-24T13:35:59Z,65.21748333333333,6.905165,NA,NA,NA,dynamic_classA
2579999,2024-01-24T13:36:20Z,9.503414999999999,-13.708235,NA,NA,NA,satellite
2579999,2024-01-24T13:36:28Z,35.50156166666667,129.44113166666665,NA,NA,NA,dynamic_classA
2579999,2024-01-24T13:36:39Z,46.543980000000005,-48.499066666666664,NA,NA,NA,satellite
2579999,2024-01-24T13:37:09Z,24.536311666666666,54.38503166666667,NA,NA,NA,dynamic_classA
2579999,2024-01-24T13:37:18Z,35.50156166666667,129.44113833333333,NA,NA,NA,dynamic_classA
2579999,2024-01-24T13:37:40Z,9.503413333333333,-13.70824,NA,NA,NA,satellite
2579999,2024-01-24T13:37:49Z,-33.87847,-58.42104500000001,NA,NA,NA,satellite
2579999,2024-01-24T13:38:00Z,9.503413333333333,-13.708243333333334,NA,NA,NA,satellite
2579999,2024-01-24T13:38:09Z,1.2831416666666666,103.77934166666667,NA,NA,NA,dynamic_classA
2579999,2024-01-24T13:38:19Z,56.701665000000006,-2.465725,NA,NA,NA,dynamic_classA
2579999,2024-01-24T13:38:23Z,50.799634999999995,-1.1100233333333334,NA,NA,NA,dynamic_classA
2579999,2024-01-24T13:38:27Z,65.21746833333333,6.905175,NA,NA,NA,dynamic_classA
2579999,2024-01-24T13:38:29Z,53.450645,0.8896350000000001,NA,NA,NA,dynamic_classA
2579999,2024-01-24T13:38:50Z,24.536328333333334,54.385065000000004,NA,NA,NA,dynamic_classA
2579999,2024-01-24T13:38:56Z,56.70169,-2.4657199999999997,NA,NA,NA,dynamic_classA
2579999,2024-01-24T13:38:57Z,1.28314,103.77934,NA,NA,NA,dynamic_classA
2579999,2024-01-24T13:39:06Z,9.503418333333334,-13.708245,NA,NA,NA,dynamic_classA
2579999,2024-01-24T13:39:23Z,35.50153833333333,129.44112833333332,NA,NA,NA,dynamic_classA
2579999,2024-01-24T13:39:50Z,34.79535166666667,127.73845333333334,NA,NA,NA,dynamic_classA
2579999,2024-01-24T13:40:01Z,-20.125075,115.22922,NA,NA,NA,dynamic_classA
2579999,2024-01-24T13:40:19Z,50.79962833333333,-1.1100166666666667,NA,NA,NA,dynamic_classA
2579999,2024-01-24T13:40:36Z,35.50155333333333,129.44113666666667,NA,NA,NA,dynamic_classA
2579999,2024-01-24T13:40:40Z,9.50342,-13.708243333333334,NA,NA,NA,satellite
2579999,2024-01-24T13:40:59Z,35.50155333333333,129.44113666666667,NA,NA,NA,dynamic_classA
2579999,2024-01-24T13:41:07Z,63.442080000000004,10.403405,NA,NA,NA,dynamic_classA
2579999,2024-01-24T13:41:22Z,3.5680666666666667,113.32466500000001,NA,NA,NA,dynamic_classA
2579999,2024-01-24T13:41:30Z,9.503416666666668,-13.708248333333334,NA,NA,NA,satellite
2579999,2024-01-24T13:41:41Z,-20.12624333333333,115.22733166666667,NA,NA,NA,dynamic_classA
2579999,2024-01-24T13:42:02Z,35.501560000000005,129.44113166666665,NA,NA,NA,dynamic_classA
2579999,2024-01-24T13:42:07Z,35.501560000000005,129.44113166666665,NA,NA,NA,dynamic_classA
2579999,2024-01-24T13:42:10Z,-38.44961166666667,148.308875,NA,NA,NA,satellite
2579999,2024-01-24T13:42:17Z,35.501558333333335,129.44113333333334,NA,NA,NA,dynamic_classA
2579999,2024-01-24T13:42:20Z,35.501558333333335,129.44113333333334,NA,NA,NA,satellite
2579999,2024-01-24T13:42:40Z,-38.44959333333334,148.30888666666667,NA,NA,NA,satellite
2579999,2024-01-24T13:42:50Z,34.79536666666667,127.73844666666668,NA,NA,NA,dynamic_classA
2579999,2024-01-24T13:42:55Z,24.53632,54.385086666666666,NA,NA,NA,dynamic_classA
2579999,2024-01-24T13:43:10Z,-20.127168333333334,115.225885,NA,NA,NA,dynamic_classA
2579999,2024-01-24T13:43:18Z,-20.127098333333333,115.22600166666666,NA,NA,NA,dynamic_classA
2579999,2024-01-24T13:43:20Z,-38.449574999999996,148.308925,NA,NA,NA,satellite
2579999,2024-01-24T13:43:29Z,56.701710000000006,-2.46573,NA,NA,NA,dynamic_classA
2579999,2024-01-24T13:43:30Z,54.60326666666666,-1.1617566666666665,NA,NA,NA,satellite
2579999,2024-01-24T13:43:31Z,24.53632,54.38509,NA,NA,NA,dynamic_classA
2579999,2024-01-24T13:43:40Z,-38.449571666666664,148.308935,NA,NA,NA,satellite
2579999,2024-01-24T13:43:48Z,24.53632,54.38509,NA,NA,NA,dynamic_classA
2579999,2024-01-24T13:43:50Z,65.21748,6.905191666666667,NA,NA,NA,satellite
2579999,2024-01-24T13:43:55Z,34.79537166666667,127.73847666666667,NA,NA,NA,dynamic_classA
2579999,2024-01-24T13:44:04Z,65.21748,6.905196666666667,NA,NA,NA,dynamic_classA
2579999,2024-01-24T13:44:20Z,-38.44957,148.30896666666666,NA,NA,NA,satellite
2579999,2024-01-24T13:44:34Z,10.285744999999999,106.76145833333334,NA,NA,NA,dynamic_classA
2579999,2024-01-24T13:44:40Z,50.799638333333334,-1.1100083333333333,NA,NA,NA,satellite
2579999,2024-01-24T13:44:52Z,-5.45538,105.31047666666667,NA,NA,NA,dynamic_classA
2579999,2024-01-24T13:45:01Z,-20.128233333333334,115.224235,NA,NA,NA,dynamic_classA
2579999,2024-01-24T13:45:03Z,1.2831416666666666,103.77932166666666,NA,NA,NA,dynamic_classA
2579999,2024-01-24T13:45:06Z,54.60328166666667,-1.1617633333333333,NA,NA,NA,dynamic_classA
2579999,2024-01-24T13:45:11Z,-38.44956333333334,148.30898333333334,NA,NA,NA,satellite
2579999,2024-01-24T13:45:20Z,1.2831383333333333,103.779325,NA,NA,NA,satellite
2579999,2024-01-24T13:45:40Z,-38.449558333333336,148.30899166666669,NA,NA,NA,satellite
2579999,2024-01-24T13:45:52Z,65.21748333333333,6.90517,NA,NA,NA,dynamic_classA
2579999,2024-01-24T13:45:55Z,53.539993333333335,9.878870000000001,NA,NA,NA,dynamic_classA
2579999,2024-01-24T13:45:57Z,24.536324999999998,54.38509,NA,NA,NA,dynamic_classA
2579999,2024-01-24T13:46:07Z,1.2831350000000001,103.77932833333332,NA,NA,NA,dynamic_classA
2579999,2024-01-24T13:46:17Z,24.536326666666664,54.38509166666667,NA,NA,NA,dynamic_classA
2579999,2024-01-24T13:46:19Z,-2.6682633333333334,118.89447333333332,NA,NA,NA,dynamic_classA
2579999,2024-01-24T13:46:20Z,-38.44953833333333,148.30900000000003,NA,NA,NA,satellite
2579999,2024-01-24T13:46:25Z,35.50157166666667,129.44113666666667,NA,NA,NA,dynamic_classA
2579999,2024-01-24T13:46:32Z,9.503423333333334,-13.708235,NA,NA,NA,dynamic_classA
2579999,2024-01-24T13:46:40Z,-38.449525,148.30900333333332,NA,NA,NA,satellite
2579999,2024-01-24T13:46:42Z,35.50157333333333,129.44113833333333,NA,NA,NA,dynamic_classA
2579999,2024-01-24T13:46:46Z,35.50157333333333,129.44113833333333,NA,NA,NA,dynamic_classA
2579999,2024-01-24T13:46:49Z,1.2831333333333332,103.77932666666668,NA,NA,NA,dynamic_classA
2579999,2024-01-24T13:46:56Z,50.79964,-1.110015,NA,NA,NA,dynamic_classA
2579999,2024-01-24T13:47:00Z,-38.44951666666667,148.30899,NA,NA,NA,satellite
2579999,2024-01-24T13:47:04Z,9.503423333333334,-13.708228333333333,NA,NA,NA,dynamic_classA
2579999,2024-01-24T13:47:14Z,53.539993333333335,9.878866666666665,NA,NA,NA,dynamic_classA
2579999,2024-01-24T13:47:25Z,50.79964333333333,-1.1100166666666667,NA,NA,NA,dynamic_classA
2579999,2024-01-24T13:47:53Z,-38.44954499999999,148.30903166666667,NA,NA,NA,dynamic_classA
2579999,2024-01-24T13:48:14Z,56.701663333333336,-2.4657416666666667,NA,NA,NA,dynamic_classA
2579999,2024-01-24T13:48:18Z,1.2831416666666666,103.77932833333332,NA,NA,NA,dynamic_classA
2579999,2024-01-24T13:48:28Z,34.79535666666666,127.73847666666667,NA,NA,NA,dynamic_classA
2579999,2024-01-24T13:48:37Z,-20.130296666666666,115.22105499999999,NA,NA,NA,dynamic_classA
2579999,2024-01-24T13:48:49Z,25.319021666666668,53.46252833333333,NA,NA,NA,dynamic_classA
2579999,2024-01-24T13:48:56Z,34.79535333333333,127.73847333333333,NA,NA,NA,dynamic_classA
2579999,2024-01-24T13:49:08Z,35.50156666666667,129.44113000000002,NA,NA,NA,dynamic_classA
2579999,2024-01-24T13:49:11Z,50.79965,-1.1100216666666667,NA,NA,NA,dynamic_classA
2579999,2024-01-24T13:49:22Z,25.319023333333334,53.46252333333334,NA,NA,NA,dynamic_classA
2579999,2024-01-24T13:49:28Z,35.50157,129.44113000000002,NA,NA,NA,dynamic_classA
2579999,2024-01-24T13:49:29Z,65.21749333333334,6.905165,NA,NA,NA,dynamic_classA
2579999,2024-01-24T13:49:34Z,63.442095,10.403429999999998,NA,NA,NA,dynamic_classA
2579999,2024-01-24T13:50:13Z,9.503421666666666,-13.708228333333333,NA,NA,NA,dynamic_classA
2579999,2024-01-24T13:50:17Z,-20.131346666666666,115.21954000000001,NA,NA,NA,satellite
2579999,2024-01-24T13:50:27Z,-20.131449999999997,115.21937666666666,NA,NA,NA,satellite
2579999,2024-01-24T13:50:37Z,50.79965333333334,-1.110015,NA,NA,NA,dynamic_classA
2579999,2024-01-24T13:50:39Z,35.501551666666664,129.44113666666667,NA,NA,NA,dynamic_classA
2579999,2024-01-24T13:50:54Z,-20.131728333333335,115.21895333333333,NA,NA,NA,satellite
2579999,2024-01-24T13:50:56Z,35.50155333333333,129.44114166666665,NA,NA,NA,dynamic_classA
2579999,2024-01-24T13:51:46Z,25.319011666666665,53.46254166666667,NA,NA,NA,dynamic_classA
2579999,2024-01-24T13:51:47Z,-20.13228333333333,115.218115,NA,NA,NA,satellite
2579999,2024-01-24T13:51:54Z,1.2831433333333335,103.779325,NA,NA,NA,satellite
2579999,2024-01-24T13:51:57Z,-2.66827,118.89447666666666,NA,NA,NA,dynamic_classA
2579999,2024-01-24T13:52:04Z,-20.132451666666668,115.21784333333333,NA,NA,NA,dynamic_classA
2579999,2024-01-24T13:52:15Z,53.539995,9.878866666666665,NA,NA,NA,dynamic_classA
2579999,2024-01-24T13:52:36Z,-20.132783333333336,115.217335,NA,NA,NA,satellite
2579999,2024-01-24T13:52:46Z,25.319015,53.462536666666665,NA,NA,NA,dynamic_classA
2579999,2024-01-24T13:52:49Z,1.2831433333333335,103.77933,NA,NA,NA,dynamic_classA
2579999,2024-01-24T13:52:50Z,1.2831433333333335,103.77933,NA,NA,NA,dynamic_classA
2579999,2024-01-24T13:53:01Z,54.60325833333333,-1.1617966666666668,NA,NA,NA,dynamic_classA
2579999,2024-01-24T13:53:16Z,34.795335,127.73848666666666,NA,NA,NA,dynamic_classA
2579999,2024-01-24T13:53:21Z,25.319018333333336,53.462535,NA,NA,NA,dynamic_classA
2579999,2024-01-24T13:53:23Z,25.319015,53.46253333333333,NA,NA,NA,dynamic_classA
2579999,2024-01-24T13:53:24Z,24.536326666666664,54.38509833333333,NA,NA,NA,dynamic_classA
2579999,2024-01-24T13:53:32Z,-20.133331666666667,115.21640833333332,NA,NA,NA,satellite
2579999,2024-01-24T13:53:40Z,25.319020000000002,53.462535,NA,NA,NA,dynamic_classA
2579999,2024-01-24T13:53:43Z,46.543980000000005,-48.499066666666664,NA,NA,NA,dynamic_classA
2579999,2024-01-24T13:53:47Z,-20.133463333333335,115.21619666666668,NA,NA,NA,satellite
2579999,2024-01-24T13:53:48Z,25.319018333333336,53.46253333333333,NA,NA,NA,dynamic_classA
2579999,2024-01-24T13:54:01Z,34.795341666666666,127.73847833333333,NA,NA,NA,dynamic_classA
2579999,2024-01-24T13:54:12Z,24.536328333333334,54.38509666666666,NA,NA,NA,dynamic_classA
2579999,2024-01-24T13:54:17Z,34.79534666666667,127.73847,NA,NA,NA,dynamic_classA
2579999,2024-01-24T13:54:18Z,-20.133685,115.21579166666668,NA,NA,NA,dynamic_classA
2579999,2024-01-24T13:54:19Z,29.65060833333333,32.360998333333335,NA,NA,NA,dynamic_classA
2579999,2024-01-24T13:54:26Z,25.319020000000002,53.46253166666667,NA,NA,NA,dynamic_classA
2579999,2024-01-24T13:54:28Z,25.319020000000002,53.46253166666667,NA,NA,NA,dynamic_classA
2579999,2024-01-24T13:54:33Z,54.603235000000005,-1.1617716666666666,NA,NA,NA,dynamic_classA
2579999,2024-01-24T13:54:37Z,25.319020000000002,53.46253166666667,NA,NA,NA,dynamic_classA
2579999,2024-01-24T13:54:44Z,50.79965166666667,-1.11001,NA,NA,NA,dynamic_classA
2579999,2024-01-24T13:54:45Z,25.319021666666668,53.46253,NA,NA,NA,dynamic_classA
2579999,2024-01-24T13:55:14Z,29.650613333333336,32.361000000000004,NA,NA,NA,dynamic_classA
2579999,2024-01-24T13:55:40Z,25.319026666666666,53.462535,NA,NA,NA,dynamic_classA
2579999,2024-01-24T13:55:44Z,35.50153666666667,129.441135,NA,NA,NA,dynamic_classA
2579999,2024-01-24T13:55:46Z,9.50342,-13.708235,NA,NA,NA,satellite
2579999,2024-01-24T13:55:57Z,-20.134695,115.21403666666667,NA,NA,NA,satellite
2579999,2024-01-24T13:56:01Z,-20.134725,115.21398666666667,NA,NA,NA,satellite
2579999,2024-01-24T13:56:02Z,25.319028333333332,53.462536666666665,NA,NA,NA,dynamic_classA
2579999,2024-01-24T13:56:07Z,-20.134788333333333,115.21387166666666,NA,NA,NA,satellite
2579999,2024-01-24T13:56:11Z,-20.134816666666666,115.21382166666668,NA,NA,NA,satellite
2579999,2024-01-24T13:56:31Z,25.319028333333332,53.462538333333335,NA,NA,NA,dynamic_classA
2579999,2024-01-24T13:56:32Z,25.31903,53.46254,NA,NA,NA,dynamic_classA
2579999,2024-01-24T13:56:38Z,25.31903,53.46254,NA,NA,NA,dynamic_classA
2579999,2024-01-24T13:56:39Z,25.31903,53.46254,NA,NA,NA,dynamic_classA
2579999,2024-01-24T13:56:40Z,25.31903,53.46254,NA,NA,NA,dynamic_classA
2579999,2024-01-24T13:56:43Z,1.28315,103.77933333333334,NA,NA,NA,dynamic_classA
2579999,2024-01-24T13:56:44Z,25.31903,53.46254,NA,NA,NA,dynamic_classA
2579999,2024-01-24T13:56:45Z,25.31903,53.46254,NA,NA,NA,dynamic_classA
2579999,2024-01-24T13:56:46Z,25.31903,53.46254,NA,NA,NA,dynamic_classA
2579999,2024-01-24T13:56:51Z,25.319028333333332,53.462536666666665,NA,NA,NA,dynamic_classA
2579999,2024-01-24T13:56:52Z,25.319028333333332,53.462536666666665,NA,NA,NA,dynamic_classA
2579999,2024-01-24T13:56:56Z,25.319028333333332,53.462536666666665,NA,NA,NA,dynamic_classA
2579999,2024-01-24T13:56:58Z,25.319028333333332,53.462538333333335,NA,NA,NA,dynamic_classA
2579999,2024-01-24T13:56:59Z,25.319028333333332,53.462536666666665,NA,NA,NA,dynamic_classA
2579999,2024-01-24T13:57:03Z,25.319028333333332,53.462538333333335,NA,NA,NA,dynamic_classA
2579999,2024-01-24T13:57:05Z,34.79535,127.73845833333333,NA,NA,NA,dynamic_classA
2579999,2024-01-24T13:57:08Z,25.31903,53.46254166666667,NA,NA,NA,dynamic_classA
2579999,2024-01-24T13:57:09Z,35.50156166666667,129.441125,NA,NA,NA,dynamic_classA
2579999,2024-01-24T13:57:13Z,25.31903,53.46254166666667,NA,NA,NA,dynamic_classA
2579999,2024-01-24T13:57:17Z,35.50156333333334,129.44112833333332,NA,NA,NA,dynamic_classA
2579999,2024-01-24T13:57:19Z,25.319028333333332,53.46254333333333,NA,NA,NA,dynamic_classA
2579999,2024-01-24T13:57:21Z,25.319028333333332,53.46254333333333,NA,NA,NA,dynamic_classA
2579999,2024-01-24T13:57:23Z,25.319028333333332,53.46254333333333,NA,NA,NA,dynamic_classA
2579999,2024-01-24T13:57:48Z,35.50156166666667,129.44113333333334,NA,NA,NA,dynamic_classA
2579999,2024-01-24T13:58:05Z,-20.135803333333335,115.21203166666666,NA,NA,NA,satellite
2579999,2024-01-24T13:58:24Z,29.650613333333336,32.36100666666667,NA,NA,NA,dynamic_classA
2579999,2024-01-24T13:58:28Z,-20.136086666666664,115.21157166666667,NA,NA,NA,dynamic_classA
2579999,2024-01-24T13:58:29Z,56.70167333333333,-2.465705,NA,NA,NA,dynamic_classA
2579999,2024-01-24T13:58:47Z,50.79964833333334,-1.1100050000000001,NA,NA,NA,dynamic_classA
2579999,2024-01-24T13:58:48Z,53.539991666666666,9.878863333333333,NA,NA,NA,dynamic_classA
2579999,2024-01-24T13:58:55Z,29.650609999999997,32.36100833333333,NA,NA,NA,dynamic_classA
2579999,2024-01-24T13:58:57Z,65.21750833333333,6.905155,NA,NA,NA,dynamic_classA
2579999,2024-01-24T13:59:01Z,-20.13631666666667,115.21114333333334,NA,NA,NA,satellite
2579999,2024-01-24T13:59:04Z,-20.136343333333333,115.21109666666666,NA,NA,NA,satellite
2579999,2024-01-24T13:59:05Z,29.650613333333336,32.36101,NA,NA,NA,dynamic_classA
2579999,2024-01-24T13:59:07Z,1.2831483333333333,103.77933333333334,NA,NA,NA,dynamic_classA
2579999,2024-01-24T13:59:11Z,-20.13640666666667,115.21099666666667,NA,NA,NA,satellite
2579999,2024-01-24T13:59:14Z,-20.136435,115.21095333333332,NA,NA,NA,satellite
2579999,2024-01-24T13:59:16Z,56.70169,-2.4657183333333332,NA,NA,NA,dynamic_classA
2579999,2024-01-24T13:59:24Z,-20.13652666666667,115.21080833333333,NA,NA,NA,satellite
2579999,2024-01-24T13:59:28Z,29.650615000000002,32.36100833333333,NA,NA,NA,dynamic_classA
2579999,2024-01-24T13:59:40Z,24.536336666666667,54.385083333333334,NA,NA,NA,dynamic_classA
2579999,2024-01-24T13:59:41Z,-20.136688333333332,115.210545,NA,NA,NA,satellite
2579999,2024-01-24T13:59:51Z,-20.136778333333332,115.21038666666666,NA,NA,NA,satellite
2579999,2024-01-24T13:59:53Z,50.79962833333333,-1.1100066666666666,NA,NA,NA,dynamic_classA
2579999,2024-01-24T14:00:04Z,-20.136883333333333,115.21018166666666,NA,NA,NA,satellite
2579999,2024-01-24T14:00:14Z,-20.13696666666667,115.21002833333334,NA,NA,NA,satellite
2579999,2024-01-24T14:00:24Z,-20.13705333333333,115.20988333333334,NA,NA,NA,satellite
2579999,2024-01-24T14:00:30Z,-20.137091666666667,115.209825,NA,NA,NA,dynamic_classA
2579999,2024-01-24T14:00:40Z,34.79534,127.73846666666667,NA,NA,NA,dynamic_classA
2579999,2024-01-24T14:00:43Z,35.501565,129.44112666666666,NA,NA,NA,dynamic_classA
2579999,2024-01-24T14:00:44Z,-20.137240000000002,115.209585,NA,NA,NA,satellite
2579999,2024-01-24T14:00:47Z,24.536346666666667,54.385065000000004,NA,NA,NA,dynamic_classA
2579999,2024-01-24T14:00:48Z,50.79962,-1.11001,NA,NA,NA,dynamic_classA
2579999,2024-01-24T14:00:49Z,-38.449600000000004,148.30892166666666,NA,NA,NA,satellite
2579999,2024-01-24T14:00:51Z,-20.13721,115.20963166666667,NA,NA,NA,dynamic_classA
2579999,2024-01-24T14:00:59Z,-38.44959166666667,148.3089183333333,NA,NA,NA,satellite
2579999,2024-01-24T14:01:05Z,-20.137366666666665,115.20936166666667,NA,NA,NA,dynamic_classA
2579999,2024-01-24T14:01:09Z,-38.44958333333333,148.30891666666668,NA,NA,NA,satellite
2579999,2024-01-24T14:01:11Z,-20.13748,115.209155,NA,NA,NA,satellite
2579999,2024-01-24T14:01:19Z,-20.137506666666663,115.20910833333333,NA,NA,NA,satellite
2579999,2024-01-24T14:01:21Z,-20.137566666666665,115.209,NA,NA,NA,satellite
2579999,2024-01-24T14:01:24Z,-20.13759333333333,115.20895333333333,NA,NA,NA,satellite
2579999,2024-01-24T14:01:26Z,35.501575,129.44113333333334,NA,NA,NA,dynamic_classA
2579999,2024-01-24T14:01:29Z,53.539995,9.878853333333332,NA,NA,NA,satellite
2579999,2024-01-24T14:01:31Z,-20.137651666666667,115.20885333333334,NA,NA,NA,satellite
2579999,2024-01-24T14:01:39Z,29.650626666666668,32.36101,NA,NA,NA,satellite
2579999,2024-01-24T14:01:41Z,-20.13774,115.20871000000001,NA,NA,NA,satellite
2579999,2024-01-24T14:01:51Z,24.536355,54.385070000000006,NA,NA,NA,satellite
2579999,2024-01-24T14:01:58Z,35.50157,129.44113000000002,NA,NA,NA,dynamic_classA
2579999,2024-01-24T14:01:59Z,-38.44956,148.308915,NA,NA,NA,satellite
2579999,2024-01-24T14:02:11Z,-20.138023333333333,115.20823,NA,NA,NA,satellite
2579999,2024-01-24T14:02:37Z,35.50156666666667,129.44113000000002,NA,NA,NA,dynamic_classA
2579999,2024-01-24T14:02:39Z,53.539991666666666,9.878853333333332,NA,NA,NA,satellite
2579999,2024-01-24T14:02:40Z,35.50156666666667,129.44113000000002,NA,NA,NA,dynamic_classA
2579999,2024-01-24T14:02:42Z,35.50156666666667,129.44113000000002,NA,NA,NA,dynamic_classA
2579999,2024-01-24T14:02:49Z,-38.449571666666664,148.308925,NA,NA,NA,satellite
2579999,2024-01-24T14:03:17Z,35.50156833333333,129.44112166666667,NA,NA,NA,dynamic_classA
2579999,2024-01-24T14:03:24Z,-38.44956333333334,148.30892,NA,NA,NA,dynamic_classA
2579999,2024-01-24T14:03:30Z,34.795323333333336,127.73847,NA,NA,NA,dynamic_classA
2579999,2024-01-24T14:03:39Z,-38.449556666666666,148.3089183333333,NA,NA,NA,satellite
2579999,2024-01-24T14:03:40Z,54.60324666666667,-1.1617766666666667,NA,NA,NA,dynamic_classA
2579999,2024-01-24T14:03:41Z,-38.449556666666666,148.3089183333333,NA,NA,NA,satellite
2579999,2024-01-24T14:03:44Z,-20.13887833333333,115.20677833333333,NA,NA,NA,satellite
2579999,2024-01-24T14:03:47Z,24.536344999999997,54.385081666666665,NA,NA,NA,dynamic_classA
2579999,2024-01-24T14:03:49Z,-38.449555000000004,148.30892,NA,NA,NA,satellite
2579999,2024-01-24T14:03:50Z,24.536346666666667,54.385081666666665,NA,NA,NA,dynamic_classA
2579999,2024-01-24T14:03:51Z,24.536346666666667,54.385081666666665,NA,NA,NA,satellite
2579999,2024-01-24T14:03:57Z,24.536344999999997,54.385081666666665,NA,NA,NA,dynamic_classA
2579999,2024-01-24T14:03:59Z,24.536344999999997,54.385081666666665,NA,NA,NA,satellite
2579999,2024-01-24T14:04:01Z,24.536344999999997,54.385081666666665,NA,NA,NA,dynamic_classA
2579999,2024-01-24T14:04:02Z,35.501560000000005,129.44113166666665,NA,NA,NA,dynamic_classA
2579999,2024-01-24T14:04:08Z,35.50156166666667,129.441135,NA,NA,NA,dynamic_classA
2579999,2024-01-24T14:04:09Z,-38.44954666666667,148.30892166666666,NA,NA,NA,satellite
2579999,2024-01-24T14:04:29Z,-38.449531666666665,148.30892,NA,NA,NA,satellite
2579999,2024-01-24T14:04:30Z,65.21749166666667,6.905171666666666,NA,NA,NA,dynamic_classA
2579999,2024-01-24T14:04:37Z,-38.44952333333333,148.30892,NA,NA,NA,satellite
2579999,2024-01-24T14:04:39Z,-38.44952333333333,148.30892,NA,NA,NA,satellite
2579999,2024-01-24T14:04:45Z,34.79535166666667,127.73848333333333,NA,NA,NA,dynamic_classA
2579999,2024-01-24T14:04:52Z,29.650628333333334,32.36100833333333,NA,NA,NA,dynamic_classA
2579999,2024-01-24T14:04:58Z,65.21749,6.905178333333334,NA,NA,NA,dynamic_classA
2579999,2024-01-24T14:05:04Z,65.21749,6.905178333333334,NA,NA,NA,dynamic_classA
2579999,2024-01-24T14:05:19Z,-38.44951666666667,148.30889833333333,NA,NA,NA,satellite
2579999,2024-01-24T14:05:26Z,54.60324333333333,-1.1617483333333332,NA,NA,NA,dynamic_classA
2579999,2024-01-24T14:05:29Z,-38.44952166666667,148.30889333333334,NA,NA,NA,satellite
2579999,2024-01-24T14:05:31Z,29.650628333333334,32.36100833333333,NA,NA,NA,dynamic_classA
2579999,2024-01-24T14:05:32Z,-5.455375,105.31047666666667,NA,NA,NA,dynamic_classA
2579999,2024-01-24T14:05:38Z,-38.44952833333333,148.30889166666665,NA,NA,NA,satellite
2579999,2024-01-24T14:05:40Z,1.2831416666666666,103.77934499999999,NA,NA,NA,dynamic_classA
2579999,2024-01-24T14:05:44Z,10.285730000000001,106.761465,NA,NA,NA,dynamic_classA
2579999,2024-01-24T14:05:48Z,-20.14014,115.20469833333333,NA,NA,NA,dynamic_classA
2579999,2024-01-24T14:05:56Z,9.503416666666668,-13.708261666666667,NA,NA,NA,dynamic_classA
2579999,2024-01-24T14:05:58Z,-38.44953666666667,148.30888833333333,NA,NA,NA,satellite
2579999,2024-01-24T14:06:02Z,65.21748333333333,6.905176666666667,NA,NA,NA,dynamic_classA
2579999,2024-01-24T14:06:04Z,-38.44953666666667,148.30888833333333,NA,NA,NA,satellite
2579999,2024-01-24T14:06:15Z,53.539991666666666,9.878856666666668,NA,NA,NA,dynamic_classA
2579999,2024-01-24T14:06:25Z,-38.44953833333333,148.30889333333334,NA,NA,NA,satellite
2579999,2024-01-24T14:06:28Z,1.2831416666666666,103.77934666666667,NA,NA,NA,dynamic_classA
2579999,2024-01-24T14:06:35Z,-38.449533333333335,148.30889333333334,NA,NA,NA,satellite
2579999,2024-01-24T14:06:38Z,-38.449529999999996,148.30889,NA,NA,NA,satellite
2579999,2024-01-24T14:06:45Z,-38.449529999999996,148.30889,NA,NA,NA,satellite
2579999,2024-01-24T14:06:46Z,35.50157166666667,129.44116,NA,NA,NA,dynamic_classA
2579999,2024-01-24T14:06:52Z,9.503421666666666,-13.708255000000001,NA,NA,NA,dynamic_classA
2579999,2024-01-24T14:07:06Z,50.799596666666666,-1.1100083333333333,NA,NA,NA,dynamic_classA
2579999,2024-01-24T14:07:09Z,9.50342,-13.708253333333333,NA,NA,NA,dynamic_classA
2579999,2024-01-24T14:07:19Z,-2.668271666666667,118.89446833333334,NA,NA,NA,dynamic_classA
2579999,2024-01-24T14:07:21Z,1.2831416666666666,103.77932166666666,NA,NA,NA,dynamic_classA
2579999,2024-01-24T14:07:25Z,-38.44952,148.30886666666666,NA,NA,NA,satellite
2579999,2024-01-24T14:07:32Z,35.50156166666667,129.441155,NA,NA,NA,dynamic_classA
2579999,2024-01-24T14:07:35Z,-38.44952,148.30885833333332,NA,NA,NA,satellite
2579999,2024-01-24T14:07:44Z,1.2831433333333335,103.77932000000001,NA,NA,NA,dynamic_classA
2579999,2024-01-24T14:07:45Z,-38.44951666666667,148.30884666666668,NA,NA,NA,satellite
2579999,2024-01-24T14:07:54Z,9.50342,-13.708246666666668,NA,NA,NA,dynamic_classA
2579999,2024-01-24T14:08:02Z,-20.141393333333333,115.20266833333334,NA,NA,NA,satellite
2579999,2024-01-24T14:08:05Z,-38.449513333333336,148.30884333333333,NA,NA,NA,satellite
2579999,2024-01-24T14:08:20Z,65.21751,6.905168333333333,NA,NA,NA,dynamic_classA
2579999,2024-01-24T14:08:24Z,-38.449513333333336,148.30887333333334,NA,NA,NA,satellite
2579999,2024-01-24T14:08:33Z,53.539989999999996,9.878866666666665,NA,NA,NA,dynamic_classA
2579999,2024-01-24T14:08:44Z,-38.44952,148.30890333333335,NA,NA,NA,satellite
2579999,2024-01-24T14:09:01Z,19.625363333333333,37.22685333333333,NA,NA,NA,satellite
2579999,2024-01-24T14:09:05Z,-20.141998333333333,115.201665,NA,NA,NA,dynamic_classA
2579999,2024-01-24T14:09:07Z,34.79534666666667,127.73846333333333,NA,NA,NA,dynamic_classA
2579999,2024-01-24T14:09:14Z,56.70168833333333,-2.465751666666667,NA,NA,NA,dynamic_classA
2579999,2024-01-24T14:09:36Z,34.79533833333333,127.73847333333333,NA,NA,NA,dynamic_classA
2579999,2024-01-24T14:09:44Z,-38.449553333333334,148.30895,NA,NA,NA,satellite
2579999,2024-01-24T14:09:45Z,50.79958166666667,-1.11001,NA,NA,NA,dynamic_classA
2579999,2024-01-24T14:09:49Z,3.5680666666666667,113.32466500000001,NA,NA,NA,dynamic_classA
2579999,2024-01-24T14:09:56Z,35.501565,129.44113000000002,NA,NA,NA,dynamic_classA
2579999,2024-01-24T14:09:58Z,35.50156333333334,129.441125,NA,NA,NA,dynamic_classA
2579999,2024-01-24T14:10:04Z,-38.449558333333336,148.30893333333333,NA,NA,NA,satellite
2579999,2024-01-24T14:10:14Z,-20.142718333333335,115.20045,NA,NA,NA,dynamic_classA
2579999,2024-01-24T14:10:24Z,24.536353333333334,54.38509,NA,NA,NA,dynamic_classA
2579999,2024-01-24T14:10:32Z,-20.14281,115.20028,NA,NA,NA,satellite
2579999,2024-01-24T14:10:33Z,63.44412333333333,10.404076666666667,NA,NA,NA,dynamic_classA
2579999,2024-01-24T14:10:38Z,29.650638333333333,32.361018333333334,NA,NA,NA,dynamic_classA
2579999,2024-01-24T14:10:43Z,29.650638333333333,32.361016666666664,NA,NA,NA,dynamic_classA
2579999,2024-01-24T14:10:44Z,-38.44956166666667,148.30892333333335,NA,NA,NA,satellite
2579999,2024-01-24T14:10:56Z,-20.143001666666667,115.19991166666667,NA,NA,NA,satellite
2579999,2024-01-24T14:11:04Z,25.319036666666666,53.462536666666665,NA,NA,NA,satellite
2579999,2024-01-24T14:11:08Z,25.319036666666666,53.462536666666665,NA,NA,NA,dynamic_classA
2579999,2024-01-24T14:11:09Z,35.50155333333333,129.44114166666665,NA,NA,NA,dynamic_classA
2579999,2024-01-24T14:11:11Z,25.319036666666666,53.462536666666665,NA,NA,NA,dynamic_classA
2579999,2024-01-24T14:11:14Z,25.319036666666666,53.462536666666665,NA,NA,NA,dynamic_classA
2579999,2024-01-24T14:11:20Z,25.319036666666666,53.462536666666665,NA,NA,NA,dynamic_classA
2579999,2024-01-24T14:11:24Z,-38.44957,148.30894333333333,NA,NA,NA,satellite
2579999,2024-01-24T14:11:35Z,-38.44957,148.30894500000002,NA,NA,NA,satellite
2579999,2024-01-24T14:11:44Z,-38.44957,148.308955,NA,NA,NA,satellite
2579999,2024-01-24T14:11:53Z,9.50343,-13.708223333333333,NA,NA,NA,dynamic_classA
2579999,2024-01-24T14:11:54Z,-38.44956666666667,148.30896666666666,NA,NA,NA,satellite
2579999,2024-01-24T14:12:04Z,-38.44956166666667,148.30897666666667,NA,NA,NA,satellite
2579999,2024-01-24T14:12:09Z,65.21749166666667,6.90517,NA,NA,NA,dynamic_classA
2579999,2024-01-24T14:12:17Z,53.539986666666664,9.878863333333333,NA,NA,NA,dynamic_classA
2579999,2024-01-24T14:12:24Z,-38.44954833333334,148.30898833333333,NA,NA,NA,satellite
2579999,2024-01-24T14:12:37Z,-2.6682816666666667,118.89448,NA,NA,NA,dynamic_classA
2579999,2024-01-24T14:12:41Z,24.536348333333333,54.385101666666664,NA,NA,NA,dynamic_classA
2579999,2024-01-24T14:12:44Z,-38.44953666666667,148.30899499999998,NA,NA,NA,satellite
2579999,2024-01-24T14:12:55Z,-20.144098333333332,115.19798,NA,NA,NA,satellite
2579999,2024-01-24T14:12:56Z,53.53998833333333,9.878863333333333,NA,NA,NA,dynamic_classA
2579999,2024-01-24T14:12:58Z,-20.144098333333332,115.19798,NA,NA,NA,dynamic_classA
2579999,2024-01-24T14:13:02Z,-20.144156666666667,115.19787,NA,NA,NA,satellite
2579999,2024-01-24T14:13:04Z,-38.44953666666667,148.30898666666664,NA,NA,NA,satellite
2579999,2024-01-24T14:13:08Z,-20.14426,115.19767,NA,NA,NA,dynamic_classA
2579999,2024-01-24T14:13:21Z,54.603255,-1.16175,NA,NA,NA,dynamic_classA
2579999,2024-01-24T14:13:24Z,-38.44954333333333,148.308975,NA,NA,NA,satellite
2579999,2024-01-24T14:13:36Z,34.79535333333333,127.73847333333333,NA,NA,NA,dynamic_classA
2579999,2024-01-24T14:13:41Z,24.53636,54.385101666666664,NA,NA,NA,dynamic_classA
2579999,2024-01-24T14:13:45Z,-38.44955,148.30895333333333,NA,NA,NA,satellite
2579999,2024-01-24T14:13:52Z,24.53636,54.385101666666664,NA,NA,NA,dynamic_classA
2579999,2024-01-24T14:13:58Z,29.65065,32.36103333333333,NA,NA,NA,dynamic_classA
2579999,2024-01-24T14:14:12Z,56.701706666666674,-2.46575,NA,NA,NA,dynamic_classA
2579999,2024-01-24T14:14:14Z,-38.44954499999999,148.30895,NA,NA,NA,satellite
2579999,2024-01-24T14:14:29Z,29.650648333333333,32.361039999999996,NA,NA,NA,dynamic_classA
2579999,2024-01-24T14:14:47Z,34.79535166666667,127.73847666666667,NA,NA,NA,dynamic_classA
2579999,2024-01-24T14:14:53Z,54.60325833333333,-1.1617533333333334,NA,NA,NA,dynamic_classA
2579999,2024-01-24T14:15:17Z,29.650645,32.36103333333333,NA,NA,NA,dynamic_classA
2579999,2024-01-24T14:15:34Z,50.799595,-1.1100316666666667,NA,NA,NA,dynamic_classA
2579999,2024-01-24T14:16:04Z,35.501558333333335,129.44114166666665,NA,NA,NA,dynamic_classA
2579999,2024-01-24T14:16:10Z,1.2831433333333335,103.77932166666666,NA,NA,NA,dynamic_classA
2579999,2024-01-24T14:16:42Z,1.2831416666666666,103.779315,NA,NA,NA,dynamic_classA
2579999,2024-01-24T14:16:47Z,65.21751833333333,6.905178333333334,NA,NA,NA,dynamic_classA
2579999,2024-01-24T14:17:08Z,35.50156666666667,129.44114833333333,NA,NA,NA,dynamic_classA
2579999,2024-01-24T14:17:15Z,-20.146318333333333,115.19407833333334,NA,NA,NA,dynamic_classA
2579999,2024-01-24T14:17:37Z,29.650651666666665,32.36102833333334,NA,NA,NA,dynamic_classA
2579999,2024-01-24T14:17:38Z,-20.146585,115.19364999999999,NA,NA,NA,satellite
2579999,2024-01-24T14:17:39Z,24.536333333333335,54.385104999999996,NA,NA,NA,dynamic_classA
2579999,2024-01-24T14:17:47Z,24.536333333333335,54.385104999999996,NA,NA,NA,dynamic_classA
2579999,2024-01-24T14:17:48Z,24.536333333333335,54.385104999999996,NA,NA,NA,dynamic_classA
2579999,2024-01-24T14:17:55Z,34.795361666666665,127.73848166666667,NA,NA,NA,dynamic_classA
2579999,2024-01-24T14:17:59Z,24.536333333333335,54.385104999999996,NA,NA,NA,dynamic_classA
2579999,2024-01-24T14:18:06Z,35.50155666666667,129.44113833333333,NA,NA,NA,dynamic_classA
2579999,2024-01-24T14:18:09Z,1.2831466666666667,103.77932666666668,NA,NA,NA,dynamic_classA
2579999,2024-01-24T14:18:19Z,53.53999833333333,9.878874999999999,NA,NA,NA,satellite
2579999,2024-01-24T14:18:29Z,53.53999666666667,9.878876666666667,NA,NA,NA,satellite
2579999,2024-01-24T14:18:39Z,56.70171333333334,-2.4657366666666665,NA,NA,NA,satellite
2579999,2024-01-24T14:18:59Z,1.2831433333333335,103.77933333333334,NA,NA,NA,satellite
2579999,2024-01-24T14:19:05Z,29.650651666666665,32.36102666666667,NA,NA,NA,dynamic_classA
2579999,2024-01-24T14:19:16Z,56.70171166666667,-2.465735,NA,NA,NA,dynamic_classA
2579999,2024-01-24T14:19:19Z,-38.449643333333334,148.30895166666667,NA,NA,NA,satellite
2579999,2024-01-24T14:19:20Z,24.536336666666667,54.385110000000005,NA,NA,NA,dynamic_classA
2579999,2024-01-24T14:19:30Z,-38.449634999999994,148.30898,NA,NA,NA,satellite
2579999,2024-01-24T14:19:37Z,1.283145,103.779325,NA,NA,NA,dynamic_classA
2579999,2024-01-24T14:19:38Z,53.539995,9.878873333333333,NA,NA,NA,dynamic_classA
2579999,2024-01-24T14:19:45Z,29.650656666666666,32.36103,NA,NA,NA,dynamic_classA
2579999,2024-01-24T14:19:59Z,-38.449601666666666,148.30903166666667,NA,NA,NA,satellite
2579999,2024-01-24T14:20:00Z,-38.449601666666666,148.30903166666667,NA,NA,NA,satellite
2579999,2024-01-24T14:20:05Z,29.650658333333336,32.36103,NA,NA,NA,dynamic_classA
2579999,2024-01-24T14:20:08Z,29.650660000000002,32.36103166666667,NA,NA,NA,dynamic_classA
2579999,2024-01-24T14:20:10Z,-38.44959666666667,148.30904666666666,NA,NA,NA,satellite
2579999,2024-01-24T14:20:11Z,34.79537166666667,127.73847166666665,NA,NA,NA,dynamic_classA
2579999,2024-01-24T14:20:19Z,53.539993333333335,9.878870000000001,NA,NA,NA,satellite
2579999,2024-01-24T14:20:20Z,-38.44959666666667,148.30906166666668,NA,NA,NA,satellite
2579999,2024-01-24T14:20:39Z,53.539995,9.878868333333333,NA,NA,NA,satellite
2579999,2024-01-24T14:20:40Z,-38.44958,148.30908,NA,NA,NA,satellite
2579999,2024-01-24T14:20:59Z,-38.44957333333333,148.30908833333334,NA,NA,NA,satellite
2579999,2024-01-24T14:21:06Z,35.501575,129.44114833333333,NA,NA,NA,dynamic_classA
2579999,2024-01-24T14:21:09Z,53.539995,9.878866666666665,NA,NA,NA,satellite
2579999,2024-01-24T14:21:17Z,35.50157166666667,129.441145,NA,NA,NA,dynamic_classA
2579999,2024-01-24T14:21:18Z,50.799593333333334,-1.1100216666666667,NA,NA,NA,dynamic_classA
2579999,2024-01-24T14:21:19Z,-20.14864,115.19005666666666,NA,NA,NA,satellite
2579999,2024-01-24T14:21:20Z,-38.44956,148.30908166666669,NA,NA,NA,satellite
2579999,2024-01-24T14:21:23Z,50.799593333333334,-1.1100216666666667,NA,NA,NA,dynamic_classA
2579999,2024-01-24T14:21:28Z,-20.148675,115.18998666666667,NA,NA,NA,dynamic_classA
2579999,2024-01-24T14:21:59Z,29.650660000000002,32.36103166666667,NA,NA,NA,satellite
2579999,2024-01-24T14:22:01Z,-38.449533333333335,148.30904333333334,NA,NA,NA,satellite
2579999,2024-01-24T14:22:19Z,53.53999833333333,9.878865,NA,NA,NA,satellite
2579999,2024-01-24T14:22:20Z,-38.44951833333334,148.30901666666665,NA,NA,NA,satellite
2579999,2024-01-24T14:22:25Z,50.799589999999995,-1.1100183333333333,NA,NA,NA,dynamic_classA
2579999,2024-01-24T14:22:31Z,1.283145,103.77931833333334,NA,NA,NA,dynamic_classA
2579999,2024-01-24T14:22:52Z,35.50155666666667,129.44113333333334,NA,NA,NA,dynamic_classA
2579999,2024-01-24T14:22:59Z,-38.449513333333336,148.30899499999998,NA,NA,NA,satellite
2579999,2024-01-24T14:23:00Z,35.50155666666667,129.44113166666665,NA,NA,NA,dynamic_classA
2579999,2024-01-24T14:23:02Z,53.4506,0.8896216666666666,NA,NA,NA,dynamic_classA
2579999,2024-01-24T14:23:19Z,53.54000333333333,9.878866666666665,NA,NA,NA,satellite
2579999,2024-01-24T14:23:29Z,53.540004999999994,9.878866666666665,NA,NA,NA,satellite
2579999,2024-01-24T14:23:33Z,-20.149841666666667,115.18782333333334,NA,NA,NA,satellite
2579999,2024-01-24T14:23:36Z,-20.149866666666664,115.18777333333334,NA,NA,NA,satellite
2579999,2024-01-24T14:23:49Z,53.540004999999994,9.878868333333333,NA,NA,NA,satellite
2579999,2024-01-24T14:23:53Z,-20.150001666666665,115.18749666666666,NA,NA,NA,satellite
2579999,2024-01-24T14:23:59Z,-38.44955166666667,148.30897166666668,NA,NA,NA,satellite
2579999,2024-01-24T14:24:00Z,54.60326,-1.16173,NA,NA,NA,dynamic_classA
2579999,2024-01-24T14:24:03Z,-20.150086666666667,115.18734333333333,NA,NA,NA,satellite
2579999,2024-01-24T14:24:06Z,-20.150115000000003,115.18730000000001,NA,NA,NA,satellite
2579999,2024-01-24T14:24:07Z,35.50155333333333,129.44112,NA,NA,NA,dynamic_classA
2579999,2024-01-24T14:24:09Z,-38.44955166666667,148.3089733333333,NA,NA,NA,satellite
2579999,2024-01-24T14:24:10Z,34.79537666666667,127.73847833333333,NA,NA,NA,dynamic_classA
2579999,2024-01-24T14:24:14Z,-38.44955166666667,148.3089733333333,NA,NA,NA,dynamic_classA
2579999,2024-01-24T14:24:17Z,-20.150208333333335,115.18715166666667,NA,NA,NA,satellite
2579999,2024-01-24T14:24:21Z,-38.44955,148.308975,NA,NA,NA,satellite
2579999,2024-01-24T14:24:29Z,53.54000666666666,9.878865,NA,NA,NA,satellite
2579999,2024-01-24T14:24:39Z,-38.44957333333333,148.30897000000002,NA,NA,NA,satellite
2579999,2024-01-24T14:24:43Z,56.70170333333333,-2.4657366666666665,NA,NA,NA,dynamic_classA
2579999,2024-01-24T14:24:46Z,24.536375,54.38510333333333,NA,NA,NA,dynamic_classA
2579999,2024-01-24T14:24:47Z,24.536375,54.38510333333333,NA,NA,NA,dynamic_classA
2579999,2024-01-24T14:24:52Z,35.501560000000005,129.44112666666666,NA,NA,NA,dynamic_classA
2579999,2024-01-24T14:25:26Z,-20.150815,115.18605166666666,NA,NA,NA,satellite
2579999,2024-01-24T14:25:30Z,65.21750833333333,6.905195,NA,NA,NA,dynamic_classA
2579999,2024-01-24T14:25:31Z,29.650669999999998,32.361039999999996,NA,NA,NA,dynamic_classA
2579999,2024-01-24T14:25:35Z,-20.15091,115.18589833333334,NA,NA,NA,satellite
2579999,2024-01-24T14:25:37Z,1.2831516666666665,103.77932833333332,NA,NA,NA,dynamic_classA
2579999,2024-01-24T14:25:45Z,34.79538,127.73850333333333,NA,NA,NA,dynamic_classA
2579999,2024-01-24T14:25:53Z,65.21751,6.905191666666667,NA,NA,NA,satellite
2579999,2024-01-24T14:25:54Z,-20.151056666666666,115.18561666666666,NA,NA,NA,satellite
2579999,2024-01-24T14:25:57Z,-20.151081666666666,115.18556666666667,NA,NA,NA,satellite
2579999,2024-01-24T14:25:59Z,-38.44965333333334,148.30895166666667,NA,NA,NA,satellite
2579999,2024-01-24T14:26:01Z,29.650668333333332,32.361041666666665,NA,NA,NA,dynamic_classA
2579999,2024-01-24T14:26:03Z,35.501560000000005,129.44112833333332,NA,NA,NA,dynamic_classA
2579999,2024-01-24T14:26:05Z,50.799595,-1.1100083333333333,NA,NA,NA,dynamic_classA
2579999,2024-01-24T14:26:12Z,-5.455383333333333,105.310485,NA,NA,NA,dynamic_classA
2579999,2024-01-24T14:26:23Z,65.217515,6.905195,NA,NA,NA,dynamic_classA
2579999,2024-01-24T14:26:34Z,-20.151464999999998,115.184855,NA,NA,NA,dynamic_classA
2579999,2024-01-24T14:26:35Z,53.54001,9.878863333333333,NA,NA,NA,dynamic_classA
2579999,2024-01-24T14:26:42Z,1.28315,103.779315,NA,NA,NA,dynamic_classA
2579999,2024-01-24T14:26:44Z,10.285736666666667,106.76144500000001,NA,NA,NA,dynamic_classA
2579999,2024-01-24T14:26:45Z,1.2831466666666667,103.77933166666666,NA,NA,NA,dynamic_classA
2579999,2024-01-24T14:26:53Z,1.2831516666666665,103.77932333333334,NA,NA,NA,dynamic_classA
2579999,2024-01-24T14:26:56Z,35.50156333333334,129.44114833333333,NA,NA,NA,dynamic_classA
2579999,2024-01-24T14:27:02Z,9.50343,-13.708231666666668,NA,NA,NA,dynamic_classA
2579999,2024-01-24T14:27:06Z,-20.151666666666664,115.184475,NA,NA,NA,satellite
2579999,2024-01-24T14:27:19Z,-20.151771666666665,115.18424499999999,NA,NA,NA,dynamic_classA
2579999,2024-01-24T14:27:26Z,-20.151816666666665,115.18414833333333,NA,NA,NA,satellite
2579999,2024-01-24T14:27:29Z,56.701715,-2.4657366666666665,NA,NA,NA,dynamic_classA
2579999,2024-01-24T14:27:36Z,50.79958666666666,-1.1100066666666666,NA,NA,NA,dynamic_classA
2579999,2024-01-24T14:27:37Z,-20.151895000000003,115.18399333333333,NA,NA,NA,satellite
2579999,2024-01-24T14:27:53Z,-20.152036666666667,115.183735,NA,NA,NA,satellite
2579999,2024-01-24T14:28:02Z,35.50155333333333,129.44114833333333,NA,NA,NA,dynamic_classA
2579999,2024-01-24T14:28:09Z,-2.6682783333333333,118.89449833333333,NA,NA,NA,dynamic_classA
2579999,2024-01-24T14:28:36Z,35.501558333333335,129.44114666666667,NA,NA,NA,dynamic_classA
2579999,2024-01-24T14:28:37Z,24.536371666666664,54.38510333333333,NA,NA,NA,satellite
2579999,2024-01-24T14:28:39Z,1.2831533333333334,103.77930333333333,NA,NA,NA,dynamic_classA
2579999,2024-01-24T14:28:44Z,29.650666666666666,32.361041666666665,NA,NA,NA,dynamic_classA
2579999,2024-01-24T14:28:45Z,9.503425,-13.708253333333333,NA,NA,NA,dynamic_classA
2579999,2024-01-24T14:28:56Z,-20.152553333333334,115.18271,NA,NA,NA,satellite
2579999,2024-01-24T14:29:03Z,-38.44954833333334,148.30886833333335,NA,NA,NA,satellite
2579999,2024-01-24T14:29:13Z,53.540016666666666,9.878866666666665,NA,NA,NA,dynamic_classA
2579999,2024-01-24T14:29:16Z,-20.152731666666668,115.18238833333334,NA,NA,NA,satellite
2579999,2024-01-24T14:29:23Z,-20.15279333333333,115.18226833333333,NA,NA,NA,satellite
2579999,2024-01-24T14:29:26Z,-20.152818333333336,115.18221666666666,NA,NA,NA,satellite
2579999,2024-01-24T14:29:28Z,35.50155333333333,129.44115,NA,NA,NA,dynamic_classA
2579999,2024-01-24T14:29:33Z,-20.152873333333332,115.18209666666667,NA,NA,NA,satellite
2579999,2024-01-24T14:29:36Z,-20.152896666666667,115.18204666666666,NA,NA,NA,satellite
2579999,2024-01-24T14:29:47Z,34.795370000000005,127.73847833333333,NA,NA,NA,dynamic_classA
2579999,2024-01-24T14:29:53Z,-20.153023333333334,115.18177166666666,NA,NA,NA,satellite
2579999,2024-01-24T14:29:55Z,-20.15300166666667,115.18181833333333,NA,NA,NA,dynamic_classA
2579999,2024-01-24T14:30:04Z,56.701695,-2.465745,NA,NA,NA,dynamic_classA
2579999,2024-01-24T14:30:11Z,50.799589999999995,-1.11001,NA,NA,NA,dynamic_classA
2579999,2024-01-24T14:30:16Z,34.795361666666665,127.73848666666666,NA,NA,NA,dynamic_classA
2579999,2024-01-24T14:30:48Z,35.501555,129.441145,NA,NA,NA,dynamic_classA
2579999,2024-01-24T14:30:56Z,3.5680666666666667,113.32466500000001,NA,NA,NA,dynamic_classA
2579999,2024-01-24T14:31:03Z,29.650666666666666,32.361036666666664,NA,NA,NA,dynamic_classA
2579999,2024-01-24T14:31:08Z,29.650666666666666,32.361036666666664,NA,NA,NA,dynamic_classA
2579999,2024-01-24T14:31:17Z,-20.153695000000003,115.18043666666668,NA,NA,NA,satellite
2579999,2024-01-24T14:31:25Z,63.442213333333335,10.402953333333333,NA,NA,NA,dynamic_classA
2579999,2024-01-24T14:31:30Z,29.650668333333332,32.361036666666664,NA,NA,NA,dynamic_classA
2579999,2024-01-24T14:31:39Z,35.501558333333335,129.441135,NA,NA,NA,dynamic_classA
2579999,2024-01-24T14:31:47Z,-20.153955,115.179965,NA,NA,NA,satellite
2579999,2024-01-24T14:32:33Z,9.503425,-13.708241666666668,NA,NA,NA,dynamic_classA
2579999,2024-01-24T14:32:37Z,53.540004999999994,9.878871666666667,NA,NA,NA,dynamic_classA
2579999,2024-01-24T14:32:49Z,65.21748833333334,6.905206666666667,NA,NA,NA,dynamic_classA
2579999,2024-01-24T14:33:27Z,-2.668266666666667,118.89447833333334,NA,NA,NA,dynamic_classA
2579999,2024-01-24T14:33:31Z,54.60327666666667,-1.1618033333333335,NA,NA,NA,dynamic_classA
2579999,2024-01-24T14:33:36Z,53.54000166666666,9.878874999999999,NA,NA,NA,dynamic_classA
2579999,2024-01-24T14:33:38Z,24.536366666666666,54.38510333333333,NA,NA,NA,dynamic_classA
2579999,2024-01-24T14:33:44Z,24.536366666666666,54.38510333333333,NA,NA,NA,dynamic_classA
2579999,2024-01-24T14:33:47Z,24.536366666666666,54.38510333333333,NA,NA,NA,dynamic_classA
2579999,2024-01-24T14:33:51Z,-20.154956666666667,115.17793333333334,NA,NA,NA,dynamic_classA
2579999,2024-01-24T14:34:04Z,24.536366666666666,54.385110000000005,NA,NA,NA,dynamic_classA
2579999,2024-01-24T14:34:08Z,24.536366666666666,54.385110000000005,NA,NA,NA,dynamic_classA
2579999,2024-01-24T14:34:18Z,24.536366666666666,54.385110000000005,NA,NA,NA,dynamic_classA
2579999,2024-01-24T14:34:28Z,29.650673333333334,32.36102833333334,NA,NA,NA,dynamic_classA
2579999,2024-01-24T14:34:32Z,24.536368333333332,54.38511333333334,NA,NA,NA,dynamic_classA
2579999,2024-01-24T14:34:38Z,1.2831483333333333,103.779315,NA,NA,NA,dynamic_classA
2579999,2024-01-24T14:34:49Z,29.650671666666664,32.36102833333334,NA,NA,NA,dynamic_classA
2579999,2024-01-24T14:34:55Z,63.442204999999994,10.402941666666667,NA,NA,NA,dynamic_classA
2579999,2024-01-24T14:35:13Z,54.60327666666667,-1.1617916666666666,NA,NA,NA,dynamic_classA
2579999,2024-01-24T14:35:26Z,50.799596666666666,-1.1100183333333333,NA,NA,NA,dynamic_classA
2579999,2024-01-24T14:35:27Z,34.79536666666667,127.73847833333333,NA,NA,NA,dynamic_classA
2579999,2024-01-24T14:35:59Z,65.21747666666667,6.905203333333334,NA,NA,NA,dynamic_classA
2579999,2024-01-24T14:36:24Z,50.79960166666667,-1.1100216666666667,NA,NA,NA,dynamic_classA
2579999,2024-01-24T14:36:53Z,46.543980000000005,-48.499066666666664,NA,NA,NA,dynamic_classA
2579999,2024-01-24T14:37:47Z,29.650669999999998,32.36103,NA,NA,NA,dynamic_classA
2579999,2024-01-24T14:37:54Z,-20.15692,115.17404,NA,NA,NA,dynamic_classA
2579999,2024-01-24T14:37:58Z,1.2831533333333334,103.77931666666667,NA,NA,NA,dynamic_classA
2579999,2024-01-24T14:38:18Z,35.50156666666667,129.44113833333333,NA,NA,NA,dynamic_classA
2579999,2024-01-24T14:38:23Z,50.79959833333333,-1.110015,NA,NA,NA,dynamic_classA
2579999,2024-01-24T14:38:46Z,35.501565,129.44114833333333,NA,NA,NA,dynamic_classA
2579999,2024-01-24T14:38:49Z,53.53999666666667,9.87886,NA,NA,NA,dynamic_classA
2579999,2024-01-24T14:38:54Z,10.285731666666667,106.76145666666666,NA,NA,NA,dynamic_classA
2579999,2024-01-24T14:38:58Z,1.2831566666666667,103.77932333333334,NA,NA,NA,dynamic_classA
2579999,2024-01-24T14:38:59Z,1.2831566666666667,103.77932333333334,NA,NA,NA,dynamic_classA
2579999,2024-01-24T14:39:08Z,24.536358333333332,54.385095,NA,NA,NA,dynamic_classA
2579999,2024-01-24T14:39:09Z,24.536358333333332,54.385095,NA,NA,NA,dynamic_classA
2579999,2024-01-24T14:39:14Z,29.650666666666666,32.36103333333333,NA,NA,NA,dynamic_classA
2579999,2024-01-24T14:39:16Z,34.79535333333333,127.73849,NA,NA,NA,dynamic_classA
2579999,2024-01-24T14:39:46Z,56.701699999999995,-2.465733333333333,NA,NA,NA,dynamic_classA
2579999,2024-01-24T14:39:59Z,35.50155666666667,129.44112666666666,NA,NA,NA,dynamic_classA
2579999,2024-01-24T14:40:07Z,24.536356666666666,54.385088333333336,NA,NA,NA,dynamic_classA
2579999,2024-01-24T14:40:08Z,65.21748333333333,6.9051383333333325,NA,NA,NA,dynamic_classA
2579999,2024-01-24T14:40:15Z,29.650671666666664,32.36102666666667,NA,NA,NA,dynamic_classA
2579999,2024-01-24T14:40:18Z,53.54,9.878866666666665,NA,NA,NA,dynamic_classA
2579999,2024-01-24T14:40:20Z,24.536358333333332,54.385086666666666,NA,NA,NA,dynamic_classA
2579999,2024-01-24T14:40:49Z,29.650668333333332,32.36102666666667,NA,NA,NA,dynamic_classA
2579999,2024-01-24T14:40:50Z,34.795370000000005,127.73850666666667,NA,NA,NA,dynamic_classA
2579999,2024-01-24T14:41:35Z,24.536365,54.385088333333336,NA,NA,NA,dynamic_classA
2579999,2024-01-24T14:41:37Z,35.501555,129.44114,NA,NA,NA,dynamic_classA
2579999,2024-01-24T14:41:48Z,-20.158825,115.17022833333334,NA,NA,NA,dynamic_classA
2579999,2024-01-24T14:41:49Z,50.79959833333333,-1.1100050000000001,NA,NA,NA,dynamic_classA
2579999,2024-01-24T14:41:55Z,29.650668333333332,32.361025,NA,NA,NA,dynamic_classA
2579999,2024-01-24T14:42:06Z,-20.15900333333333,115.16986166666668,NA,NA,NA,dynamic_classA
2579999,2024-01-24T14:42:19Z,29.650665,32.36103166666667,NA,NA,NA,dynamic_classA
2579999,2024-01-24T14:42:39Z,53.450606666666665,0.8896216666666666,NA,NA,NA,dynamic_classA
2579999,2024-01-24T14:42:53Z,50.79960333333334,-1.1100050000000001,NA,NA,NA,dynamic_classA
2579999,2024-01-24T14:43:20Z,35.50154833333333,129.44114,NA,NA,NA,dynamic_classA
2579999,2024-01-24T14:43:30Z,34.795361666666665,127.73848666666666,NA,NA,NA,dynamic_classA
2579999,2024-01-24T14:44:10Z,54.603296666666665,-1.1617216666666665,NA,NA,NA,dynamic_classA
2579999,2024-01-24T14:44:12Z,35.501560000000005,129.44113833333333,NA,NA,NA,dynamic_classA
2579999,2024-01-24T14:44:16Z,24.536341666666665,54.38511333333334,NA,NA,NA,dynamic_classA
2579999,2024-01-24T14:44:31Z,24.536341666666665,54.38510333333333,NA,NA,NA,dynamic_classA
2579999,2024-01-24T14:44:47Z,35.50156166666667,129.44113833333333,NA,NA,NA,dynamic_classA
2579999,2024-01-24T14:44:54Z,-38.44959666666667,148.3090083333333,NA,NA,NA,dynamic_classA
2579999,2024-01-24T14:45:00Z,34.795361666666665,127.73849333333332,NA,NA,NA,dynamic_classA
2579999,2024-01-24T14:45:01Z,50.799596666666666,-1.1099983333333334,NA,NA,NA,dynamic_classA
2579999,2024-01-24T14:45:37Z,24.536353333333334,54.38509666666666,NA,NA,NA,dynamic_classA
2579999,2024-01-24T14:45:41Z,29.65065333333333,32.36102833333334,NA,NA,NA,dynamic_classA
2579999,2024-01-24T14:45:56Z,54.603280000000005,-1.1617549999999999,NA,NA,NA,dynamic_classA
2579999,2024-01-24T14:46:02Z,65.21747833333333,6.905183333333333,NA,NA,NA,dynamic_classA
2579999,2024-01-24T14:46:11Z,65.21747666666667,6.90518,NA,NA,NA,dynamic_classA
2579999,2024-01-24T14:46:25Z,34.795361666666665,127.73848666666666,NA,NA,NA,dynamic_classA
2579999,2024-01-24T14:46:32Z,35.501560000000005,129.441145,NA,NA,NA,dynamic_classA
2579999,2024-01-24T14:46:40Z,-20.161296666666665,115.16540833333333,NA,NA,NA,dynamic_classA
2579999,2024-01-24T14:46:41Z,29.65065333333333,32.361023333333335,NA,NA,NA,dynamic_classA
2579999,2024-01-24T14:46:44Z,65.21747666666667,6.905156666666667,NA,NA,NA,dynamic_classA
2579999,2024-01-24T14:46:52Z,-5.455383333333333,105.31050666666667,NA,NA,NA,dynamic_classA
2579999,2024-01-24T14:46:53Z,35.501560000000005,129.44114166666665,NA,NA,NA,dynamic_classA
2579999,2024-01-24T14:46:55Z,53.539986666666664,9.878865,NA,NA,NA,dynamic_classA
2579999,2024-01-24T14:46:56Z,35.50155666666667,129.44114166666665,NA,NA,NA,dynamic_classA
2579999,2024-01-24T14:47:18Z,-20.161751666666664,115.16452666666667,NA,NA,NA,dynamic_classA
2579999,2024-01-24T14:47:22Z,-20.161751666666664,115.16452666666667,NA,NA,NA,dynamic_classA
2579999,2024-01-24T14:47:30Z,1.2831599999999999,103.77934333333333,NA,NA,NA,dynamic_classA
2579999,2024-01-24T14:47:46Z,9.503431666666668,-13.708228333333333,NA,NA,NA,dynamic_classA
2579999,2024-01-24T14:47:47Z,50.799595,-1.1100033333333335,NA,NA,NA,dynamic_classA
2579999,2024-01-24T14:47:49Z,56.701705,-2.465731666666667,NA,NA,NA,dynamic_classA
2579999,2024-01-24T14:48:00Z,1.2831599999999999,103.77934333333333,NA,NA,NA,dynamic_classA
2579999,2024-01-24T14:48:04Z,29.65065333333333,32.361025,NA,NA,NA,dynamic_classA
2579999,2024-01-24T14:48:28Z,-38.449553333333334,148.30907,NA,NA,NA,dynamic_classA
2579999,2024-01-24T14:48:42Z,35.50154833333333,129.441145,NA,NA,NA,dynamic_classA
2579999,2024-01-24T14:48:59Z,-2.6682766666666664,118.89451000000001,NA,NA,NA,dynamic_classA
2579999,2024-01-24T14:49:18Z,29.650654999999997,32.361023333333335,NA,NA,NA,dynamic_classA
2579999,2024-01-24T14:49:34Z,1.2831616666666668,103.77934499999999,NA,NA,NA,dynamic_classA
2579999,2024-01-24T14:49:53Z,53.53998333333333,9.878863333333333,NA,NA,NA,dynamic_classA
2579999,2024-01-24T14:49:57Z,24.53637666666667,54.385095,NA,NA,NA,dynamic_classA
2579999,2024-01-24T14:50:07Z,-2.6682766666666664,118.89449666666665,NA,NA,NA,dynamic_classA
2579999,2024-01-24T14:50:08Z,46.543980000000005,-48.499066666666664,NA,NA,NA,satellite
2579999,2024-01-24T14:50:27Z,34.79536666666667,127.73850166666666,NA,NA,NA,dynamic_classA
2579999,2024-01-24T14:50:33Z,53.539985,9.878861666666667,NA,NA,NA,dynamic_classA
2579999,2024-01-24T14:50:34Z,56.701705,-2.4657433333333336,NA,NA,NA,dynamic_classA
2579999,2024-01-24T14:50:37Z,24.536366666666666,54.385101666666664,NA,NA,NA,dynamic_classA
2579999,2024-01-24T14:50:41Z,-20.163310000000003,115.16127333333334,NA,NA,NA,dynamic_classA
2579999,2024-01-24T14:50:47Z,35.50153833333333,129.44114333333334,NA,NA,NA,dynamic_classA
2579999,2024-01-24T14:50:54Z,1.2831583333333334,103.77931,NA,NA,NA,dynamic_classA
2579999,2024-01-24T14:50:57Z,-20.163476666666668,115.16094333333334,NA,NA,NA,dynamic_classA
2579999,2024-01-24T14:51:06Z,34.79534833333333,127.73849,NA,NA,NA,dynamic_classA
2579999,2024-01-24T14:51:18Z,29.65065333333333,32.36102666666667,NA,NA,NA,dynamic_classA
2579999,2024-01-24T14:51:23Z,29.65065333333333,32.36102666666667,NA,NA,NA,dynamic_classA
2579999,2024-01-24T14:51:28Z,35.50153666666667,129.44114166666665,NA,NA,NA,dynamic_classA
2579999,2024-01-24T14:51:38Z,35.50153666666667,129.44114166666665,NA,NA,NA,dynamic_classA
2579999,2024-01-24T14:51:47Z,3.5680666666666667,113.32466500000001,NA,NA,NA,dynamic_classA
2579999,2024-01-24T14:52:08Z,-20.1641,115.15956833333333,NA,NA,NA,dynamic_classA
2579999,2024-01-24T14:52:09Z,35.50154833333333,129.44114166666665,NA,NA,NA,dynamic_classA
2579999,2024-01-24T14:52:19Z,65.217525,6.905209999999999,NA,NA,NA,dynamic_classA
2579999,2024-01-24T14:52:50Z,29.650651666666665,32.36102833333334,NA,NA,NA,dynamic_classA
2579999,2024-01-24T14:52:57Z,53.539986666666664,9.87886,NA,NA,NA,dynamic_classA
2579999,2024-01-24T14:53:05Z,-20.164503333333336,115.158705,NA,NA,NA,dynamic_classA
2579999,2024-01-24T14:53:13Z,9.503440000000001,-13.708210000000001,NA,NA,NA,dynamic_classA
2579999,2024-01-24T14:53:36Z,34.795365,127.73847,NA,NA,NA,dynamic_classA
2579999,2024-01-24T14:53:51Z,54.603278333333336,-1.1617583333333334,NA,NA,NA,dynamic_classA
2579999,2024-01-24T14:54:04Z,24.536358333333332,54.385086666666666,NA,NA,NA,dynamic_classA
2579999,2024-01-24T14:54:06Z,53.53998833333333,9.878858333333334,NA,NA,NA,dynamic_classA
2579999,2024-01-24T14:54:38Z,-20.16523,115.157215,NA,NA,NA,dynamic_classA
2579999,2024-01-24T14:54:40Z,1.2831566666666667,103.77931666666667,NA,NA,NA,dynamic_classA
2579999,2024-01-24T14:55:04Z,50.79962666666667,-1.1100116666666666,NA,NA,NA,dynamic_classA
2579999,2024-01-24T14:55:08Z,29.650646666666667,32.36102833333334,NA,NA,NA,dynamic_classA
2579999,2024-01-24T14:55:09Z,29.650646666666667,32.36102833333334,NA,NA,NA,dynamic_classA
2579999,2024-01-24T14:55:33Z,54.60329333333333,-1.1617383333333333,NA,NA,NA,dynamic_classA
2579999,2024-01-24T14:55:38Z,24.536373333333334,54.38507166666667,NA,NA,NA,dynamic_classA
2579999,2024-01-24T14:55:57Z,34.79537666666667,127.73848333333333,NA,NA,NA,dynamic_classA
2579999,2024-01-24T14:56:05Z,29.650648333333333,32.36103166666667,NA,NA,NA,dynamic_classA
2579999,2024-01-24T14:56:12Z,53.450541666666666,0.8895833333333333,NA,NA,NA,dynamic_classA
2579999,2024-01-24T14:56:34Z,35.50155333333333,129.44114666666667,NA,NA,NA,dynamic_classA
2579999,2024-01-24T14:56:46Z,50.79962,-1.1100166666666667,NA,NA,NA,dynamic_classA
2579999,2024-01-24T14:56:56Z,1.2831599999999999,103.77932166666666,NA,NA,NA,dynamic_classA
2579999,2024-01-24T14:57:35Z,1.2831599999999999,103.77932166666666,NA,NA,NA,dynamic_classA
2579999,2024-01-24T14:57:38Z,9.503433333333334,-13.708228333333333,NA,NA,NA,satellite
2579999,2024-01-24T14:58:07Z,29.650646666666667,32.36103333333333,NA,NA,NA,dynamic_classA
2579999,2024-01-24T14:58:17Z,1.283155,103.77932000000001,NA,NA,NA,dynamic_classA
2579999,2024-01-24T14:58:38Z,35.501558333333335,129.44115,NA,NA,NA,dynamic_classA
2579999,2024-01-24T14:58:42Z,1.2831599999999999,103.779325,NA,NA,NA,dynamic_classA
2579999,2024-01-24T14:58:48Z,-20.167095,115.15307333333334,NA,NA,NA,dynamic_classA
2579999,2024-01-24T14:58:50Z,56.701723333333334,-2.4657283333333333,NA,NA,NA,dynamic_classA
2579999,2024-01-24T14:58:56Z,24.536350000000002,54.38508,NA,NA,NA,dynamic_classA
2579999,2024-01-24T14:59:03Z,46.543980000000005,-48.499066666666664,NA,NA,NA,dynamic_classA
2579999,2024-01-24T14:59:39Z,1.2831666666666666,103.779335,NA,NA,NA,dynamic_classA
2579999,2024-01-24T14:59:40Z,1.2831666666666666,103.779335,NA,NA,NA,dynamic_classA
2579999,2024-01-24T14:59:50Z,24.536348333333333,54.38509166666667,NA,NA,NA,dynamic_classA
2579999,2024-01-24T14:59:55Z,34.79537333333334,127.73849833333334,NA,NA,NA,dynamic_classA
2579999,2024-01-24T14:59:56Z,56.701726666666666,-2.465731666666667,NA,NA,NA,dynamic_classA
2579999,2024-01-24T15:00:09Z,24.536346666666667,54.38509333333333,NA,NA,NA,dynamic_classA
2579999,2024-01-24T15:00:25Z,50.79961333333333,-1.11001,NA,NA,NA,dynamic_classA
2579999,2024-01-24T15:00:27Z,1.2831666666666666,103.77934166666667,NA,NA,NA,dynamic_classA
2579999,2024-01-24T15:00:37Z,65.217475,6.905165,NA,NA,NA,dynamic_classA
2579999,2024-01-24T15:00:49Z,35.50156666666667,129.44114166666665,NA,NA,NA,dynamic_classA
2579999,2024-01-24T15:00:55Z,29.650638333333333,32.36102666666667,NA,NA,NA,dynamic_classA
2579999,2024-01-24T15:01:08Z,53.539985,9.878865,NA,NA,NA,dynamic_classA
2579999,2024-01-24T15:01:15Z,63.44209,10.403373333333333,NA,NA,NA,dynamic_classA
2579999,2024-01-24T15:01:27Z,9.503433333333334,-13.708231666666668,NA,NA,NA,satellite
2579999,2024-01-24T15:01:28Z,29.650638333333333,32.36102833333334,NA,NA,NA,dynamic_classA
2579999,2024-01-24T15:01:29Z,53.45056,0.8896583333333333,NA,NA,NA,dynamic_classA
2579999,2024-01-24T15:01:41Z,34.795365,127.73847500000001,NA,NA,NA,dynamic_classA
2579999,2024-01-24T15:01:57Z,35.50157166666667,129.441135,NA,NA,NA,dynamic_classA
2579999,2024-01-24T15:02:27Z,9.50343,-13.708223333333333,NA,NA,NA,satellite
2579999,2024-01-24T15:02:29Z,29.65064,32.36102833333334,NA,NA,NA,dynamic_classA
2579999,2024-01-24T15:02:31Z,24.53634,54.38509,NA,NA,NA,dynamic_classA
2579999,2024-01-24T15:02:55Z,24.53634,54.38509166666667,NA,NA,NA,dynamic_classA
2579999,2024-01-24T15:03:00Z,-20.168943333333335,115.14880666666666,NA,NA,NA,dynamic_classA
2579999,2024-01-24T15:03:04Z,29.650635,32.361025,NA,NA,NA,dynamic_classA
2579999,2024-01-24T15:03:15Z,-20.169015,115.14865333333334,NA,NA,NA,dynamic_classA
2579999,2024-01-24T15:03:25Z,29.650633333333335,32.361025,NA,NA,NA,dynamic_classA
2579999,2024-01-24T15:03:37Z,-38.44950666666667,148.30892333333335,NA,NA,NA,satellite
2579999,2024-01-24T15:03:40Z,35.501555,129.44114166666665,NA,NA,NA,dynamic_classA
2579999,2024-01-24T15:03:42Z,-38.44950666666667,148.30892333333335,NA,NA,NA,satellite
2579999,2024-01-24T15:03:47Z,-38.449513333333336,148.30893666666668,NA,NA,NA,satellite
2579999,2024-01-24T15:03:52Z,-38.449513333333336,148.30893666666668,NA,NA,NA,satellite
2579999,2024-01-24T15:03:57Z,-38.44951666666667,148.30894333333333,NA,NA,NA,satellite
2579999,2024-01-24T15:04:02Z,-38.44951666666667,148.30894333333333,NA,NA,NA,satellite
2579999,2024-01-24T15:04:10Z,34.795368333333336,127.73847833333333,NA,NA,NA,dynamic_classA
2579999,2024-01-24T15:04:23Z,50.79962166666667,-1.1100083333333333,NA,NA,NA,dynamic_classA
2579999,2024-01-24T15:04:27Z,-38.44952166666667,148.30894500000002,NA,NA,NA,satellite
2579999,2024-01-24T15:04:30Z,54.60339,-1.1617549999999999,NA,NA,NA,dynamic_classA
2579999,2024-01-24T15:04:32Z,-38.44952166666667,148.30894500000002,NA,NA,NA,satellite
2579999,2024-01-24T15:04:37Z,-38.449529999999996,148.30894833333332,NA,NA,NA,satellite
2579999,2024-01-24T15:04:42Z,-38.449529999999996,148.30894833333332,NA,NA,NA,satellite
2579999,2024-01-24T15:04:51Z,35.501558333333335,129.44114333333334,NA,NA,NA,dynamic_classA
2579999,2024-01-24T15:04:57Z,-38.44952,148.30895,NA,NA,NA,satellite
2579999,2024-01-24T15:05:02Z,-38.44952,148.30895,NA,NA,NA,satellite
2579999,2024-01-24T15:05:17Z,35.501565,129.44113166666665,NA,NA,NA,dynamic_classA
2579999,2024-01-24T15:05:26Z,-20.169838333333335,115.14653333333334,NA,NA,NA,dynamic_classA
2579999,2024-01-24T15:05:28Z,24.53634,54.385104999999996,NA,NA,NA,dynamic_classA
2579999,2024-01-24T15:05:34Z,-38.44950666666667,148.30894166666667,NA,NA,NA,dynamic_classA
2579999,2024-01-24T15:05:37Z,-38.44950666666667,148.30893333333333,NA,NA,NA,satellite
2579999,2024-01-24T15:05:40Z,34.795355,127.73846499999999,NA,NA,NA,dynamic_classA
2579999,2024-01-24T15:05:42Z,-38.44950666666667,148.30893333333333,NA,NA,NA,satellite
2579999,2024-01-24T15:06:02Z,29.650631666666666,32.361025,NA,NA,NA,dynamic_classA
2579999,2024-01-24T15:06:02Z,-38.44950166666667,148.30890833333333,NA,NA,NA,satellite
2579999,2024-01-24T15:06:07Z,54.60332166666667,-1.1617233333333334,NA,NA,NA,dynamic_classA
2579999,2024-01-24T15:06:17Z,-38.44949999999999,148.30888666666667,NA,NA,NA,satellite
2579999,2024-01-24T15:06:20Z,1.2831650000000001,103.77932000000001,NA,NA,NA,dynamic_classA
2579999,2024-01-24T15:06:22Z,-38.44949999999999,148.30888666666667,NA,NA,NA,satellite
2579999,2024-01-24T15:06:27Z,-38.44950166666667,148.3088833333333,NA,NA,NA,satellite
2579999,2024-01-24T15:06:30Z,1.2831650000000001,103.77932000000001,NA,NA,NA,dynamic_classA
2579999,2024-01-24T15:06:32Z,-38.44950166666667,148.3088833333333,NA,NA,NA,satellite
2579999,2024-01-24T15:06:37Z,-38.44950333333334,148.30888166666668,NA,NA,NA,satellite
2579999,2024-01-24T15:06:42Z,65.21749333333334,6.905188333333333,NA,NA,NA,dynamic_classA
2579999,2024-01-24T15:06:42Z,-38.44950333333334,148.30888166666668,NA,NA,NA,satellite
2579999,2024-01-24T15:06:47Z,-38.44950333333334,148.30888166666668,NA,NA,NA,satellite
2579999,2024-01-24T15:06:50Z,65.21749333333334,6.905191666666667,NA,NA,NA,dynamic_classA
2579999,2024-01-24T15:06:52Z,-38.44950333333334,148.30888166666668,NA,NA,NA,satellite
2579999,2024-01-24T15:07:08Z,65.21748666666666,6.90518,NA,NA,NA,dynamic_classA
2579999,2024-01-24T15:07:22Z,35.50157,129.44113000000002,NA,NA,NA,dynamic_classA
2579999,2024-01-24T15:07:23Z,56.701705,-2.465751666666667,NA,NA,NA,dynamic_classA
2579999,2024-01-24T15:07:25Z,35.50156833333333,129.44112833333332,NA,NA,NA,dynamic_classA
2579999,2024-01-24T15:07:26Z,34.79535166666667,127.73845666666666,NA,NA,NA,dynamic_classA
2579999,2024-01-24T15:07:32Z,-5.45538,105.31050666666667,NA,NA,NA,dynamic_classA
2579999,2024-01-24T15:07:43Z,35.50156833333333,129.44112666666666,NA,NA,NA,dynamic_classA
2579999,2024-01-24T15:08:00Z,9.503431666666668,-13.70822,NA,NA,NA,dynamic_classA
2579999,2024-01-24T15:08:09Z,56.701706666666674,-2.465748333333333,NA,NA,NA,dynamic_classA
2579999,2024-01-24T15:08:21Z,1.2831650000000001,103.779335,NA,NA,NA,dynamic_classA
2579999,2024-01-24T15:08:42Z,3.5680666666666667,113.32466500000001,NA,NA,NA,dynamic_classA
2579999,2024-01-24T15:09:03Z,1.2831650000000001,103.77933333333334,NA,NA,NA,dynamic_classA
2579999,2024-01-24T15:09:06Z,9.503436666666666,-13.708218333333333,NA,NA,NA,dynamic_classA
2579999,2024-01-24T15:09:13Z,35.50157166666667,129.44113666666667,NA,NA,NA,dynamic_classA
2579999,2024-01-24T15:09:38Z,-20.171311666666668,115.14282166666666,NA,NA,NA,dynamic_classA
2579999,2024-01-24T15:09:49Z,-2.66827,118.89449166666667,NA,NA,NA,dynamic_classA
2579999,2024-01-24T15:09:55Z,53.53998333333333,9.87886,NA,NA,NA,dynamic_classA
2579999,2024-01-24T15:09:58Z,-38.449643333333334,148.308915,NA,NA,NA,dynamic_classA
2579999,2024-01-24T15:10:24Z,24.536335,54.385095,NA,NA,NA,dynamic_classA
2579999,2024-01-24T15:10:32Z,-20.17148,115.14232666666666,NA,NA,NA,dynamic_classA
2579999,2024-01-24T15:10:34Z,9.503436666666666,-13.708223333333333,NA,NA,NA,dynamic_classA
2579999,2024-01-24T15:10:58Z,35.501575,129.441145,NA,NA,NA,dynamic_classA
2579999,2024-01-24T15:11:07Z,34.795359999999995,127.73848166666667,NA,NA,NA,dynamic_classA
2579999,2024-01-24T15:11:14Z,53.53998166666667,9.87886,NA,NA,NA,dynamic_classA
2579999,2024-01-24T15:11:21Z,-20.171676666666666,115.14181,NA,NA,NA,dynamic_classA
2579999,2024-01-24T15:11:25Z,1.2831583333333334,103.77931333333332,NA,NA,NA,dynamic_classA
2579999,2024-01-24T15:11:27Z,24.536321666666666,54.385104999999996,NA,NA,NA,dynamic_classA
2579999,2024-01-24T15:11:34Z,56.70167166666667,-2.46573,NA,NA,NA,dynamic_classA
2579999,2024-01-24T15:11:37Z,50.79960833333334,-1.1100066666666666,NA,NA,NA,dynamic_classA
2579999,2024-01-24T15:11:38Z,29.650588333333335,32.36101166666666,NA,NA,NA,dynamic_classA
2579999,2024-01-24T15:11:43Z,29.650591666666667,32.36101,NA,NA,NA,dynamic_classA
2579999,2024-01-24T15:11:47Z,53.53998166666667,9.87886,NA,NA,NA,dynamic_classA
2579999,2024-01-24T15:12:06Z,34.79534833333333,127.73848666666666,NA,NA,NA,dynamic_classA
2579999,2024-01-24T15:12:27Z,-2.668266666666667,118.89449666666665,NA,NA,NA,dynamic_classA
2579999,2024-01-24T15:12:28Z,35.501565,129.44115,NA,NA,NA,dynamic_classA
2579999,2024-01-24T15:12:29Z,35.501565,129.44114833333333,NA,NA,NA,dynamic_classA
2579999,2024-01-24T15:12:53Z,65.217485,6.905176666666667,NA,NA,NA,dynamic_classA
2579999,2024-01-24T15:13:39Z,65.21748,6.905186666666666,NA,NA,NA,dynamic_classA
2579999,2024-01-24T15:13:40Z,29.65059666666667,32.36100666666667,NA,NA,NA,dynamic_classA
2579999,2024-01-24T15:13:53Z,9.50343,-13.708229999999999,NA,NA,NA,dynamic_classA
2579999,2024-01-24T15:13:55Z,53.53997666666667,9.878858333333334,NA,NA,NA,dynamic_classA
2579999,2024-01-24T15:14:01Z,54.60330666666667,-1.1617849999999998,NA,NA,NA,dynamic_classA
2579999,2024-01-24T15:14:11Z,29.65059666666667,32.36100666666667,NA,NA,NA,dynamic_classA
2579999,2024-01-24T15:14:26Z,34.795361666666665,127.73847500000001,NA,NA,NA,dynamic_classA
2579999,2024-01-24T15:15:11Z,35.50155666666667,129.44112666666666,NA,NA,NA,dynamic_classA
2579999,2024-01-24T15:15:19Z,29.6506,32.36100833333333,NA,NA,NA,dynamic_classA
2579999,2024-01-24T15:15:38Z,24.536311666666666,54.38509666666666,NA,NA,NA,dynamic_classA
2579999,2024-01-24T15:15:39Z,-33.878465,-58.421033333333334,NA,NA,NA,satellite
2579999,2024-01-24T15:15:49Z,29.65059666666667,32.36101333333333,NA,NA,NA,dynamic_classA
2579999,2024-01-24T15:15:53Z,54.60329333333333,-1.1617683333333335,NA,NA,NA,dynamic_classA
2579999,2024-01-24T15:16:19Z,24.536313333333332,54.38509166666667,NA,NA,NA,dynamic_classA
2579999,2024-01-24T15:16:27Z,34.79536333333333,127.73848,NA,NA,NA,dynamic_classA
2579999,2024-01-24T15:16:44Z,-33.87845333333333,-58.42104333333334,NA,NA,NA,satellite
2579999,2024-01-24T15:16:54Z,1.2831633333333334,103.779325,NA,NA,NA,satellite
2579999,2024-01-24T15:16:55Z,50.799615,-1.1100116666666666,NA,NA,NA,dynamic_classA
2579999,2024-01-24T15:17:13Z,1.2831683333333332,103.77933,NA,NA,NA,dynamic_classA
2579999,2024-01-24T15:17:15Z,1.2831683333333332,103.77933,NA,NA,NA,dynamic_classA
2579999,2024-01-24T15:17:19Z,53.450575,0.8896366666666666,NA,NA,NA,dynamic_classA
2579999,2024-01-24T15:17:25Z,24.536335,54.38507666666667,NA,NA,NA,dynamic_classA
2579999,2024-01-24T15:17:39Z,1.2831683333333332,103.77932000000001,NA,NA,NA,dynamic_classA
2579999,2024-01-24T15:17:42Z,24.536335,54.38507666666667,NA,NA,NA,dynamic_classA
2579999,2024-01-24T15:17:47Z,24.536335,54.38507666666667,NA,NA,NA,dynamic_classA
2579999,2024-01-24T15:17:48Z,25.31901,53.46252833333333,NA,NA,NA,dynamic_classA
2579999,2024-01-24T15:17:49Z,25.31901,53.46252833333333,NA,NA,NA,dynamic_classA
2579999,2024-01-24T15:17:51Z,25.31901,53.46252833333333,NA,NA,NA,dynamic_classA
2579999,2024-01-24T15:17:54Z,50.79961166666667,-1.11001,NA,NA,NA,dynamic_classA
2579999,2024-01-24T15:17:55Z,-33.87847,-58.421034999999996,NA,NA,NA,satellite
2579999,2024-01-24T15:17:56Z,25.319011666666665,53.46253166666667,NA,NA,NA,dynamic_classA
2579999,2024-01-24T15:17:58Z,25.319011666666665,53.46253166666667,NA,NA,NA,dynamic_classA
2579999,2024-01-24T15:17:59Z,25.319011666666665,53.46253166666667,NA,NA,NA,dynamic_classA
2579999,2024-01-24T15:18:02Z,25.319011666666665,53.46253166666667,NA,NA,NA,dynamic_classA
2579999,2024-01-24T15:18:07Z,25.319011666666665,53.46253166666667,NA,NA,NA,dynamic_classA
2579999,2024-01-24T15:18:10Z,25.319011666666665,53.46253166666667,NA,NA,NA,dynamic_classA
2579999,2024-01-24T15:18:17Z,29.650601666666667,32.36102833333334,NA,NA,NA,dynamic_classA
2579999,2024-01-24T15:18:49Z,56.70169666666666,-2.46574,NA,NA,NA,dynamic_classA
2579999,2024-01-24T15:19:08Z,35.50156333333334,129.44114666666667,NA,NA,NA,dynamic_classA
2579999,2024-01-24T15:19:23Z,1.2831666666666666,103.77932666666668,NA,NA,NA,dynamic_classA
2579999,2024-01-24T15:19:35Z,-20.17438,115.13465833333333,NA,NA,NA,dynamic_classA
2579999,2024-01-24T15:20:10Z,-20.17471,115.13398166666666,NA,NA,NA,satellite
2579999,2024-01-24T15:20:15Z,24.53630666666667,54.385101666666664,NA,NA,NA,dynamic_classA
2579999,2024-01-24T15:20:16Z,1.2831650000000001,103.77932000000001,NA,NA,NA,dynamic_classA
2579999,2024-01-24T15:20:18Z,1.2831683333333332,103.779325,NA,NA,NA,dynamic_classA
2579999,2024-01-24T15:20:20Z,-20.174781666666668,115.13381666666668,NA,NA,NA,satellite
2579999,2024-01-24T15:20:30Z,24.536301666666667,54.385101666666664,NA,NA,NA,dynamic_classA
2579999,2024-01-24T15:20:40Z,-20.174908333333335,115.13350166666667,NA,NA,NA,satellite
2579999,2024-01-24T15:20:47Z,1.2831666666666666,103.779325,NA,NA,NA,dynamic_classA
2579999,2024-01-24T15:21:00Z,-20.175036666666664,115.13319166666666,NA,NA,NA,satellite
2579999,2024-01-24T15:21:08Z,65.21750166666666,6.90518,NA,NA,NA,dynamic_classA
2579999,2024-01-24T15:21:09Z,1.2831650000000001,103.77932000000001,NA,NA,NA,dynamic_classA
2579999,2024-01-24T15:21:15Z,34.79534666666667,127.73847833333333,NA,NA,NA,dynamic_classA
2579999,2024-01-24T15:21:23Z,-20.175201666666666,115.13283499999999,NA,NA,NA,satellite
2579999,2024-01-24T15:21:25Z,26.201700000000002,50.599648333333334,NA,NA,NA,dynamic_classA
2579999,2024-01-24T15:21:27Z,24.536293333333333,54.3851,NA,NA,NA,dynamic_classA
2579999,2024-01-24T15:21:35Z,29.650588333333335,32.36102,NA,NA,NA,dynamic_classA
2579999,2024-01-24T15:21:39Z,35.501551666666664,129.44113333333334,NA,NA,NA,dynamic_classA
2579999,2024-01-24T15:21:44Z,-38.449666666666666,148.30901666666665,NA,NA,NA,dynamic_classA
2579999,2024-01-24T15:21:45Z,21.571448333333333,88.25144,NA,NA,NA,dynamic_classA
2579999,2024-01-24T15:21:48Z,50.79961,-1.11002,NA,NA,NA,dynamic_classA
2579999,2024-01-24T15:21:58Z,53.539971666666666,9.878845,NA,NA,NA,dynamic_classA
2579999,2024-01-24T15:22:08Z,29.650585,32.361016666666664,NA,NA,NA,dynamic_classA
2579999,2024-01-24T15:22:17Z,35.50154166666667,129.44113166666665,NA,NA,NA,dynamic_classA
2579999,2024-01-24T15:22:30Z,34.795361666666665,127.73848833333334,NA,NA,NA,dynamic_classA
2579999,2024-01-24T15:22:49Z,29.650585,32.361018333333334,NA,NA,NA,dynamic_classA
2579999,2024-01-24T15:22:57Z,-20.175810000000002,115.13137,NA,NA,NA,satellite
2579999,2024-01-24T15:23:13Z,-20.175898333333336,115.13114833333334,NA,NA,NA,dynamic_classA
2579999,2024-01-24T15:23:18Z,1.2831683333333332,103.779325,NA,NA,NA,dynamic_classA
2579999,2024-01-24T15:23:24Z,29.650585,32.361023333333335,NA,NA,NA,dynamic_classA
2579999,2024-01-24T15:24:00Z,35.50155333333333,129.44114166666665,NA,NA,NA,dynamic_classA
2579999,2024-01-24T15:24:01Z,-20.176178333333333,115.13049166666666,NA,NA,NA,dynamic_classA
2579999,2024-01-24T15:24:50Z,54.60324666666667,-1.1617566666666665,NA,NA,NA,dynamic_classA
2579999,2024-01-24T15:24:55Z,29.650575,32.36101333333333,NA,NA,NA,dynamic_classA
2579999,2024-01-24T15:25:31Z,35.50156166666667,129.44114,NA,NA,NA,dynamic_classA
2579999,2024-01-24T15:25:44Z,50.79962,-1.110025,NA,NA,NA,dynamic_classA
2579999,2024-01-24T15:25:53Z,1.28317,103.77934166666667,NA,NA,NA,dynamic_classA
2579999,2024-01-24T15:25:57Z,35.50156666666667,129.44113333333334,NA,NA,NA,dynamic_classA
2579999,2024-01-24T15:26:01Z,24.536291666666667,54.38509666666666,NA,NA,NA,dynamic_classA
2579999,2024-01-24T15:26:22Z,29.650575,32.36101,NA,NA,NA,dynamic_classA
2579999,2024-01-24T15:26:27Z,54.60321833333333,-1.1617183333333334,NA,NA,NA,dynamic_classA
2579999,2024-01-24T15:26:50Z,34.79534833333333,127.73848666666666,NA,NA,NA,dynamic_classA
2579999,2024-01-24T15:27:12Z,-5.455378333333333,105.31048000000001,NA,NA,NA,dynamic_classA
2579999,2024-01-24T15:27:13Z,50.79962166666667,-1.11002,NA,NA,NA,dynamic_classA
2579999,2024-01-24T15:27:20Z,65.21747166666667,6.90517,NA,NA,NA,dynamic_classA
2579999,2024-01-24T15:27:46Z,35.501551666666664,129.44113333333334,NA,NA,NA,dynamic_classA
2579999,2024-01-24T15:27:50Z,-20.17766333333333,115.126845,NA,NA,NA,dynamic_classA
2579999,2024-01-24T15:27:52Z,9.50343,-13.708231666666668,NA,NA,NA,dynamic_classA
2579999,2024-01-24T15:28:05Z,34.795365,127.73848,NA,NA,NA,dynamic_classA
2579999,2024-01-24T15:28:12Z,35.501551666666664,129.44113666666667,NA,NA,NA,dynamic_classA
2579999,2024-01-24T15:28:19Z,56.701710000000006,-2.465731666666667,NA,NA,NA,dynamic_classA
2579999,2024-01-24T15:28:33Z,35.501549999999995,129.44113166666665,NA,NA,NA,dynamic_classA
2579999,2024-01-24T15:28:56Z,9.503436666666666,-13.708223333333333,NA,NA,NA,dynamic_classA
2579999,2024-01-24T15:29:01Z,1.2831683333333332,103.77933333333334,NA,NA,NA,dynamic_classA
2579999,2024-01-24T15:29:40Z,-33.87848,-58.421056666666665,NA,NA,NA,satellite
2579999,2024-01-24T15:29:44Z,-20.17837666666667,115.124915,NA,NA,NA,satellite
2579999,2024-01-24T15:30:02Z,35.50156333333334,129.44113666666667,NA,NA,NA,dynamic_classA
2579999,2024-01-24T15:30:04Z,29.650598333333335,32.361015,NA,NA,NA,dynamic_classA
2579999,2024-01-24T15:30:15Z,53.539993333333335,9.878855,NA,NA,NA,dynamic_classA
2579999,2024-01-24T15:30:18Z,35.50156333333334,129.44113666666667,NA,NA,NA,dynamic_classA
2579999,2024-01-24T15:30:25Z,-20.178645,115.12414,NA,NA,NA,dynamic_classA
2579999,2024-01-24T15:30:39Z,53.539993333333335,9.878856666666668,NA,NA,NA,satellite
2579999,2024-01-24T15:30:49Z,-2.6682616666666665,118.89450666666667,NA,NA,NA,dynamic_classA
2579999,2024-01-24T15:31:03Z,53.539995,9.878856666666668,NA,NA,NA,dynamic_classA
2579999,2024-01-24T15:31:08Z,-38.44954499999999,148.30892333333335,NA,NA,NA,dynamic_classA
2579999,2024-01-24T15:31:24Z,9.503435,-13.708226666666667,NA,NA,NA,dynamic_classA
2579999,2024-01-24T15:31:46Z,50.799618333333335,-1.1100266666666667,NA,NA,NA,dynamic_classA
2579999,2024-01-24T15:31:47Z,34.79534,127.73848,NA,NA,NA,dynamic_classA
2579999,2024-01-24T15:31:49Z,58.014651666666666,7.48388,NA,NA,NA,dynamic_classA
2579999,2024-01-24T15:31:51Z,50.799618333333335,-1.1100266666666667,NA,NA,NA,dynamic_classA
2579999,2024-01-24T15:31:58Z,29.650585,32.361018333333334,NA,NA,NA,dynamic_classA
2579999,2024-01-24T15:32:04Z,53.539989999999996,9.878853333333332,NA,NA,NA,dynamic_classA
2579999,2024-01-24T15:32:07Z,53.539989999999996,9.878853333333332,NA,NA,NA,dynamic_classA
2579999,2024-01-24T15:32:28Z,-20.17933,115.12232333333333,NA,NA,NA,dynamic_classA
2579999,2024-01-24T15:32:34Z,56.701728333333335,-2.4657183333333332,NA,NA,NA,dynamic_classA
2579999,2024-01-24T15:32:37Z,24.5363,54.38509,NA,NA,NA,dynamic_classA
2579999,2024-01-24T15:32:38Z,35.501560000000005,129.44113333333334,NA,NA,NA,dynamic_classA
2579999,2024-01-24T15:32:46Z,1.2831583333333334,103.779315,NA,NA,NA,dynamic_classA
2579999,2024-01-24T15:32:49Z,35.501558333333335,129.44113333333334,NA,NA,NA,dynamic_classA
2579999,2024-01-24T15:32:56Z,34.79533833333333,127.73848833333334,NA,NA,NA,dynamic_classA
2579999,2024-01-24T15:33:10Z,34.795335,127.73848666666666,NA,NA,NA,dynamic_classA
2579999,2024-01-24T15:33:36Z,34.795343333333335,127.73848,NA,NA,NA,dynamic_classA
2579999,2024-01-24T15:33:39Z,3.5680666666666667,113.32466500000001,NA,NA,NA,dynamic_classA
2579999,2024-01-24T15:33:52Z,35.501555,129.44114,NA,NA,NA,dynamic_classA
2579999,2024-01-24T15:33:54Z,65.21747,6.905126666666666,NA,NA,NA,dynamic_classA
2579999,2024-01-24T15:33:58Z,24.5363,54.38509,NA,NA,NA,dynamic_classA
2579999,2024-01-24T15:33:59Z,65.21747166666667,6.905128333333334,NA,NA,NA,dynamic_classA
2579999,2024-01-24T15:34:00Z,29.650583333333334,32.361005,NA,NA,NA,dynamic_classA
2579999,2024-01-24T15:34:18Z,29.650576666666666,32.361000000000004,NA,NA,NA,dynamic_classA
2579999,2024-01-24T15:34:22Z,54.60323,-1.16173,NA,NA,NA,dynamic_classA
2579999,2024-01-24T15:34:31Z,29.650573333333334,32.361000000000004,NA,NA,NA,dynamic_classA
2579999,2024-01-24T15:34:33Z,9.50343,-13.708229999999999,NA,NA,NA,dynamic_classA
2579999,2024-01-24T15:34:35Z,29.650573333333334,32.361000000000004,NA,NA,NA,dynamic_classA
2579999,2024-01-24T15:34:36Z,50.79961166666667,-1.110015,NA,NA,NA,dynamic_classA
2579999,2024-01-24T15:34:44Z,29.650575,32.361000000000004,NA,NA,NA,dynamic_classA
2579999,2024-01-24T15:34:45Z,29.650573333333334,32.361000000000004,NA,NA,NA,dynamic_classA
2579999,2024-01-24T15:34:49Z,29.650575,32.361000000000004,NA,NA,NA,dynamic_classA
2579999,2024-01-24T15:34:51Z,29.650575,32.361000000000004,NA,NA,NA,dynamic_classA
2579999,2024-01-24T15:35:04Z,29.650576666666666,32.36100166666667,NA,NA,NA,dynamic_classA
2579999,2024-01-24T15:35:07Z,29.650576666666666,32.36100166666667,NA,NA,NA,dynamic_classA
2579999,2024-01-24T15:35:08Z,29.650576666666666,32.36100166666667,NA,NA,NA,dynamic_classA
2579999,2024-01-24T15:35:11Z,29.650576666666666,32.36100166666667,NA,NA,NA,dynamic_classA
2579999,2024-01-24T15:35:17Z,29.650576666666666,32.36100166666667,NA,NA,NA,dynamic_classA
2579999,2024-01-24T15:35:47Z,-2.6682633333333334,118.89449166666667,NA,NA,NA,dynamic_classA
2579999,2024-01-24T15:35:57Z,-20.180686666666666,115.11865166666666,NA,NA,NA,satellite
2579999,2024-01-24T15:36:11Z,50.799618333333335,-1.1100133333333335,NA,NA,NA,dynamic_classA
2579999,2024-01-24T15:36:13Z,54.60322,-1.1617233333333334,NA,NA,NA,dynamic_classA
2579999,2024-01-24T15:36:17Z,1.2831533333333334,103.77931166666667,NA,NA,NA,satellite
2579999,2024-01-24T15:36:21Z,-20.180823333333333,115.11832,NA,NA,NA,dynamic_classA
2579999,2024-01-24T15:36:24Z,-20.180864999999997,115.11822000000001,NA,NA,NA,satellite
2579999,2024-01-24T15:36:33Z,56.70170333333333,-2.465708333333333,NA,NA,NA,dynamic_classA
2579999,2024-01-24T15:36:45Z,1.2831516666666665,103.77931166666667,NA,NA,NA,dynamic_classA
2579999,2024-01-24T15:36:51Z,-20.181026666666664,115.11775666666668,NA,NA,NA,satellite
2579999,2024-01-24T15:36:57Z,34.795368333333336,127.73847166666665,NA,NA,NA,dynamic_classA
2579999,2024-01-24T15:36:58Z,-20.181065,115.11764333333333,NA,NA,NA,satellite
2579999,2024-01-24T15:37:04Z,35.501555,129.44114333333334,NA,NA,NA,dynamic_classA
2579999,2024-01-24T15:37:30Z,1.2831583333333334,103.77932166666666,NA,NA,NA,dynamic_classA
2579999,2024-01-24T15:37:33Z,1.2831583333333334,103.77932166666666,NA,NA,NA,dynamic_classA
2579999,2024-01-24T15:37:37Z,1.2831583333333334,103.77932166666666,NA,NA,NA,dynamic_classA
2579999,2024-01-24T15:37:45Z,9.50343,-13.70822,NA,NA,NA,dynamic_classA
2579999,2024-01-24T15:38:07Z,9.50343,-13.708221666666667,NA,NA,NA,satellite
2579999,2024-01-24T15:38:18Z,24.536303333333333,54.385083333333334,NA,NA,NA,dynamic_classA
2579999,2024-01-24T15:38:19Z,65.21746666666667,6.9051366666666665,NA,NA,NA,dynamic_classA
2579999,2024-01-24T15:38:20Z,1.2831583333333334,103.77932166666666,NA,NA,NA,dynamic_classA
2579999,2024-01-24T15:38:44Z,50.799616666666665,-1.1100083333333333,NA,NA,NA,dynamic_classA
2579999,2024-01-24T15:38:51Z,-20.181751666666667,115.11580333333333,NA,NA,NA,satellite
2579999,2024-01-24T15:38:55Z,-20.18180166666667,115.11568166666666,NA,NA,NA,dynamic_classA
2579999,2024-01-24T15:38:59Z,56.701705,-2.46571,NA,NA,NA,dynamic_classA
2579999,2024-01-24T15:39:10Z,-20.181893333333335,115.11545,NA,NA,NA,satellite
2579999,2024-01-24T15:39:24Z,-20.18198,115.11521166666667,NA,NA,NA,satellite
2579999,2024-01-24T15:39:48Z,35.50154333333333,129.441135,NA,NA,NA,dynamic_classA
2579999,2024-01-24T15:39:58Z,35.50154166666667,129.44114333333334,NA,NA,NA,dynamic_classA
2579999,2024-01-24T15:40:08Z,1.2831516666666665,103.779315,NA,NA,NA,dynamic_classA
2579999,2024-01-24T15:40:10Z,-20.182291666666668,115.11433666666667,NA,NA,NA,satellite
2579999,2024-01-24T15:40:14Z,-20.182311666666667,115.11428166666666,NA,NA,NA,satellite
2579999,2024-01-24T15:40:31Z,-20.182363333333335,115.11414833333333,NA,NA,NA,dynamic_classA
2579999,2024-01-24T15:40:36Z,56.70169,-2.4657150000000003,NA,NA,NA,dynamic_classA
2579999,2024-01-24T15:40:37Z,-20.182476666666666,115.11383833333333,NA,NA,NA,satellite
2579999,2024-01-24T15:40:48Z,1.2831616666666668,103.77932833333332,NA,NA,NA,dynamic_classA
2579999,2024-01-24T15:40:56Z,9.50343,-13.70822,NA,NA,NA,satellite
2579999,2024-01-24T15:40:57Z,35.50154833333333,129.44113333333334,NA,NA,NA,dynamic_classA
2579999,2024-01-24T15:41:11Z,-20.18269666666667,115.11320333333333,NA,NA,NA,satellite
2579999,2024-01-24T15:41:17Z,-20.18269666666667,115.11320333333333,NA,NA,NA,satellite
2579999,2024-01-24T15:41:21Z,-20.182771666666667,115.11302,NA,NA,NA,satellite
2579999,2024-01-24T15:41:23Z,-20.18272,115.11314833333333,NA,NA,NA,dynamic_classA
2579999,2024-01-24T15:41:27Z,9.503426666666666,-13.708225,NA,NA,NA,satellite
2579999,2024-01-24T15:41:38Z,-20.182869999999998,115.11277833333334,NA,NA,NA,dynamic_classA
2579999,2024-01-24T15:41:47Z,65.21745833333334,6.9051366666666665,NA,NA,NA,dynamic_classA
2579999,2024-01-24T15:41:50Z,24.536293333333333,54.38508,NA,NA,NA,dynamic_classA
2579999,2024-01-24T15:41:54Z,-20.18302,115.11239666666667,NA,NA,NA,satellite
2579999,2024-01-24T15:42:01Z,-20.183073333333333,115.112265,NA,NA,NA,satellite
2579999,2024-01-24T15:42:25Z,34.79533833333333,127.73848333333333,NA,NA,NA,dynamic_classA
2579999,2024-01-24T15:42:29Z,35.50155333333333,129.441145,NA,NA,NA,dynamic_classA
2579999,2024-01-24T15:42:37Z,35.50155666666667,129.44114166666665,NA,NA,NA,dynamic_classA
2579999,2024-01-24T15:42:42Z,25.319003333333335,53.46251666666667,NA,NA,NA,dynamic_classA
2579999,2024-01-24T15:42:48Z,53.539986666666664,9.878851666666666,NA,NA,NA,dynamic_classA
2579999,2024-01-24T15:42:54Z,-20.183478333333333,115.11134999999999,NA,NA,NA,satellite
2579999,2024-01-24T15:43:08Z,-20.183564999999998,115.11116166666667,NA,NA,NA,satellite
2579999,2024-01-24T15:43:09Z,53.539985,9.878853333333332,NA,NA,NA,dynamic_classA
2579999,2024-01-24T15:43:11Z,34.79534833333333,127.73847833333333,NA,NA,NA,dynamic_classA
2579999,2024-01-24T15:43:12Z,-20.183648333333334,115.11097833333334,NA,NA,NA,satellite
2579999,2024-01-24T15:43:14Z,25.31901,53.46250833333333,NA,NA,NA,dynamic_classA
2579999,2024-01-24T15:43:15Z,-20.18373,115.11080333333332,NA,NA,NA,satellite
2579999,2024-01-24T15:43:22Z,-20.183671666666665,115.11092666666667,NA,NA,NA,satellite
2579999,2024-01-24T15:43:25Z,25.31901,53.46250833333333,NA,NA,NA,dynamic_classA
2579999,2024-01-24T15:43:32Z,-20.183815,115.110635,NA,NA,NA,satellite
2579999,2024-01-24T15:43:38Z,50.79962166666667,-1.1100166666666667,NA,NA,NA,dynamic_classA
2579999,2024-01-24T15:43:41Z,25.319015,53.46250833333333,NA,NA,NA,dynamic_classA
2579999,2024-01-24T15:43:45Z,25.319015,53.46250833333333,NA,NA,NA,dynamic_classA
2579999,2024-01-24T15:44:02Z,25.319011666666665,53.462511666666664,NA,NA,NA,dynamic_classA
2579999,2024-01-24T15:44:04Z,25.31901333333333,53.462509999999995,NA,NA,NA,dynamic_classA
2579999,2024-01-24T15:44:07Z,25.31901333333333,53.462509999999995,NA,NA,NA,dynamic_classA
2579999,2024-01-24T15:44:08Z,25.319011666666665,53.462511666666664,NA,NA,NA,dynamic_classA
2579999,2024-01-24T15:44:09Z,25.319011666666665,53.462511666666664,NA,NA,NA,dynamic_classA
2579999,2024-01-24T15:44:10Z,25.319011666666665,53.462511666666664,NA,NA,NA,dynamic_classA
2579999,2024-01-24T15:44:11Z,25.319011666666665,53.462511666666664,NA,NA,NA,dynamic_classA
2579999,2024-01-24T15:44:20Z,25.319011666666665,53.462511666666664,NA,NA,NA,dynamic_classA
2579999,2024-01-24T15:44:22Z,-20.18428,115.10978,NA,NA,NA,satellite
2579999,2024-01-24T15:44:25Z,-20.184305,115.109725,NA,NA,NA,satellite
2579999,2024-01-24T15:44:28Z,-20.18428,115.10978,NA,NA,NA,satellite
2579999,2024-01-24T15:44:30Z,35.50155333333333,129.44113833333333,NA,NA,NA,dynamic_classA
2579999,2024-01-24T15:44:32Z,-5.455378333333333,105.31048833333332,NA,NA,NA,satellite
2579999,2024-01-24T15:44:51Z,-20.184436666666667,115.10944333333333,NA,NA,NA,dynamic_classA
2579999,2024-01-24T15:44:52Z,-20.18451333333333,115.109285,NA,NA,NA,satellite
2579999,2024-01-24T15:44:59Z,-20.184571666666667,115.10917333333333,NA,NA,NA,satellite
2579999,2024-01-24T15:45:00Z,54.603245,-1.161735,NA,NA,NA,dynamic_classA
2579999,2024-01-24T15:45:31Z,-20.184788333333334,115.10872666666667,NA,NA,NA,satellite
2579999,2024-01-24T15:45:38Z,-20.184841666666667,115.10860166666666,NA,NA,NA,satellite
2579999,2024-01-24T15:45:40Z,34.795343333333335,127.73849166666668,NA,NA,NA,dynamic_classA
2579999,2024-01-24T15:45:41Z,24.536293333333333,54.38505833333333,NA,NA,NA,dynamic_classA
2579999,2024-01-24T15:45:45Z,-20.184928333333335,115.10836666666667,NA,NA,NA,satellite
2579999,2024-01-24T15:45:48Z,-20.18491,115.10842166666666,NA,NA,NA,satellite
2579999,2024-01-24T15:46:01Z,-20.184995,115.10819166666667,NA,NA,NA,satellite
2579999,2024-01-24T15:46:02Z,-20.185045,115.10806833333332,NA,NA,NA,satellite
2579999,2024-01-24T15:46:08Z,-20.185045,115.10806833333332,NA,NA,NA,satellite
2579999,2024-01-24T15:46:11Z,-20.18507,115.10801833333333,NA,NA,NA,satellite
2579999,2024-01-24T15:46:12Z,-33.87851333333334,-58.421055,NA,NA,NA,satellite
2579999,2024-01-24T15:46:18Z,-20.185125000000003,115.1079,NA,NA,NA,satellite
2579999,2024-01-24T15:46:19Z,-20.185173333333335,115.10779833333332,NA,NA,NA,satellite
2579999,2024-01-24T15:46:21Z,-20.185148333333334,115.10785,NA,NA,NA,satellite
2579999,2024-01-24T15:46:37Z,35.50155333333333,129.44113000000002,NA,NA,NA,dynamic_classA
2579999,2024-01-24T15:46:40Z,9.50343,-13.708243333333334,NA,NA,NA,dynamic_classA
2579999,2024-01-24T15:46:47Z,54.60324166666667,-1.1617133333333334,NA,NA,NA,dynamic_classA
2579999,2024-01-24T15:46:48Z,-20.185366666666667,115.10737166666667,NA,NA,NA,satellite
2579999,2024-01-24T15:46:58Z,-20.185443333333335,115.10719166666667,NA,NA,NA,satellite
2579999,2024-01-24T15:47:02Z,-20.185466666666667,115.10713666666668,NA,NA,NA,satellite
2579999,2024-01-24T15:47:04Z,-38.449558333333336,148.309025,NA,NA,NA,dynamic_classA
2579999,2024-01-24T15:47:18Z,-20.185586666666666,115.10683,NA,NA,NA,satellite
2579999,2024-01-24T15:47:23Z,65.21747,6.905145,NA,NA,NA,dynamic_classA
2579999,2024-01-24T15:47:25Z,24.536291666666667,54.38505833333333,NA,NA,NA,dynamic_classA
2579999,2024-01-24T15:47:40Z,-20.185768333333332,115.10643166666667,NA,NA,NA,dynamic_classA
2579999,2024-01-24T15:47:45Z,-20.185803333333336,115.10636333333333,NA,NA,NA,dynamic_classA
2579999,2024-01-24T15:47:48Z,-20.185828333333333,115.10631,NA,NA,NA,satellite
2579999,2024-01-24T15:47:51Z,-20.185855,115.10625499999999,NA,NA,NA,satellite
2579999,2024-01-24T15:48:00Z,65.21746833333333,6.905131666666667,NA,NA,NA,dynamic_classA
2579999,2024-01-24T15:48:01Z,-20.185940000000002,115.10607,NA,NA,NA,satellite
2579999,2024-01-24T15:48:05Z,35.50154,129.44113833333333,NA,NA,NA,dynamic_classA
2579999,2024-01-24T15:48:18Z,-20.18607666666667,115.10575666666666,NA,NA,NA,satellite
2579999,2024-01-24T15:48:31Z,-20.18617833333333,115.10553166666666,NA,NA,NA,satellite
2579999,2024-01-24T15:48:38Z,-20.186233333333334,115.105415,NA,NA,NA,satellite
2579999,2024-01-24T15:48:41Z,-20.186258333333335,115.10536333333333,NA,NA,NA,satellite
2579999,2024-01-24T15:48:55Z,34.79535333333333,127.73848500000001,NA,NA,NA,dynamic_classA
2579999,2024-01-24T15:49:12Z,35.50153666666667,129.44112833333332,NA,NA,NA,dynamic_classA
2579999,2024-01-24T15:49:23Z,35.50153833333333,129.44112833333332,NA,NA,NA,dynamic_classA
2579999,2024-01-24T15:49:52Z,9.503431666666668,-13.708238333333332,NA,NA,NA,dynamic_classA
2579999,2024-01-24T15:50:02Z,1.28317,103.77934666666667,NA,NA,NA,dynamic_classA
2579999,2024-01-24T15:50:11Z,1.28317,103.77934666666667,NA,NA,NA,dynamic_classA
2579999,2024-01-24T15:50:16Z,9.503431666666668,-13.70824,NA,NA,NA,dynamic_classA
2579999,2024-01-24T15:50:35Z,53.539995,9.878855,NA,NA,NA,dynamic_classA
2579999,2024-01-24T15:50:38Z,-38.44954333333333,148.30897833333333,NA,NA,NA,dynamic_classA
2579999,2024-01-24T15:50:42Z,35.50154333333333,129.44113000000002,NA,NA,NA,dynamic_classA
2579999,2024-01-24T15:51:07Z,24.536313333333332,54.38506833333334,NA,NA,NA,dynamic_classA
2579999,2024-01-24T15:51:11Z,-20.187593333333332,115.10250500000001,NA,NA,NA,dynamic_classA
2579999,2024-01-24T15:51:43Z,53.539993333333335,9.878851666666666,NA,NA,NA,dynamic_classA
2579999,2024-01-24T15:51:49Z,-2.6682616666666665,118.89450166666667,NA,NA,NA,dynamic_classA
2579999,2024-01-24T15:52:06Z,50.79963166666666,-1.1100083333333333,NA,NA,NA,dynamic_classA
2579999,2024-01-24T15:52:09Z,56.70169333333333,-2.4657116666666665,NA,NA,NA,dynamic_classA
2579999,2024-01-24T15:52:15Z,9.503426666666666,-13.708236666666666,NA,NA,NA,dynamic_classA
2579999,2024-01-24T15:52:27Z,53.539993333333335,9.878851666666666,NA,NA,NA,dynamic_classA
2579999,2024-01-24T15:52:37Z,34.795355,127.73847,NA,NA,NA,dynamic_classA
2579999,2024-01-24T15:52:54Z,53.539993333333335,9.878851666666666,NA,NA,NA,dynamic_classA
2579999,2024-01-24T15:52:59Z,65.21747166666667,6.905131666666667,NA,NA,NA,dynamic_classA
2579999,2024-01-24T15:53:10Z,9.503431666666668,-13.708251666666666,NA,NA,NA,dynamic_classA
2579999,2024-01-24T15:53:18Z,35.501545,129.441135,NA,NA,NA,dynamic_classA
2579999,2024-01-24T15:53:19Z,35.501545,129.441135,NA,NA,NA,dynamic_classA
2579999,2024-01-24T15:53:24Z,56.70169,-2.4657116666666665,NA,NA,NA,dynamic_classA
2579999,2024-01-24T15:53:46Z,34.79534,127.73847166666665,NA,NA,NA,dynamic_classA
2579999,2024-01-24T15:54:08Z,24.53632,54.385055,NA,NA,NA,dynamic_classA
2579999,2024-01-24T15:54:14Z,1.2831716666666668,103.779335,NA,NA,NA,dynamic_classA
2579999,2024-01-24T15:54:33Z,3.5680666666666667,113.32466500000001,NA,NA,NA,dynamic_classA
2579999,2024-01-24T15:54:36Z,25.319026666666666,53.46250833333333,NA,NA,NA,dynamic_classA
2579999,2024-01-24T15:54:40Z,-38.44957333333333,148.30895333333333,NA,NA,NA,satellite
2579999,2024-01-24T15:54:41Z,54.603224999999995,-1.1617166666666667,NA,NA,NA,satellite
2579999,2024-01-24T15:54:44Z,65.217465,6.905146666666667,NA,NA,NA,dynamic_classA
2579999,2024-01-24T15:55:00Z,-38.449578333333335,148.30895,NA,NA,NA,satellite
2579999,2024-01-24T15:55:03Z,9.503433333333334,-13.70825,NA,NA,NA,dynamic_classA
2579999,2024-01-24T15:55:16Z,53.53998833333333,9.878856666666668,NA,NA,NA,dynamic_classA
2579999,2024-01-24T15:55:17Z,1.2831766666666666,103.77932833333332,NA,NA,NA,dynamic_classA
2579999,2024-01-24T15:55:19Z,58.01463833333333,7.483895,NA,NA,NA,dynamic_classA
2579999,2024-01-24T15:55:20Z,-38.44959666666667,148.30895833333335,NA,NA,NA,satellite
2579999,2024-01-24T15:55:30Z,-38.44960833333334,148.30897833333333,NA,NA,NA,satellite
2579999,2024-01-24T15:55:40Z,-38.449616666666664,148.30899666666667,NA,NA,NA,satellite
2579999,2024-01-24T15:55:41Z,-38.449616666666664,148.30899666666667,NA,NA,NA,satellite
2579999,2024-01-24T15:55:51Z,-38.449619999999996,148.30900166666666,NA,NA,NA,satellite
2579999,2024-01-24T15:56:00Z,-38.449619999999996,148.3090083333333,NA,NA,NA,satellite
2579999,2024-01-24T15:56:02Z,-38.449619999999996,148.3090083333333,NA,NA,NA,satellite
2579999,2024-01-24T15:56:19Z,-20.19020833333333,115.09735,NA,NA,NA,satellite
2579999,2024-01-24T15:56:20Z,-38.44961833333333,148.30902333333333,NA,NA,NA,satellite
2579999,2024-01-24T15:56:23Z,-20.190236666666667,115.097295,NA,NA,NA,satellite
2579999,2024-01-24T15:56:25Z,21.571483333333333,88.25141833333333,NA,NA,NA,dynamic_classA
2579999,2024-01-24T15:56:31Z,-38.449625,148.30903333333333,NA,NA,NA,satellite
2579999,2024-01-24T15:56:33Z,54.60322333333333,-1.1617333333333333,NA,NA,NA,dynamic_classA
2579999,2024-01-24T15:56:35Z,50.79963166666666,-1.1100083333333333,NA,NA,NA,dynamic_classA
2579999,2024-01-24T15:56:39Z,53.539986666666664,9.878856666666668,NA,NA,NA,satellite
2579999,2024-01-24T15:56:40Z,-38.44962833333333,148.30904166666667,NA,NA,NA,satellite
2579999,2024-01-24T15:56:43Z,56.701710000000006,-2.465726666666667,NA,NA,NA,dynamic_classA
2579999,2024-01-24T15:56:49Z,-20.190471666666667,115.09680833333333,NA,NA,NA,satellite
2579999,2024-01-24T15:56:50Z,-38.449625,148.30904166666667,NA,NA,NA,satellite
2579999,2024-01-24T15:57:00Z,-38.44961833333333,148.30903833333332,NA,NA,NA,satellite
2579999,2024-01-24T15:57:02Z,-38.44961833333333,148.30903833333332,NA,NA,NA,satellite
2579999,2024-01-24T15:57:14Z,1.2831666666666666,103.77932000000001,NA,NA,NA,dynamic_classA
2579999,2024-01-24T15:57:24Z,35.50154666666666,129.44115,NA,NA,NA,dynamic_classA
2579999,2024-01-24T15:57:27Z,34.79533666666667,127.73846833333333,NA,NA,NA,dynamic_classA
2579999,2024-01-24T15:57:29Z,35.50154666666666,129.44115,NA,NA,NA,dynamic_classA
2579999,2024-01-24T15:57:30Z,-38.44961333333333,148.30903833333332,NA,NA,NA,satellite
2579999,2024-01-24T15:57:40Z,-38.44961166666667,148.30903500000002,NA,NA,NA,satellite
2579999,2024-01-24T15:57:41Z,-38.44961166666667,148.30903500000002,NA,NA,NA,satellite
2579999,2024-01-24T15:57:49Z,1.2831616666666668,103.77931666666667,NA,NA,NA,dynamic_classA
2579999,2024-01-24T15:57:50Z,1.2831616666666668,103.77931666666667,NA,NA,NA,dynamic_classA
2579999,2024-01-24T15:57:51Z,-38.44961,148.30903666666666,NA,NA,NA,satellite
2579999,2024-01-24T15:57:54Z,1.2831616666666668,103.77931666666667,NA,NA,NA,dynamic_classA
2579999,2024-01-24T15:58:01Z,-38.449605,148.30903666666666,NA,NA,NA,satellite
2579999,2024-01-24T15:58:03Z,1.2831616666666668,103.77931666666667,NA,NA,NA,dynamic_classA
2579999,2024-01-24T15:58:30Z,34.79534,127.73847833333333,NA,NA,NA,satellite
2579999,2024-01-24T15:58:32Z,-20.191368333333333,115.09505833333333,NA,NA,NA,satellite
2579999,2024-01-24T15:58:39Z,53.539991666666666,9.87886,NA,NA,NA,satellite
2579999,2024-01-24T15:58:41Z,-38.449574999999996,148.30902,NA,NA,NA,satellite
2579999,2024-01-24T15:58:48Z,1.2831616666666668,103.77931666666667,NA,NA,NA,dynamic_classA
2579999,2024-01-24T15:58:50Z,-17.974186666666665,122.17751333333334,NA,NA,NA,satellite
2579999,2024-01-24T15:58:51Z,-38.449571666666664,148.30902,NA,NA,NA,satellite
2579999,2024-01-24T15:59:00Z,-38.44957,148.309025,NA,NA,NA,satellite
2579999,2024-01-24T15:59:01Z,-38.44957,148.309025,NA,NA,NA,satellite
2579999,2024-01-24T15:59:03Z,-20.191633333333336,115.094555,NA,NA,NA,satellite
2579999,2024-01-24T15:59:06Z,-20.191655,115.094505,NA,NA,NA,satellite
2579999,2024-01-24T15:59:09Z,56.70168833333333,-2.4657183333333332,NA,NA,NA,dynamic_classA
2579999,2024-01-24T15:59:16Z,-20.191731666666666,115.09433666666668,NA,NA,NA,satellite
2579999,2024-01-24T15:59:19Z,-38.449558333333336,148.30901833333334,NA,NA,NA,satellite
2579999,2024-01-24T15:59:20Z,24.536353333333334,54.38504833333333,NA,NA,NA,dynamic_classA
2579999,2024-01-24T15:59:24Z,50.799636666666665,-1.1100050000000001,NA,NA,NA,dynamic_classA
2579999,2024-01-24T15:59:29Z,25.319039999999998,53.46250333333333,NA,NA,NA,satellite
2579999,2024-01-24T15:59:30Z,25.319039999999998,53.46250333333333,NA,NA,NA,dynamic_classA
2579999,2024-01-24T15:59:33Z,25.319039999999998,53.46250333333333,NA,NA,NA,dynamic_classA
2579999,2024-01-24T15:59:36Z,-20.191891666666667,115.09401333333334,NA,NA,NA,satellite
2579999,2024-01-24T15:59:39Z,-38.44955166666667,148.30901833333334,NA,NA,NA,satellite
2579999,2024-01-24T15:59:40Z,-38.44955166666667,148.30901833333334,NA,NA,NA,satellite
2579999,2024-01-24T15:59:42Z,-20.191951666666668,115.09390166666667,NA,NA,NA,satellite
2579999,2024-01-24T15:59:48Z,35.501555,129.44113833333333,NA,NA,NA,dynamic_classA
2579999,2024-01-24T15:59:50Z,-38.44954833333334,148.309025,NA,NA,NA,satellite
2579999,2024-01-24T15:59:56Z,-20.19207,115.09368833333333,NA,NA,NA,satellite
2579999,2024-01-24T15:59:58Z,25.319041666666667,53.4625,NA,NA,NA,dynamic_classA
2579999,2024-01-24T16:00:00Z,-38.44954499999999,148.30902666666668,NA,NA,NA,satellite
2579999,2024-01-24T16:00:05Z,50.799636666666665,-1.1100050000000001,NA,NA,NA,dynamic_classA
2579999,2024-01-24T16:00:22Z,1.28315,103.77932333333334,NA,NA,NA,dynamic_classA
2579999,2024-01-24T16:00:26Z,-20.19234,115.09316666666668,NA,NA,NA,satellite
2579999,2024-01-24T16:00:40Z,-38.449505,148.309005,NA,NA,NA,satellite
2579999,2024-01-24T16:00:41Z,-38.449505,148.309005,NA,NA,NA,satellite
2579999,2024-01-24T16:00:46Z,56.701695,-2.465735,NA,NA,NA,dynamic_classA
2579999,2024-01-24T16:00:47Z,25.319035,53.46250666666666,NA,NA,NA,dynamic_classA
2579999,2024-01-24T16:00:50Z,-38.44949166666667,148.30900166666666,NA,NA,NA,satellite
2579999,2024-01-24T16:00:51Z,-38.44949166666667,148.30900166666666,NA,NA,NA,satellite
2579999,2024-01-24T16:01:01Z,-38.44948,148.30900333333332,NA,NA,NA,satellite
2579999,2024-01-24T16:01:15Z,1.283155,103.77932000000001,NA,NA,NA,dynamic_classA
2579999,2024-01-24T16:01:18Z,1.2831566666666667,103.779325,NA,NA,NA,dynamic_classA
2579999,2024-01-24T16:01:20Z,25.319039999999998,53.462505,NA,NA,NA,dynamic_classA
2579999,2024-01-24T16:01:21Z,-20.192745,115.09237833333333,NA,NA,NA,dynamic_classA
2579999,2024-01-24T16:01:23Z,25.319039999999998,53.462505,NA,NA,NA,dynamic_classA
2579999,2024-01-24T16:01:26Z,35.501545,129.44114166666665,NA,NA,NA,dynamic_classA
2579999,2024-01-24T16:01:31Z,1.2831599999999999,103.77932833333332,NA,NA,NA,satellite
2579999,2024-01-24T16:01:41Z,-38.449463333333334,148.30901666666665,NA,NA,NA,satellite
2579999,2024-01-24T16:01:51Z,-38.449463333333334,148.30901166666666,NA,NA,NA,satellite
2579999,2024-01-24T16:02:01Z,-38.44946166666667,148.30900333333332,NA,NA,NA,satellite
2579999,2024-01-24T16:02:17Z,-20.193265,115.09130499999999,NA,NA,NA,satellite
2579999,2024-01-24T16:02:18Z,65.21747166666667,6.905161666666667,NA,NA,NA,dynamic_classA
2579999,2024-01-24T16:02:20Z,-20.1933,115.09124166666668,NA,NA,NA,satellite
2579999,2024-01-24T16:02:28Z,25.319045000000003,53.462511666666664,NA,NA,NA,dynamic_classA
2579999,2024-01-24T16:02:30Z,-20.193386666666665,115.09107666666667,NA,NA,NA,satellite
2579999,2024-01-24T16:02:31Z,25.319041666666667,53.46250833333333,NA,NA,NA,dynamic_classA
2579999,2024-01-24T16:02:47Z,35.50154666666666,129.44114,NA,NA,NA,satellite
2579999,2024-01-24T16:03:05Z,29.66164,32.35481166666667,NA,NA,NA,dynamic_classA
2579999,2024-01-24T16:03:18Z,35.50154333333333,129.44114666666667,NA,NA,NA,dynamic_classA
2579999,2024-01-24T16:03:19Z,29.661641666666664,32.35481333333333,NA,NA,NA,dynamic_classA
2579999,2024-01-24T16:03:25Z,34.79533833333333,127.73848833333334,NA,NA,NA,dynamic_classA
2579999,2024-01-24T16:03:29Z,29.661643333333334,32.354815,NA,NA,NA,dynamic_classA
2579999,2024-01-24T16:03:34Z,29.661646666666666,32.354818333333334,NA,NA,NA,dynamic_classA
2579999,2024-01-24T16:03:38Z,53.539986666666664,9.878853333333332,NA,NA,NA,dynamic_classA
2579999,2024-01-24T16:03:43Z,25.319039999999998,53.46250833333333,NA,NA,NA,dynamic_classA
2579999,2024-01-24T16:03:51Z,50.799638333333334,-1.1100116666666666,NA,NA,NA,dynamic_classA
2579999,2024-01-24T16:04:02Z,34.79533833333333,127.73848500000001,NA,NA,NA,dynamic_classA
2579999,2024-01-24T16:04:08Z,50.799638333333334,-1.11001,NA,NA,NA,dynamic_classA
2579999,2024-01-24T16:04:18Z,-20.194281666666665,115.08927666666666,NA,NA,NA,dynamic_classA
2579999,2024-01-24T16:04:50Z,35.50154833333333,129.441145,NA,NA,NA,dynamic_classA
2579999,2024-01-24T16:05:20Z,54.60321666666667,-1.1617549999999999,NA,NA,NA,dynamic_classA
2579999,2024-01-24T16:05:31Z,29.661673333333333,32.35483,NA,NA,NA,dynamic_classA
2579999,2024-01-24T16:05:34Z,-20.194855,115.08815333333334,NA,NA,NA,dynamic_classA
2579999,2024-01-24T16:06:08Z,25.319053333333333,53.46249666666667,NA,NA,NA,dynamic_classA
2579999,2024-01-24T16:06:21Z,25.319055,53.462491666666665,NA,NA,NA,dynamic_classA
2579999,2024-01-24T16:06:30Z,34.795361666666665,127.73849166666668,NA,NA,NA,dynamic_classA
2579999,2024-01-24T16:06:42Z,-5.455373333333333,105.31049,NA,NA,NA,dynamic_classA
2579999,2024-01-24T16:06:46Z,54.603226666666664,-1.1617383333333333,NA,NA,NA,dynamic_classA
2579999,2024-01-24T16:06:59Z,24.536356666666666,54.38505333333333,NA,NA,NA,dynamic_classA
2579999,2024-01-24T16:07:09Z,-6.122559999999999,120.46529000000001,NA,NA,NA,dynamic_classA
2579999,2024-01-24T16:07:10Z,25.319053333333333,53.462495,NA,NA,NA,dynamic_classA
2579999,2024-01-24T16:07:14Z,-38.449555000000004,148.30896666666666,NA,NA,NA,dynamic_classA
2579999,2024-01-24T16:07:17Z,35.50155666666667,129.44113833333333,NA,NA,NA,dynamic_classA
2579999,2024-01-24T16:07:25Z,9.503425,-13.708233333333334,NA,NA,NA,dynamic_classA
2579999,2024-01-24T16:07:38Z,25.319055,53.462495,NA,NA,NA,dynamic_classA
2579999,2024-01-24T16:07:43Z,65.21745833333334,6.905183333333333,NA,NA,NA,dynamic_classA
2579999,2024-01-24T16:07:55Z,29.661678333333334,32.35483166666667,NA,NA,NA,dynamic_classA
2579999,2024-01-24T16:07:56Z,25.319053333333333,53.46249666666667,NA,NA,NA,dynamic_classA
2579999,2024-01-24T16:08:05Z,35.50156166666667,129.44113833333333,NA,NA,NA,dynamic_classA
2579999,2024-01-24T16:08:17Z,1.28317,103.77932000000001,NA,NA,NA,dynamic_classA
2579999,2024-01-24T16:08:18Z,25.31905833333333,53.462493333333335,NA,NA,NA,dynamic_classA
2579999,2024-01-24T16:08:30Z,65.21746833333333,6.9051816666666666,NA,NA,NA,dynamic_classA
2579999,2024-01-24T16:08:53Z,50.799636666666665,-1.11002,NA,NA,NA,dynamic_classA
2579999,2024-01-24T16:09:02Z,35.501565,129.44113833333333,NA,NA,NA,dynamic_classA
2579999,2024-01-24T16:09:09Z,-20.196775,115.08430166666668,NA,NA,NA,dynamic_classA
2579999,2024-01-24T16:09:11Z,25.31905833333333,53.46248166666667,NA,NA,NA,dynamic_classA
2579999,2024-01-24T16:09:29Z,65.21747333333333,6.905173333333334,NA,NA,NA,dynamic_classA
2579999,2024-01-24T16:09:46Z,34.79535666666666,127.73848333333333,NA,NA,NA,dynamic_classA
2579999,2024-01-24T16:09:48Z,-38.44959166666667,148.30903666666666,NA,NA,NA,dynamic_classA
2579999,2024-01-24T16:09:49Z,25.319053333333333,53.46248166666667,NA,NA,NA,dynamic_classA
2579999,2024-01-24T16:09:53Z,25.319053333333333,53.46248166666667,NA,NA,NA,dynamic_classA
2579999,2024-01-24T16:10:12Z,9.503428333333334,-13.708248333333334,NA,NA,NA,dynamic_classA
2579999,2024-01-24T16:10:23Z,35.50155666666667,129.441145,NA,NA,NA,dynamic_classA
2579999,2024-01-24T16:10:51Z,1.283175,103.77931833333334,NA,NA,NA,dynamic_classA
2579999,2024-01-24T16:10:55Z,53.539986666666664,9.878863333333333,NA,NA,NA,dynamic_classA
2579999,2024-01-24T16:10:56Z,1.2831766666666666,103.77932000000001,NA,NA,NA,dynamic_classA
2579999,2024-01-24T16:11:11Z,25.319051666666667,53.46247833333334,NA,NA,NA,dynamic_classA
2579999,2024-01-24T16:11:22Z,35.501551666666664,129.44114833333333,NA,NA,NA,dynamic_classA
2579999,2024-01-24T16:11:49Z,53.450561666666665,0.8896149999999999,NA,NA,NA,dynamic_classA
2579999,2024-01-24T16:11:55Z,-20.198153333333334,115.08126666666666,NA,NA,NA,dynamic_classA
2579999,2024-01-24T16:12:04Z,25.319055,53.46248,NA,NA,NA,dynamic_classA
2579999,2024-01-24T16:12:07Z,25.319051666666667,53.46247833333334,NA,NA,NA,dynamic_classA
2579999,2024-01-24T16:12:23Z,53.53998833333333,9.878868333333333,NA,NA,NA,dynamic_classA
2579999,2024-01-24T16:12:26Z,50.79963333333333,-1.1100116666666666,NA,NA,NA,dynamic_classA
2579999,2024-01-24T16:12:28Z,29.661648333333336,32.354818333333334,NA,NA,NA,dynamic_classA
2579999,2024-01-24T16:12:29Z,56.701701666666665,-2.4657433333333336,NA,NA,NA,dynamic_classA
2579999,2024-01-24T16:12:39Z,-2.668251666666667,118.894515,NA,NA,NA,dynamic_classA
2579999,2024-01-24T16:12:47Z,53.539986666666664,9.878870000000001,NA,NA,NA,dynamic_classA
2579999,2024-01-24T16:12:57Z,25.319065000000002,53.46248166666667,NA,NA,NA,dynamic_classA
2579999,2024-01-24T16:13:04Z,9.50342,-13.708231666666668,NA,NA,NA,dynamic_classA
2579999,2024-01-24T16:13:14Z,-20.19867833333333,115.08004,NA,NA,NA,dynamic_classA
2579999,2024-01-24T16:13:17Z,34.79535666666666,127.73847333333333,NA,NA,NA,dynamic_classA
2579999,2024-01-24T16:13:21Z,25.319068333333334,53.46248,NA,NA,NA,dynamic_classA
2579999,2024-01-24T16:13:26Z,54.603235000000005,-1.161715,NA,NA,NA,dynamic_classA
2579999,2024-01-24T16:13:34Z,53.539985,9.878868333333333,NA,NA,NA,dynamic_classA
2579999,2024-01-24T16:13:58Z,35.50154666666666,129.44114166666665,NA,NA,NA,dynamic_classA
2579999,2024-01-24T16:14:00Z,-38.449510000000004,148.30906833333333,NA,NA,NA,satellite
2579999,2024-01-24T16:14:09Z,35.50154666666666,129.44114333333334,NA,NA,NA,dynamic_classA
2579999,2024-01-24T16:14:14Z,56.701699999999995,-2.465733333333333,NA,NA,NA,dynamic_classA
2579999,2024-01-24T16:14:21Z,26.203736666666668,50.60085333333333,NA,NA,NA,dynamic_classA
2579999,2024-01-24T16:14:30Z,25.31907,53.462475000000005,NA,NA,NA,dynamic_classA
2579999,2024-01-24T16:14:38Z,35.501545,129.44114166666665,NA,NA,NA,dynamic_classA
2579999,2024-01-24T16:14:46Z,34.795365,127.73848,NA,NA,NA,dynamic_classA
2579999,2024-01-24T16:14:51Z,29.661811666666665,32.35483333333333,NA,NA,NA,dynamic_classA
2579999,2024-01-24T16:14:56Z,25.319073333333332,53.462473333333335,NA,NA,NA,dynamic_classA
2579999,2024-01-24T16:15:16Z,34.795368333333336,127.73848,NA,NA,NA,dynamic_classA
2579999,2024-01-24T16:15:18Z,1.2831650000000001,103.77933666666667,NA,NA,NA,dynamic_classA
2579999,2024-01-24T16:15:19Z,65.21746666666667,6.905185,NA,NA,NA,dynamic_classA
2579999,2024-01-24T16:15:23Z,3.5680666666666667,113.32466500000001,NA,NA,NA,dynamic_classA
2579999,2024-01-24T16:15:34Z,65.21746833333333,6.905191666666667,NA,NA,NA,dynamic_classA
2579999,2024-01-24T16:15:43Z,9.503423333333334,-13.708233333333334,NA,NA,NA,dynamic_classA
2579999,2024-01-24T16:15:46Z,9.503423333333334,-13.708233333333334,NA,NA,NA,dynamic_classA
2579999,2024-01-24T16:15:56Z,53.53998166666667,9.878868333333333,NA,NA,NA,dynamic_classA
2579999,2024-01-24T16:16:01Z,29.661695,32.354885,NA,NA,NA,dynamic_classA
2579999,2024-01-24T16:16:09Z,29.66169,32.35511833333333,NA,NA,NA,dynamic_classA
2579999,2024-01-24T16:16:15Z,25.319075,53.46247166666667,NA,NA,NA,dynamic_classA
2579999,2024-01-24T16:16:52Z,-5.4553650000000005,105.31051000000001,NA,NA,NA,dynamic_classA
2579999,2024-01-24T16:16:53Z,54.60323666666667,-1.1617316666666668,NA,NA,NA,dynamic_classA
2579999,2024-01-24T16:17:15Z,21.57148833333333,88.251425,NA,NA,NA,dynamic_classA
2579999,2024-01-24T16:17:26Z,50.799636666666665,-1.11001,NA,NA,NA,dynamic_classA
2579999,2024-01-24T16:17:33Z,56.701726666666666,-2.4657150000000003,NA,NA,NA,dynamic_classA
2579999,2024-01-24T16:17:38Z,29.661565,32.354888333333335,NA,NA,NA,dynamic_classA
2579999,2024-01-24T16:17:44Z,35.50153833333333,129.44114166666665,NA,NA,NA,dynamic_classA
2579999,2024-01-24T16:17:47Z,34.795343333333335,127.73847166666665,NA,NA,NA,dynamic_classA
2579999,2024-01-24T16:18:10Z,1.2831883333333332,103.77932833333332,NA,NA,NA,dynamic_classA
2579999,2024-01-24T16:18:12Z,1.2831883333333332,103.77932833333332,NA,NA,NA,dynamic_classA
2579999,2024-01-24T16:18:18Z,1.2831883333333332,103.77932833333332,NA,NA,NA,dynamic_classA
2579999,2024-01-24T16:18:40Z,35.501533333333334,129.441145,NA,NA,NA,dynamic_classA
2579999,2024-01-24T16:18:48Z,25.319076666666668,53.46245333333333,NA,NA,NA,dynamic_classA
2579999,2024-01-24T16:18:59Z,58.014671666666665,7.48389,NA,NA,NA,dynamic_classA
2579999,2024-01-24T16:19:01Z,1.2831883333333332,103.77932833333332,NA,NA,NA,dynamic_classA
2579999,2024-01-24T16:19:07Z,29.661686666666665,32.35492833333333,NA,NA,NA,dynamic_classA
2579999,2024-01-24T16:19:08Z,25.319076666666668,53.46245,NA,NA,NA,dynamic_classA
2579999,2024-01-24T16:19:19Z,56.70171833333333,-2.4657433333333336,NA,NA,NA,dynamic_classA
2579999,2024-01-24T16:19:29Z,29.661668333333335,32.35485333333333,NA,NA,NA,dynamic_classA
2579999,2024-01-24T16:19:30Z,25.319075,53.46245333333333,NA,NA,NA,dynamic_classA
2579999,2024-01-24T16:19:48Z,25.31907,53.46245833333333,NA,NA,NA,dynamic_classA
2579999,2024-01-24T16:20:05Z,50.799638333333334,-1.1100083333333333,NA,NA,NA,dynamic_classA
2579999,2024-01-24T16:20:14Z,50.799638333333334,-1.1100083333333333,NA,NA,NA,dynamic_classA
2579999,2024-01-24T16:20:19Z,25.31907,53.46246,NA,NA,NA,dynamic_classA
2579999,2024-01-24T16:20:20Z,25.31907,53.46246,NA,NA,NA,dynamic_classA
2579999,2024-01-24T16:20:28Z,35.501535,129.44115166666668,NA,NA,NA,dynamic_classA
2579999,2024-01-24T16:20:30Z,1.283175,103.77933166666666,NA,NA,NA,dynamic_classA
2579999,2024-01-24T16:20:40Z,25.319073333333332,53.46246166666666,NA,NA,NA,dynamic_classA
2579999,2024-01-24T16:20:46Z,25.319071666666666,53.46246166666666,NA,NA,NA,dynamic_classA
2579999,2024-01-24T16:20:52Z,25.319071666666666,53.46246166666666,NA,NA,NA,dynamic_classA
2579999,2024-01-24T16:20:56Z,56.701701666666665,-2.465735,NA,NA,NA,dynamic_classA
2579999,2024-01-24T16:21:18Z,1.2831716666666668,103.77933,NA,NA,NA,dynamic_classA
2579999,2024-01-24T16:21:28Z,25.319071666666666,53.46247,NA,NA,NA,dynamic_classA
2579999,2024-01-24T16:21:31Z,-20.202465,115.07193166666666,NA,NA,NA,dynamic_classA
2579999,2024-01-24T16:21:35Z,29.66151,32.354575,NA,NA,NA,dynamic_classA
2579999,2024-01-24T16:21:38Z,29.66151,32.354575,NA,NA,NA,dynamic_classA
2579999,2024-01-24T16:21:39Z,50.79963333333333,-1.1100033333333335,NA,NA,NA,dynamic_classA
2579999,2024-01-24T16:21:47Z,1.28318,103.779335,NA,NA,NA,dynamic_classA
2579999,2024-01-24T16:22:01Z,-20.202688333333334,115.07142,NA,NA,NA,dynamic_classA
2579999,2024-01-24T16:22:02Z,1.2831833333333333,103.77933166666666,NA,NA,NA,dynamic_classA
2579999,2024-01-24T16:22:09Z,25.319073333333332,53.46247166666667,NA,NA,NA,dynamic_classA
2579999,2024-01-24T16:22:11Z,25.319073333333332,53.46247166666667,NA,NA,NA,dynamic_classA
2579999,2024-01-24T16:22:22Z,25.319073333333332,53.46247166666667,NA,NA,NA,dynamic_classA
2579999,2024-01-24T16:22:26Z,35.50153666666667,129.44114666666667,NA,NA,NA,dynamic_classA
2579999,2024-01-24T16:22:48Z,65.21745166666666,6.9051583333333335,NA,NA,NA,dynamic_classA
2579999,2024-01-24T16:23:06Z,35.50154,129.44114666666667,NA,NA,NA,dynamic_classA
2579999,2024-01-24T16:23:08Z,-20.203321666666668,115.070015,NA,NA,NA,dynamic_classA
2579999,2024-01-24T16:23:10Z,24.536393333333333,54.38500833333333,NA,NA,NA,dynamic_classA
2579999,2024-01-24T16:24:05Z,34.795341666666666,127.73847333333333,NA,NA,NA,dynamic_classA
2579999,2024-01-24T16:24:08Z,35.501545,129.44114333333334,NA,NA,NA,dynamic_classA
2579999,2024-01-24T16:24:28Z,53.53998,9.878861666666667,NA,NA,NA,dynamic_classA
2579999,2024-01-24T16:24:39Z,34.79533333333333,127.73847333333333,NA,NA,NA,dynamic_classA
2579999,2024-01-24T16:24:58Z,-20.204124999999998,115.068295,NA,NA,NA,dynamic_classA
2579999,2024-01-24T16:25:00Z,1.2831666666666666,103.77932666666668,NA,NA,NA,dynamic_classA
2579999,2024-01-24T16:25:10Z,26.203265,50.60102,NA,NA,NA,dynamic_classA
2579999,2024-01-24T16:25:14Z,1.2831666666666666,103.77932666666668,NA,NA,NA,dynamic_classA
2579999,2024-01-24T16:25:17Z,24.536398333333334,54.38501,NA,NA,NA,dynamic_classA
2579999,2024-01-24T16:25:30Z,54.603255,-1.161745,NA,NA,NA,dynamic_classA
2579999,2024-01-24T16:26:26Z,24.536401666666666,54.385023333333336,NA,NA,NA,dynamic_classA
2579999,2024-01-24T16:26:28Z,-20.204745,115.066865,NA,NA,NA,dynamic_classA
2579999,2024-01-24T16:27:10Z,9.503421666666666,-13.708231666666668,NA,NA,NA,dynamic_classA
2579999,2024-01-24T16:27:11Z,29.661631666666665,32.35483166666667,NA,NA,NA,dynamic_classA
2579999,2024-01-24T16:27:18Z,25.319075,53.46246333333333,NA,NA,NA,dynamic_classA
2579999,2024-01-24T16:27:20Z,9.503421666666666,-13.708225,NA,NA,NA,dynamic_classA
2579999,2024-01-24T16:27:24Z,25.319075,53.46246333333333,NA,NA,NA,dynamic_classA
2579999,2024-01-24T16:27:32Z,25.319073333333332,53.462464999999995,NA,NA,NA,dynamic_classA
2579999,2024-01-24T16:27:45Z,25.319073333333332,53.462464999999995,NA,NA,NA,dynamic_classA
2579999,2024-01-24T16:27:46Z,25.319073333333332,53.46246333333333,NA,NA,NA,dynamic_classA
2579999,2024-01-24T16:27:47Z,35.50154333333333,129.441145,NA,NA,NA,dynamic_classA
2579999,2024-01-24T16:27:52Z,25.319073333333332,53.46246333333333,NA,NA,NA,dynamic_classA
2579999,2024-01-24T16:27:53Z,65.21746166666667,6.905125,NA,NA,NA,dynamic_classA
2579999,2024-01-24T16:27:58Z,1.283175,103.77932333333334,NA,NA,NA,dynamic_classA
2579999,2024-01-24T16:27:59Z,-6.122545000000001,120.46530166666666,NA,NA,NA,dynamic_classA
2579999,2024-01-24T16:28:02Z,25.319073333333332,53.46246333333333,NA,NA,NA,dynamic_classA
2579999,2024-01-24T16:28:15Z,35.50153833333333,129.44114166666665,NA,NA,NA,dynamic_classA
2579999,2024-01-24T16:28:30Z,1.2831766666666666,103.77932666666668,NA,NA,NA,dynamic_classA
2579999,2024-01-24T16:28:41Z,24.536405,54.38501833333333,NA,NA,NA,dynamic_classA
2579999,2024-01-24T16:29:10Z,65.21747666666667,6.90514,NA,NA,NA,dynamic_classA
2579999,2024-01-24T16:29:25Z,29.661696666666668,32.354791666666664,NA,NA,NA,dynamic_classA
2579999,2024-01-24T16:30:05Z,-38.44956166666667,148.308955,NA,NA,NA,satellite
2579999,2024-01-24T16:30:13Z,50.79964,-1.1099999999999999,NA,NA,NA,dynamic_classA
2579999,2024-01-24T16:30:25Z,34.79536333333333,127.73849,NA,NA,NA,dynamic_classA
2579999,2024-01-24T16:30:32Z,9.503423333333334,-13.708221666666667,NA,NA,NA,dynamic_classA
2579999,2024-01-24T16:30:35Z,-38.44954666666667,148.30894666666666,NA,NA,NA,satellite
2579999,2024-01-24T16:30:42Z,35.501533333333334,129.441125,NA,NA,NA,dynamic_classA
2579999,2024-01-24T16:30:45Z,-38.44954499999999,148.308955,NA,NA,NA,satellite
2579999,2024-01-24T16:30:55Z,-38.44954666666667,148.30896666666666,NA,NA,NA,satellite
2579999,2024-01-24T16:30:58Z,-38.44955,148.30897666666667,NA,NA,NA,dynamic_classA
2579999,2024-01-24T16:31:01Z,9.503423333333334,-13.708223333333333,NA,NA,NA,satellite
2579999,2024-01-24T16:31:04Z,29.650613333333336,32.36098833333333,NA,NA,NA,dynamic_classA
2579999,2024-01-24T16:31:05Z,-38.44955,148.30897666666667,NA,NA,NA,satellite
2579999,2024-01-24T16:31:11Z,9.503421666666666,-13.708225,NA,NA,NA,satellite
2579999,2024-01-24T16:31:13Z,35.50153833333333,129.44113166666665,NA,NA,NA,dynamic_classA
2579999,2024-01-24T16:31:17Z,29.650613333333336,32.36098833333333,NA,NA,NA,dynamic_classA
2579999,2024-01-24T16:31:25Z,53.539986666666664,9.878870000000001,NA,NA,NA,dynamic_classA
2579999,2024-01-24T16:31:35Z,-38.44954666666667,148.30897000000002,NA,NA,NA,satellite
2579999,2024-01-24T16:31:45Z,-38.44954,148.30896833333333,NA,NA,NA,satellite
2579999,2024-01-24T16:31:49Z,1.2831733333333333,103.77931666666667,NA,NA,NA,dynamic_classA
2579999,2024-01-24T16:31:52Z,35.50154666666666,129.44113333333334,NA,NA,NA,dynamic_classA
2579999,2024-01-24T16:31:55Z,-38.44953666666667,148.30896666666666,NA,NA,NA,satellite
2579999,2024-01-24T16:32:05Z,-38.449535,148.30896666666666,NA,NA,NA,satellite
2579999,2024-01-24T16:32:15Z,-38.449535,148.30896666666666,NA,NA,NA,satellite
2579999,2024-01-24T16:32:36Z,50.799636666666665,-1.1100116666666666,NA,NA,NA,dynamic_classA
2579999,2024-01-24T16:32:41Z,-20.207715,115.06031,NA,NA,NA,dynamic_classA
2579999,2024-01-24T16:32:45Z,-38.44952833333333,148.30897000000002,NA,NA,NA,satellite
2579999,2024-01-24T16:32:48Z,29.650616666666668,32.360996666666665,NA,NA,NA,dynamic_classA
2579999,2024-01-24T16:32:49Z,56.701695,-2.465745,NA,NA,NA,dynamic_classA
2579999,2024-01-24T16:32:53Z,53.53998833333333,9.878866666666665,NA,NA,NA,dynamic_classA
2579999,2024-01-24T16:32:55Z,-20.20774,115.06025666666666,NA,NA,NA,dynamic_classA
2579999,2024-01-24T16:33:05Z,-38.449513333333336,148.30895666666666,NA,NA,NA,satellite
2579999,2024-01-24T16:33:07Z,53.53998833333333,9.878866666666665,NA,NA,NA,dynamic_classA
2579999,2024-01-24T16:33:08Z,35.50154,129.44113000000002,NA,NA,NA,dynamic_classA
2579999,2024-01-24T16:33:17Z,-20.208000000000002,115.05969666666667,NA,NA,NA,dynamic_classA
2579999,2024-01-24T16:33:20Z,24.536378333333335,54.38500166666667,NA,NA,NA,dynamic_classA
2579999,2024-01-24T16:33:27Z,24.536378333333335,54.38500166666667,NA,NA,NA,dynamic_classA
2579999,2024-01-24T16:33:29Z,-2.6682449999999998,118.89454,NA,NA,NA,dynamic_classA
2579999,2024-01-24T16:33:33Z,24.536378333333335,54.38500166666667,NA,NA,NA,dynamic_classA
2579999,2024-01-24T16:33:44Z,26.203131666666664,50.601123333333334,NA,NA,NA,dynamic_classA
2579999,2024-01-24T16:33:45Z,-38.449510000000004,148.30896666666666,NA,NA,NA,satellite
2579999,2024-01-24T16:33:57Z,34.795341666666666,127.73846499999999,NA,NA,NA,satellite
2579999,2024-01-24T16:34:04Z,9.50343,-13.708223333333333,NA,NA,NA,dynamic_classA
2579999,2024-01-24T16:34:05Z,-38.44950166666667,148.30896833333333,NA,NA,NA,satellite
2579999,2024-01-24T16:34:06Z,-38.44949166666667,148.30896833333333,NA,NA,NA,satellite
2579999,2024-01-24T16:34:17Z,26.203225,50.601216666666666,NA,NA,NA,dynamic_classA
2579999,2024-01-24T16:34:23Z,46.543980000000005,-48.499066666666664,NA,NA,NA,dynamic_classA
2579999,2024-01-24T16:34:24Z,53.539986666666664,9.878863333333333,NA,NA,NA,dynamic_classA
2579999,2024-01-24T16:34:27Z,-38.44947666666667,148.308965,NA,NA,NA,satellite
2579999,2024-01-24T16:34:28Z,35.50154666666666,129.44112666666666,NA,NA,NA,dynamic_classA
2579999,2024-01-24T16:34:29Z,35.50154666666666,129.44112666666666,NA,NA,NA,dynamic_classA
2579999,2024-01-24T16:34:45Z,-38.44947833333333,148.30896666666666,NA,NA,NA,satellite
2579999,2024-01-24T16:34:57Z,-38.449484999999996,148.30897666666667,NA,NA,NA,satellite
2579999,2024-01-24T16:35:01Z,-20.208686666666665,115.058145,NA,NA,NA,dynamic_classA
2579999,2024-01-24T16:35:04Z,56.70169833333333,-2.4657216666666666,NA,NA,NA,dynamic_classA
2579999,2024-01-24T16:35:05Z,-38.449484999999996,148.30897666666667,NA,NA,NA,satellite
2579999,2024-01-24T16:35:05Z,9.50343,-13.708228333333333,NA,NA,NA,satellite
2579999,2024-01-24T16:35:11Z,54.60326333333333,-1.1618016666666666,NA,NA,NA,dynamic_classA
2579999,2024-01-24T16:35:16Z,34.795335,127.73846833333333,NA,NA,NA,dynamic_classA
2579999,2024-01-24T16:35:20Z,29.650601666666667,32.36099333333333,NA,NA,NA,dynamic_classA
2579999,2024-01-24T16:35:26Z,34.79533166666667,127.73846833333333,NA,NA,NA,dynamic_classA
2579999,2024-01-24T16:35:27Z,-38.449505,148.30899166666669,NA,NA,NA,satellite
2579999,2024-01-24T16:35:36Z,34.79533333333333,127.73847,NA,NA,NA,dynamic_classA
2579999,2024-01-24T16:35:39Z,65.21747833333333,6.9051599999999995,NA,NA,NA,dynamic_classA
2579999,2024-01-24T16:35:50Z,24.536391666666667,54.385038333333334,NA,NA,NA,dynamic_classA
2579999,2024-01-24T16:35:57Z,-38.44952333333333,148.30896666666666,NA,NA,NA,satellite
2579999,2024-01-24T16:35:59Z,29.650601666666667,32.36099166666666,NA,NA,NA,dynamic_classA
2579999,2024-01-24T16:36:07Z,-38.449535,148.30895333333333,NA,NA,NA,satellite
2579999,2024-01-24T16:36:11Z,29.650601666666667,32.36098833333333,NA,NA,NA,dynamic_classA
2579999,2024-01-24T16:36:13Z,9.503423333333334,-13.708235,NA,NA,NA,dynamic_classA
2579999,2024-01-24T16:36:19Z,3.5680666666666667,113.32466500000001,NA,NA,NA,dynamic_classA
2579999,2024-01-24T16:36:25Z,1.283175,103.77932833333332,NA,NA,NA,dynamic_classA
2579999,2024-01-24T16:36:27Z,-38.449555000000004,148.30893833333332,NA,NA,NA,satellite
2579999,2024-01-24T16:36:28Z,9.503426666666666,-13.708235,NA,NA,NA,satellite
2579999,2024-01-24T16:36:34Z,65.217475,6.905148333333333,NA,NA,NA,dynamic_classA
2579999,2024-01-24T16:36:35Z,24.53639666666667,54.38503,NA,NA,NA,dynamic_classA
2579999,2024-01-24T16:36:36Z,53.53998166666667,9.87886,NA,NA,NA,dynamic_classA
2579999,2024-01-24T16:36:37Z,-38.449558333333336,148.308925,NA,NA,NA,satellite
2579999,2024-01-24T16:36:46Z,9.503428333333334,-13.708235,NA,NA,NA,dynamic_classA
2579999,2024-01-24T16:36:57Z,-38.44957,148.30890666666667,NA,NA,NA,satellite
2579999,2024-01-24T16:37:03Z,9.50343,-13.708231666666668,NA,NA,NA,dynamic_classA
2579999,2024-01-24T16:37:07Z,-38.449578333333335,148.30890499999998,NA,NA,NA,satellite
2579999,2024-01-24T16:37:13Z,56.70168833333333,-2.465731666666667,NA,NA,NA,dynamic_classA
2579999,2024-01-24T16:37:17Z,-38.449585,148.30890499999998,NA,NA,NA,satellite
2579999,2024-01-24T16:37:37Z,-38.449595,148.30889833333333,NA,NA,NA,satellite
2579999,2024-01-24T16:37:57Z,-38.449601666666666,148.30889666666664,NA,NA,NA,satellite
2579999,2024-01-24T16:38:04Z,35.50153,129.44112833333332,NA,NA,NA,dynamic_classA
2579999,2024-01-24T16:38:07Z,29.66156833333333,32.354745,NA,NA,NA,dynamic_classA
2579999,2024-01-24T16:38:17Z,34.79533166666667,127.73848,NA,NA,NA,satellite
2579999,2024-01-24T16:38:30Z,1.2831666666666666,103.779335,NA,NA,NA,dynamic_classA
2579999,2024-01-24T16:38:31Z,24.536403333333332,54.38503166666667,NA,NA,NA,dynamic_classA
2579999,2024-01-24T16:38:32Z,1.2831666666666666,103.779335,NA,NA,NA,dynamic_classA
2579999,2024-01-24T16:38:33Z,1.2831666666666666,103.779335,NA,NA,NA,dynamic_classA
2579999,2024-01-24T16:38:37Z,-38.44961,148.308895,NA,NA,NA,satellite
2579999,2024-01-24T16:38:41Z,1.2831666666666666,103.779335,NA,NA,NA,dynamic_classA
2579999,2024-01-24T16:38:57Z,-38.449603333333336,148.30890833333333,NA,NA,NA,satellite
2579999,2024-01-24T16:38:58Z,29.661583333333333,32.354751666666665,NA,NA,NA,dynamic_classA
2579999,2024-01-24T16:39:07Z,-38.449601666666666,148.308915,NA,NA,NA,satellite
2579999,2024-01-24T16:39:17Z,-38.44960666666667,148.30893166666667,NA,NA,NA,satellite
2579999,2024-01-24T16:39:18Z,1.2831666666666666,103.779335,NA,NA,NA,dynamic_classA
2579999,2024-01-24T16:39:19Z,56.701695,-2.465745,NA,NA,NA,dynamic_classA
2579999,2024-01-24T16:39:33Z,29.661581666666667,32.354765,NA,NA,NA,dynamic_classA
2579999,2024-01-24T16:39:36Z,-38.449619999999996,148.30896833333333,NA,NA,NA,satellite
2579999,2024-01-24T16:39:52Z,50.799638333333334,-1.1100133333333335,NA,NA,NA,dynamic_classA
2579999,2024-01-24T16:39:56Z,35.501549999999995,129.44113833333333,NA,NA,NA,satellite
2579999,2024-01-24T16:39:59Z,58.014665,7.483876666666666,NA,NA,NA,dynamic_classA
2579999,2024-01-24T16:40:16Z,-38.44959666666667,148.30904833333335,NA,NA,NA,satellite
2579999,2024-01-24T16:40:29Z,65.21747166666667,6.905175,NA,NA,NA,dynamic_classA
2579999,2024-01-24T16:40:37Z,-38.44959166666667,148.30907833333333,NA,NA,NA,satellite
2579999,2024-01-24T16:40:47Z,-38.44959333333334,148.30908833333334,NA,NA,NA,satellite
2579999,2024-01-24T16:40:48Z,-20.211291666666668,115.05234166666668,NA,NA,NA,dynamic_classA
2579999,2024-01-24T16:40:54Z,50.799638333333334,-1.110015,NA,NA,NA,dynamic_classA
2579999,2024-01-24T16:40:57Z,-38.44959666666667,148.30909666666668,NA,NA,NA,satellite
2579999,2024-01-24T16:40:58Z,35.50154833333333,129.44114333333334,NA,NA,NA,dynamic_classA
2579999,2024-01-24T16:41:16Z,56.701685,-2.465726666666667,NA,NA,NA,dynamic_classA
2579999,2024-01-24T16:41:17Z,-38.449600000000004,148.30910333333335,NA,NA,NA,satellite
2579999,2024-01-24T16:41:39Z,53.45058166666667,0.8896083333333333,NA,NA,NA,dynamic_classA
2579999,2024-01-24T16:41:57Z,1.283175,103.77933,NA,NA,NA,dynamic_classA
2579999,2024-01-24T16:41:59Z,1.2831716666666668,103.77933166666666,NA,NA,NA,dynamic_classA
2579999,2024-01-24T16:42:01Z,1.2831716666666668,103.77933166666666,NA,NA,NA,dynamic_classA
2579999,2024-01-24T16:42:04Z,1.2831716666666668,103.77933166666666,NA,NA,NA,dynamic_classA
2579999,2024-01-24T16:42:07Z,9.50343,-13.708228333333333,NA,NA,NA,satellite
2579999,2024-01-24T16:43:10Z,24.536401666666666,54.38505166666666,NA,NA,NA,dynamic_classA
2579999,2024-01-24T16:43:16Z,35.50154333333333,129.44113333333334,NA,NA,NA,dynamic_classA
2579999,2024-01-24T16:43:18Z,65.217455,6.905155,NA,NA,NA,dynamic_classA
2579999,2024-01-24T16:43:30Z,24.536406666666668,54.385055,NA,NA,NA,dynamic_classA
2579999,2024-01-24T16:43:37Z,24.536408333333334,54.385056666666664,NA,NA,NA,dynamic_classA
2579999,2024-01-24T16:43:55Z,29.661676666666665,32.354795,NA,NA,NA,dynamic_classA
2579999,2024-01-24T16:43:59Z,29.661676666666665,32.354795,NA,NA,NA,dynamic_classA
2579999,2024-01-24T16:44:48Z,29.661606666666668,32.35471333333333,NA,NA,NA,dynamic_classA
2579999,2024-01-24T16:44:59Z,25.319081666666666,53.46250333333333,NA,NA,NA,dynamic_classA
2579999,2024-01-24T16:45:08Z,25.319078333333334,53.46250333333333,NA,NA,NA,dynamic_classA
2579999,2024-01-24T16:45:14Z,25.319078333333334,53.46250333333333,NA,NA,NA,dynamic_classA
2579999,2024-01-24T16:45:16Z,34.795335,127.73846333333333,NA,NA,NA,dynamic_classA
2579999,2024-01-24T16:45:17Z,25.319078333333334,53.46250333333333,NA,NA,NA,dynamic_classA
2579999,2024-01-24T16:45:19Z,53.539985,9.87886,NA,NA,NA,dynamic_classA
2579999,2024-01-24T16:45:31Z,35.50154333333333,129.44113833333333,NA,NA,NA,dynamic_classA
2579999,2024-01-24T16:45:42Z,34.79534,127.73847333333333,NA,NA,NA,dynamic_classA
2579999,2024-01-24T16:45:45Z,21.571475000000003,88.25144833333334,NA,NA,NA,dynamic_classA
2579999,2024-01-24T16:45:50Z,54.60324833333333,-1.1617266666666666,NA,NA,NA,dynamic_classA
2579999,2024-01-24T16:45:51Z,24.536403333333332,54.38505333333333,NA,NA,NA,dynamic_classA
2579999,2024-01-24T16:46:31Z,24.536408333333334,54.38506833333334,NA,NA,NA,dynamic_classA
2579999,2024-01-24T16:47:18Z,-20.214434999999998,115.04558,NA,NA,NA,dynamic_classA
2579999,2024-01-24T16:47:31Z,29.65060833333333,32.36096333333333,NA,NA,NA,dynamic_classA
2579999,2024-01-24T16:48:01Z,34.79535833333333,127.73847166666665,NA,NA,NA,dynamic_classA
2579999,2024-01-24T16:48:13Z,65.21745166666666,6.905173333333334,NA,NA,NA,dynamic_classA
2579999,2024-01-24T16:48:14Z,-38.44953666666667,148.308965,NA,NA,NA,dynamic_classA
2579999,2024-01-24T16:48:27Z,35.501535,129.44113833333333,NA,NA,NA,dynamic_classA
2579999,2024-01-24T16:48:40Z,9.503435,-13.708229999999999,NA,NA,NA,dynamic_classA
2579999,2024-01-24T16:48:45Z,1.2831666666666666,103.77931833333334,NA,NA,NA,dynamic_classA
2579999,2024-01-24T16:48:46Z,35.501535,129.44114166666665,NA,NA,NA,dynamic_classA
2579999,2024-01-24T16:48:47Z,1.2831666666666666,103.77931833333334,NA,NA,NA,dynamic_classA
2579999,2024-01-24T16:48:48Z,-6.122561666666667,120.465305,NA,NA,NA,dynamic_classA
2579999,2024-01-24T16:49:00Z,65.217455,6.905175,NA,NA,NA,dynamic_classA
2579999,2024-01-24T16:49:10Z,-38.449556666666666,148.30896333333334,NA,NA,NA,satellite
2579999,2024-01-24T16:50:42Z,-5.455355,105.31047333333332,NA,NA,NA,dynamic_classA
2579999,2024-01-24T16:50:48Z,50.79964666666667,-1.1100183333333333,NA,NA,NA,dynamic_classA
2579999,2024-01-24T16:50:52Z,9.50343,-13.708229999999999,NA,NA,NA,dynamic_classA
2579999,2024-01-24T16:50:55Z,29.65059666666667,32.360978333333335,NA,NA,NA,dynamic_classA
2579999,2024-01-24T16:51:15Z,34.795325000000005,127.73847166666665,NA,NA,NA,dynamic_classA
2579999,2024-01-24T16:51:22Z,35.501533333333334,129.44113333333334,NA,NA,NA,dynamic_classA
2579999,2024-01-24T16:51:38Z,-38.44951666666667,148.30893,NA,NA,NA,dynamic_classA
2579999,2024-01-24T16:51:45Z,-20.216835,115.04055666666666,NA,NA,NA,dynamic_classA
2579999,2024-01-24T16:51:53Z,50.79964833333334,-1.1100216666666667,NA,NA,NA,dynamic_classA
2579999,2024-01-24T16:52:08Z,35.501545,129.44113166666665,NA,NA,NA,dynamic_classA
2579999,2024-01-24T16:52:22Z,-20.217088333333333,115.04001166666667,NA,NA,NA,dynamic_classA
2579999,2024-01-24T16:52:32Z,35.50154333333333,129.44112833333332,NA,NA,NA,dynamic_classA
2579999,2024-01-24T16:52:43Z,1.2831666666666666,103.77931666666667,NA,NA,NA,dynamic_classA
2579999,2024-01-24T16:52:57Z,-20.21745,115.03926499999999,NA,NA,NA,dynamic_classA
2579999,2024-01-24T16:52:58Z,29.650606666666665,32.36098,NA,NA,NA,dynamic_classA
2579999,2024-01-24T16:53:09Z,56.70172,-2.4657,NA,NA,NA,dynamic_classA
2579999,2024-01-24T16:53:11Z,26.203063333333333,50.60108833333334,NA,NA,NA,dynamic_classA
2579999,2024-01-24T16:53:27Z,53.53997833333334,9.878856666666668,NA,NA,NA,dynamic_classA
2579999,2024-01-24T16:53:28Z,-20.217711666666666,115.03871000000001,NA,NA,NA,dynamic_classA
2579999,2024-01-24T16:53:33Z,53.53997833333334,9.878856666666668,NA,NA,NA,dynamic_classA
2579999,2024-01-24T16:54:18Z,24.53638833333333,54.385056666666664,NA,NA,NA,dynamic_classA
2579999,2024-01-24T16:54:24Z,-20.218191666666666,115.03772666666667,NA,NA,NA,dynamic_classA
2579999,2024-01-24T16:54:29Z,-2.6682616666666665,118.89452333333334,NA,NA,NA,dynamic_classA
2579999,2024-01-24T16:54:31Z,25.319061666666666,53.46250666666666,NA,NA,NA,dynamic_classA
2579999,2024-01-24T16:54:33Z,25.319061666666666,53.46250666666666,NA,NA,NA,dynamic_classA
2579999,2024-01-24T16:54:55Z,9.503426666666666,-13.708226666666667,NA,NA,NA,dynamic_classA
2579999,2024-01-24T16:55:07Z,34.79534833333333,127.73846499999999,NA,NA,NA,dynamic_classA
2579999,2024-01-24T16:55:08Z,35.50153666666667,129.44114166666665,NA,NA,NA,dynamic_classA
2579999,2024-01-24T16:55:09Z,53.53998,9.878863333333333,NA,NA,NA,dynamic_classA
2579999,2024-01-24T16:55:19Z,35.50154,129.441145,NA,NA,NA,dynamic_classA
2579999,2024-01-24T16:55:31Z,54.60324,-1.1616950000000001,NA,NA,NA,dynamic_classA
2579999,2024-01-24T16:55:40Z,29.650609999999997,32.36099333333333,NA,NA,NA,satellite
2579999,2024-01-24T16:55:46Z,34.795341666666666,127.73846499999999,NA,NA,NA,dynamic_classA
2579999,2024-01-24T16:55:54Z,56.701675,-2.4657033333333334,NA,NA,NA,dynamic_classA
2579999,2024-01-24T16:56:01Z,-20.21887333333333,115.036335,NA,NA,NA,dynamic_classA
2579999,2024-01-24T16:56:16Z,34.795323333333336,127.73847333333333,NA,NA,NA,dynamic_classA
2579999,2024-01-24T16:56:27Z,-20.21910666666667,115.03583666666667,NA,NA,NA,dynamic_classA
2579999,2024-01-24T16:56:30Z,-38.44958,148.30906166666668,NA,NA,NA,satellite
2579999,2024-01-24T16:56:33Z,35.50154,129.441145,NA,NA,NA,dynamic_classA
2579999,2024-01-24T16:56:39Z,29.650609999999997,32.36099333333333,NA,NA,NA,dynamic_classA
2579999,2024-01-24T16:56:41Z,29.650609999999997,32.36099333333333,NA,NA,NA,dynamic_classA
2579999,2024-01-24T16:56:45Z,24.536381666666667,54.385045,NA,NA,NA,dynamic_classA
2579999,2024-01-24T16:56:50Z,25.31905833333333,53.46250166666667,NA,NA,NA,dynamic_classA
2579999,2024-01-24T16:56:53Z,9.503431666666668,-13.70822,NA,NA,NA,dynamic_classA
2579999,2024-01-24T16:56:56Z,3.5680666666666667,113.32466500000001,NA,NA,NA,dynamic_classA
2579999,2024-01-24T16:56:58Z,1.2831716666666668,103.779335,NA,NA,NA,dynamic_classA
2579999,2024-01-24T16:57:15Z,53.539985,9.878870000000001,NA,NA,NA,dynamic_classA
2579999,2024-01-24T16:57:21Z,1.283175,103.77933333333334,NA,NA,NA,dynamic_classA
2579999,2024-01-24T16:57:24Z,65.21746166666667,6.905195,NA,NA,NA,dynamic_classA
2579999,2024-01-24T16:57:33Z,54.60324166666667,-1.1616900000000001,NA,NA,NA,dynamic_classA
2579999,2024-01-24T16:57:39Z,1.28317,103.77933,NA,NA,NA,dynamic_classA
2579999,2024-01-24T16:57:40Z,-38.449585,148.30903166666667,NA,NA,NA,satellite
2579999,2024-01-24T16:57:45Z,21.57148,88.251445,NA,NA,NA,dynamic_classA
2579999,2024-01-24T16:57:46Z,35.50154166666667,129.44113000000002,NA,NA,NA,dynamic_classA
2579999,2024-01-24T16:57:49Z,56.70168,-2.4656916666666664,NA,NA,NA,dynamic_classA
2579999,2024-01-24T16:57:56Z,9.503431666666668,-13.708226666666667,NA,NA,NA,dynamic_classA
2579999,2024-01-24T16:58:24Z,35.50153833333333,129.44113833333333,NA,NA,NA,dynamic_classA
2579999,2024-01-24T16:58:37Z,1.2831633333333334,103.77933166666666,NA,NA,NA,dynamic_classA
2579999,2024-01-24T16:58:43Z,56.701699999999995,-2.465701666666667,NA,NA,NA,dynamic_classA
2579999,2024-01-24T16:58:47Z,25.31906,53.46249833333333,NA,NA,NA,dynamic_classA
2579999,2024-01-24T16:58:49Z,29.650606666666665,32.36099166666666,NA,NA,NA,dynamic_classA
2579999,2024-01-24T16:58:57Z,34.79533833333333,127.73848333333333,NA,NA,NA,dynamic_classA
2579999,2024-01-24T16:58:59Z,25.31906,53.46249833333333,NA,NA,NA,dynamic_classA
2579999,2024-01-24T16:59:11Z,-20.220453333333335,115.03318333333333,NA,NA,NA,dynamic_classA
2579999,2024-01-24T16:59:47Z,29.650613333333336,32.36099333333333,NA,NA,NA,dynamic_classA
2579999,2024-01-24T16:59:59Z,58.014648333333334,7.48387,NA,NA,NA,dynamic_classA
2579999,2024-01-24T17:00:36Z,50.79963333333333,-1.110025,NA,NA,NA,dynamic_classA
2579999,2024-01-24T17:00:38Z,25.319051666666667,53.46250833333333,NA,NA,NA,dynamic_classA
2579999,2024-01-24T17:00:39Z,25.319055,53.46250666666666,NA,NA,NA,dynamic_classA
2579999,2024-01-24T17:01:01Z,25.319051666666667,53.46250666666666,NA,NA,NA,dynamic_classA
2579999,2024-01-24T17:01:16Z,25.319053333333333,53.46250833333333,NA,NA,NA,dynamic_classA
2579999,2024-01-24T17:01:22Z,25.319053333333333,53.46251333333333,NA,NA,NA,dynamic_classA
2579999,2024-01-24T17:01:26Z,56.70167,-2.4657,NA,NA,NA,dynamic_classA
2579999,2024-01-24T17:01:38Z,25.319053333333333,53.462515,NA,NA,NA,dynamic_classA
2579999,2024-01-24T17:01:44Z,25.319053333333333,53.462515,NA,NA,NA,dynamic_classA
2579999,2024-01-24T17:01:54Z,50.799636666666665,-1.1100166666666667,NA,NA,NA,dynamic_classA
2579999,2024-01-24T17:01:59Z,25.319055,53.462511666666664,NA,NA,NA,dynamic_classA
2579999,2024-01-24T17:02:09Z,1.2831633333333334,103.77932666666668,NA,NA,NA,dynamic_classA
2579999,2024-01-24T17:02:18Z,25.319051666666667,53.462509999999995,NA,NA,NA,dynamic_classA
2579999,2024-01-24T17:02:19Z,1.2831633333333334,103.779325,NA,NA,NA,dynamic_classA
2579999,2024-01-24T17:02:27Z,1.2831633333333334,103.779325,NA,NA,NA,dynamic_classA
2579999,2024-01-24T17:02:38Z,-20.222323333333335,115.02936,NA,NA,NA,dynamic_classA
2579999,2024-01-24T17:02:40Z,25.31905,53.462515,NA,NA,NA,dynamic_classA
2579999,2024-01-24T17:02:42Z,1.2831616666666668,103.779325,NA,NA,NA,dynamic_classA
2579999,2024-01-24T17:02:45Z,25.31905,53.462511666666664,NA,NA,NA,dynamic_classA
2579999,2024-01-24T17:02:48Z,25.31905,53.462515,NA,NA,NA,dynamic_classA
2579999,2024-01-24T17:02:50Z,9.503435,-13.708228333333333,NA,NA,NA,dynamic_classA
2579999,2024-01-24T17:02:52Z,25.31904666666667,53.462515,NA,NA,NA,dynamic_classA
2579999,2024-01-24T17:02:54Z,25.31904666666667,53.462515,NA,NA,NA,dynamic_classA
2579999,2024-01-24T17:02:59Z,25.319041666666667,53.462515,NA,NA,NA,dynamic_classA
2579999,2024-01-24T17:03:04Z,-38.449553333333334,148.308915,NA,NA,NA,dynamic_classA
2579999,2024-01-24T17:03:09Z,25.319039999999998,53.462515,NA,NA,NA,dynamic_classA
2579999,2024-01-24T17:03:10Z,25.319039999999998,53.462515,NA,NA,NA,dynamic_classA
2579999,2024-01-24T17:03:11Z,25.319039999999998,53.462515,NA,NA,NA,dynamic_classA
2579999,2024-01-24T17:03:16Z,34.79535666666666,127.73847666666667,NA,NA,NA,dynamic_classA
2579999,2024-01-24T17:03:17Z,1.2831599999999999,103.779315,NA,NA,NA,dynamic_classA
2579999,2024-01-24T17:03:19Z,25.319039999999998,53.462515,NA,NA,NA,dynamic_classA
2579999,2024-01-24T17:03:47Z,35.50156333333334,129.44112333333334,NA,NA,NA,dynamic_classA
2579999,2024-01-24T17:03:48Z,65.217445,6.90519,NA,NA,NA,dynamic_classA
2579999,2024-01-24T17:04:19Z,29.650628333333334,32.361005,NA,NA,NA,dynamic_classA
2579999,2024-01-24T17:04:28Z,-20.223098333333333,115.02764,NA,NA,NA,dynamic_classA
2579999,2024-01-24T17:04:44Z,29.650624999999998,32.361005,NA,NA,NA,dynamic_classA
2579999,2024-01-24T17:04:45Z,29.650624999999998,32.361005,NA,NA,NA,dynamic_classA
2579999,2024-01-24T17:05:03Z,1.2831633333333334,103.77933333333334,NA,NA,NA,dynamic_classA
2579999,2024-01-24T17:05:13Z,9.503435,-13.708228333333333,NA,NA,NA,dynamic_classA
2579999,2024-01-24T17:05:29Z,29.650623333333332,32.36101333333333,NA,NA,NA,dynamic_classA
2579999,2024-01-24T17:05:40Z,-33.87849333333333,-58.421056666666665,NA,NA,NA,dynamic_classA
2579999,2024-01-24T17:05:49Z,35.50153833333333,129.441125,NA,NA,NA,dynamic_classA
2579999,2024-01-24T17:06:02Z,50.79963333333333,-1.1100066666666666,NA,NA,NA,dynamic_classA
2579999,2024-01-24T17:06:10Z,54.60326,-1.1617183333333334,NA,NA,NA,dynamic_classA
2579999,2024-01-24T17:06:17Z,34.795341666666666,127.73847166666665,NA,NA,NA,dynamic_classA
2579999,2024-01-24T17:06:20Z,34.795341666666666,127.73847500000001,NA,NA,NA,dynamic_classA
2579999,2024-01-24T17:06:48Z,1.2831666666666666,103.77932666666668,NA,NA,NA,dynamic_classA
2579999,2024-01-24T17:06:54Z,24.536378333333335,54.385025000000006,NA,NA,NA,dynamic_classA
2579999,2024-01-24T17:06:57Z,24.536378333333335,54.385025000000006,NA,NA,NA,dynamic_classA
2579999,2024-01-24T17:07:01Z,24.536378333333335,54.38502666666667,NA,NA,NA,dynamic_classA
2579999,2024-01-24T17:07:36Z,35.50152333333333,129.44113833333333,NA,NA,NA,dynamic_classA
2579999,2024-01-24T17:07:38Z,25.319035,53.462485,NA,NA,NA,dynamic_classA
2579999,2024-01-24T17:07:52Z,29.65062,32.361021666666666,NA,NA,NA,dynamic_classA
2579999,2024-01-24T17:07:56Z,29.65062,32.361023333333335,NA,NA,NA,dynamic_classA
2579999,2024-01-24T17:08:07Z,24.536378333333335,54.385035,NA,NA,NA,dynamic_classA
2579999,2024-01-24T17:08:08Z,-20.224786666666667,115.02398833333334,NA,NA,NA,dynamic_classA
2579999,2024-01-24T17:08:32Z,65.21745166666666,6.9051383333333325,NA,NA,NA,dynamic_classA
2579999,2024-01-24T17:08:46Z,-20.225131666666666,115.02321,NA,NA,NA,dynamic_classA
2579999,2024-01-24T17:08:50Z,34.79534833333333,127.73846,NA,NA,NA,dynamic_classA
2579999,2024-01-24T17:09:02Z,25.31903,53.46249666666667,NA,NA,NA,dynamic_classA
2579999,2024-01-24T17:09:03Z,25.31903,53.46249666666667,NA,NA,NA,dynamic_classA
2579999,2024-01-24T17:09:07Z,35.50152833333333,129.44113333333334,NA,NA,NA,dynamic_classA
2579999,2024-01-24T17:09:10Z,9.503431666666668,-13.708226666666667,NA,NA,NA,dynamic_classA
2579999,2024-01-24T17:09:37Z,-20.225568333333335,115.02226833333334,NA,NA,NA,satellite
2579999,2024-01-24T17:09:38Z,-5.455376666666667,105.31048000000001,NA,NA,NA,dynamic_classA
2579999,2024-01-24T17:09:50Z,65.21745333333334,6.9051350000000005,NA,NA,NA,dynamic_classA
2579999,2024-01-24T17:09:59Z,58.014635,7.483866666666667,NA,NA,NA,dynamic_classA
2579999,2024-01-24T17:10:14Z,25.319016666666666,53.46249666666667,NA,NA,NA,dynamic_classA
2579999,2024-01-24T17:10:16Z,25.319016666666666,53.46249666666667,NA,NA,NA,dynamic_classA
2579999,2024-01-24T17:10:58Z,-38.449558333333336,148.30891666666668,NA,NA,NA,dynamic_classA
2579999,2024-01-24T17:11:02Z,9.503431666666668,-13.708225,NA,NA,NA,dynamic_classA
2579999,2024-01-24T17:11:03Z,1.283145,103.779335,NA,NA,NA,dynamic_classA
2579999,2024-01-24T17:11:08Z,53.53998166666667,9.878870000000001,NA,NA,NA,dynamic_classA
2579999,2024-01-24T17:11:24Z,-33.87850833333333,-58.421095,NA,NA,NA,dynamic_classA
2579999,2024-01-24T17:11:29Z,25.319011666666665,53.46250666666666,NA,NA,NA,dynamic_classA
2579999,2024-01-24T17:11:34Z,29.650606666666665,32.36101333333333,NA,NA,NA,dynamic_classA
2579999,2024-01-24T17:11:39Z,65.21747666666667,6.905175,NA,NA,NA,dynamic_classA
2579999,2024-01-24T17:12:05Z,53.539985,9.878870000000001,NA,NA,NA,dynamic_classA
2579999,2024-01-24T17:12:12Z,35.501545,129.441135,NA,NA,NA,dynamic_classA
2579999,2024-01-24T17:12:25Z,29.650606666666665,32.36101166666666,NA,NA,NA,dynamic_classA
2579999,2024-01-24T17:12:51Z,25.31901333333333,53.46252666666667,NA,NA,NA,dynamic_classA
2579999,2024-01-24T17:12:52Z,-38.44947,148.30895,NA,NA,NA,satellite
2579999,2024-01-24T17:13:01Z,25.319016666666666,53.46252833333333,NA,NA,NA,dynamic_classA
2579999,2024-01-24T17:13:11Z,-38.449466666666666,148.30894166666667,NA,NA,NA,satellite
2579999,2024-01-24T17:13:13Z,3.5680666666666667,113.32466500000001,NA,NA,NA,dynamic_classA
2579999,2024-01-24T17:13:14Z,50.79963166666666,-1.1100066666666666,NA,NA,NA,dynamic_classA
2579999,2024-01-24T17:13:18Z,29.650606666666665,32.36101,NA,NA,NA,dynamic_classA
2579999,2024-01-24T17:13:19Z,56.70166833333334,-2.465733333333333,NA,NA,NA,dynamic_classA
2579999,2024-01-24T17:13:23Z,35.501549999999995,129.44111666666666,NA,NA,NA,dynamic_classA
2579999,2024-01-24T17:13:24Z,1.2831583333333334,103.77932833333332,NA,NA,NA,dynamic_classA
2579999,2024-01-24T17:13:41Z,-20.227536666666666,115.01803,NA,NA,NA,satellite
2579999,2024-01-24T17:13:47Z,53.53998333333333,9.878868333333333,NA,NA,NA,dynamic_classA
2579999,2024-01-24T17:13:52Z,-38.44946,148.30892166666666,NA,NA,NA,satellite
2579999,2024-01-24T17:14:02Z,-38.449463333333334,148.30892166666666,NA,NA,NA,satellite
2579999,2024-01-24T17:14:13Z,53.53998166666667,9.878870000000001,NA,NA,NA,dynamic_classA
2579999,2024-01-24T17:14:15Z,-20.227871666666665,115.017325,NA,NA,NA,dynamic_classA
2579999,2024-01-24T17:14:28Z,35.501545,129.44114166666665,NA,NA,NA,dynamic_classA
2579999,2024-01-24T17:14:30Z,-20.227946666666664,115.01715166666666,NA,NA,NA,satellite
2579999,2024-01-24T17:14:37Z,24.53634,54.38507833333333,NA,NA,NA,satellite
2579999,2024-01-24T17:14:50Z,-20.228093333333334,115.01681166666667,NA,NA,NA,satellite
2579999,2024-01-24T17:14:53Z,9.50343,-13.708226666666667,NA,NA,NA,dynamic_classA
2579999,2024-01-24T17:14:54Z,-20.228116666666665,115.01676166666667,NA,NA,NA,satellite
2579999,2024-01-24T17:14:55Z,9.50343,-13.708226666666667,NA,NA,NA,dynamic_classA
2579999,2024-01-24T17:15:00Z,-20.228173333333334,115.01664666666667,NA,NA,NA,satellite
2579999,2024-01-24T17:15:01Z,-38.44952166666667,148.30893,NA,NA,NA,satellite
2579999,2024-01-24T17:15:07Z,-20.228233333333332,115.01653,NA,NA,NA,satellite
2579999,2024-01-24T17:15:19Z,-2.668251666666667,118.89454500000001,NA,NA,NA,dynamic_classA
2579999,2024-01-24T17:15:37Z,-20.228488333333335,115.016,NA,NA,NA,satellite
2579999,2024-01-24T17:15:39Z,35.50152666666667,129.441125,NA,NA,NA,dynamic_classA
2579999,2024-01-24T17:15:41Z,54.60333,-1.1617483333333332,NA,NA,NA,satellite
2579999,2024-01-24T17:15:47Z,34.795359999999995,127.73847666666667,NA,NA,NA,dynamic_classA
2579999,2024-01-24T17:15:49Z,65.21744,6.90518,NA,NA,NA,dynamic_classA
2579999,2024-01-24T17:15:50Z,29.650609999999997,32.361016666666664,NA,NA,NA,dynamic_classA
2579999,2024-01-24T17:15:54Z,53.53997666666667,9.878870000000001,NA,NA,NA,dynamic_classA
2579999,2024-01-24T17:15:56Z,34.795359999999995,127.73847666666667,NA,NA,NA,dynamic_classA
2579999,2024-01-24T17:15:58Z,24.53634333333333,54.38506333333333,NA,NA,NA,satellite
2579999,2024-01-24T17:16:14Z,-20.22876,115.01540666666666,NA,NA,NA,satellite
2579999,2024-01-24T17:16:22Z,-38.449585,148.30896333333334,NA,NA,NA,satellite
2579999,2024-01-24T17:16:31Z,-20.228901666666665,115.01512,NA,NA,NA,satellite
2579999,2024-01-24T17:16:32Z,-38.44958833333333,148.30896666666666,NA,NA,NA,satellite
2579999,2024-01-24T17:16:34Z,-20.228926666666666,115.01506833333333,NA,NA,NA,satellite
2579999,2024-01-24T17:16:36Z,50.79962666666667,-1.1100016666666666,NA,NA,NA,dynamic_classA
2579999,2024-01-24T17:16:37Z,29.650615000000002,32.361021666666666,NA,NA,NA,dynamic_classA
2579999,2024-01-24T17:16:42Z,-38.44958833333333,148.30896833333333,NA,NA,NA,satellite
2579999,2024-01-24T17:16:44Z,56.701681666666666,-2.4657033333333334,NA,NA,NA,dynamic_classA
2579999,2024-01-24T17:16:45Z,-20.228959999999997,115.01499666666668,NA,NA,NA,dynamic_classA
2579999,2024-01-24T17:16:52Z,-38.449585,148.30896833333333,NA,NA,NA,satellite
2579999,2024-01-24T17:16:53Z,-20.229091666666665,115.01471,NA,NA,NA,satellite
2579999,2024-01-24T17:16:56Z,34.79535833333333,127.73848,NA,NA,NA,dynamic_classA
2579999,2024-01-24T17:16:59Z,29.650618333333334,32.361021666666666,NA,NA,NA,dynamic_classA
2579999,2024-01-24T17:17:00Z,24.536344999999997,54.385061666666665,NA,NA,NA,dynamic_classA
2579999,2024-01-24T17:17:03Z,-20.229173333333332,115.01453333333333,NA,NA,NA,satellite
2579999,2024-01-24T17:17:13Z,-20.229251666666666,115.01436333333332,NA,NA,NA,satellite
2579999,2024-01-24T17:17:17Z,-20.229251666666666,115.01436333333332,NA,NA,NA,dynamic_classA
2579999,2024-01-24T17:17:23Z,35.501533333333334,129.44113333333334,NA,NA,NA,dynamic_classA
2579999,2024-01-24T17:17:30Z,-20.229384999999997,115.01408333333333,NA,NA,NA,satellite
2579999,2024-01-24T17:17:39Z,56.70168666666667,-2.4657150000000003,NA,NA,NA,dynamic_classA
2579999,2024-01-24T17:17:40Z,-20.229468333333333,115.01391833333334,NA,NA,NA,satellite
2579999,2024-01-24T17:17:45Z,53.539975,9.878870000000001,NA,NA,NA,dynamic_classA
2579999,2024-01-24T17:17:51Z,29.650618333333334,32.361025,NA,NA,NA,dynamic_classA
2579999,2024-01-24T17:17:53Z,54.60329,-1.1618083333333333,NA,NA,NA,dynamic_classA
2579999,2024-01-24T17:18:02Z,50.79963,-1.110015,NA,NA,NA,satellite
2579999,2024-01-24T17:18:13Z,65.21744333333334,6.905156666666667,NA,NA,NA,satellite
2579999,2024-01-24T17:18:33Z,46.543980000000005,-48.499066666666664,NA,NA,NA,dynamic_classA
2579999,2024-01-24T17:18:34Z,35.501549999999995,129.44113833333333,NA,NA,NA,dynamic_classA
2579999,2024-01-24T17:18:40Z,1.2831616666666668,103.77934166666667,NA,NA,NA,dynamic_classA
2579999,2024-01-24T17:18:45Z,25.319056666666665,53.46253166666667,NA,NA,NA,dynamic_classA
2579999,2024-01-24T17:18:46Z,9.503428333333334,-13.708228333333333,NA,NA,NA,dynamic_classA
2579999,2024-01-24T17:18:53Z,-20.230023333333335,115.01270166666667,NA,NA,NA,satellite
2579999,2024-01-24T17:18:58Z,-20.230023333333335,115.01270166666667,NA,NA,NA,satellite
2579999,2024-01-24T17:19:00Z,-20.230076666666665,115.01259166666667,NA,NA,NA,satellite
2579999,2024-01-24T17:19:03Z,56.70166666666667,-2.465708333333333,NA,NA,NA,dynamic_classA
2579999,2024-01-24T17:19:04Z,-20.230101666666666,115.01254333333333,NA,NA,NA,satellite
2579999,2024-01-24T17:19:14Z,-20.230181666666667,115.01237166666667,NA,NA,NA,satellite
2579999,2024-01-24T17:19:16Z,35.50154166666667,129.44113333333334,NA,NA,NA,dynamic_classA
2579999,2024-01-24T17:19:17Z,-20.230181666666667,115.01237166666667,NA,NA,NA,satellite
2579999,2024-01-24T17:19:27Z,34.795370000000005,127.73848,NA,NA,NA,dynamic_classA
2579999,2024-01-24T17:19:28Z,29.650626666666668,32.36103166666667,NA,NA,NA,dynamic_classA
2579999,2024-01-24T17:19:31Z,-20.23031,115.01206166666665,NA,NA,NA,satellite
2579999,2024-01-24T17:19:41Z,-20.230381666666666,115.01188833333335,NA,NA,NA,satellite
2579999,2024-01-24T17:19:44Z,-20.230381666666666,115.01188833333335,NA,NA,NA,satellite
2579999,2024-01-24T17:19:51Z,-20.230508333333333,115.01160833333333,NA,NA,NA,dynamic_classA
2579999,2024-01-24T17:19:57Z,29.650624999999998,32.36103,NA,NA,NA,dynamic_classA
2579999,2024-01-24T17:20:12Z,25.31905833333333,53.46254666666667,NA,NA,NA,dynamic_classA
2579999,2024-01-24T17:20:17Z,25.319056666666665,53.46254666666667,NA,NA,NA,dynamic_classA
2579999,2024-01-24T17:20:28Z,-20.230715,115.01116999999999,NA,NA,NA,satellite
2579999,2024-01-24T17:20:39Z,25.319063333333336,53.462545,NA,NA,NA,dynamic_classA
2579999,2024-01-24T17:20:58Z,25.31906,53.46254333333333,NA,NA,NA,dynamic_classA
2579999,2024-01-24T17:21:18Z,1.2831533333333334,103.77934833333333,NA,NA,NA,dynamic_classA
2579999,2024-01-24T17:21:20Z,25.319056666666665,53.462545,NA,NA,NA,dynamic_classA
2579999,2024-01-24T17:21:33Z,53.539973333333336,9.878878333333335,NA,NA,NA,dynamic_classA
2579999,2024-01-24T17:21:46Z,25.319048333333335,53.46254166666667,NA,NA,NA,dynamic_classA
2579999,2024-01-24T17:21:56Z,56.70166833333334,-2.465685,NA,NA,NA,dynamic_classA
2579999,2024-01-24T17:21:58Z,35.501549999999995,129.44112833333332,NA,NA,NA,dynamic_classA
2579999,2024-01-24T17:22:20Z,1.283145,103.77934,NA,NA,NA,dynamic_classA
2579999,2024-01-24T17:22:24Z,-20.231568333333332,115.00914333333334,NA,NA,NA,satellite
2579999,2024-01-24T17:22:26Z,35.50153833333333,129.44113333333334,NA,NA,NA,dynamic_classA
2579999,2024-01-24T17:22:27Z,1.283145,103.77934,NA,NA,NA,dynamic_classA
2579999,2024-01-24T17:22:28Z,25.31903833333333,53.46252833333333,NA,NA,NA,dynamic_classA
2579999,2024-01-24T17:22:31Z,-20.231618333333333,115.00903,NA,NA,NA,satellite
2579999,2024-01-24T17:22:34Z,50.799638333333334,-1.1100216666666667,NA,NA,NA,satellite
2579999,2024-01-24T17:22:41Z,-20.2317,115.008865,NA,NA,NA,satellite
2579999,2024-01-24T17:22:48Z,25.31903833333333,53.46252333333334,NA,NA,NA,dynamic_classA
2579999,2024-01-24T17:22:59Z,25.319039999999998,53.46252333333334,NA,NA,NA,dynamic_classA
2579999,2024-01-24T17:23:03Z,1.283145,103.779335,NA,NA,NA,dynamic_classA
2579999,2024-01-24T17:23:04Z,1.283145,103.779335,NA,NA,NA,dynamic_classA
2579999,2024-01-24T17:23:14Z,-20.231958333333335,115.00829,NA,NA,NA,satellite
2579999,2024-01-24T17:23:21Z,-38.44963,148.3089183333333,NA,NA,NA,dynamic_classA
2579999,2024-01-24T17:23:24Z,-20.23203,115.00811999999999,NA,NA,NA,satellite
2579999,2024-01-24T17:23:26Z,25.319041666666667,53.46252166666667,NA,NA,NA,dynamic_classA
2579999,2024-01-24T17:23:46Z,25.319043333333333,53.462518333333335,NA,NA,NA,dynamic_classA
2579999,2024-01-24T17:23:49Z,25.319043333333333,53.462518333333335,NA,NA,NA,dynamic_classA
2579999,2024-01-24T17:23:50Z,25.319043333333333,53.462518333333335,NA,NA,NA,dynamic_classA
2579999,2024-01-24T17:23:52Z,25.319041666666667,53.46251666666667,NA,NA,NA,dynamic_classA
2579999,2024-01-24T17:23:55Z,35.501545,129.44113666666667,NA,NA,NA,dynamic_classA
2579999,2024-01-24T17:23:59Z,25.319041666666667,53.46251666666667,NA,NA,NA,dynamic_classA
2579999,2024-01-24T17:24:00Z,25.319041666666667,53.46251666666667,NA,NA,NA,dynamic_classA
2579999,2024-01-24T17:24:01Z,21.571471666666664,88.25144,NA,NA,NA,dynamic_classA
2579999,2024-01-24T17:24:07Z,35.501551666666664,129.441125,NA,NA,NA,dynamic_classA
2579999,2024-01-24T17:24:10Z,25.319041666666667,53.46251666666667,NA,NA,NA,dynamic_classA
2579999,2024-01-24T17:24:14Z,-20.232393333333334,115.007335,NA,NA,NA,satellite
2579999,2024-01-24T17:24:16Z,25.319043333333333,53.46251666666667,NA,NA,NA,dynamic_classA
2579999,2024-01-24T17:24:21Z,-38.449600000000004,148.30888000000002,NA,NA,NA,satellite
2579999,2024-01-24T17:24:27Z,65.217445,6.905176666666667,NA,NA,NA,dynamic_classA
2579999,2024-01-24T17:24:39Z,29.65064,32.36103,NA,NA,NA,dynamic_classA
2579999,2024-01-24T17:24:51Z,-38.449615,148.308865,NA,NA,NA,satellite
2579999,2024-01-24T17:25:01Z,-38.449621666666665,148.30886833333335,NA,NA,NA,satellite
2579999,2024-01-24T17:25:04Z,29.650636666666667,32.36103333333333,NA,NA,NA,dynamic_classA
2579999,2024-01-24T17:25:10Z,9.50343,-13.708226666666667,NA,NA,NA,satellite
2579999,2024-01-24T17:25:25Z,29.650636666666667,32.36103166666667,NA,NA,NA,dynamic_classA
2579999,2024-01-24T17:25:30Z,-38.44963833333334,148.30886999999998,NA,NA,NA,satellite
2579999,2024-01-24T17:25:41Z,-38.449634999999994,148.30887666666666,NA,NA,NA,satellite
2579999,2024-01-24T17:25:42Z,-38.449634999999994,148.30887666666666,NA,NA,NA,satellite
2579999,2024-01-24T17:25:51Z,-38.44963166666666,148.3088833333333,NA,NA,NA,satellite
2579999,2024-01-24T17:26:01Z,-38.449634999999994,148.308895,NA,NA,NA,satellite
2579999,2024-01-24T17:26:08Z,29.650633333333335,32.361035,NA,NA,NA,dynamic_classA
2579999,2024-01-24T17:26:10Z,35.50152833333333,129.44113833333333,NA,NA,NA,dynamic_classA
2579999,2024-01-24T17:26:11Z,-38.44964166666667,148.30890499999998,NA,NA,NA,satellite
2579999,2024-01-24T17:26:20Z,54.603255,-1.1617,NA,NA,NA,dynamic_classA
2579999,2024-01-24T17:26:21Z,-38.44965,148.30890833333333,NA,NA,NA,satellite
2579999,2024-01-24T17:26:23Z,9.50343,-13.708225,NA,NA,NA,dynamic_classA
2579999,2024-01-24T17:26:31Z,-38.44965833333333,148.30890833333333,NA,NA,NA,satellite
2579999,2024-01-24T17:26:51Z,-38.44966333333333,148.30890833333333,NA,NA,NA,satellite
2579999,2024-01-24T17:27:00Z,34.79532666666667,127.73847,NA,NA,NA,dynamic_classA
2579999,2024-01-24T17:27:01Z,24.536350000000002,54.38507666666667,NA,NA,NA,dynamic_classA
2579999,2024-01-24T17:27:05Z,34.79532666666667,127.73847,NA,NA,NA,dynamic_classA
2579999,2024-01-24T17:27:11Z,-38.44965333333334,148.30889833333333,NA,NA,NA,satellite
2579999,2024-01-24T17:27:21Z,-38.449645000000004,148.30889833333333,NA,NA,NA,satellite
2579999,2024-01-24T17:27:31Z,-38.44963833333334,148.30890166666669,NA,NA,NA,satellite
2579999,2024-01-24T17:28:00Z,-38.44963333333333,148.30891000000003,NA,NA,NA,satellite
2579999,2024-01-24T17:28:01Z,29.650636666666667,32.361048333333336,NA,NA,NA,dynamic_classA
2579999,2024-01-24T17:28:35Z,35.501560000000005,129.44114833333333,NA,NA,NA,dynamic_classA
2579999,2024-01-24T17:28:37Z,25.319008333333333,53.462518333333335,NA,NA,NA,dynamic_classA
2579999,2024-01-24T17:28:42Z,65.21744666666667,6.905185,NA,NA,NA,dynamic_classA
2579999,2024-01-24T17:28:52Z,25.319003333333335,53.462511666666664,NA,NA,NA,dynamic_classA
2579999,2024-01-24T17:28:55Z,-20.23445333333333,115.00269833333333,NA,NA,NA,dynamic_classA
2579999,2024-01-24T17:28:58Z,25.319003333333335,53.462509999999995,NA,NA,NA,dynamic_classA
2579999,2024-01-24T17:29:02Z,25.319003333333335,53.462509999999995,NA,NA,NA,dynamic_classA
2579999,2024-01-24T17:29:03Z,25.319003333333335,53.462509999999995,NA,NA,NA,dynamic_classA
2579999,2024-01-24T17:29:07Z,25.319003333333335,53.462509999999995,NA,NA,NA,dynamic_classA
2579999,2024-01-24T17:29:08Z,58.014586666666666,7.483981666666667,NA,NA,NA,dynamic_classA
2579999,2024-01-24T17:29:09Z,25.319003333333335,53.462509999999995,NA,NA,NA,dynamic_classA
2579999,2024-01-24T17:29:11Z,25.319003333333335,53.462509999999995,NA,NA,NA,dynamic_classA
2579999,2024-01-24T17:29:20Z,-38.449646666666666,148.309025,NA,NA,NA,satellite
2579999,2024-01-24T17:29:21Z,25.318996666666667,53.462509999999995,NA,NA,NA,satellite
2579999,2024-01-24T17:29:24Z,25.318998333333333,53.46250833333333,NA,NA,NA,dynamic_classA
2579999,2024-01-24T17:29:25Z,1.2831566666666667,103.77934833333333,NA,NA,NA,dynamic_classA
2579999,2024-01-24T17:29:30Z,25.319003333333335,53.462509999999995,NA,NA,NA,dynamic_classA
2579999,2024-01-24T17:29:38Z,25.318996666666667,53.462509999999995,NA,NA,NA,dynamic_classA
2579999,2024-01-24T17:29:43Z,1.2831616666666668,103.77934166666667,NA,NA,NA,dynamic_classA
2579999,2024-01-24T17:29:47Z,35.50152833333333,129.44113166666665,NA,NA,NA,dynamic_classA
2579999,2024-01-24T17:29:50Z,9.503426666666666,-13.708225,NA,NA,NA,dynamic_classA
2579999,2024-01-24T17:30:00Z,-38.449643333333334,148.30901,NA,NA,NA,satellite
2579999,2024-01-24T17:30:10Z,-38.44964166666667,148.30901,NA,NA,NA,satellite
2579999,2024-01-24T17:30:20Z,-38.44963833333334,148.30901,NA,NA,NA,satellite
2579999,2024-01-24T17:30:22Z,25.318988333333333,53.46250333333333,NA,NA,NA,dynamic_classA
2579999,2024-01-24T17:30:23Z,25.318988333333333,53.46250333333333,NA,NA,NA,dynamic_classA
2579999,2024-01-24T17:30:30Z,-38.44963166666666,148.309005,NA,NA,NA,satellite
2579999,2024-01-24T17:30:57Z,24.536293333333333,54.38505,NA,NA,NA,dynamic_classA
2579999,2024-01-24T17:31:01Z,-38.44960666666667,148.30898166666665,NA,NA,NA,satellite
2579999,2024-01-24T17:31:10Z,65.21744,6.9051366666666665,NA,NA,NA,dynamic_classA
2579999,2024-01-24T17:31:11Z,-38.449603333333336,148.30898,NA,NA,NA,satellite
2579999,2024-01-24T17:31:15Z,21.571485,88.25143333333334,NA,NA,NA,dynamic_classA
2579999,2024-01-24T17:31:20Z,1.2831466666666667,103.77933833333333,NA,NA,NA,satellite
2579999,2024-01-24T17:31:21Z,1.2831466666666667,103.77933166666666,NA,NA,NA,satellite
2579999,2024-01-24T17:31:22Z,9.503428333333334,-13.708215,NA,NA,NA,dynamic_classA
2579999,2024-01-24T17:31:23Z,-5.4553650000000005,105.31048666666668,NA,NA,NA,dynamic_classA
2579999,2024-01-24T17:31:25Z,25.318991666666665,53.462505,NA,NA,NA,dynamic_classA
2579999,2024-01-24T17:31:30Z,-38.44959333333334,148.30897000000002,NA,NA,NA,satellite
2579999,2024-01-24T17:31:31Z,-38.44959333333334,148.30897000000002,NA,NA,NA,satellite
2579999,2024-01-24T17:31:40Z,-38.449585,148.30896333333334,NA,NA,NA,satellite
2579999,2024-01-24T17:31:41Z,-38.449585,148.30896333333334,NA,NA,NA,satellite
2579999,2024-01-24T17:31:48Z,-20.235835,114.99973833333334,NA,NA,NA,dynamic_classA
2579999,2024-01-24T17:31:54Z,29.650635,32.36103,NA,NA,NA,dynamic_classA
2579999,2024-01-24T17:31:57Z,-38.44956666666667,148.30894666666666,NA,NA,NA,dynamic_classA
2579999,2024-01-24T17:32:00Z,-38.44956666666667,148.30894666666666,NA,NA,NA,satellite
2579999,2024-01-24T17:32:01Z,-38.44956666666667,148.30894666666666,NA,NA,NA,satellite
2579999,2024-01-24T17:32:19Z,53.539975,9.878873333333333,NA,NA,NA,dynamic_classA
2579999,2024-01-24T17:32:20Z,-38.44956166666667,148.30894166666667,NA,NA,NA,satellite
2579999,2024-01-24T17:32:21Z,-38.44956166666667,148.30894166666667,NA,NA,NA,satellite
2579999,2024-01-24T17:32:24Z,-33.87848833333333,-58.42104833333334,NA,NA,NA,dynamic_classA
2579999,2024-01-24T17:32:25Z,53.539975,9.878873333333333,NA,NA,NA,dynamic_classA
2579999,2024-01-24T17:32:26Z,25.318986666666667,53.462509999999995,NA,NA,NA,dynamic_classA
2579999,2024-01-24T17:32:27Z,25.318985,53.46250666666666,NA,NA,NA,dynamic_classA
2579999,2024-01-24T17:32:31Z,-38.44956333333334,148.30894333333333,NA,NA,NA,satellite
2579999,2024-01-24T17:32:36Z,50.79962833333333,-1.1100033333333335,NA,NA,NA,dynamic_classA
2579999,2024-01-24T17:32:40Z,-38.44956333333334,148.30894833333332,NA,NA,NA,satellite
2579999,2024-01-24T17:32:41Z,25.318988333333333,53.462509999999995,NA,NA,NA,satellite
2579999,2024-01-24T17:32:46Z,25.318988333333333,53.462509999999995,NA,NA,NA,dynamic_classA
2579999,2024-01-24T17:32:50Z,25.31899,53.46250833333333,NA,NA,NA,dynamic_classA
2579999,2024-01-24T17:32:51Z,25.31899333333333,53.46250666666666,NA,NA,NA,satellite
2579999,2024-01-24T17:32:52Z,25.31899333333333,53.46250666666666,NA,NA,NA,dynamic_classA
2579999,2024-01-24T17:32:53Z,25.31899,53.46250833333333,NA,NA,NA,dynamic_classA
2579999,2024-01-24T17:32:54Z,25.31899333333333,53.46250666666666,NA,NA,NA,dynamic_classA
2579999,2024-01-24T17:32:55Z,25.31899333333333,53.46250666666666,NA,NA,NA,dynamic_classA
2579999,2024-01-24T17:32:56Z,25.31899333333333,53.46250666666666,NA,NA,NA,dynamic_classA
2579999,2024-01-24T17:32:58Z,25.31899333333333,53.46250666666666,NA,NA,NA,dynamic_classA
2579999,2024-01-24T17:32:59Z,25.31899333333333,53.46250666666666,NA,NA,NA,dynamic_classA
2579999,2024-01-24T17:33:00Z,1.2831383333333333,103.77933666666667,NA,NA,NA,satellite
2579999,2024-01-24T17:33:01Z,25.31899333333333,53.46250666666666,NA,NA,NA,satellite
2579999,2024-01-24T17:33:05Z,34.795325000000005,127.73847500000001,NA,NA,NA,dynamic_classA
2579999,2024-01-24T17:33:07Z,25.31899333333333,53.46250666666666,NA,NA,NA,dynamic_classA
2579999,2024-01-24T17:33:08Z,25.31899333333333,53.46250833333333,NA,NA,NA,dynamic_classA
2579999,2024-01-24T17:33:10Z,25.31899333333333,53.46250666666666,NA,NA,NA,dynamic_classA
2579999,2024-01-24T17:33:20Z,-38.44950666666667,148.30893666666668,NA,NA,NA,satellite
2579999,2024-01-24T17:33:21Z,-38.44950666666667,148.30893666666668,NA,NA,NA,satellite
2579999,2024-01-24T17:33:22Z,50.79962666666667,-1.1099999999999999,NA,NA,NA,dynamic_classA
2579999,2024-01-24T17:33:38Z,29.650636666666667,32.36103166666667,NA,NA,NA,dynamic_classA
2579999,2024-01-24T17:33:40Z,-38.44945499999999,148.30892166666666,NA,NA,NA,satellite
2579999,2024-01-24T17:33:42Z,-38.44945499999999,148.30892166666666,NA,NA,NA,satellite
2579999,2024-01-24T17:33:45Z,29.650636666666667,32.36103166666667,NA,NA,NA,dynamic_classA
2579999,2024-01-24T17:33:49Z,56.70173333333333,-2.465708333333333,NA,NA,NA,dynamic_classA
2579999,2024-01-24T17:34:01Z,-38.44943333333333,148.30893166666667,NA,NA,NA,satellite
2579999,2024-01-24T17:34:02Z,35.50153,129.441145,NA,NA,NA,dynamic_classA
2579999,2024-01-24T17:34:07Z,53.539975,9.878865,NA,NA,NA,dynamic_classA
2579999,2024-01-24T17:34:13Z,1.283145,103.77934166666667,NA,NA,NA,dynamic_classA
2579999,2024-01-24T17:34:21Z,-38.44941666666667,148.30894500000002,NA,NA,NA,satellite
2579999,2024-01-24T17:34:41Z,-38.449396666666665,148.30895833333335,NA,NA,NA,satellite
2579999,2024-01-24T17:34:43Z,53.53998333333333,9.878861666666667,NA,NA,NA,dynamic_classA
2579999,2024-01-24T17:34:59Z,24.536301666666667,54.385038333333334,NA,NA,NA,dynamic_classA
2579999,2024-01-24T17:35:01Z,-20.237458333333333,114.99644833333333,NA,NA,NA,dynamic_classA
2579999,2024-01-24T17:35:02Z,-20.237403333333337,114.99655666666666,NA,NA,NA,dynamic_classA
2579999,2024-01-24T17:35:08Z,35.501533333333334,129.44115166666668,NA,NA,NA,dynamic_classA
2579999,2024-01-24T17:35:31Z,-38.44938666666667,148.30893166666667,NA,NA,NA,satellite
2579999,2024-01-24T17:35:51Z,-38.44940333333333,148.30893666666668,NA,NA,NA,satellite
2579999,2024-01-24T17:36:01Z,54.60334666666667,-1.161675,NA,NA,NA,dynamic_classA
2579999,2024-01-24T17:36:09Z,35.50154,129.44114333333334,NA,NA,NA,dynamic_classA
2579999,2024-01-24T17:36:10Z,29.650636666666667,32.36103833333333,NA,NA,NA,dynamic_classA
2579999,2024-01-24T17:36:11Z,-38.449435,148.30892833333334,NA,NA,NA,satellite
2579999,2024-01-24T17:36:16Z,34.79533,127.73847833333333,NA,NA,NA,dynamic_classA
2579999,2024-01-24T17:36:17Z,24.536296666666665,54.38504666666667,NA,NA,NA,dynamic_classA
2579999,2024-01-24T17:36:18Z,-20.237963333333333,114.99542333333333,NA,NA,NA,dynamic_classA
2579999,2024-01-24T17:36:27Z,34.79533,127.73848,NA,NA,NA,dynamic_classA
2579999,2024-01-24T17:36:34Z,53.539991666666666,9.878870000000001,NA,NA,NA,dynamic_classA
2579999,2024-01-24T17:36:43Z,-20.238206666666667,114.994935,NA,NA,NA,satellite
2579999,2024-01-24T17:36:56Z,50.799625,-1.1100299999999999,NA,NA,NA,dynamic_classA
2579999,2024-01-24T17:37:19Z,29.650635,32.36103833333333,NA,NA,NA,dynamic_classA
2579999,2024-01-24T17:37:44Z,56.70169333333333,-2.4657116666666665,NA,NA,NA,dynamic_classA
2579999,2024-01-24T17:37:46Z,34.795343333333335,127.73847333333333,NA,NA,NA,satellite
2579999,2024-01-24T17:37:54Z,29.650638333333333,32.361035,NA,NA,NA,dynamic_classA
2579999,2024-01-24T17:37:59Z,56.70169333333333,-2.4657066666666667,NA,NA,NA,dynamic_classA
2579999,2024-01-24T17:38:03Z,54.603325000000005,-1.1616166666666667,NA,NA,NA,dynamic_classA
2579999,2024-01-24T17:38:07Z,-20.238895,114.99354833333334,NA,NA,NA,dynamic_classA
2579999,2024-01-24T17:38:10Z,24.53629833333333,54.385061666666665,NA,NA,NA,dynamic_classA
2579999,2024-01-24T17:38:13Z,9.50343,-13.70822,NA,NA,NA,dynamic_classA
2579999,2024-01-24T17:38:21Z,29.65064,32.36103,NA,NA,NA,dynamic_classA
2579999,2024-01-24T17:38:23Z,35.501560000000005,129.44113333333334,NA,NA,NA,dynamic_classA
2579999,2024-01-24T17:38:26Z,53.53998833333333,9.878868333333333,NA,NA,NA,dynamic_classA
2579999,2024-01-24T17:38:49Z,3.5680666666666667,113.32466500000001,NA,NA,NA,dynamic_classA
2579999,2024-01-24T17:38:54Z,35.501549999999995,129.44114,NA,NA,NA,dynamic_classA
2579999,2024-01-24T17:39:06Z,-20.23933333333333,114.99267166666667,NA,NA,NA,dynamic_classA
2579999,2024-01-24T17:39:13Z,56.70169333333333,-2.4657466666666665,NA,NA,NA,dynamic_classA
2579999,2024-01-24T17:39:14Z,65.21743833333333,6.905166666666667,NA,NA,NA,satellite
2579999,2024-01-24T17:39:28Z,1.283145,103.77932833333332,NA,NA,NA,dynamic_classA
2579999,2024-01-24T17:39:43Z,9.503428333333334,-13.70822,NA,NA,NA,dynamic_classA
2579999,2024-01-24T17:39:46Z,9.503428333333334,-13.70822,NA,NA,NA,dynamic_classA
2579999,2024-01-24T17:39:47Z,-20.239718333333332,114.99189666666666,NA,NA,NA,satellite
2579999,2024-01-24T17:39:48Z,24.536288333333335,54.385056666666664,NA,NA,NA,dynamic_classA
2579999,2024-01-24T17:39:57Z,34.795345,127.73847166666665,NA,NA,NA,dynamic_classA
2579999,2024-01-24T17:39:58Z,29.650635,32.361035,NA,NA,NA,dynamic_classA
2579999,2024-01-24T17:40:07Z,29.650635,32.36103833333333,NA,NA,NA,dynamic_classA
2579999,2024-01-24T17:40:14Z,-20.239938333333335,114.99146,NA,NA,NA,satellite
2579999,2024-01-24T17:40:24Z,-20.240021666666667,114.99130166666667,NA,NA,NA,satellite
2579999,2024-01-24T17:40:48Z,35.501545,129.44113833333333,NA,NA,NA,dynamic_classA
2579999,2024-01-24T17:40:58Z,9.503435,-13.708216666666667,NA,NA,NA,satellite
2579999,2024-01-24T17:41:20Z,1.28315,103.77932666666668,NA,NA,NA,dynamic_classA
2579999,2024-01-24T17:41:40Z,1.2831533333333334,103.77932833333332,NA,NA,NA,dynamic_classA
2579999,2024-01-24T17:41:58Z,9.503428333333334,-13.708221666666667,NA,NA,NA,satellite
2579999,2024-01-24T17:42:06Z,56.701695,-2.465735,NA,NA,NA,dynamic_classA
2579999,2024-01-24T17:42:07Z,-20.240828333333333,114.98958333333333,NA,NA,NA,satellite
2579999,2024-01-24T17:42:18Z,9.503431666666668,-13.70822,NA,NA,NA,satellite
2579999,2024-01-24T17:42:27Z,1.283145,103.77932666666668,NA,NA,NA,dynamic_classA
2579999,2024-01-24T17:42:29Z,58.014635,7.483865,NA,NA,NA,dynamic_classA
2579999,2024-01-24T17:42:34Z,-38.449595,148.308915,NA,NA,NA,dynamic_classA
2579999,2024-01-24T17:42:40Z,-38.44959166666667,148.30891166666666,NA,NA,NA,satellite
2579999,2024-01-24T17:42:49Z,65.21743666666667,6.9051383333333325,NA,NA,NA,dynamic_classA
2579999,2024-01-24T17:43:24Z,50.799641666666666,-1.110045,NA,NA,NA,dynamic_classA
2579999,2024-01-24T17:43:29Z,1.2831383333333333,103.77931666666667,NA,NA,NA,dynamic_classA
2579999,2024-01-24T17:43:36Z,35.50154166666667,129.44112833333332,NA,NA,NA,dynamic_classA
2579999,2024-01-24T17:43:37Z,1.2831383333333333,103.77931666666667,NA,NA,NA,dynamic_classA
2579999,2024-01-24T17:43:56Z,1.2831416666666666,103.77932166666666,NA,NA,NA,dynamic_classA
2579999,2024-01-24T17:44:05Z,1.2831350000000001,103.77932333333334,NA,NA,NA,dynamic_classA
2579999,2024-01-24T17:44:27Z,35.50154,129.44113166666665,NA,NA,NA,dynamic_classA
2579999,2024-01-24T17:44:33Z,53.53998166666667,9.878874999999999,NA,NA,NA,dynamic_classA
2579999,2024-01-24T17:44:57Z,65.21745333333334,6.905153333333333,NA,NA,NA,dynamic_classA
2579999,2024-01-24T17:44:59Z,29.65064,32.361039999999996,NA,NA,NA,dynamic_classA
2579999,2024-01-24T17:45:00Z,-38.44952166666667,148.30890166666669,NA,NA,NA,satellite
2579999,2024-01-24T17:45:10Z,-38.44952333333333,148.30889833333333,NA,NA,NA,satellite
2579999,2024-01-24T17:45:17Z,24.536350000000002,54.385041666666666,NA,NA,NA,dynamic_classA
2579999,2024-01-24T17:45:21Z,10.285748333333334,106.76147333333333,NA,NA,NA,satellite
2579999,2024-01-24T17:45:30Z,-38.449526666666664,148.30889166666665,NA,NA,NA,satellite
2579999,2024-01-24T17:45:31Z,1.2831483333333333,103.77934,NA,NA,NA,satellite
2579999,2024-01-24T17:45:40Z,-38.449533333333335,148.30889166666665,NA,NA,NA,satellite
2579999,2024-01-24T17:45:41Z,-38.449533333333335,148.30889166666665,NA,NA,NA,satellite
2579999,2024-01-24T17:45:50Z,9.503428333333334,-13.70822,NA,NA,NA,dynamic_classA
2579999,2024-01-24T17:45:51Z,-38.44954166666666,148.308895,NA,NA,NA,satellite
2579999,2024-01-24T17:45:55Z,29.650643333333335,32.361036666666664,NA,NA,NA,dynamic_classA
2579999,2024-01-24T17:45:56Z,35.50154333333333,129.44113833333333,NA,NA,NA,dynamic_classA
2579999,2024-01-24T17:46:00Z,-38.44954833333334,148.30889833333333,NA,NA,NA,satellite
2579999,2024-01-24T17:46:01Z,-38.44954833333334,148.30889833333333,NA,NA,NA,satellite
2579999,2024-01-24T17:46:19Z,53.539986666666664,9.878870000000001,NA,NA,NA,dynamic_classA
2579999,2024-01-24T17:46:20Z,1.28315,103.77933666666667,NA,NA,NA,dynamic_classA
2579999,2024-01-24T17:46:21Z,-38.449558333333336,148.30891166666666,NA,NA,NA,satellite
2579999,2024-01-24T17:46:22Z,25.319081666666666,53.46254166666667,NA,NA,NA,dynamic_classA
2579999,2024-01-24T17:46:30Z,35.501549999999995,129.44113333333334,NA,NA,NA,dynamic_classA
2579999,2024-01-24T17:46:31Z,1.283145,103.77933833333333,NA,NA,NA,satellite
2579999,2024-01-24T17:46:40Z,54.60328666666667,-1.1617366666666666,NA,NA,NA,satellite
2579999,2024-01-24T17:46:41Z,-38.449565,148.30892166666666,NA,NA,NA,satellite
2579999,2024-01-24T17:46:49Z,29.650651666666665,32.36103333333333,NA,NA,NA,dynamic_classA
2579999,2024-01-24T17:46:51Z,-38.44957,148.30892833333334,NA,NA,NA,satellite
2579999,2024-01-24T17:46:56Z,35.501535,129.441135,NA,NA,NA,dynamic_classA
2579999,2024-01-24T17:46:58Z,25.31908,53.46254333333333,NA,NA,NA,dynamic_classA
2579999,2024-01-24T17:47:00Z,-38.449571666666664,148.30893666666668,NA,NA,NA,satellite
2579999,2024-01-24T17:47:01Z,-38.449571666666664,148.30893666666668,NA,NA,NA,satellite
2579999,2024-01-24T17:47:21Z,-38.44957333333333,148.30894833333332,NA,NA,NA,satellite
2579999,2024-01-24T17:47:31Z,-38.44957,148.30894833333332,NA,NA,NA,satellite
2579999,2024-01-24T17:47:40Z,34.79537333333334,127.73847500000001,NA,NA,NA,satellite
2579999,2024-01-24T17:47:41Z,24.536385,54.385061666666665,NA,NA,NA,satellite
2579999,2024-01-24T17:47:50Z,-38.44956166666667,148.30893666666668,NA,NA,NA,satellite
2579999,2024-01-24T17:47:51Z,-38.44956166666667,148.30893666666668,NA,NA,NA,satellite
2579999,2024-01-24T17:48:00Z,-38.449556666666666,148.30893,NA,NA,NA,satellite
2579999,2024-01-24T17:48:01Z,-38.449556666666666,148.30893,NA,NA,NA,satellite
2579999,2024-01-24T17:48:16Z,34.79536666666667,127.73846666666667,NA,NA,NA,dynamic_classA
2579999,2024-01-24T17:48:21Z,29.650654999999997,32.361035,NA,NA,NA,dynamic_classA
2579999,2024-01-24T17:48:31Z,-38.44954166666666,148.30891333333332,NA,NA,NA,satellite
2579999,2024-01-24T17:48:34Z,24.536408333333334,54.38506833333334,NA,NA,NA,dynamic_classA
2579999,2024-01-24T17:48:40Z,-38.449535,148.3089183333333,NA,NA,NA,satellite
2579999,2024-01-24T17:48:41Z,-38.449535,148.3089183333333,NA,NA,NA,satellite
2579999,2024-01-24T17:48:48Z,58.014635,7.48388,NA,NA,NA,dynamic_classA
2579999,2024-01-24T17:48:50Z,-38.44952833333333,148.308925,NA,NA,NA,satellite
2579999,2024-01-24T17:48:51Z,9.503423333333334,-13.708218333333333,NA,NA,NA,satellite
2579999,2024-01-24T17:49:02Z,65.21745,6.905143333333333,NA,NA,NA,dynamic_classA
2579999,2024-01-24T17:49:20Z,-38.44952833333333,148.30898166666665,NA,NA,NA,satellite
2579999,2024-01-24T17:49:30Z,-38.449531666666665,148.30899499999998,NA,NA,NA,satellite
2579999,2024-01-24T17:49:32Z,-38.449531666666665,148.30899499999998,NA,NA,NA,satellite
2579999,2024-01-24T17:49:36Z,35.50154166666667,129.441145,NA,NA,NA,dynamic_classA
2579999,2024-01-24T17:49:38Z,24.536408333333334,54.38507833333333,NA,NA,NA,dynamic_classA
2579999,2024-01-24T17:49:40Z,-38.449529999999996,148.3090083333333,NA,NA,NA,satellite
2579999,2024-01-24T17:49:41Z,-20.244284999999998,114.98214,NA,NA,NA,satellite
2579999,2024-01-24T17:49:46Z,24.536408333333334,54.38507833333333,NA,NA,NA,dynamic_classA
2579999,2024-01-24T17:49:50Z,-38.449525,148.30902333333333,NA,NA,NA,satellite
2579999,2024-01-24T17:49:51Z,9.503421666666666,-13.708218333333333,NA,NA,NA,satellite
2579999,2024-01-24T17:50:17Z,35.501535,129.44115166666668,NA,NA,NA,dynamic_classA
2579999,2024-01-24T17:50:20Z,34.79531,127.73846666666667,NA,NA,NA,satellite
2579999,2024-01-24T17:50:30Z,9.50342,-13.708215,NA,NA,NA,satellite
2579999,2024-01-24T17:50:40Z,-38.449463333333334,148.30903333333333,NA,NA,NA,satellite
2579999,2024-01-24T17:50:50Z,-38.44945333333333,148.30903333333333,NA,NA,NA,satellite
2579999,2024-01-24T17:50:58Z,-38.449443333333335,148.30903,NA,NA,NA,dynamic_classA
2579999,2024-01-24T17:51:00Z,-38.449443333333335,148.30903,NA,NA,NA,satellite
2579999,2024-01-24T17:51:02Z,9.503418333333334,-13.708215,NA,NA,NA,satellite
2579999,2024-01-24T17:51:12Z,9.503414999999999,-13.708216666666667,NA,NA,NA,satellite
2579999,2024-01-24T17:51:15Z,-20.245126666666668,114.98031833333333,NA,NA,NA,dynamic_classA
2579999,2024-01-24T17:51:20Z,-38.44942666666667,148.309005,NA,NA,NA,satellite
2579999,2024-01-24T17:51:21Z,9.503416666666668,-13.708218333333333,NA,NA,NA,satellite
2579999,2024-01-24T17:51:30Z,-38.449423333333336,148.30899833333334,NA,NA,NA,satellite
2579999,2024-01-24T17:51:40Z,65.21745333333334,6.905185,NA,NA,NA,dynamic_classA
2579999,2024-01-24T17:51:42Z,9.503421666666666,-13.708218333333333,NA,NA,NA,satellite
2579999,2024-01-24T17:52:15Z,29.650621666666666,32.361041666666665,NA,NA,NA,dynamic_classA
2579999,2024-01-24T17:52:23Z,-5.455373333333333,105.310485,NA,NA,NA,dynamic_classA
2579999,2024-01-24T17:52:34Z,25.319095,53.46253166666667,NA,NA,NA,dynamic_classA
2579999,2024-01-24T17:52:35Z,25.319096666666667,53.46253333333333,NA,NA,NA,dynamic_classA
2579999,2024-01-24T17:52:45Z,53.53998833333333,9.878858333333334,NA,NA,NA,dynamic_classA
2579999,2024-01-24T17:52:52Z,9.50342,-13.70822,NA,NA,NA,satellite
2579999,2024-01-24T17:52:56Z,25.319093333333335,53.46252666666667,NA,NA,NA,dynamic_classA
2579999,2024-01-24T17:52:57Z,29.650616666666668,32.36104666666667,NA,NA,NA,dynamic_classA
2579999,2024-01-24T17:52:58Z,-20.245863333333332,114.97878,NA,NA,NA,dynamic_classA
2579999,2024-01-24T17:53:00Z,58.014628333333334,7.483868333333334,NA,NA,NA,satellite
2579999,2024-01-24T17:53:04Z,-33.87848,-58.42105333333333,NA,NA,NA,dynamic_classA
2579999,2024-01-24T17:53:06Z,25.319093333333335,53.46252666666667,NA,NA,NA,dynamic_classA
2579999,2024-01-24T17:53:08Z,53.53998833333333,9.87886,NA,NA,NA,dynamic_classA
2579999,2024-01-24T17:53:20Z,9.503423333333334,-13.708215,NA,NA,NA,satellite
2579999,2024-01-24T17:53:22Z,35.501551666666664,129.44111833333332,NA,NA,NA,satellite
2579999,2024-01-24T17:53:48Z,29.65062,32.361045000000004,NA,NA,NA,dynamic_classA
2579999,2024-01-24T17:53:49Z,1.2831633333333334,103.77934,NA,NA,NA,dynamic_classA
2579999,2024-01-24T17:54:05Z,34.795323333333336,127.73846666666667,NA,NA,NA,dynamic_classA
2579999,2024-01-24T17:54:09Z,56.70168666666667,-2.465751666666667,NA,NA,NA,dynamic_classA
2579999,2024-01-24T17:54:27Z,53.539985,9.878863333333333,NA,NA,NA,dynamic_classA
2579999,2024-01-24T17:54:30Z,29.65062,32.361045000000004,NA,NA,NA,dynamic_classA
2579999,2024-01-24T17:54:42Z,35.50153833333333,129.44114666666667,NA,NA,NA,dynamic_classA
2579999,2024-01-24T17:54:46Z,-20.246715,114.97698999999999,NA,NA,NA,dynamic_classA
2579999,2024-01-24T17:55:13Z,53.53998166666667,9.878863333333333,NA,NA,NA,dynamic_classA
2579999,2024-01-24T17:55:15Z,29.650621666666666,32.361039999999996,NA,NA,NA,dynamic_classA
2579999,2024-01-24T17:55:44Z,-20.247225,114.975925,NA,NA,NA,dynamic_classA
2579999,2024-01-24T17:55:48Z,35.501545,129.44113666666667,NA,NA,NA,dynamic_classA
2579999,2024-01-24T17:55:51Z,1.28315,103.77933,NA,NA,NA,dynamic_classA
2579999,2024-01-24T17:56:11Z,54.60327666666667,-1.161765,NA,NA,NA,dynamic_classA
2579999,2024-01-24T17:56:14Z,50.799645000000005,-1.1100316666666667,NA,NA,NA,dynamic_classA
2579999,2024-01-24T17:56:16Z,34.795343333333335,127.73848333333333,NA,NA,NA,dynamic_classA
2579999,2024-01-24T17:56:19Z,35.50154833333333,129.441135,NA,NA,NA,dynamic_classA
2579999,2024-01-24T17:56:39Z,24.536398333333334,54.38507333333334,NA,NA,NA,dynamic_classA
2579999,2024-01-24T17:56:49Z,-2.6682383333333335,118.89455333333333,NA,NA,NA,dynamic_classA
2579999,2024-01-24T17:56:55Z,1.2831533333333334,103.77933333333334,NA,NA,NA,dynamic_classA
2579999,2024-01-24T17:56:57Z,34.79535166666667,127.73847500000001,NA,NA,NA,dynamic_classA
2579999,2024-01-24T17:57:14Z,53.53998,9.878856666666668,NA,NA,NA,dynamic_classA
2579999,2024-01-24T17:57:17Z,50.79964,-1.1100349999999999,NA,NA,NA,dynamic_classA
2579999,2024-01-24T17:57:18Z,-20.24785166666667,114.97461666666666,NA,NA,NA,satellite
2579999,2024-01-24T17:57:25Z,9.503428333333334,-13.708223333333333,NA,NA,NA,dynamic_classA
2579999,2024-01-24T17:57:29Z,29.650618333333334,32.361045000000004,NA,NA,NA,dynamic_classA
2579999,2024-01-24T17:57:37Z,25.319093333333335,53.46252666666667,NA,NA,NA,dynamic_classA
2579999,2024-01-24T17:57:38Z,-20.248006666666665,114.974285,NA,NA,NA,satellite
2579999,2024-01-24T17:57:39Z,25.31909166666667,53.462525,NA,NA,NA,dynamic_classA
2579999,2024-01-24T17:57:41Z,-38.44952333333333,148.30887833333333,NA,NA,NA,dynamic_classA
2579999,2024-01-24T17:57:43Z,25.31909166666667,53.462525,NA,NA,NA,dynamic_classA
2579999,2024-01-24T17:57:49Z,56.70166833333334,-2.46574,NA,NA,NA,dynamic_classA
2579999,2024-01-24T17:58:09Z,65.21745666666666,6.905093333333334,NA,NA,NA,dynamic_classA
2579999,2024-01-24T17:58:14Z,56.70167,-2.4657416666666667,NA,NA,NA,dynamic_classA
2579999,2024-01-24T17:58:23Z,54.603278333333336,-1.1617366666666666,NA,NA,NA,dynamic_classA
2579999,2024-01-24T17:58:28Z,1.2831483333333333,103.77933666666667,NA,NA,NA,dynamic_classA
2579999,2024-01-24T17:58:30Z,-20.248488333333334,114.97331166666666,NA,NA,NA,satellite
2579999,2024-01-24T17:58:33Z,29.650623333333332,32.361045000000004,NA,NA,NA,dynamic_classA
2579999,2024-01-24T17:58:41Z,29.650623333333332,32.361045000000004,NA,NA,NA,dynamic_classA
2579999,2024-01-24T17:58:46Z,34.795335,127.73848,NA,NA,NA,dynamic_classA
2579999,2024-01-24T17:58:48Z,-20.24856833333333,114.973145,NA,NA,NA,dynamic_classA
2579999,2024-01-24T17:58:52Z,25.31909166666667,53.46252666666667,NA,NA,NA,dynamic_classA
2579999,2024-01-24T17:58:53Z,25.31909166666667,53.46252666666667,NA,NA,NA,dynamic_classA
2579999,2024-01-24T17:58:55Z,25.31909166666667,53.46252666666667,NA,NA,NA,dynamic_classA
2579999,2024-01-24T17:58:57Z,29.650621666666666,32.361043333333335,NA,NA,NA,dynamic_classA
2579999,2024-01-24T17:59:03Z,-20.248730000000002,114.97282,NA,NA,NA,dynamic_classA
2579999,2024-01-24T17:59:04Z,-20.248755000000003,114.97277333333334,NA,NA,NA,satellite
2579999,2024-01-24T17:59:05Z,53.53998333333333,9.87885,NA,NA,NA,dynamic_classA
2579999,2024-01-24T17:59:11Z,-20.248816666666666,114.97265999999999,NA,NA,NA,satellite
2579999,2024-01-24T17:59:13Z,3.5680666666666667,113.32466500000001,NA,NA,NA,dynamic_classA
2579999,2024-01-24T17:59:14Z,35.50154166666667,129.44113333333334,NA,NA,NA,dynamic_classA
2579999,2024-01-24T17:59:21Z,25.31909166666667,53.46252666666667,NA,NA,NA,dynamic_classA
2579999,2024-01-24T17:59:30Z,25.319088333333333,53.46252666666667,NA,NA,NA,dynamic_classA
2579999,2024-01-24T17:59:33Z,35.501545,129.44113333333334,NA,NA,NA,dynamic_classA
2579999,2024-01-24T17:59:44Z,25.31909166666667,53.46252666666667,NA,NA,NA,dynamic_classA
2579999,2024-01-24T18:00:04Z,65.21744833333334,6.905105000000001,NA,NA,NA,dynamic_classA
2579999,2024-01-24T18:00:05Z,50.79963333333333,-1.1100416666666668,NA,NA,NA,dynamic_classA
2579999,2024-01-24T18:00:10Z,-20.249321666666667,114.971655,NA,NA,NA,satellite
2579999,2024-01-24T18:00:19Z,1.2831483333333333,103.77933666666667,NA,NA,NA,dynamic_classA
2579999,2024-01-24T18:00:27Z,34.795343333333335,127.73848166666667,NA,NA,NA,dynamic_classA
2579999,2024-01-24T18:00:28Z,1.2831483333333333,103.77933666666667,NA,NA,NA,dynamic_classA
2579999,2024-01-24T18:00:33Z,56.70168833333333,-2.4657183333333332,NA,NA,NA,dynamic_classA
2579999,2024-01-24T18:00:34Z,-20.249433333333332,114.97144833333333,NA,NA,NA,dynamic_classA
2579999,2024-01-24T18:00:38Z,29.650621666666666,32.36104666666667,NA,NA,NA,dynamic_classA
2579999,2024-01-24T18:00:48Z,1.2831599999999999,103.77934,NA,NA,NA,dynamic_classA
2579999,2024-01-24T18:00:49Z,25.31908,53.46252166666667,NA,NA,NA,dynamic_classA
2579999,2024-01-24T18:00:56Z,9.503425,-13.708215,NA,NA,NA,dynamic_classA
2579999,2024-01-24T18:00:57Z,25.31908,53.46252166666667,NA,NA,NA,satellite
2579999,2024-01-24T18:01:27Z,-38.44938833333333,148.30897166666668,NA,NA,NA,satellite
2579999,2024-01-24T18:01:37Z,-38.449378333333335,148.30897833333333,NA,NA,NA,satellite
2579999,2024-01-24T18:01:56Z,25.319071666666666,53.462520000000005,NA,NA,NA,dynamic_classA
2579999,2024-01-24T18:01:57Z,29.65063,32.361039999999996,NA,NA,NA,dynamic_classA
2579999,2024-01-24T18:02:02Z,25.31907,53.462520000000005,NA,NA,NA,dynamic_classA
2579999,2024-01-24T18:02:03Z,9.503435,-13.708208333333333,NA,NA,NA,dynamic_classA
2579999,2024-01-24T18:02:08Z,25.319068333333334,53.462520000000005,NA,NA,NA,dynamic_classA
2579999,2024-01-24T18:02:10Z,25.319068333333334,53.462520000000005,NA,NA,NA,dynamic_classA
2579999,2024-01-24T18:02:11Z,25.319068333333334,53.462520000000005,NA,NA,NA,dynamic_classA
2579999,2024-01-24T18:02:19Z,25.319068333333334,53.462520000000005,NA,NA,NA,dynamic_classA
2579999,2024-01-24T18:02:26Z,56.701678333333334,-2.4657033333333334,NA,NA,NA,dynamic_classA
2579999,2024-01-24T18:02:38Z,-20.25047,114.96933333333332,NA,NA,NA,satellite
2579999,2024-01-24T18:02:48Z,35.50154166666667,129.44112833333332,NA,NA,NA,dynamic_classA
2579999,2024-01-24T18:03:13Z,-20.250836666666665,114.96864000000001,NA,NA,NA,satellite
2579999,2024-01-24T18:03:19Z,58.01464166666666,7.483873333333333,NA,NA,NA,dynamic_classA
2579999,2024-01-24T18:03:24Z,-38.44936833333334,148.30898,NA,NA,NA,dynamic_classA
2579999,2024-01-24T18:03:27Z,1.2831416666666666,103.77933,NA,NA,NA,satellite
2579999,2024-01-24T18:03:37Z,-38.4494,148.308985,NA,NA,NA,satellite
2579999,2024-01-24T18:03:57Z,-33.87849666666667,-58.42104833333334,NA,NA,NA,dynamic_classA
2579999,2024-01-24T18:04:02Z,50.799641666666666,-1.110055,NA,NA,NA,dynamic_classA
2579999,2024-01-24T18:04:14Z,50.799641666666666,-1.110055,NA,NA,NA,dynamic_classA
2579999,2024-01-24T18:04:18Z,1.2831416666666666,103.77933666666667,NA,NA,NA,dynamic_classA
2579999,2024-01-24T18:04:18Z,-20.251285,114.96773,NA,NA,NA,satellite
2579999,2024-01-24T18:04:22Z,-20.251308333333334,114.96768166666668,NA,NA,NA,satellite
2579999,2024-01-24T18:04:35Z,35.50153,129.44111833333332,NA,NA,NA,dynamic_classA
2579999,2024-01-24T18:04:46Z,35.501531666666665,129.44112166666667,NA,NA,NA,dynamic_classA
2579999,2024-01-24T18:04:57Z,-38.44948333333333,148.309045,NA,NA,NA,satellite
2579999,2024-01-24T18:04:59Z,1.283155,103.77933166666666,NA,NA,NA,dynamic_classA
2579999,2024-01-24T18:05:03Z,53.53997666666667,9.878873333333333,NA,NA,NA,dynamic_classA
2579999,2024-01-24T18:05:07Z,1.2831533333333334,103.77933166666666,NA,NA,NA,dynamic_classA
2579999,2024-01-24T18:05:19Z,29.650628333333334,32.36105166666667,NA,NA,NA,dynamic_classA
2579999,2024-01-24T18:05:21Z,1.283145,103.779335,NA,NA,NA,dynamic_classA
2579999,2024-01-24T18:05:27Z,65.217465,6.905145,NA,NA,NA,dynamic_classA
2579999,2024-01-24T18:05:38Z,35.501533333333334,129.44112333333334,NA,NA,NA,dynamic_classA
2579999,2024-01-24T18:05:45Z,-38.449468333333336,148.30907166666665,NA,NA,NA,satellite
2579999,2024-01-24T18:05:57Z,-38.449475,148.30908499999998,NA,NA,NA,satellite
2579999,2024-01-24T18:06:05Z,-38.449475,148.30908499999998,NA,NA,NA,satellite
2579999,2024-01-24T18:06:27Z,24.536358333333332,54.38507166666667,NA,NA,NA,satellite
2579999,2024-01-24T18:06:35Z,29.650633333333335,32.36103166666667,NA,NA,NA,dynamic_classA
2579999,2024-01-24T18:06:40Z,35.50154666666666,129.44113833333333,NA,NA,NA,dynamic_classA
2579999,2024-01-24T18:06:45Z,-38.449484999999996,148.30911,NA,NA,NA,satellite
2579999,2024-01-24T18:06:48Z,35.50154666666666,129.44113833333333,NA,NA,NA,dynamic_classA
2579999,2024-01-24T18:06:50Z,54.603395,-1.1618633333333332,NA,NA,NA,dynamic_classA
2579999,2024-01-24T18:06:54Z,-20.252575,114.96505833333335,NA,NA,NA,satellite
2579999,2024-01-24T18:06:57Z,-38.44948333333333,148.30912166666667,NA,NA,NA,satellite
2579999,2024-01-24T18:07:00Z,-20.252633333333332,114.964935,NA,NA,NA,satellite
2579999,2024-01-24T18:07:03Z,-20.252658333333333,114.96488500000001,NA,NA,NA,satellite
2579999,2024-01-24T18:07:05Z,-38.44948333333333,148.30912166666667,NA,NA,NA,satellite
2579999,2024-01-24T18:07:10Z,-20.25271,114.96476666666668,NA,NA,NA,satellite
2579999,2024-01-24T18:07:19Z,29.650635,32.361035,NA,NA,NA,dynamic_classA
2579999,2024-01-24T18:07:25Z,-38.44947833333333,148.30912500000002,NA,NA,NA,satellite
2579999,2024-01-24T18:07:40Z,-20.252940000000002,114.96429499999999,NA,NA,NA,satellite
2579999,2024-01-24T18:07:42Z,24.53638833333333,54.38505833333333,NA,NA,NA,dynamic_classA
2579999,2024-01-24T18:07:45Z,-38.44947666666667,148.30912833333332,NA,NA,NA,satellite
2579999,2024-01-24T18:07:46Z,35.501545,129.44112,NA,NA,NA,dynamic_classA
2579999,2024-01-24T18:07:53Z,-20.253049999999998,114.96409666666666,NA,NA,NA,satellite
2579999,2024-01-24T18:07:58Z,-38.449475,148.30912,NA,NA,NA,dynamic_classA
2579999,2024-01-24T18:08:00Z,-20.253111666666666,114.96398500000001,NA,NA,NA,satellite
2579999,2024-01-24T18:08:21Z,34.795361666666665,127.73847166666665,NA,NA,NA,dynamic_classA
2579999,2024-01-24T18:08:24Z,24.536403333333332,54.385043333333336,NA,NA,NA,dynamic_classA
2579999,2024-01-24T18:09:05Z,34.79535333333333,127.73846333333333,NA,NA,NA,dynamic_classA
2579999,2024-01-24T18:09:13Z,65.21742666666667,6.9051149999999994,NA,NA,NA,dynamic_classA
2579999,2024-01-24T18:09:25Z,35.501549999999995,129.44112666666666,NA,NA,NA,dynamic_classA
2579999,2024-01-24T18:09:47Z,-38.44965333333334,148.30908,NA,NA,NA,satellite
2579999,2024-01-24T18:10:20Z,9.503440000000001,-13.708210000000001,NA,NA,NA,dynamic_classA
2579999,2024-01-24T18:10:28Z,-20.25414,114.96179333333333,NA,NA,NA,dynamic_classA
2579999,2024-01-24T18:10:33Z,-20.254265,114.96154333333334,NA,NA,NA,satellite
2579999,2024-01-24T18:10:57Z,35.50154,129.44111333333333,NA,NA,NA,dynamic_classA
2579999,2024-01-24T18:11:00Z,34.79537333333334,127.73846333333333,NA,NA,NA,dynamic_classA
2579999,2024-01-24T18:11:07Z,24.536371666666664,54.385056666666664,NA,NA,NA,dynamic_classA
2579999,2024-01-24T18:11:10Z,9.503436666666666,-13.708213333333333,NA,NA,NA,dynamic_classA
2579999,2024-01-24T18:11:52Z,9.503443333333333,-13.708211666666667,NA,NA,NA,dynamic_classA
2579999,2024-01-24T18:11:59Z,25.31904666666667,53.462511666666664,NA,NA,NA,dynamic_classA
2579999,2024-01-24T18:12:06Z,25.31904666666667,53.462511666666664,NA,NA,NA,dynamic_classA
2579999,2024-01-24T18:12:16Z,21.571468333333332,88.25142000000001,NA,NA,NA,dynamic_classA
2579999,2024-01-24T18:12:17Z,-38.44957333333333,148.30901166666666,NA,NA,NA,satellite
2579999,2024-01-24T18:12:18Z,25.319045000000003,53.462511666666664,NA,NA,NA,dynamic_classA
2579999,2024-01-24T18:12:22Z,-38.44957333333333,148.30901166666666,NA,NA,NA,satellite
2579999,2024-01-24T18:12:23Z,-5.455373333333333,105.31048833333332,NA,NA,NA,dynamic_classA
2579999,2024-01-24T18:12:25Z,29.650621666666666,32.361045000000004,NA,NA,NA,dynamic_classA
2579999,2024-01-24T18:12:30Z,65.21725833333333,6.90503,NA,NA,NA,dynamic_classA
2579999,2024-01-24T18:12:34Z,46.543980000000005,-48.499066666666664,NA,NA,NA,dynamic_classA
2579999,2024-01-24T18:12:37Z,-38.449578333333335,148.30902333333333,NA,NA,NA,satellite
2579999,2024-01-24T18:12:41Z,29.650618333333334,32.361045000000004,NA,NA,NA,dynamic_classA
2579999,2024-01-24T18:12:42Z,-38.449578333333335,148.30902333333333,NA,NA,NA,satellite
2579999,2024-01-24T18:13:00Z,58.01464333333333,7.483865,NA,NA,NA,dynamic_classA
2579999,2024-01-24T18:13:01Z,25.319043333333333,53.46251666666667,NA,NA,NA,dynamic_classA
2579999,2024-01-24T18:13:03Z,25.319039999999998,53.462518333333335,NA,NA,NA,dynamic_classA
2579999,2024-01-24T18:13:07Z,1.2831483333333333,103.77932833333332,NA,NA,NA,dynamic_classA
2579999,2024-01-24T18:13:12Z,1.2831533333333334,103.779325,NA,NA,NA,dynamic_classA
2579999,2024-01-24T18:13:15Z,53.539985,9.878861666666667,NA,NA,NA,dynamic_classA
2579999,2024-01-24T18:13:29Z,58.014646666666664,7.483883333333334,NA,NA,NA,dynamic_classA
2579999,2024-01-24T18:13:49Z,1.2831516666666665,103.77932833333332,NA,NA,NA,dynamic_classA
2579999,2024-01-24T18:13:50Z,25.31904666666667,53.46251666666667,NA,NA,NA,dynamic_classA
2579999,2024-01-24T18:13:58Z,53.53998833333333,9.87886,NA,NA,NA,dynamic_classA
2579999,2024-01-24T18:14:04Z,-33.878501666666665,-58.421060000000004,NA,NA,NA,dynamic_classA
2579999,2024-01-24T18:14:08Z,29.650615000000002,32.361041666666665,NA,NA,NA,dynamic_classA
2579999,2024-01-24T18:14:15Z,-20.25596,114.95787,NA,NA,NA,dynamic_classA
2579999,2024-01-24T18:14:22Z,-20.255936666666667,114.95792,NA,NA,NA,dynamic_classA
2579999,2024-01-24T18:14:29Z,56.701683333333335,-2.465726666666667,NA,NA,NA,dynamic_classA
2579999,2024-01-24T18:14:39Z,25.319045000000003,53.462511666666664,NA,NA,NA,dynamic_classA
2579999,2024-01-24T18:14:45Z,34.79535333333333,127.73847333333333,NA,NA,NA,dynamic_classA
2579999,2024-01-24T18:14:47Z,-20.256136666666666,114.95747833333333,NA,NA,NA,dynamic_classA
2579999,2024-01-24T18:14:50Z,29.65060833333333,32.361045000000004,NA,NA,NA,dynamic_classA
2579999,2024-01-24T18:15:22Z,35.50154333333333,129.44113000000002,NA,NA,NA,dynamic_classA
2579999,2024-01-24T18:15:50Z,-38.44948333333333,148.30906000000002,NA,NA,NA,satellite
2579999,2024-01-24T18:16:00Z,-38.44948,148.30907,NA,NA,NA,satellite
2579999,2024-01-24T18:16:03Z,25.319039999999998,53.46251333333333,NA,NA,NA,dynamic_classA
2579999,2024-01-24T18:16:04Z,25.319039999999998,53.46251333333333,NA,NA,NA,dynamic_classA
2579999,2024-01-24T18:16:09Z,25.319039999999998,53.46251333333333,NA,NA,NA,dynamic_classA
2579999,2024-01-24T18:16:12Z,25.319041666666667,53.462509999999995,NA,NA,NA,dynamic_classA
2579999,2024-01-24T18:16:13Z,-20.256781666666665,114.95603166666666,NA,NA,NA,dynamic_classA
2579999,2024-01-24T18:16:18Z,35.501535,129.44113000000002,NA,NA,NA,dynamic_classA
2579999,2024-01-24T18:16:26Z,25.319039999999998,53.462515,NA,NA,NA,dynamic_classA
2579999,2024-01-24T18:16:30Z,-38.44947666666667,148.30909000000003,NA,NA,NA,satellite
2579999,2024-01-24T18:16:31Z,54.60344833333333,-1.1618683333333335,NA,NA,NA,dynamic_classA
2579999,2024-01-24T18:16:34Z,-20.256871666666665,114.95582333333333,NA,NA,NA,dynamic_classA
2579999,2024-01-24T18:16:36Z,34.79535333333333,127.73847166666665,NA,NA,NA,dynamic_classA
2579999,2024-01-24T18:16:40Z,25.31903833333333,53.462518333333335,NA,NA,NA,dynamic_classA
2579999,2024-01-24T18:16:41Z,25.31903833333333,53.462518333333335,NA,NA,NA,dynamic_classA
2579999,2024-01-24T18:16:46Z,25.319039999999998,53.462515,NA,NA,NA,dynamic_classA
2579999,2024-01-24T18:16:49Z,35.501535,129.44112333333334,NA,NA,NA,dynamic_classA
2579999,2024-01-24T18:16:50Z,-38.449481666666664,148.30907,NA,NA,NA,satellite
2579999,2024-01-24T18:16:55Z,29.650609999999997,32.361048333333336,NA,NA,NA,dynamic_classA
2579999,2024-01-24T18:17:00Z,-38.449495,148.309065,NA,NA,NA,satellite
2579999,2024-01-24T18:17:03Z,25.319035,53.462518333333335,NA,NA,NA,dynamic_classA
2579999,2024-01-24T18:17:07Z,-20.25712,114.955315,NA,NA,NA,dynamic_classA
2579999,2024-01-24T18:17:11Z,25.319035,53.462518333333335,NA,NA,NA,dynamic_classA
2579999,2024-01-24T18:17:19Z,65.21695,6.905361666666667,NA,NA,NA,dynamic_classA
2579999,2024-01-24T18:17:26Z,50.79963333333333,-1.1100666666666668,NA,NA,NA,dynamic_classA
2579999,2024-01-24T18:17:30Z,-38.44955,148.30904333333334,NA,NA,NA,satellite
2579999,2024-01-24T18:17:41Z,-38.44956666666667,148.30903500000002,NA,NA,NA,satellite
2579999,2024-01-24T18:17:42Z,25.319031666666667,53.462520000000005,NA,NA,NA,dynamic_classA
2579999,2024-01-24T18:17:43Z,50.79963166666666,-1.1100683333333334,NA,NA,NA,dynamic_classA
2579999,2024-01-24T18:17:47Z,34.79535,127.73847,NA,NA,NA,dynamic_classA
2579999,2024-01-24T18:17:49Z,-2.6682550000000003,118.89452,NA,NA,NA,dynamic_classA
2579999,2024-01-24T18:17:50Z,-38.449576666666665,148.30902166666667,NA,NA,NA,satellite
2579999,2024-01-24T18:17:58Z,-38.44958166666667,148.30901,NA,NA,NA,dynamic_classA
2579999,2024-01-24T18:18:00Z,-38.44958166666667,148.30901,NA,NA,NA,satellite
2579999,2024-01-24T18:18:01Z,25.319035,53.462515,NA,NA,NA,dynamic_classA
2579999,2024-01-24T18:18:03Z,53.53998833333333,9.878848333333334,NA,NA,NA,dynamic_classA
2579999,2024-01-24T18:18:09Z,56.701681666666666,-2.465725,NA,NA,NA,dynamic_classA
2579999,2024-01-24T18:18:10Z,-38.449585,148.30900000000003,NA,NA,NA,satellite
2579999,2024-01-24T18:18:25Z,9.50343,-13.708205,NA,NA,NA,dynamic_classA
2579999,2024-01-24T18:18:30Z,-38.44959333333334,148.30899166666669,NA,NA,NA,satellite
2579999,2024-01-24T18:18:40Z,-38.449603333333336,148.30899,NA,NA,NA,satellite
2579999,2024-01-24T18:18:43Z,54.603368333333336,-1.1618183333333334,NA,NA,NA,dynamic_classA
2579999,2024-01-24T18:18:47Z,25.319035,53.46250333333333,NA,NA,NA,dynamic_classA
2579999,2024-01-24T18:19:03Z,56.701675,-2.46571,NA,NA,NA,dynamic_classA
2579999,2024-01-24T18:19:14Z,56.701675,-2.46571,NA,NA,NA,dynamic_classA
2579999,2024-01-24T18:19:23Z,29.650624999999998,32.36104666666667,NA,NA,NA,dynamic_classA
2579999,2024-01-24T18:19:31Z,29.650624999999998,32.36104666666667,NA,NA,NA,dynamic_classA
2579999,2024-01-24T18:19:33Z,9.503428333333334,-13.708205,NA,NA,NA,dynamic_classA
2579999,2024-01-24T18:19:34Z,35.50153,129.441145,NA,NA,NA,dynamic_classA
2579999,2024-01-24T18:19:36Z,34.79535,127.73847166666665,NA,NA,NA,dynamic_classA
2579999,2024-01-24T18:19:41Z,-20.258271666666666,114.95281333333334,NA,NA,NA,dynamic_classA
2579999,2024-01-24T18:19:46Z,53.539993333333335,9.878855,NA,NA,NA,dynamic_classA
2579999,2024-01-24T18:19:47Z,1.28315,103.77934333333333,NA,NA,NA,dynamic_classA
2579999,2024-01-24T18:19:58Z,-20.25849,114.952325,NA,NA,NA,dynamic_classA
2579999,2024-01-24T18:20:03Z,9.503433333333334,-13.708208333333333,NA,NA,NA,dynamic_classA
2579999,2024-01-24T18:20:20Z,25.319028333333332,53.4625,NA,NA,NA,dynamic_classA
2579999,2024-01-24T18:20:23Z,35.501535,129.441145,NA,NA,NA,dynamic_classA
2579999,2024-01-24T18:20:29Z,3.5680666666666667,113.32466500000001,NA,NA,NA,dynamic_classA
2579999,2024-01-24T18:20:31Z,25.319028333333332,53.4625,NA,NA,NA,dynamic_classA
2579999,2024-01-24T18:20:33Z,-20.258696666666665,114.95189833333333,NA,NA,NA,satellite
2579999,2024-01-24T18:20:44Z,58.01463833333333,7.48387,NA,NA,NA,dynamic_classA
2579999,2024-01-24T18:20:57Z,34.795365,127.73846333333333,NA,NA,NA,dynamic_classA
2579999,2024-01-24T18:21:04Z,65.21692166666666,6.905351666666666,NA,NA,NA,dynamic_classA
2579999,2024-01-24T18:21:19Z,1.283155,103.77934499999999,NA,NA,NA,dynamic_classA
2579999,2024-01-24T18:21:23Z,-20.259081666666667,114.95110500000001,NA,NA,NA,satellite
2579999,2024-01-24T18:21:28Z,25.319018333333336,53.46249833333333,NA,NA,NA,dynamic_classA
2579999,2024-01-24T18:21:38Z,35.50154,129.44115,NA,NA,NA,dynamic_classA
2579999,2024-01-24T18:21:43Z,-20.259233333333334,114.95080833333333,NA,NA,NA,satellite
2579999,2024-01-24T18:21:46Z,-20.25925833333333,114.95076333333333,NA,NA,NA,satellite
2579999,2024-01-24T18:21:52Z,50.79964,-1.1100466666666666,NA,NA,NA,dynamic_classA
2579999,2024-01-24T18:21:53Z,-20.259318333333333,114.95065666666666,NA,NA,NA,satellite
2579999,2024-01-24T18:21:56Z,25.319020000000002,53.462495,NA,NA,NA,satellite
2579999,2024-01-24T18:22:06Z,9.503438333333333,-13.708206666666666,NA,NA,NA,dynamic_classA
2579999,2024-01-24T18:22:09Z,25.319020000000002,53.462495,NA,NA,NA,dynamic_classA
2579999,2024-01-24T18:22:19Z,25.31901333333333,53.46249666666667,NA,NA,NA,dynamic_classA
2579999,2024-01-24T18:22:23Z,-20.25955,114.95018,NA,NA,NA,satellite
2579999,2024-01-24T18:22:26Z,-20.259568333333334,114.95013333333333,NA,NA,NA,satellite
2579999,2024-01-24T18:22:36Z,56.70168833333333,-2.465708333333333,NA,NA,NA,dynamic_classA
2579999,2024-01-24T18:22:54Z,-20.259766666666668,114.949715,NA,NA,NA,satellite
2579999,2024-01-24T18:23:08Z,25.31901,53.46249833333333,NA,NA,NA,dynamic_classA
2579999,2024-01-24T18:23:28Z,25.319008333333333,53.4625,NA,NA,NA,dynamic_classA
2579999,2024-01-24T18:23:41Z,25.31901333333333,53.46250166666667,NA,NA,NA,dynamic_classA
2579999,2024-01-24T18:23:42Z,25.31901,53.4625,NA,NA,NA,dynamic_classA
2579999,2024-01-24T18:23:47Z,1.283155,103.77934,NA,NA,NA,dynamic_classA
2579999,2024-01-24T18:23:49Z,25.31901333333333,53.46250166666667,NA,NA,NA,dynamic_classA
2579999,2024-01-24T18:23:56Z,25.31901333333333,53.46250166666667,NA,NA,NA,dynamic_classA
2579999,2024-01-24T18:23:58Z,25.319020000000002,53.46250166666667,NA,NA,NA,dynamic_classA
2579999,2024-01-24T18:23:59Z,1.2831583333333334,103.77934166666667,NA,NA,NA,dynamic_classA
2579999,2024-01-24T18:24:06Z,25.319023333333334,53.46250166666667,NA,NA,NA,dynamic_classA
2579999,2024-01-24T18:24:07Z,65.21694166666667,6.905376666666667,NA,NA,NA,dynamic_classA
2579999,2024-01-24T18:24:09Z,58.014645,7.483865,NA,NA,NA,dynamic_classA
2579999,2024-01-24T18:24:18Z,1.2831583333333334,103.77933833333333,NA,NA,NA,dynamic_classA
2579999,2024-01-24T18:24:24Z,1.2831583333333334,103.77933833333333,NA,NA,NA,dynamic_classA
2579999,2024-01-24T18:24:34Z,-20.260566666666666,114.948175,NA,NA,NA,satellite
2579999,2024-01-24T18:24:39Z,1.2831599999999999,103.77934333333333,NA,NA,NA,dynamic_classA
2579999,2024-01-24T18:24:53Z,-20.260724999999997,114.94785833333334,NA,NA,NA,satellite
2579999,2024-01-24T18:24:54Z,50.799634999999995,-1.1100516666666667,NA,NA,NA,dynamic_classA
2579999,2024-01-24T18:24:56Z,35.501533333333334,129.44112833333332,NA,NA,NA,dynamic_classA
2579999,2024-01-24T18:25:11Z,25.319023333333334,53.46251333333333,NA,NA,NA,dynamic_classA
2579999,2024-01-24T18:25:23Z,-20.260936666666666,114.94740833333334,NA,NA,NA,satellite
2579999,2024-01-24T18:25:39Z,29.650591666666667,32.36103,NA,NA,NA,dynamic_classA
2579999,2024-01-24T18:25:48Z,25.319020000000002,53.462509999999995,NA,NA,NA,dynamic_classA
2579999,2024-01-24T18:25:50Z,25.319020000000002,53.462509999999995,NA,NA,NA,satellite
2579999,2024-01-24T18:25:53Z,53.539995,9.878865,NA,NA,NA,satellite
2579999,2024-01-24T18:25:56Z,35.50154833333333,129.44113000000002,NA,NA,NA,dynamic_classA
2579999,2024-01-24T18:26:03Z,1.28315,103.77935666666667,NA,NA,NA,dynamic_classA
2579999,2024-01-24T18:26:19Z,25.319011666666665,53.46250833333333,NA,NA,NA,dynamic_classA
2579999,2024-01-24T18:26:20Z,9.503426666666666,-13.708206666666666,NA,NA,NA,satellite
2579999,2024-01-24T18:26:30Z,-38.44947166666667,148.30883166666666,NA,NA,NA,satellite
2579999,2024-01-24T18:26:40Z,-38.44947666666667,148.30881333333335,NA,NA,NA,satellite
2579999,2024-01-24T18:26:54Z,-20.261671666666665,114.946015,NA,NA,NA,satellite
2579999,2024-01-24T18:27:00Z,-38.449486666666665,148.30878833333333,NA,NA,NA,satellite
2579999,2024-01-24T18:27:05Z,29.650605,32.361048333333336,NA,NA,NA,dynamic_classA
2579999,2024-01-24T18:27:07Z,24.536308333333334,54.385056666666664,NA,NA,NA,dynamic_classA
2579999,2024-01-24T18:27:10Z,54.60322166666666,-1.1617466666666667,NA,NA,NA,dynamic_classA
2579999,2024-01-24T18:27:20Z,-38.44949666666666,148.30877166666667,NA,NA,NA,satellite
2579999,2024-01-24T18:27:23Z,-20.261925,114.94553333333333,NA,NA,NA,satellite
2579999,2024-01-24T18:27:38Z,35.501549999999995,129.441135,NA,NA,NA,dynamic_classA
2579999,2024-01-24T18:27:40Z,-38.449505,148.30877,NA,NA,NA,satellite
2579999,2024-01-24T18:27:51Z,24.536315000000002,54.38505,NA,NA,NA,dynamic_classA
2579999,2024-01-24T18:27:59Z,29.65060833333333,32.36105333333333,NA,NA,NA,dynamic_classA
2579999,2024-01-24T18:28:00Z,-38.44949833333333,148.30876333333333,NA,NA,NA,satellite
2579999,2024-01-24T18:28:11Z,-38.44949666666666,148.30876666666666,NA,NA,NA,satellite
2579999,2024-01-24T18:28:19Z,-20.262366666666665,114.94467333333334,NA,NA,NA,dynamic_classA
2579999,2024-01-24T18:28:20Z,-38.44949666666666,148.30876666666666,NA,NA,NA,satellite
2579999,2024-01-24T18:28:27Z,35.501549999999995,129.441135,NA,NA,NA,dynamic_classA
2579999,2024-01-24T18:28:39Z,-2.6682616666666665,118.89453499999999,NA,NA,NA,dynamic_classA
2579999,2024-01-24T18:28:40Z,-38.44949999999999,148.30877,NA,NA,NA,satellite
2579999,2024-01-24T18:28:55Z,1.2831516666666665,103.77933833333333,NA,NA,NA,dynamic_classA
2579999,2024-01-24T18:29:00Z,-38.449481666666664,148.30877833333335,NA,NA,NA,satellite
2579999,2024-01-24T18:29:20Z,34.795341666666666,127.73847666666667,NA,NA,NA,satellite
2579999,2024-01-24T18:29:32Z,-20.262886666666667,114.94362333333333,NA,NA,NA,dynamic_classA
2579999,2024-01-24T18:29:35Z,35.50154,129.441125,NA,NA,NA,dynamic_classA
2579999,2024-01-24T18:29:40Z,-38.449465000000004,148.30882666666668,NA,NA,NA,satellite
2579999,2024-01-24T18:30:00Z,-38.44945166666666,148.30884666666668,NA,NA,NA,satellite
2579999,2024-01-24T18:30:10Z,-38.44944833333333,148.30885333333333,NA,NA,NA,satellite
2579999,2024-01-24T18:30:16Z,34.795341666666666,127.73847666666667,NA,NA,NA,dynamic_classA
2579999,2024-01-24T18:30:33Z,56.70169833333333,-2.465745,NA,NA,NA,dynamic_classA
2579999,2024-01-24T18:30:40Z,-38.44945499999999,148.30888666666667,NA,NA,NA,satellite
2579999,2024-01-24T18:30:50Z,-38.44945666666667,148.30889166666665,NA,NA,NA,satellite
2579999,2024-01-24T18:30:56Z,54.603206666666665,-1.1617816666666667,NA,NA,NA,dynamic_classA
2579999,2024-01-24T18:31:00Z,-38.44945666666667,148.308895,NA,NA,NA,satellite
2579999,2024-01-24T18:31:07Z,24.53628666666667,54.385059999999996,NA,NA,NA,dynamic_classA
2579999,2024-01-24T18:31:12Z,1.28315,103.77935000000001,NA,NA,NA,dynamic_classA
2579999,2024-01-24T18:31:15Z,-20.26367,114.942065,NA,NA,NA,dynamic_classA
2579999,2024-01-24T18:31:27Z,35.50154166666667,129.44111666666666,NA,NA,NA,dynamic_classA
2579999,2024-01-24T18:31:31Z,34.795345,127.73848500000001,NA,NA,NA,dynamic_classA
2579999,2024-01-24T18:31:40Z,9.503421666666666,-13.708201666666668,NA,NA,NA,satellite
2579999,2024-01-24T18:31:43Z,25.319005,53.4625,NA,NA,NA,dynamic_classA
2579999,2024-01-24T18:31:47Z,1.2831466666666667,103.77934833333333,NA,NA,NA,dynamic_classA
2579999,2024-01-24T18:31:49Z,25.319005,53.4625,NA,NA,NA,dynamic_classA
2579999,2024-01-24T18:31:50Z,-38.449436666666664,148.30888666666667,NA,NA,NA,satellite
2579999,2024-01-24T18:32:00Z,-38.44943166666667,148.3088833333333,NA,NA,NA,satellite
2579999,2024-01-24T18:32:01Z,-20.264141666666667,114.941055,NA,NA,NA,dynamic_classA
2579999,2024-01-24T18:32:12Z,9.50343,-13.708203333333334,NA,NA,NA,dynamic_classA
2579999,2024-01-24T18:32:21Z,1.2831416666666666,103.77934166666667,NA,NA,NA,dynamic_classA
2579999,2024-01-24T18:32:40Z,25.31899,53.46251333333333,NA,NA,NA,satellite
2579999,2024-01-24T18:32:43Z,25.31899,53.46251333333333,NA,NA,NA,dynamic_classA
2579999,2024-01-24T18:32:44Z,29.650558333333333,32.361000000000004,NA,NA,NA,dynamic_classA
2579999,2024-01-24T18:32:48Z,35.501551666666664,129.441125,NA,NA,NA,dynamic_classA
2579999,2024-01-24T18:32:49Z,25.31899,53.46251333333333,NA,NA,NA,dynamic_classA
2579999,2024-01-24T18:33:00Z,-38.44938833333333,148.30890333333335,NA,NA,NA,satellite
2579999,2024-01-24T18:33:02Z,29.650564999999997,32.36099333333333,NA,NA,NA,dynamic_classA
2579999,2024-01-24T18:33:08Z,25.318988333333333,53.462509999999995,NA,NA,NA,dynamic_classA
2579999,2024-01-24T18:33:14Z,-38.44938,148.30892,NA,NA,NA,dynamic_classA
2579999,2024-01-24T18:33:27Z,-38.44936,148.30892833333334,NA,NA,NA,dynamic_classA
2579999,2024-01-24T18:33:31Z,58.014628333333334,7.48388,NA,NA,NA,dynamic_classA
2579999,2024-01-24T18:33:35Z,53.53997833333334,9.878851666666666,NA,NA,NA,dynamic_classA
2579999,2024-01-24T18:33:40Z,65.21691666666666,6.905403333333334,NA,NA,NA,dynamic_classA
2579999,2024-01-24T18:33:43Z,-5.4553666666666665,105.31046500000001,NA,NA,NA,dynamic_classA
2579999,2024-01-24T18:33:58Z,58.014633333333336,7.483893333333333,NA,NA,NA,dynamic_classA
2579999,2024-01-24T18:34:07Z,-33.87850833333333,-58.42106666666667,NA,NA,NA,satellite
2579999,2024-01-24T18:34:28Z,29.650568333333336,32.36099166666666,NA,NA,NA,dynamic_classA
2579999,2024-01-24T18:34:31Z,25.318983333333332,53.46250166666667,NA,NA,NA,dynamic_classA
2579999,2024-01-24T18:34:40Z,-38.449351666666665,148.30893833333332,NA,NA,NA,satellite
2579999,2024-01-24T18:34:42Z,25.31898,53.46250333333333,NA,NA,NA,dynamic_classA
2579999,2024-01-24T18:34:44Z,25.31898,53.46250333333333,NA,NA,NA,dynamic_classA
2579999,2024-01-24T18:34:49Z,56.70169333333333,-2.4657433333333336,NA,NA,NA,dynamic_classA
2579999,2024-01-24T18:34:56Z,25.31898,53.46250333333333,NA,NA,NA,dynamic_classA
2579999,2024-01-24T18:34:58Z,53.53998333333333,9.878851666666666,NA,NA,NA,dynamic_classA
2579999,2024-01-24T18:35:00Z,25.31898,53.46249833333333,NA,NA,NA,satellite
2579999,2024-01-24T18:35:02Z,35.501565,129.44111666666666,NA,NA,NA,dynamic_classA
2579999,2024-01-24T18:35:04Z,-33.87851333333334,-58.42107166666666,NA,NA,NA,dynamic_classA
2579999,2024-01-24T18:35:07Z,53.53998333333333,9.878851666666666,NA,NA,NA,dynamic_classA
2579999,2024-01-24T18:35:09Z,25.31898,53.46249833333333,NA,NA,NA,dynamic_classA
2579999,2024-01-24T18:35:10Z,29.65056666666667,32.361000000000004,NA,NA,NA,dynamic_classA
2579999,2024-01-24T18:35:16Z,24.53629833333333,54.385038333333334,NA,NA,NA,dynamic_classA
2579999,2024-01-24T18:35:30Z,-38.449353333333335,148.30894833333332,NA,NA,NA,satellite
2579999,2024-01-24T18:35:32Z,-20.26559,114.93788666666666,NA,NA,NA,dynamic_classA
2579999,2024-01-24T18:35:35Z,34.79534,127.73847833333333,NA,NA,NA,dynamic_classA
2579999,2024-01-24T18:35:36Z,34.79533666666667,127.73847833333333,NA,NA,NA,dynamic_classA
2579999,2024-01-24T18:35:44Z,1.2831533333333334,103.77933166666666,NA,NA,NA,dynamic_classA
2579999,2024-01-24T18:35:58Z,-38.449415,148.30895666666666,NA,NA,NA,satellite
2579999,2024-01-24T18:36:00Z,-38.449415,148.30895666666666,NA,NA,NA,satellite
2579999,2024-01-24T18:36:02Z,35.501545,129.44111666666666,NA,NA,NA,dynamic_classA
2579999,2024-01-24T18:36:10Z,46.543980000000005,-48.499066666666664,NA,NA,NA,satellite
2579999,2024-01-24T18:36:11Z,46.543980000000005,-48.499066666666664,NA,NA,NA,satellite
2579999,2024-01-24T18:36:18Z,-38.44946,148.30893166666667,NA,NA,NA,satellite
2579999,2024-01-24T18:36:28Z,-38.44947333333334,148.30892,NA,NA,NA,satellite
2579999,2024-01-24T18:36:38Z,-38.44948333333333,148.30890833333333,NA,NA,NA,satellite
2579999,2024-01-24T18:36:43Z,53.539995,9.87885,NA,NA,NA,dynamic_classA
2579999,2024-01-24T18:36:51Z,54.60323833333334,-1.1617116666666665,NA,NA,NA,dynamic_classA
2579999,2024-01-24T18:36:58Z,35.50153833333333,129.441115,NA,NA,NA,dynamic_classA
2579999,2024-01-24T18:37:09Z,35.50153833333333,129.44111333333333,NA,NA,NA,dynamic_classA
2579999,2024-01-24T18:37:31Z,1.2831516666666665,103.77933833333333,NA,NA,NA,dynamic_classA
2579999,2024-01-24T18:37:38Z,-38.449511666666666,148.3088833333333,NA,NA,NA,satellite
2579999,2024-01-24T18:37:47Z,50.79963333333333,-1.1100416666666668,NA,NA,NA,dynamic_classA
2579999,2024-01-24T18:37:52Z,1.2831516666666665,103.77933833333333,NA,NA,NA,dynamic_classA
2579999,2024-01-24T18:37:58Z,-38.449511666666666,148.30889,NA,NA,NA,satellite
2579999,2024-01-24T18:37:59Z,56.70166833333334,-2.4657233333333335,NA,NA,NA,dynamic_classA
2579999,2024-01-24T18:38:08Z,-38.449510000000004,148.3088833333333,NA,NA,NA,satellite
2579999,2024-01-24T18:38:09Z,29.65056666666667,32.360996666666665,NA,NA,NA,dynamic_classA
2579999,2024-01-24T18:38:13Z,54.60321333333333,-1.1616966666666668,NA,NA,NA,dynamic_classA
2579999,2024-01-24T18:38:15Z,29.65056666666667,32.360996666666665,NA,NA,NA,dynamic_classA
2579999,2024-01-24T18:38:17Z,29.650570000000002,32.36099166666666,NA,NA,NA,dynamic_classA
2579999,2024-01-24T18:38:27Z,34.79533333333333,127.73847333333333,NA,NA,NA,dynamic_classA
2579999,2024-01-24T18:38:38Z,-38.44950166666667,148.30888833333333,NA,NA,NA,satellite
2579999,2024-01-24T18:38:44Z,53.539995,9.87885,NA,NA,NA,dynamic_classA
2579999,2024-01-24T18:38:58Z,-38.44949166666667,148.30888833333333,NA,NA,NA,satellite
2579999,2024-01-24T18:38:59Z,24.536268333333332,54.38507666666667,NA,NA,NA,dynamic_classA
2579999,2024-01-24T18:39:03Z,50.799636666666665,-1.1100416666666668,NA,NA,NA,dynamic_classA
2579999,2024-01-24T18:39:08Z,-38.449484999999996,148.30889,NA,NA,NA,satellite
2579999,2024-01-24T18:39:14Z,9.503435,-13.708201666666668,NA,NA,NA,dynamic_classA
2579999,2024-01-24T18:39:18Z,-38.449481666666664,148.30889833333333,NA,NA,NA,satellite
2579999,2024-01-24T18:39:28Z,-20.267286666666667,114.93408666666666,NA,NA,NA,satellite
2579999,2024-01-24T18:39:33Z,-20.267286666666667,114.93408666666666,NA,NA,NA,dynamic_classA
2579999,2024-01-24T18:39:38Z,-38.449486666666665,148.30891166666666,NA,NA,NA,satellite
2579999,2024-01-24T18:39:43Z,29.650571666666668,32.361003333333336,NA,NA,NA,dynamic_classA
2579999,2024-01-24T18:39:44Z,35.501531666666665,129.44111666666666,NA,NA,NA,dynamic_classA
2579999,2024-01-24T18:39:48Z,-38.44949,148.30891666666668,NA,NA,NA,satellite
2579999,2024-01-24T18:39:58Z,-38.44949333333333,148.30892,NA,NA,NA,satellite
2579999,2024-01-24T18:40:01Z,29.650570000000002,32.361003333333336,NA,NA,NA,dynamic_classA
2579999,2024-01-24T18:40:04Z,56.701678333333334,-2.4657533333333332,NA,NA,NA,dynamic_classA
2579999,2024-01-24T18:40:06Z,34.79533333333333,127.73846833333333,NA,NA,NA,dynamic_classA
2579999,2024-01-24T18:40:08Z,-38.44949666666666,148.30892666666665,NA,NA,NA,satellite
2579999,2024-01-24T18:40:13Z,9.503431666666668,-13.708205,NA,NA,NA,dynamic_classA
2579999,2024-01-24T18:40:18Z,-38.44949666666666,148.30892833333334,NA,NA,NA,satellite
2579999,2024-01-24T18:40:24Z,58.014631666666666,7.483843333333334,NA,NA,NA,dynamic_classA
2579999,2024-01-24T18:40:26Z,53.539993333333335,9.878853333333332,NA,NA,NA,dynamic_classA
2579999,2024-01-24T18:40:28Z,-38.449495,148.30893,NA,NA,NA,satellite
2579999,2024-01-24T18:40:32Z,50.79963333333333,-1.11005,NA,NA,NA,dynamic_classA
2579999,2024-01-24T18:40:34Z,1.2831483333333333,103.77934,NA,NA,NA,dynamic_classA
2579999,2024-01-24T18:40:35Z,-20.267723333333333,114.93304499999999,NA,NA,NA,dynamic_classA
2579999,2024-01-24T18:40:38Z,-38.449495,148.308935,NA,NA,NA,satellite
2579999,2024-01-24T18:40:45Z,-20.267885,114.93267666666667,NA,NA,NA,dynamic_classA
2579999,2024-01-24T18:41:04Z,24.536279999999998,54.38505166666666,NA,NA,NA,dynamic_classA
2579999,2024-01-24T18:41:10Z,24.536278333333332,54.385055,NA,NA,NA,dynamic_classA
2579999,2024-01-24T18:41:16Z,3.5680666666666667,113.32466500000001,NA,NA,NA,dynamic_classA
2579999,2024-01-24T18:41:17Z,34.79534,127.73848,NA,NA,NA,dynamic_classA
2579999,2024-01-24T18:41:25Z,9.50343,-13.708208333333333,NA,NA,NA,dynamic_classA
2579999,2024-01-24T18:41:30Z,9.503431666666668,-13.708208333333333,NA,NA,NA,dynamic_classA
2579999,2024-01-24T18:41:43Z,-5.455363333333334,105.31045999999999,NA,NA,NA,dynamic_classA
2579999,2024-01-24T18:41:52Z,1.28315,103.77932833333332,NA,NA,NA,dynamic_classA
2579999,2024-01-24T18:41:54Z,65.21692833333333,6.90543,NA,NA,NA,dynamic_classA
2579999,2024-01-24T18:41:58Z,29.650581666666668,32.36100666666667,NA,NA,NA,dynamic_classA
2579999,2024-01-24T18:42:08Z,50.79965166666667,-1.1100483333333335,NA,NA,NA,dynamic_classA
2579999,2024-01-24T18:42:40Z,1.2831483333333333,103.77934166666667,NA,NA,NA,dynamic_classA
2579999,2024-01-24T18:42:43Z,1.2831516666666665,103.77934,NA,NA,NA,dynamic_classA
2579999,2024-01-24T18:42:54Z,-38.449468333333336,148.30892833333334,NA,NA,NA,dynamic_classA
2579999,2024-01-24T18:42:56Z,56.70169666666666,-2.4657183333333332,NA,NA,NA,dynamic_classA
2579999,2024-01-24T18:43:16Z,25.318966666666665,53.462515,NA,NA,NA,dynamic_classA
2579999,2024-01-24T18:43:28Z,35.50155333333333,129.44113166666665,NA,NA,NA,dynamic_classA
2579999,2024-01-24T18:43:58Z,25.318961666666667,53.462515,NA,NA,NA,dynamic_classA
2579999,2024-01-24T18:44:07Z,1.2831583333333334,103.77934333333333,NA,NA,NA,dynamic_classA
2579999,2024-01-24T18:44:18Z,65.21693666666667,6.905385,NA,NA,NA,dynamic_classA
2579999,2024-01-24T18:44:20Z,1.2831566666666667,103.77934666666667,NA,NA,NA,dynamic_classA
2579999,2024-01-24T18:44:49Z,1.283155,103.77935166666666,NA,NA,NA,dynamic_classA
2579999,2024-01-24T18:44:50Z,25.31896833333333,53.46251666666667,NA,NA,NA,dynamic_classA
2579999,2024-01-24T18:44:51Z,-38.449463333333334,148.30885,NA,NA,NA,dynamic_classA
2579999,2024-01-24T18:44:59Z,58.01467,7.483860000000001,NA,NA,NA,dynamic_classA
2579999,2024-01-24T18:45:02Z,-38.449463333333334,148.30885,NA,NA,NA,satellite
2579999,2024-01-24T18:45:14Z,1.2831566666666667,103.77935333333333,NA,NA,NA,dynamic_classA
2579999,2024-01-24T18:45:17Z,35.50154,129.44110666666668,NA,NA,NA,dynamic_classA
2579999,2024-01-24T18:45:30Z,-38.449465000000004,148.30883666666665,NA,NA,NA,satellite
2579999,2024-01-24T18:45:41Z,25.318975000000002,53.462509999999995,NA,NA,NA,dynamic_classA
2579999,2024-01-24T18:45:44Z,50.799641666666666,-1.1100433333333333,NA,NA,NA,dynamic_classA
2579999,2024-01-24T18:45:49Z,29.650583333333334,32.361003333333336,NA,NA,NA,dynamic_classA
2579999,2024-01-24T18:45:56Z,-20.270075000000002,114.92774666666666,NA,NA,NA,dynamic_classA
2579999,2024-01-24T18:46:01Z,-38.44946,148.308835,NA,NA,NA,satellite
2579999,2024-01-24T18:46:07Z,65.21695166666667,6.905383333333333,NA,NA,NA,dynamic_classA
2579999,2024-01-24T18:46:11Z,-38.44946,148.30883666666665,NA,NA,NA,satellite
2579999,2024-01-24T18:46:22Z,-38.449465000000004,148.30884,NA,NA,NA,satellite
2579999,2024-01-24T18:46:23Z,53.539985,9.878843333333332,NA,NA,NA,dynamic_classA
2579999,2024-01-24T18:46:47Z,1.28315,103.77933166666666,NA,NA,NA,dynamic_classA
2579999,2024-01-24T18:46:56Z,35.50154666666666,129.441135,NA,NA,NA,dynamic_classA
2579999,2024-01-24T18:46:59Z,25.318985,53.46249833333333,NA,NA,NA,dynamic_classA
2579999,2024-01-24T18:47:00Z,-38.449481666666664,148.30884333333333,NA,NA,NA,satellite
2579999,2024-01-24T18:47:01Z,-38.449481666666664,148.30884333333333,NA,NA,NA,satellite
2579999,2024-01-24T18:47:07Z,29.65059,32.36101166666666,NA,NA,NA,dynamic_classA
2579999,2024-01-24T18:47:11Z,-38.449484999999996,148.30883833333334,NA,NA,NA,satellite
2579999,2024-01-24T18:47:20Z,54.60323,-1.1616766666666665,NA,NA,NA,satellite
2579999,2024-01-24T18:47:28Z,35.50155333333333,129.441135,NA,NA,NA,dynamic_classA
2579999,2024-01-24T18:47:29Z,-38.449481666666664,148.308825,NA,NA,NA,satellite
2579999,2024-01-24T18:47:30Z,35.50155333333333,129.441135,NA,NA,NA,dynamic_classA
2579999,2024-01-24T18:47:32Z,-38.449481666666664,148.308825,NA,NA,NA,satellite
2579999,2024-01-24T18:47:40Z,-38.44948333333333,148.30882000000003,NA,NA,NA,satellite
2579999,2024-01-24T18:47:42Z,-38.44948333333333,148.30882000000003,NA,NA,NA,satellite
2579999,2024-01-24T18:47:45Z,29.650588333333335,32.361005,NA,NA,NA,dynamic_classA
2579999,2024-01-24T18:47:49Z,-38.44948333333333,148.30882333333332,NA,NA,NA,satellite
2579999,2024-01-24T18:47:51Z,-20.270876666666666,114.92584166666667,NA,NA,NA,dynamic_classA
2579999,2024-01-24T18:47:52Z,-38.44948333333333,148.30882333333332,NA,NA,NA,satellite
2579999,2024-01-24T18:47:53Z,35.50155333333333,129.441135,NA,NA,NA,dynamic_classA
2579999,2024-01-24T18:47:56Z,25.318988333333333,53.462495,NA,NA,NA,dynamic_classA
2579999,2024-01-24T18:47:58Z,25.318988333333333,53.462495,NA,NA,NA,dynamic_classA
2579999,2024-01-24T18:48:00Z,-38.44948333333333,148.30883166666666,NA,NA,NA,satellite
2579999,2024-01-24T18:48:02Z,-38.44948333333333,148.30883166666666,NA,NA,NA,satellite
2579999,2024-01-24T18:48:12Z,-38.449486666666665,148.30884166666667,NA,NA,NA,satellite
2579999,2024-01-24T18:48:28Z,35.501551666666664,129.44113666666667,NA,NA,NA,dynamic_classA
2579999,2024-01-24T18:48:29Z,25.31898,53.462509999999995,NA,NA,NA,dynamic_classA
2579999,2024-01-24T18:48:31Z,24.536308333333334,54.38505166666666,NA,NA,NA,dynamic_classA
2579999,2024-01-24T18:48:32Z,-38.44950666666667,148.30886833333335,NA,NA,NA,satellite
2579999,2024-01-24T18:48:38Z,29.650585,32.36101166666666,NA,NA,NA,dynamic_classA
2579999,2024-01-24T18:48:40Z,-38.449513333333336,148.30887166666668,NA,NA,NA,satellite
2579999,2024-01-24T18:48:42Z,-38.449513333333336,148.30887166666668,NA,NA,NA,satellite
2579999,2024-01-24T18:48:50Z,-38.44951833333334,148.30887166666668,NA,NA,NA,satellite
2579999,2024-01-24T18:48:59Z,24.53631,54.38505,NA,NA,NA,dynamic_classA
2579999,2024-01-24T18:49:00Z,25.318985,53.4625,NA,NA,NA,satellite
2579999,2024-01-24T18:49:02Z,-38.44952333333333,148.30887166666668,NA,NA,NA,satellite
2579999,2024-01-24T18:49:17Z,35.50153833333333,129.44112666666666,NA,NA,NA,dynamic_classA
2579999,2024-01-24T18:49:20Z,-38.44953666666667,148.30887666666666,NA,NA,NA,satellite
2579999,2024-01-24T18:49:22Z,-38.44953666666667,148.30887666666666,NA,NA,NA,satellite
2579999,2024-01-24T18:49:25Z,1.28315,103.77933666666667,NA,NA,NA,dynamic_classA
2579999,2024-01-24T18:49:30Z,9.503436666666666,-13.708205,NA,NA,NA,satellite
2579999,2024-01-24T18:49:41Z,-38.44955166666667,148.30887833333333,NA,NA,NA,satellite
2579999,2024-01-24T18:49:42Z,65.21694,6.9054,NA,NA,NA,dynamic_classA
2579999,2024-01-24T18:49:50Z,-38.449556666666666,148.30887833333333,NA,NA,NA,satellite
2579999,2024-01-24T18:50:00Z,34.795343333333335,127.73848833333334,NA,NA,NA,dynamic_classA
2579999,2024-01-24T18:50:01Z,-38.44956333333334,148.30887666666666,NA,NA,NA,satellite
2579999,2024-01-24T18:50:05Z,35.501531666666665,129.44113000000002,NA,NA,NA,dynamic_classA
2579999,2024-01-24T18:50:21Z,-38.44956166666667,148.308865,NA,NA,NA,satellite
2579999,2024-01-24T18:50:42Z,-38.44954833333334,148.30885833333332,NA,NA,NA,satellite
2579999,2024-01-24T18:50:44Z,1.2831483333333333,103.77931833333334,NA,NA,NA,dynamic_classA
2579999,2024-01-24T18:50:52Z,-38.44954,148.30885833333332,NA,NA,NA,satellite
2579999,2024-01-24T18:50:53Z,56.701708333333336,-2.4657283333333333,NA,NA,NA,dynamic_classA
2579999,2024-01-24T18:51:00Z,-38.449531666666665,148.308865,NA,NA,NA,satellite
2579999,2024-01-24T18:51:02Z,-38.449531666666665,148.308865,NA,NA,NA,satellite
2579999,2024-01-24T18:51:07Z,25.318973333333336,53.46250833333333,NA,NA,NA,dynamic_classA
2579999,2024-01-24T18:51:17Z,34.79535333333333,127.73848,NA,NA,NA,dynamic_classA
2579999,2024-01-24T18:51:19Z,25.31897,53.462511666666664,NA,NA,NA,dynamic_classA
2579999,2024-01-24T18:51:20Z,-38.44952166666667,148.30888666666667,NA,NA,NA,satellite
2579999,2024-01-24T18:51:22Z,-38.44952166666667,148.30888666666667,NA,NA,NA,satellite
2579999,2024-01-24T18:51:32Z,-38.449513333333336,148.30889666666664,NA,NA,NA,satellite
2579999,2024-01-24T18:51:42Z,-38.44950666666667,148.30889833333333,NA,NA,NA,satellite
2579999,2024-01-24T18:51:50Z,-38.44950166666667,148.30889833333333,NA,NA,NA,satellite
2579999,2024-01-24T18:52:00Z,9.503436666666666,-13.708213333333333,NA,NA,NA,satellite
2579999,2024-01-24T18:52:05Z,-20.27274,114.92162499999999,NA,NA,NA,dynamic_classA
2579999,2024-01-24T18:52:07Z,35.501535,129.44113666666667,NA,NA,NA,dynamic_classA
2579999,2024-01-24T18:52:08Z,29.650601666666667,32.361016666666664,NA,NA,NA,dynamic_classA
2579999,2024-01-24T18:52:10Z,-38.44949833333333,148.3089,NA,NA,NA,satellite
2579999,2024-01-24T18:52:17Z,25.31898,53.462515,NA,NA,NA,dynamic_classA
2579999,2024-01-24T18:52:31Z,34.795345,127.73847500000001,NA,NA,NA,dynamic_classA
2579999,2024-01-24T18:52:32Z,9.503445,-13.708216666666667,NA,NA,NA,dynamic_classA
2579999,2024-01-24T18:53:05Z,29.65060833333333,32.36100166666667,NA,NA,NA,dynamic_classA
2579999,2024-01-24T18:53:11Z,29.650606666666665,32.361005,NA,NA,NA,dynamic_classA
2579999,2024-01-24T18:53:37Z,25.318994999999997,53.46250833333333,NA,NA,NA,dynamic_classA
2579999,2024-01-24T18:53:38Z,25.318994999999997,53.46250833333333,NA,NA,NA,dynamic_classA
2579999,2024-01-24T18:53:41Z,25.318994999999997,53.46250833333333,NA,NA,NA,dynamic_classA
2579999,2024-01-24T18:53:43Z,25.318994999999997,53.46250833333333,NA,NA,NA,dynamic_classA
2579999,2024-01-24T18:53:44Z,25.318994999999997,53.46250833333333,NA,NA,NA,dynamic_classA
2579999,2024-01-24T18:53:46Z,25.319000000000003,53.462509999999995,NA,NA,NA,dynamic_classA
2579999,2024-01-24T18:53:49Z,25.318994999999997,53.46250833333333,NA,NA,NA,dynamic_classA
2579999,2024-01-24T18:53:50Z,25.318994999999997,53.46250833333333,NA,NA,NA,satellite
2579999,2024-01-24T18:53:55Z,53.539991666666666,9.878848333333334,NA,NA,NA,dynamic_classA
2579999,2024-01-24T18:53:59Z,25.319000000000003,53.462509999999995,NA,NA,NA,dynamic_classA
2579999,2024-01-24T18:54:00Z,25.319000000000003,53.462509999999995,NA,NA,NA,dynamic_classA
2579999,2024-01-24T18:54:07Z,25.31899333333333,53.462515,NA,NA,NA,dynamic_classA
2579999,2024-01-24T18:54:08Z,25.31899333333333,53.462515,NA,NA,NA,dynamic_classA
2579999,2024-01-24T18:54:09Z,25.31899333333333,53.462515,NA,NA,NA,dynamic_classA
2579999,2024-01-24T18:54:10Z,25.31899333333333,53.462515,NA,NA,NA,dynamic_classA
2579999,2024-01-24T18:54:11Z,25.319000000000003,53.46251333333333,NA,NA,NA,dynamic_classA
2579999,2024-01-24T18:54:12Z,25.31899333333333,53.462515,NA,NA,NA,dynamic_classA
2579999,2024-01-24T18:54:18Z,25.31899333333333,53.462515,NA,NA,NA,dynamic_classA
2579999,2024-01-24T18:54:20Z,65.216925,6.905401666666666,NA,NA,NA,dynamic_classA
2579999,2024-01-24T18:54:22Z,1.28315,103.77933333333334,NA,NA,NA,dynamic_classA
2579999,2024-01-24T18:54:38Z,58.01462333333333,7.483885,NA,NA,NA,dynamic_classA
2579999,2024-01-24T18:54:39Z,58.01462333333333,7.483881666666666,NA,NA,NA,dynamic_classA
2579999,2024-01-24T18:54:41Z,-38.44956333333334,148.30899833333334,NA,NA,NA,satellite
2579999,2024-01-24T18:54:42Z,-38.44956333333334,148.30899833333334,NA,NA,NA,dynamic_classA
2579999,2024-01-24T18:54:48Z,50.79964333333333,-1.1100316666666667,NA,NA,NA,dynamic_classA
2579999,2024-01-24T18:54:52Z,1.2831466666666667,103.77934,NA,NA,NA,dynamic_classA
2579999,2024-01-24T18:55:09Z,56.70168833333333,-2.465731666666667,NA,NA,NA,dynamic_classA
2579999,2024-01-24T18:55:27Z,53.539989999999996,9.878848333333334,NA,NA,NA,dynamic_classA
2579999,2024-01-24T18:55:30Z,29.650579999999998,32.361015,NA,NA,NA,satellite
2579999,2024-01-24T18:55:41Z,-38.449595,148.30900666666668,NA,NA,NA,satellite
2579999,2024-01-24T18:55:42Z,24.536318333333334,54.385036666666664,NA,NA,NA,dynamic_classA
2579999,2024-01-24T18:55:44Z,-33.878476666666664,-58.42104333333334,NA,NA,NA,dynamic_classA
2579999,2024-01-24T18:55:51Z,-38.44959666666667,148.30899833333334,NA,NA,NA,satellite
2579999,2024-01-24T18:55:52Z,35.50154833333333,129.44113833333333,NA,NA,NA,dynamic_classA
2579999,2024-01-24T18:56:01Z,-38.44959666666667,148.30899166666669,NA,NA,NA,satellite
2579999,2024-01-24T18:56:08Z,29.650593333333333,32.361016666666664,NA,NA,NA,dynamic_classA
2579999,2024-01-24T18:56:09Z,53.539991666666666,9.878848333333334,NA,NA,NA,dynamic_classA
2579999,2024-01-24T18:56:11Z,-38.449595,148.30898666666664,NA,NA,NA,satellite
2579999,2024-01-24T18:56:15Z,34.795345,127.73849,NA,NA,NA,dynamic_classA
2579999,2024-01-24T18:56:21Z,-38.44959666666667,148.30899,NA,NA,NA,satellite
2579999,2024-01-24T18:56:23Z,-20.274839999999998,114.91729666666667,NA,NA,NA,satellite
2579999,2024-01-24T18:56:25Z,9.503440000000001,-13.708210000000001,NA,NA,NA,dynamic_classA
2579999,2024-01-24T18:56:26Z,24.536315000000002,54.38504833333333,NA,NA,NA,dynamic_classA
2579999,2024-01-24T18:56:30Z,-38.449595,148.30899166666669,NA,NA,NA,satellite
2579999,2024-01-24T18:56:41Z,-38.44958666666666,148.30898833333333,NA,NA,NA,satellite
2579999,2024-01-24T18:56:42Z,35.50155333333333,129.44113666666667,NA,NA,NA,dynamic_classA
2579999,2024-01-24T18:56:51Z,-38.449576666666665,148.30898,NA,NA,NA,satellite
2579999,2024-01-24T18:56:56Z,34.795341666666666,127.73847833333333,NA,NA,NA,dynamic_classA
2579999,2024-01-24T18:57:01Z,54.60323833333334,-1.1616933333333332,NA,NA,NA,satellite
2579999,2024-01-24T18:57:12Z,-20.275190000000002,114.91654166666667,NA,NA,NA,dynamic_classA
2579999,2024-01-24T18:57:13Z,53.539989999999996,9.878853333333332,NA,NA,NA,dynamic_classA
2579999,2024-01-24T18:57:14Z,-20.275213333333333,114.91649166666666,NA,NA,NA,satellite
2579999,2024-01-24T18:57:21Z,-38.449556666666666,148.30896333333334,NA,NA,NA,satellite
2579999,2024-01-24T18:57:24Z,-20.275288333333332,114.916325,NA,NA,NA,satellite
2579999,2024-01-24T18:57:28Z,35.50155333333333,129.44113166666665,NA,NA,NA,dynamic_classA
2579999,2024-01-24T18:57:41Z,-38.44955,148.30895666666666,NA,NA,NA,satellite
2579999,2024-01-24T18:57:47Z,-20.27545,114.91593333333334,NA,NA,NA,satellite
2579999,2024-01-24T18:57:48Z,-20.27545,114.91593333333334,NA,NA,NA,satellite
2579999,2024-01-24T18:57:49Z,24.536288333333335,54.385070000000006,NA,NA,NA,dynamic_classA
2579999,2024-01-24T18:57:52Z,50.79964333333333,-1.1100466666666666,NA,NA,NA,dynamic_classA
2579999,2024-01-24T18:57:57Z,50.79964333333333,-1.1100466666666666,NA,NA,NA,dynamic_classA
2579999,2024-01-24T18:58:01Z,-38.44954499999999,148.308955,NA,NA,NA,satellite
2579999,2024-01-24T18:58:04Z,24.536281666666664,54.38506833333334,NA,NA,NA,dynamic_classA
2579999,2024-01-24T18:58:09Z,56.70167333333333,-2.4657366666666665,NA,NA,NA,dynamic_classA
2579999,2024-01-24T18:58:11Z,24.536278333333332,54.38507166666667,NA,NA,NA,dynamic_classA
2579999,2024-01-24T18:58:18Z,-20.275665,114.91545166666667,NA,NA,NA,satellite
2579999,2024-01-24T18:58:19Z,29.650581666666668,32.361000000000004,NA,NA,NA,dynamic_classA
2579999,2024-01-24T18:58:21Z,-38.44954499999999,148.30895166666667,NA,NA,NA,satellite
2579999,2024-01-24T18:58:24Z,1.283145,103.77934833333333,NA,NA,NA,satellite
2579999,2024-01-24T18:58:25Z,-20.275723333333335,114.91533666666666,NA,NA,NA,satellite
2579999,2024-01-24T18:58:27Z,-20.275746666666667,114.915285,NA,NA,NA,satellite
2579999,2024-01-24T18:58:40Z,-38.44954166666666,148.30894666666666,NA,NA,NA,satellite
2579999,2024-01-24T18:58:47Z,-20.275901666666666,114.91493833333334,NA,NA,NA,satellite
2579999,2024-01-24T18:58:50Z,-38.44954333333333,148.30895166666667,NA,NA,NA,satellite
2579999,2024-01-24T18:58:57Z,-20.275971666666667,114.91477166666667,NA,NA,NA,satellite
2579999,2024-01-24T18:59:00Z,-38.44953833333333,148.30895833333335,NA,NA,NA,satellite
2579999,2024-01-24T18:59:07Z,34.795345,127.73848333333333,NA,NA,NA,dynamic_classA
2579999,2024-01-24T18:59:08Z,35.50154166666667,129.44114666666667,NA,NA,NA,dynamic_classA
2579999,2024-01-24T18:59:14Z,-20.276091666666666,114.9145,NA,NA,NA,satellite
2579999,2024-01-24T18:59:15Z,-20.276091666666666,114.9145,NA,NA,NA,satellite
2579999,2024-01-24T18:59:18Z,-20.276113333333335,114.91445333333333,NA,NA,NA,satellite
2579999,2024-01-24T18:59:20Z,-38.449533333333335,148.308985,NA,NA,NA,satellite
2579999,2024-01-24T18:59:25Z,-20.276166666666665,114.91434666666667,NA,NA,NA,satellite
2579999,2024-01-24T18:59:30Z,-38.44952833333333,148.30898833333333,NA,NA,NA,satellite
2579999,2024-01-24T18:59:34Z,53.539991666666666,9.878861666666667,NA,NA,NA,satellite
2579999,2024-01-24T18:59:40Z,-38.44952333333333,148.308985,NA,NA,NA,satellite
2579999,2024-01-24T18:59:43Z,-20.276328333333332,114.914035,NA,NA,NA,satellite
2579999,2024-01-24T18:59:46Z,-20.276351666666667,114.91398666666667,NA,NA,NA,satellite
2579999,2024-01-24T18:59:47Z,-20.276351666666667,114.91398666666667,NA,NA,NA,satellite
2579999,2024-01-24T18:59:48Z,-20.276351666666667,114.91398666666667,NA,NA,NA,satellite
2579999,2024-01-24T18:59:50Z,1.283155,103.77933666666667,NA,NA,NA,satellite
2579999,2024-01-24T18:59:53Z,29.650585,32.36101166666666,NA,NA,NA,dynamic_classA
2579999,2024-01-24T18:59:55Z,29.650585,32.36100666666667,NA,NA,NA,dynamic_classA
2579999,2024-01-24T18:59:56Z,-20.276436666666665,114.91381666666666,NA,NA,NA,satellite
2579999,2024-01-24T18:59:58Z,-20.276436666666665,114.91381666666666,NA,NA,NA,satellite
2579999,2024-01-24T19:00:04Z,35.501551666666664,129.44113833333333,NA,NA,NA,satellite
2579999,2024-01-24T19:00:05Z,9.503431666666668,-13.708196666666668,NA,NA,NA,dynamic_classA
2579999,2024-01-24T19:00:06Z,9.503431666666668,-13.708196666666668,NA,NA,NA,dynamic_classA
2579999,2024-01-24T19:00:23Z,-20.276636666666665,114.91337666666666,NA,NA,NA,satellite
2579999,2024-01-24T19:00:24Z,-20.276636666666665,114.91337666666666,NA,NA,NA,satellite
2579999,2024-01-24T19:00:25Z,-20.276636666666665,114.91337666666666,NA,NA,NA,satellite
2579999,2024-01-24T19:00:26Z,-20.276658333333334,114.91333,NA,NA,NA,satellite
2579999,2024-01-24T19:00:28Z,24.536295,54.385045,NA,NA,NA,satellite
2579999,2024-01-24T19:00:31Z,29.650581666666668,32.36099166666666,NA,NA,NA,dynamic_classA
2579999,2024-01-24T19:00:33Z,50.79963333333333,-1.1100400000000001,NA,NA,NA,dynamic_classA
2579999,2024-01-24T19:00:43Z,9.503433333333334,-13.708208333333333,NA,NA,NA,dynamic_classA
2579999,2024-01-24T19:00:44Z,-20.276796666666666,114.91306833333333,NA,NA,NA,satellite
2579999,2024-01-24T19:00:45Z,-20.276796666666666,114.91306833333333,NA,NA,NA,satellite
2579999,2024-01-24T19:00:47Z,-20.27682,114.91302333333333,NA,NA,NA,satellite
2579999,2024-01-24T19:00:48Z,-20.27682,114.91302333333333,NA,NA,NA,satellite
2579999,2024-01-24T19:00:54Z,56.701695,-2.4657416666666667,NA,NA,NA,dynamic_classA
2579999,2024-01-24T19:00:55Z,1.2831583333333334,103.77934333333333,NA,NA,NA,satellite
2579999,2024-01-24T19:00:56Z,9.503431666666668,-13.708208333333333,NA,NA,NA,dynamic_classA
2579999,2024-01-24T19:00:57Z,24.53629833333333,54.385045,NA,NA,NA,dynamic_classA
2579999,2024-01-24T19:00:58Z,-20.2769,114.912865,NA,NA,NA,satellite
2579999,2024-01-24T19:00:59Z,35.501555,129.441135,NA,NA,NA,dynamic_classA
2579999,2024-01-24T19:01:04Z,-20.276958333333333,114.91275166666667,NA,NA,NA,satellite
2579999,2024-01-24T19:01:05Z,21.571453333333334,88.25143833333333,NA,NA,NA,dynamic_classA
2579999,2024-01-24T19:01:06Z,34.79535833333333,127.73847666666667,NA,NA,NA,dynamic_classA
2579999,2024-01-24T19:01:27Z,-20.277136666666667,114.91236833333333,NA,NA,NA,satellite
2579999,2024-01-24T19:01:28Z,-20.277113333333332,114.91241833333333,NA,NA,NA,satellite
2579999,2024-01-24T19:01:31Z,-20.277235,114.91214,NA,NA,NA,dynamic_classA
2579999,2024-01-24T19:01:38Z,1.2831583333333334,103.77934333333333,NA,NA,NA,dynamic_classA
2579999,2024-01-24T19:01:47Z,34.795355,127.73847666666667,NA,NA,NA,satellite
2579999,2024-01-24T19:01:48Z,-20.27728,114.91204666666665,NA,NA,NA,satellite
2579999,2024-01-24T19:02:13Z,56.70169166666667,-2.465733333333333,NA,NA,NA,dynamic_classA
2579999,2024-01-24T19:02:14Z,58.014645,7.483858333333333,NA,NA,NA,dynamic_classA
2579999,2024-01-24T19:02:27Z,-20.277593333333336,114.911405,NA,NA,NA,satellite
2579999,2024-01-24T19:02:28Z,-20.277593333333336,114.911405,NA,NA,NA,satellite
2579999,2024-01-24T19:02:33Z,-20.277641666666668,114.91128499999999,NA,NA,NA,satellite
2579999,2024-01-24T19:02:34Z,-20.277641666666668,114.91128499999999,NA,NA,NA,satellite
2579999,2024-01-24T19:02:35Z,-20.277641666666668,114.91128499999999,NA,NA,NA,satellite
2579999,2024-01-24T19:02:40Z,-20.277691666666666,114.911165,NA,NA,NA,satellite
2579999,2024-01-24T19:02:44Z,65.21692333333334,6.905438333333334,NA,NA,NA,dynamic_classA
2579999,2024-01-24T19:02:46Z,1.2831616666666668,103.77935666666667,NA,NA,NA,dynamic_classA
2579999,2024-01-24T19:02:48Z,29.650586666666666,32.360973333333334,NA,NA,NA,dynamic_classA
2579999,2024-01-24T19:02:58Z,35.501555,129.441135,NA,NA,NA,dynamic_classA
2579999,2024-01-24T19:03:06Z,56.70168666666667,-2.4657283333333333,NA,NA,NA,dynamic_classA
2579999,2024-01-24T19:03:08Z,1.2831650000000001,103.77936333333334,NA,NA,NA,dynamic_classA
2579999,2024-01-24T19:03:17Z,-20.277955000000002,114.91058166666667,NA,NA,NA,satellite
2579999,2024-01-24T19:03:18Z,-20.277955000000002,114.91058166666667,NA,NA,NA,satellite
2579999,2024-01-24T19:03:29Z,1.2831666666666666,103.77936166666667,NA,NA,NA,dynamic_classA
2579999,2024-01-24T19:03:40Z,-20.278146666666665,114.91017666666667,NA,NA,NA,satellite
2579999,2024-01-24T19:03:41Z,-20.278146666666665,114.91017666666667,NA,NA,NA,satellite
2579999,2024-01-24T19:03:42Z,-38.449441666666665,148.30901166666666,NA,NA,NA,satellite
2579999,2024-01-24T19:03:43Z,-20.278168333333333,114.91012166666665,NA,NA,NA,satellite
2579999,2024-01-24T19:03:44Z,-20.278168333333333,114.91012166666665,NA,NA,NA,satellite
2579999,2024-01-24T19:03:45Z,-20.278168333333333,114.91012166666665,NA,NA,NA,satellite
2579999,2024-01-24T19:03:47Z,-20.278191666666665,114.91006999999999,NA,NA,NA,satellite
2579999,2024-01-24T19:03:56Z,-20.27826,114.909905,NA,NA,NA,satellite
2579999,2024-01-24T19:04:03Z,-20.278306666666666,114.90979,NA,NA,NA,satellite
2579999,2024-01-24T19:04:21Z,-38.44949166666667,148.30899166666669,NA,NA,NA,dynamic_classA
2579999,2024-01-24T19:04:26Z,9.503426666666666,-13.708195,NA,NA,NA,dynamic_classA
2579999,2024-01-24T19:04:27Z,1.28314,103.77933333333334,NA,NA,NA,dynamic_classA
2579999,2024-01-24T19:04:39Z,1.283145,103.77933166666666,NA,NA,NA,dynamic_classA
2579999,2024-01-24T19:04:42Z,-38.44950166666667,148.30899333333335,NA,NA,NA,satellite
2579999,2024-01-24T19:04:47Z,65.21692666666667,6.9054416666666665,NA,NA,NA,dynamic_classA
2579999,2024-01-24T19:04:51Z,24.53633,54.385056666666664,NA,NA,NA,dynamic_classA
2579999,2024-01-24T19:05:01Z,-38.44950666666667,148.309005,NA,NA,NA,satellite
2579999,2024-01-24T19:05:08Z,-20.27872,114.90887833333333,NA,NA,NA,satellite
2579999,2024-01-24T19:05:11Z,-20.278788333333335,114.90870833333334,NA,NA,NA,satellite
2579999,2024-01-24T19:05:14Z,-20.27881,114.90866,NA,NA,NA,satellite
2579999,2024-01-24T19:05:15Z,-20.27881,114.90866,NA,NA,NA,satellite
2579999,2024-01-24T19:05:20Z,1.2831483333333333,103.77933166666666,NA,NA,NA,dynamic_classA
2579999,2024-01-24T19:05:35Z,-38.44949833333333,148.30901333333335,NA,NA,NA,satellite
2579999,2024-01-24T19:05:36Z,35.50154333333333,129.44114166666665,NA,NA,NA,dynamic_classA
2579999,2024-01-24T19:05:42Z,-38.449495,148.30901333333335,NA,NA,NA,satellite
2579999,2024-01-24T19:05:48Z,-20.279045,114.90813833333333,NA,NA,NA,satellite
2579999,2024-01-24T19:05:49Z,58.01462333333333,7.483885,NA,NA,NA,dynamic_classA
2579999,2024-01-24T19:06:01Z,24.536321666666666,54.38507333333334,NA,NA,NA,dynamic_classA
2579999,2024-01-24T19:06:04Z,29.650593333333333,32.36101333333333,NA,NA,NA,dynamic_classA
2579999,2024-01-24T19:06:09Z,29.650593333333333,32.36101333333333,NA,NA,NA,dynamic_classA
2579999,2024-01-24T19:06:27Z,24.536316666666668,54.38506666666667,NA,NA,NA,dynamic_classA
2579999,2024-01-24T19:06:32Z,50.79964333333333,-1.1100516666666667,NA,NA,NA,dynamic_classA
2579999,2024-01-24T19:06:34Z,50.79964333333333,-1.1100516666666667,NA,NA,NA,dynamic_classA
2579999,2024-01-24T19:06:51Z,24.53632,54.38505833333333,NA,NA,NA,satellite
2579999,2024-01-24T19:07:03Z,53.53998833333333,9.878856666666668,NA,NA,NA,dynamic_classA
2579999,2024-01-24T19:07:29Z,25.319003333333335,53.46250833333333,NA,NA,NA,dynamic_classA
2579999,2024-01-24T19:07:40Z,54.60324166666667,-1.1617199999999999,NA,NA,NA,dynamic_classA
2579999,2024-01-24T19:07:48Z,1.2831583333333334,103.77935000000001,NA,NA,NA,dynamic_classA
2579999,2024-01-24T19:07:50Z,35.50154166666667,129.44113666666667,NA,NA,NA,dynamic_classA
2579999,2024-01-24T19:08:01Z,25.319015,53.46250833333333,NA,NA,NA,satellite
2579999,2024-01-24T19:08:02Z,25.319015,53.46250833333333,NA,NA,NA,dynamic_classA
2579999,2024-01-24T19:08:04Z,1.2831666666666666,103.77936,NA,NA,NA,dynamic_classA
2579999,2024-01-24T19:08:06Z,35.50154,129.44113666666667,NA,NA,NA,dynamic_classA
2579999,2024-01-24T19:08:15Z,29.65059,32.36100666666667,NA,NA,NA,dynamic_classA
2579999,2024-01-24T19:08:21Z,-38.44947666666667,148.30895,NA,NA,NA,satellite
2579999,2024-01-24T19:08:41Z,-38.44950166666667,148.308965,NA,NA,NA,satellite
2579999,2024-01-24T19:08:43Z,35.50153833333333,129.44114166666665,NA,NA,NA,dynamic_classA
2579999,2024-01-24T19:09:01Z,-38.449531666666665,148.30898,NA,NA,NA,satellite
2579999,2024-01-24T19:09:08Z,29.650586666666666,32.36101166666666,NA,NA,NA,dynamic_classA
2579999,2024-01-24T19:09:11Z,-38.44954166666666,148.30897833333333,NA,NA,NA,satellite
2579999,2024-01-24T19:09:31Z,-38.44954833333334,148.30896333333334,NA,NA,NA,satellite
2579999,2024-01-24T19:09:32Z,-38.44954833333334,148.30895999999998,NA,NA,NA,dynamic_classA
2579999,2024-01-24T19:09:51Z,-38.449555000000004,148.308965,NA,NA,NA,satellite
2579999,2024-01-24T19:10:01Z,24.536324999999998,54.385040000000004,NA,NA,NA,dynamic_classA
2579999,2024-01-24T19:10:02Z,65.21693833333333,6.905445,NA,NA,NA,dynamic_classA
2579999,2024-01-24T19:10:06Z,35.50154833333333,129.44112166666667,NA,NA,NA,dynamic_classA
2579999,2024-01-24T19:10:10Z,9.503431666666668,-13.708205,NA,NA,NA,dynamic_classA
2579999,2024-01-24T19:10:19Z,65.21694166666667,6.905455,NA,NA,NA,dynamic_classA
2579999,2024-01-24T19:10:35Z,35.501545,129.441125,NA,NA,NA,dynamic_classA
2579999,2024-01-24T19:10:50Z,34.79534,127.73848500000001,NA,NA,NA,dynamic_classA
2579999,2024-01-24T19:11:03Z,25.31903,53.46249666666667,NA,NA,NA,dynamic_classA
2579999,2024-01-24T19:11:16Z,9.503431666666668,-13.708196666666668,NA,NA,NA,dynamic_classA
2579999,2024-01-24T19:11:27Z,1.283155,103.77934,NA,NA,NA,dynamic_classA
2579999,2024-01-24T19:11:40Z,9.50343,-13.708206666666666,NA,NA,NA,dynamic_classA
2579999,2024-01-24T19:12:15Z,34.795355,127.73846666666667,NA,NA,NA,dynamic_classA
2579999,2024-01-24T19:12:17Z,25.319045000000003,53.462493333333335,NA,NA,NA,dynamic_classA
2579999,2024-01-24T19:12:19Z,25.319041666666667,53.462493333333335,NA,NA,NA,dynamic_classA
2579999,2024-01-24T19:12:42Z,9.503435,-13.708206666666666,NA,NA,NA,dynamic_classA
2579999,2024-01-24T19:12:47Z,35.50154333333333,129.44112666666666,NA,NA,NA,dynamic_classA
2579999,2024-01-24T19:12:51Z,-20.282091666666666,114.90145333333334,NA,NA,NA,dynamic_classA
2579999,2024-01-24T19:13:10Z,34.795343333333335,127.73849166666668,NA,NA,NA,dynamic_classA
2579999,2024-01-24T19:13:11Z,29.65059,32.36100666666667,NA,NA,NA,dynamic_classA
2579999,2024-01-24T19:13:24Z,29.650588333333335,32.361005,NA,NA,NA,dynamic_classA
2579999,2024-01-24T19:13:31Z,-38.449625,148.30904999999998,NA,NA,NA,satellite
2579999,2024-01-24T19:13:49Z,25.319026666666666,53.46250333333333,NA,NA,NA,dynamic_classA
2579999,2024-01-24T19:13:55Z,9.503435,-13.7082,NA,NA,NA,dynamic_classA
2579999,2024-01-24T19:14:07Z,25.319015,53.46250666666666,NA,NA,NA,dynamic_classA
2579999,2024-01-24T19:14:15Z,53.539991666666666,9.87884,NA,NA,NA,dynamic_classA
2579999,2024-01-24T19:14:31Z,-38.44956,148.30906166666668,NA,NA,NA,satellite
2579999,2024-01-24T19:14:47Z,25.319018333333336,53.462515,NA,NA,NA,dynamic_classA
2579999,2024-01-24T19:14:50Z,65.21693666666667,6.90541,NA,NA,NA,dynamic_classA
2579999,2024-01-24T19:15:09Z,58.014630000000004,7.483883333333334,NA,NA,NA,dynamic_classA
2579999,2024-01-24T19:15:10Z,58.014630000000004,7.483876666666666,NA,NA,NA,dynamic_classA
2579999,2024-01-24T19:15:20Z,25.319028333333332,53.462511666666664,NA,NA,NA,dynamic_classA
2579999,2024-01-24T19:15:29Z,56.701695,-2.4657216666666666,NA,NA,NA,dynamic_classA
2579999,2024-01-24T19:15:31Z,-38.449571666666664,148.30900333333332,NA,NA,NA,satellite
2579999,2024-01-24T19:15:47Z,53.539991666666666,9.878843333333332,NA,NA,NA,dynamic_classA
2579999,2024-01-24T19:15:53Z,56.70167166666667,-2.46573,NA,NA,NA,satellite
2579999,2024-01-24T19:15:56Z,25.319031666666667,53.46250666666666,NA,NA,NA,dynamic_classA
2579999,2024-01-24T19:15:58Z,-20.283630000000002,114.89827666666666,NA,NA,NA,dynamic_classA
2579999,2024-01-24T19:16:01Z,-38.44956666666667,148.30898,NA,NA,NA,satellite
2579999,2024-01-24T19:16:11Z,-38.44956,148.30896333333334,NA,NA,NA,satellite
2579999,2024-01-24T19:16:14Z,-33.87848,-58.42104500000001,NA,NA,NA,dynamic_classA
2579999,2024-01-24T19:16:20Z,25.319031666666667,53.46250666666666,NA,NA,NA,dynamic_classA
2579999,2024-01-24T19:16:21Z,-38.449558333333336,148.30895333333333,NA,NA,NA,satellite
2579999,2024-01-24T19:16:26Z,25.319031666666667,53.46250666666666,NA,NA,NA,dynamic_classA
2579999,2024-01-24T19:16:31Z,-38.44956166666667,148.30895,NA,NA,NA,satellite
2579999,2024-01-24T19:16:41Z,-38.44957333333333,148.30894833333332,NA,NA,NA,satellite
2579999,2024-01-24T19:16:42Z,35.501525,129.44113833333333,NA,NA,NA,dynamic_classA
2579999,2024-01-24T19:16:44Z,-20.28389333333333,114.89769500000001,NA,NA,NA,satellite
2579999,2024-01-24T19:16:51Z,54.60321833333333,-1.161735,NA,NA,NA,dynamic_classA
2579999,2024-01-24T19:16:56Z,34.79535666666666,127.73847,NA,NA,NA,dynamic_classA
2579999,2024-01-24T19:17:01Z,-38.44958833333333,148.30894166666667,NA,NA,NA,satellite
2579999,2024-01-24T19:17:04Z,-20.284035,114.89740166666667,NA,NA,NA,satellite
2579999,2024-01-24T19:17:05Z,34.79535666666666,127.73847,NA,NA,NA,dynamic_classA
2579999,2024-01-24T19:17:16Z,9.503433333333334,-13.708211666666667,NA,NA,NA,dynamic_classA
2579999,2024-01-24T19:17:22Z,35.50152833333333,129.44114666666667,NA,NA,NA,dynamic_classA
2579999,2024-01-24T19:17:30Z,25.319021666666668,53.462505,NA,NA,NA,satellite
2579999,2024-01-24T19:17:47Z,-20.284325000000003,114.89681999999999,NA,NA,NA,satellite
2579999,2024-01-24T19:17:53Z,53.53998166666667,9.87884,NA,NA,NA,dynamic_classA
2579999,2024-01-24T19:17:54Z,-20.28442,114.89661833333334,NA,NA,NA,satellite
2579999,2024-01-24T19:18:01Z,-38.44961166666667,148.30895833333335,NA,NA,NA,satellite
2579999,2024-01-24T19:18:02Z,-5.4553666666666665,105.31045999999999,NA,NA,NA,dynamic_classA
2579999,2024-01-24T19:18:04Z,-20.284491666666668,114.89646833333333,NA,NA,NA,satellite
2579999,2024-01-24T19:18:08Z,35.501535,129.44114833333333,NA,NA,NA,dynamic_classA
2579999,2024-01-24T19:18:16Z,50.799634999999995,-1.110045,NA,NA,NA,dynamic_classA
2579999,2024-01-24T19:18:21Z,-38.44960666666667,148.30894,NA,NA,NA,satellite
2579999,2024-01-24T19:18:23Z,-20.284643333333335,114.89617333333334,NA,NA,NA,satellite
2579999,2024-01-24T19:18:26Z,25.319018333333336,53.46251333333333,NA,NA,NA,dynamic_classA
2579999,2024-01-24T19:18:29Z,56.701678333333334,-2.4657283333333333,NA,NA,NA,dynamic_classA
2579999,2024-01-24T19:18:30Z,-38.449603333333336,148.30892833333334,NA,NA,NA,satellite
2579999,2024-01-24T19:18:35Z,-20.284726666666664,114.89602,NA,NA,NA,dynamic_classA
2579999,2024-01-24T19:18:39Z,29.650586666666666,32.36098166666667,NA,NA,NA,dynamic_classA
2579999,2024-01-24T19:18:43Z,-20.284805,114.89585833333334,NA,NA,NA,satellite
2579999,2024-01-24T19:18:52Z,1.2831533333333334,103.77932833333332,NA,NA,NA,dynamic_classA
2579999,2024-01-24T19:18:57Z,-20.284901666666666,114.89564833333334,NA,NA,NA,satellite
2579999,2024-01-24T19:19:05Z,25.319016666666666,53.462518333333335,NA,NA,NA,dynamic_classA
2579999,2024-01-24T19:19:07Z,-20.284969999999998,114.89549333333333,NA,NA,NA,satellite
2579999,2024-01-24T19:19:08Z,25.319011666666665,53.462518333333335,NA,NA,NA,dynamic_classA
2579999,2024-01-24T19:19:21Z,-38.44961,148.30889166666665,NA,NA,NA,satellite
2579999,2024-01-24T19:19:31Z,-38.44961833333333,148.30888666666667,NA,NA,NA,satellite
2579999,2024-01-24T19:19:34Z,-20.285171666666667,114.89509666666666,NA,NA,NA,satellite
2579999,2024-01-24T19:19:38Z,-20.285271666666667,114.89490333333333,NA,NA,NA,dynamic_classA
2579999,2024-01-24T19:19:40Z,-38.449619999999996,148.30888166666668,NA,NA,NA,satellite
2579999,2024-01-24T19:19:41Z,29.650586666666666,32.36098833333333,NA,NA,NA,satellite
2579999,2024-01-24T19:19:47Z,34.795341666666666,127.73847500000001,NA,NA,NA,satellite
2579999,2024-01-24T19:19:58Z,24.536324999999998,54.38505333333333,NA,NA,NA,dynamic_classA
2579999,2024-01-24T19:20:00Z,-38.44960833333334,148.308865,NA,NA,NA,satellite
2579999,2024-01-24T19:20:01Z,-38.44960833333334,148.308865,NA,NA,NA,satellite
2579999,2024-01-24T19:20:04Z,-20.28540333333333,114.89464,NA,NA,NA,satellite
2579999,2024-01-24T19:20:07Z,-20.28542666666667,114.89459333333333,NA,NA,NA,satellite
2579999,2024-01-24T19:20:14Z,53.53998,9.878855,NA,NA,NA,dynamic_classA
2579999,2024-01-24T19:20:20Z,-38.44960666666667,148.308865,NA,NA,NA,satellite
2579999,2024-01-24T19:20:21Z,-38.44960666666667,148.308865,NA,NA,NA,satellite
2579999,2024-01-24T19:20:23Z,29.65059666666667,32.36098666666667,NA,NA,NA,dynamic_classA
2579999,2024-01-24T19:20:24Z,35.50153,129.44113000000002,NA,NA,NA,dynamic_classA
2579999,2024-01-24T19:20:28Z,53.53998,9.878856666666668,NA,NA,NA,dynamic_classA
2579999,2024-01-24T19:20:30Z,-38.44961,148.30886999999998,NA,NA,NA,satellite
2579999,2024-01-24T19:20:51Z,25.319026666666666,53.46249833333333,NA,NA,NA,dynamic_classA
2579999,2024-01-24T19:20:55Z,9.503433333333334,-13.708208333333333,NA,NA,NA,dynamic_classA
2579999,2024-01-24T19:21:00Z,-38.44963333333333,148.30890499999998,NA,NA,NA,satellite
2579999,2024-01-24T19:21:01Z,1.2831483333333333,103.77933833333333,NA,NA,NA,satellite
2579999,2024-01-24T19:21:04Z,24.072145,51.78632666666667,NA,NA,NA,dynamic_classA
2579999,2024-01-24T19:21:11Z,29.650606666666665,32.36098,NA,NA,NA,dynamic_classA
2579999,2024-01-24T19:21:13Z,56.701683333333335,-2.4657233333333335,NA,NA,NA,dynamic_classA
2579999,2024-01-24T19:21:19Z,35.501533333333334,129.44112166666667,NA,NA,NA,dynamic_classA
2579999,2024-01-24T19:21:20Z,-38.44965,148.30892666666665,NA,NA,NA,satellite
2579999,2024-01-24T19:21:22Z,-38.44965,148.30892666666665,NA,NA,NA,satellite
2579999,2024-01-24T19:21:23Z,9.503433333333334,-13.708205,NA,NA,NA,dynamic_classA
2579999,2024-01-24T19:21:25Z,29.650605,32.36098,NA,NA,NA,dynamic_classA
2579999,2024-01-24T19:21:26Z,25.319023333333334,53.4625,NA,NA,NA,dynamic_classA
2579999,2024-01-24T19:21:29Z,-38.449648333333336,148.308935,NA,NA,NA,satellite
2579999,2024-01-24T19:21:31Z,-38.449648333333336,148.308935,NA,NA,NA,satellite
2579999,2024-01-24T19:21:33Z,-20.28607333333333,114.893285,NA,NA,NA,satellite
2579999,2024-01-24T19:21:35Z,53.53998333333333,9.87886,NA,NA,NA,dynamic_classA
2579999,2024-01-24T19:21:37Z,-20.286093333333334,114.89324,NA,NA,NA,satellite
2579999,2024-01-24T19:21:46Z,34.79534666666667,127.73848166666667,NA,NA,NA,dynamic_classA
2579999,2024-01-24T19:21:54Z,56.701683333333335,-2.46571,NA,NA,NA,dynamic_classA
2579999,2024-01-24T19:21:59Z,1.283155,103.77933666666667,NA,NA,NA,dynamic_classA
2579999,2024-01-24T19:22:00Z,-38.44964166666667,148.308955,NA,NA,NA,satellite
2579999,2024-01-24T19:22:01Z,-38.44964166666667,148.308955,NA,NA,NA,satellite
2579999,2024-01-24T19:22:03Z,50.79962166666667,-1.11005,NA,NA,NA,dynamic_classA
2579999,2024-01-24T19:22:07Z,-20.28632,114.89280166666667,NA,NA,NA,dynamic_classA
2579999,2024-01-24T19:22:11Z,-20.286431666666665,114.89259,NA,NA,NA,dynamic_classA
2579999,2024-01-24T19:22:19Z,53.53998333333333,9.878856666666668,NA,NA,NA,satellite
2579999,2024-01-24T19:22:21Z,-20.286398333333334,114.89265166666668,NA,NA,NA,dynamic_classA
2579999,2024-01-24T19:22:22Z,-38.44963333333333,148.30896833333333,NA,NA,NA,satellite
2579999,2024-01-24T19:22:27Z,34.795316666666665,127.73847500000001,NA,NA,NA,dynamic_classA
2579999,2024-01-24T19:22:31Z,1.283155,103.77933,NA,NA,NA,dynamic_classA
2579999,2024-01-24T19:22:34Z,58.014626666666665,7.48393,NA,NA,NA,dynamic_classA
2579999,2024-01-24T19:22:50Z,25.31901333333333,53.46249833333333,NA,NA,NA,dynamic_classA
2579999,2024-01-24T19:22:54Z,-20.286695,114.89208666666667,NA,NA,NA,satellite
2579999,2024-01-24T19:22:56Z,3.5680666666666667,113.32466500000001,NA,NA,NA,dynamic_classA
2579999,2024-01-24T19:22:58Z,25.31901333333333,53.46250166666667,NA,NA,NA,dynamic_classA
2579999,2024-01-24T19:23:00Z,-38.449595,148.30896666666666,NA,NA,NA,satellite
2579999,2024-01-24T19:23:09Z,25.319016666666666,53.46250333333333,NA,NA,NA,dynamic_classA
2579999,2024-01-24T19:23:11Z,-38.44959333333334,148.30896166666668,NA,NA,NA,satellite
2579999,2024-01-24T19:23:14Z,-20.286841666666664,114.89179166666666,NA,NA,NA,satellite
2579999,2024-01-24T19:23:16Z,29.650631666666666,32.360971666666664,NA,NA,NA,dynamic_classA
2579999,2024-01-24T19:23:19Z,50.799625,-1.1100516666666667,NA,NA,NA,dynamic_classA
2579999,2024-01-24T19:23:20Z,-38.44958833333333,148.30896333333334,NA,NA,NA,satellite
2579999,2024-01-24T19:23:28Z,29.650631666666666,32.360971666666664,NA,NA,NA,dynamic_classA
2579999,2024-01-24T19:23:30Z,-38.449585,148.30896833333333,NA,NA,NA,satellite
2579999,2024-01-24T19:23:33Z,-20.286996666666667,114.89150500000001,NA,NA,NA,satellite
2579999,2024-01-24T19:23:44Z,65.21693,6.905413333333333,NA,NA,NA,dynamic_classA
2579999,2024-01-24T19:23:48Z,35.50154666666666,129.44112333333334,NA,NA,NA,dynamic_classA
2579999,2024-01-24T19:23:50Z,-38.44958,148.30898,NA,NA,NA,satellite
2579999,2024-01-24T19:23:52Z,25.319011666666665,53.46250166666667,NA,NA,NA,dynamic_classA
2579999,2024-01-24T19:23:53Z,-20.287151666666666,114.89119166666666,NA,NA,NA,satellite
2579999,2024-01-24T19:23:56Z,25.319011666666665,53.46250166666667,NA,NA,NA,satellite
2579999,2024-01-24T19:24:00Z,-38.449576666666665,148.30899,NA,NA,NA,satellite
2579999,2024-01-24T19:24:04Z,25.319011666666665,53.46250333333333,NA,NA,NA,dynamic_classA
2579999,2024-01-24T19:24:10Z,-38.44957333333333,148.30900333333332,NA,NA,NA,satellite
2579999,2024-01-24T19:24:20Z,-38.44957333333333,148.30901833333334,NA,NA,NA,satellite
2579999,2024-01-24T19:24:35Z,10.2858,106.76145166666667,NA,NA,NA,dynamic_classA
2579999,2024-01-24T19:24:39Z,1.2831583333333334,103.77933166666666,NA,NA,NA,dynamic_classA
2579999,2024-01-24T19:24:45Z,9.503436666666666,-13.7082,NA,NA,NA,dynamic_classA
2579999,2024-01-24T19:24:53Z,46.543980000000005,-48.499066666666664,NA,NA,NA,dynamic_classA
2579999,2024-01-24T19:24:57Z,1.2831566666666667,103.77933166666666,NA,NA,NA,dynamic_classA
2579999,2024-01-24T19:25:00Z,25.319015,53.46250666666666,NA,NA,NA,satellite
2579999,2024-01-24T19:25:20Z,-38.449565,148.30901333333335,NA,NA,NA,satellite
2579999,2024-01-24T19:25:24Z,25.319023333333334,53.4625,NA,NA,NA,dynamic_classA
2579999,2024-01-24T19:25:26Z,14.437091666666667,120.49855833333332,NA,NA,NA,dynamic_classA
2579999,2024-01-24T19:25:34Z,1.283155,103.77933,NA,NA,NA,dynamic_classA
2579999,2024-01-24T19:25:36Z,9.503433333333334,-13.708203333333334,NA,NA,NA,dynamic_classA
2579999,2024-01-24T19:25:38Z,65.21693,6.90541,NA,NA,NA,dynamic_classA
2579999,2024-01-24T19:25:48Z,-20.287973333333333,114.88952666666667,NA,NA,NA,dynamic_classA
2579999,2024-01-24T19:25:56Z,35.50154166666667,129.44114,NA,NA,NA,dynamic_classA
2579999,2024-01-24T19:26:00Z,-38.44956666666667,148.30900000000003,NA,NA,NA,satellite
2579999,2024-01-24T19:26:01Z,1.2831599999999999,103.77934833333333,NA,NA,NA,dynamic_classA
2579999,2024-01-24T19:26:20Z,-38.449556666666666,148.30900000000003,NA,NA,NA,satellite
2579999,2024-01-24T19:26:28Z,29.650621666666666,32.36098333333334,NA,NA,NA,dynamic_classA
2579999,2024-01-24T19:26:30Z,-38.44955,148.30899499999998,NA,NA,NA,satellite
2579999,2024-01-24T19:26:40Z,-38.44954333333333,148.30898833333333,NA,NA,NA,satellite
2579999,2024-01-24T19:26:41Z,25.319011666666665,53.46249666666667,NA,NA,NA,dynamic_classA
2579999,2024-01-24T19:26:44Z,29.650621666666666,32.36098166666667,NA,NA,NA,dynamic_classA
2579999,2024-01-24T19:26:50Z,-38.44954166666666,148.30898166666665,NA,NA,NA,satellite
2579999,2024-01-24T19:27:00Z,-38.44954499999999,148.30897666666667,NA,NA,NA,satellite
2579999,2024-01-24T19:27:10Z,-38.44955,148.30897833333333,NA,NA,NA,satellite
2579999,2024-01-24T19:27:14Z,50.79963,-1.1100483333333335,NA,NA,NA,dynamic_classA
2579999,2024-01-24T19:27:20Z,-38.449555000000004,148.30898,NA,NA,NA,satellite
2579999,2024-01-24T19:27:30Z,-38.44956,148.30898,NA,NA,NA,satellite
2579999,2024-01-24T19:27:33Z,53.53998333333333,9.87886,NA,NA,NA,dynamic_classA
2579999,2024-01-24T19:27:40Z,35.50154,129.441135,NA,NA,NA,satellite
2579999,2024-01-24T19:27:42Z,-20.28879,114.88797,NA,NA,NA,dynamic_classA
2579999,2024-01-24T19:27:49Z,25.319005,53.46250166666667,NA,NA,NA,dynamic_classA
2579999,2024-01-24T19:27:50Z,-38.44956333333334,148.30898166666665,NA,NA,NA,satellite
2579999,2024-01-24T19:27:53Z,46.543980000000005,-48.499066666666664,NA,NA,NA,dynamic_classA
2579999,2024-01-24T19:27:59Z,24.536316666666668,54.385070000000006,NA,NA,NA,dynamic_classA
2579999,2024-01-24T19:28:00Z,54.60323666666667,-1.1617250000000001,NA,NA,NA,satellite
2579999,2024-01-24T19:28:08Z,35.501545,129.44113833333333,NA,NA,NA,dynamic_classA
2579999,2024-01-24T19:28:28Z,1.2831616666666668,103.77934,NA,NA,NA,dynamic_classA
2579999,2024-01-24T19:28:30Z,-38.44956666666667,148.30894333333333,NA,NA,NA,satellite
2579999,2024-01-24T19:28:31Z,25.31900166666667,53.46250166666667,NA,NA,NA,dynamic_classA
2579999,2024-01-24T19:28:39Z,25.31900166666667,53.46250166666667,NA,NA,NA,dynamic_classA
2579999,2024-01-24T19:28:45Z,29.650618333333334,32.360971666666664,NA,NA,NA,dynamic_classA
2579999,2024-01-24T19:28:46Z,1.28315,103.77935000000001,NA,NA,NA,dynamic_classA
2579999,2024-01-24T19:28:56Z,9.503433333333334,-13.708221666666667,NA,NA,NA,dynamic_classA
2579999,2024-01-24T19:29:00Z,-38.44958833333333,148.30897666666667,NA,NA,NA,satellite
2579999,2024-01-24T19:29:08Z,25.319005,53.4625,NA,NA,NA,dynamic_classA
2579999,2024-01-24T19:29:15Z,35.501549999999995,129.44112833333332,NA,NA,NA,dynamic_classA
2579999,2024-01-24T19:29:21Z,25.319008333333333,53.4625,NA,NA,NA,dynamic_classA
2579999,2024-01-24T19:29:25Z,21.571469999999998,88.25142333333334,NA,NA,NA,dynamic_classA
2579999,2024-01-24T19:29:33Z,35.50154833333333,129.44112833333332,NA,NA,NA,dynamic_classA
2579999,2024-01-24T19:29:47Z,24.536311666666666,54.38507666666667,NA,NA,NA,dynamic_classA
2579999,2024-01-24T19:29:48Z,29.65061166666667,32.360973333333334,NA,NA,NA,dynamic_classA
2579999,2024-01-24T19:30:09Z,25.31901333333333,53.46250666666666,NA,NA,NA,dynamic_classA
2579999,2024-01-24T19:30:12Z,65.21694333333333,6.905428333333333,NA,NA,NA,dynamic_classA
2579999,2024-01-24T19:30:20Z,-38.44958666666666,148.30900333333332,NA,NA,NA,satellite
2579999,2024-01-24T19:30:35Z,35.501551666666664,129.44112666666666,NA,NA,NA,dynamic_classA
2579999,2024-01-24T19:30:40Z,-38.449576666666665,148.30899499999998,NA,NA,NA,satellite
2579999,2024-01-24T19:30:50Z,9.503433333333334,-13.70822,NA,NA,NA,dynamic_classA
2579999,2024-01-24T19:30:56Z,35.50155666666667,129.44113333333334,NA,NA,NA,dynamic_classA
2579999,2024-01-24T19:31:17Z,29.650613333333336,32.360973333333334,NA,NA,NA,dynamic_classA
2579999,2024-01-24T19:31:40Z,46.543980000000005,-48.499066666666664,NA,NA,NA,satellite
2579999,2024-01-24T19:31:48Z,50.799636666666665,-1.1100516666666667,NA,NA,NA,dynamic_classA
2579999,2024-01-24T19:31:50Z,34.79535666666666,127.73847666666667,NA,NA,NA,dynamic_classA
2579999,2024-01-24T19:31:51Z,29.65061166666667,32.36098333333334,NA,NA,NA,dynamic_classA
2579999,2024-01-24T19:32:16Z,25.319015,53.462511666666664,NA,NA,NA,dynamic_classA
2579999,2024-01-24T19:32:18Z,-20.290975,114.88375833333333,NA,NA,NA,satellite
2579999,2024-01-24T19:32:19Z,65.21693,6.9054,NA,NA,NA,dynamic_classA
2579999,2024-01-24T19:32:20Z,-33.878485,-58.421058333333335,NA,NA,NA,satellite
2579999,2024-01-24T19:32:28Z,25.319020000000002,53.462511666666664,NA,NA,NA,dynamic_classA
2579999,2024-01-24T19:32:30Z,-20.29114333333333,114.88345833333332,NA,NA,NA,satellite
2579999,2024-01-24T19:32:37Z,-2.668248333333333,118.89452666666666,NA,NA,NA,dynamic_classA
2579999,2024-01-24T19:32:51Z,46.543980000000005,-48.499066666666664,NA,NA,NA,satellite
2579999,2024-01-24T19:33:02Z,9.503426666666666,-13.708211666666667,NA,NA,NA,dynamic_classA
2579999,2024-01-24T19:33:09Z,25.319025,53.462515,NA,NA,NA,dynamic_classA
2579999,2024-01-24T19:33:10Z,9.503426666666666,-13.708211666666667,NA,NA,NA,dynamic_classA
2579999,2024-01-24T19:33:17Z,35.501535,129.44113666666667,NA,NA,NA,dynamic_classA
2579999,2024-01-24T19:33:25Z,34.79535333333333,127.73847333333333,NA,NA,NA,dynamic_classA
2579999,2024-01-24T19:33:34Z,29.65060833333333,32.360978333333335,NA,NA,NA,dynamic_classA
2579999,2024-01-24T19:33:41Z,-20.29160166666667,114.88256500000001,NA,NA,NA,dynamic_classA
2579999,2024-01-24T19:33:47Z,1.2831683333333332,103.77934666666667,NA,NA,NA,dynamic_classA
2579999,2024-01-24T19:33:50Z,25.319021666666668,53.46251333333333,NA,NA,NA,dynamic_classA
2579999,2024-01-24T19:34:01Z,34.79534,127.73848,NA,NA,NA,dynamic_classA
2579999,2024-01-24T19:34:26Z,25.319011666666665,53.46251666666667,NA,NA,NA,dynamic_classA
2579999,2024-01-24T19:34:40Z,-20.29215333333333,114.88152833333334,NA,NA,NA,satellite
2579999,2024-01-24T19:34:45Z,53.53998833333333,9.878855,NA,NA,NA,dynamic_classA
2579999,2024-01-24T19:35:00Z,-20.292323333333332,114.88123166666666,NA,NA,NA,satellite
2579999,2024-01-24T19:35:06Z,21.571453333333334,88.25144,NA,NA,NA,dynamic_classA
2579999,2024-01-24T19:35:10Z,-20.292403333333333,114.88107833333333,NA,NA,NA,satellite
2579999,2024-01-24T19:35:12Z,50.79962666666667,-1.1100533333333333,NA,NA,NA,dynamic_classA
2579999,2024-01-24T19:35:14Z,10.285795,106.76146,NA,NA,NA,dynamic_classA
2579999,2024-01-24T19:35:23Z,-20.292503333333332,114.88087999999999,NA,NA,NA,satellite
2579999,2024-01-24T19:35:29Z,29.661608333333334,32.354773333333334,NA,NA,NA,dynamic_classA
2579999,2024-01-24T19:35:33Z,9.503433333333334,-13.708215,NA,NA,NA,dynamic_classA
2579999,2024-01-24T19:35:38Z,58.01461333333334,7.483904999999999,NA,NA,NA,dynamic_classA
2579999,2024-01-24T19:35:39Z,56.70166833333334,-2.46575,NA,NA,NA,dynamic_classA
2579999,2024-01-24T19:35:40Z,58.01461333333334,7.483901666666667,NA,NA,NA,dynamic_classA
2579999,2024-01-24T19:35:42Z,46.543980000000005,-48.499066666666664,NA,NA,NA,satellite
2579999,2024-01-24T19:35:50Z,65.21692166666666,6.90541,NA,NA,NA,satellite
2579999,2024-01-24T19:36:13Z,-20.29291,114.88013666666667,NA,NA,NA,satellite
2579999,2024-01-24T19:36:17Z,53.539991666666666,9.87885,NA,NA,NA,dynamic_classA
2579999,2024-01-24T19:36:32Z,46.543980000000005,-48.499066666666664,NA,NA,NA,satellite
2579999,2024-01-24T19:36:34Z,56.70166,-2.4657466666666665,NA,NA,NA,dynamic_classA
2579999,2024-01-24T19:36:34Z,-20.293023333333334,114.879915,NA,NA,NA,satellite
2579999,2024-01-24T19:36:42Z,35.50154666666666,129.44114,NA,NA,NA,dynamic_classA
2579999,2024-01-24T19:36:54Z,-33.878483333333335,-58.42104666666667,NA,NA,NA,dynamic_classA
2579999,2024-01-24T19:37:11Z,-20.293308333333336,114.87937833333334,NA,NA,NA,satellite
2579999,2024-01-24T19:37:16Z,34.79533833333333,127.73847,NA,NA,NA,dynamic_classA
2579999,2024-01-24T19:37:26Z,25.319006666666667,53.46252166666667,NA,NA,NA,dynamic_classA
2579999,2024-01-24T19:37:31Z,54.60324166666667,-1.1617233333333334,NA,NA,NA,dynamic_classA
2579999,2024-01-24T19:37:35Z,50.79962833333333,-1.1100483333333335,NA,NA,NA,dynamic_classA
2579999,2024-01-24T19:37:44Z,-20.293574999999997,114.87887333333333,NA,NA,NA,satellite
2579999,2024-01-24T19:37:45Z,34.79534,127.73847166666665,NA,NA,NA,dynamic_classA
2579999,2024-01-24T19:38:00Z,25.31901333333333,53.462511666666664,NA,NA,NA,dynamic_classA
2579999,2024-01-24T19:38:01Z,-20.293731666666666,114.87854333333333,NA,NA,NA,dynamic_classA
2579999,2024-01-24T19:38:02Z,35.50155333333333,129.44113000000002,NA,NA,NA,satellite
2579999,2024-01-24T19:38:07Z,25.31901333333333,53.462509999999995,NA,NA,NA,dynamic_classA
2579999,2024-01-24T19:38:21Z,25.319015,53.46250833333333,NA,NA,NA,dynamic_classA
2579999,2024-01-24T19:38:22Z,46.543980000000005,-48.499066666666664,NA,NA,NA,satellite
2579999,2024-01-24T19:38:29Z,56.701681666666666,-2.465708333333333,NA,NA,NA,dynamic_classA
2579999,2024-01-24T19:38:33Z,53.539986666666664,9.878855,NA,NA,NA,dynamic_classA
2579999,2024-01-24T19:38:37Z,50.79962333333334,-1.1100533333333333,NA,NA,NA,dynamic_classA
2579999,2024-01-24T19:38:42Z,-38.44936333333333,148.308925,NA,NA,NA,satellite
2579999,2024-01-24T19:38:48Z,35.50154666666666,129.44113833333333,NA,NA,NA,dynamic_classA
2579999,2024-01-24T19:38:58Z,25.319020000000002,53.46250833333333,NA,NA,NA,dynamic_classA
2579999,2024-01-24T19:39:50Z,46.543980000000005,-48.499066666666664,NA,NA,NA,satellite
2579999,2024-01-24T19:39:51Z,1.283155,103.77933,NA,NA,NA,dynamic_classA
2579999,2024-01-24T19:39:58Z,-20.294643333333333,114.87683,NA,NA,NA,dynamic_classA
2579999,2024-01-24T19:40:00Z,46.543980000000005,-48.499066666666664,NA,NA,NA,satellite
2579999,2024-01-24T19:40:11Z,29.650606666666665,32.360971666666664,NA,NA,NA,dynamic_classA
2579999,2024-01-24T19:40:13Z,56.701654999999995,-2.4657383333333334,NA,NA,NA,dynamic_classA
2579999,2024-01-24T19:40:25Z,24.072148333333335,51.786355,NA,NA,NA,dynamic_classA
2579999,2024-01-24T19:40:27Z,34.795365,127.73846666666667,NA,NA,NA,dynamic_classA
2579999,2024-01-24T19:40:33Z,29.650601666666667,32.360973333333334,NA,NA,NA,dynamic_classA
2579999,2024-01-24T19:40:34Z,35.50154333333333,129.44114166666665,NA,NA,NA,dynamic_classA
2579999,2024-01-24T19:40:49Z,35.501545,129.441135,NA,NA,NA,dynamic_classA
2579999,2024-01-24T19:40:52Z,25.319008333333333,53.462509999999995,NA,NA,NA,dynamic_classA
2579999,2024-01-24T19:41:04Z,53.53998833333333,9.878855,NA,NA,NA,dynamic_classA
2579999,2024-01-24T19:41:13Z,-20.295275,114.87564833333333,NA,NA,NA,satellite
2579999,2024-01-24T19:41:21Z,46.543980000000005,-48.499066666666664,NA,NA,NA,satellite
2579999,2024-01-24T19:41:29Z,53.539985,9.878853333333332,NA,NA,NA,dynamic_classA
2579999,2024-01-24T19:41:30Z,25.319008333333333,53.462518333333335,NA,NA,NA,dynamic_classA
2579999,2024-01-24T19:41:50Z,1.283145,103.77932666666668,NA,NA,NA,dynamic_classA
2579999,2024-01-24T19:41:54Z,9.503436666666666,-13.708213333333333,NA,NA,NA,dynamic_classA
2579999,2024-01-24T19:42:00Z,-20.29564333333333,114.87495333333332,NA,NA,NA,satellite
2579999,2024-01-24T19:42:03Z,9.503438333333333,-13.708211666666667,NA,NA,NA,dynamic_classA
2579999,2024-01-24T19:42:05Z,50.79963333333333,-1.1100566666666665,NA,NA,NA,dynamic_classA
2579999,2024-01-24T19:42:16Z,53.53998333333333,9.878851666666666,NA,NA,NA,dynamic_classA
2579999,2024-01-24T19:42:17Z,-38.44938,148.30889166666665,NA,NA,NA,satellite
2579999,2024-01-24T19:42:20Z,-20.29581,114.874675,NA,NA,NA,satellite
2579999,2024-01-24T19:42:24Z,-20.295836666666666,114.87463166666666,NA,NA,NA,satellite
2579999,2024-01-24T19:42:37Z,-38.449385,148.30889666666664,NA,NA,NA,satellite
2579999,2024-01-24T19:42:39Z,25.319008333333333,53.462511666666664,NA,NA,NA,dynamic_classA
2579999,2024-01-24T19:42:44Z,25.319008333333333,53.46250833333333,NA,NA,NA,dynamic_classA
2579999,2024-01-24T19:42:46Z,34.79536333333333,127.73845666666666,NA,NA,NA,dynamic_classA
2579999,2024-01-24T19:42:55Z,29.650603333333333,32.360978333333335,NA,NA,NA,dynamic_classA
2579999,2024-01-24T19:42:56Z,9.503441666666667,-13.708215,NA,NA,NA,satellite
2579999,2024-01-24T19:42:57Z,34.795361666666665,127.73845166666666,NA,NA,NA,dynamic_classA
2579999,2024-01-24T19:42:59Z,-20.296148333333335,114.87404166666667,NA,NA,NA,dynamic_classA
2579999,2024-01-24T19:43:00Z,-38.44939,148.30889,NA,NA,NA,satellite
2579999,2024-01-24T19:43:11Z,-20.296148333333335,114.87404166666667,NA,NA,NA,dynamic_classA
2579999,2024-01-24T19:43:16Z,-38.449398333333335,148.3088833333333,NA,NA,NA,satellite
2579999,2024-01-24T19:43:17Z,-20.296221666666668,114.87389833333333,NA,NA,NA,dynamic_classA
2579999,2024-01-24T19:43:20Z,46.543980000000005,-48.499066666666664,NA,NA,NA,satellite
2579999,2024-01-24T19:43:21Z,-38.449398333333335,148.3088833333333,NA,NA,NA,satellite
2579999,2024-01-24T19:43:23Z,50.799625,-1.1100583333333334,NA,NA,NA,dynamic_classA
2579999,2024-01-24T19:43:24Z,58.01462166666667,7.483893333333333,NA,NA,NA,dynamic_classA
2579999,2024-01-24T19:43:27Z,25.31901,53.46250666666666,NA,NA,NA,satellite
2579999,2024-01-24T19:43:28Z,25.319008333333333,53.46250833333333,NA,NA,NA,dynamic_classA
2579999,2024-01-24T19:43:29Z,25.319008333333333,53.46250833333333,NA,NA,NA,dynamic_classA
2579999,2024-01-24T19:43:30Z,25.319008333333333,53.46250833333333,NA,NA,NA,satellite
2579999,2024-01-24T19:43:31Z,25.319008333333333,53.46250833333333,NA,NA,NA,dynamic_classA
2579999,2024-01-24T19:43:33Z,9.503445,-13.708211666666667,NA,NA,NA,dynamic_classA
2579999,2024-01-24T19:43:34Z,25.319008333333333,53.46250833333333,NA,NA,NA,dynamic_classA
2579999,2024-01-24T19:43:35Z,25.319008333333333,53.46250833333333,NA,NA,NA,dynamic_classA
2579999,2024-01-24T19:43:36Z,56.70168,-2.465725,NA,NA,NA,dynamic_classA
2579999,2024-01-24T19:43:37Z,29.650588333333335,32.36099333333333,NA,NA,NA,satellite
2579999,2024-01-24T19:43:40Z,25.319008333333333,53.46250833333333,NA,NA,NA,satellite
2579999,2024-01-24T19:43:46Z,-20.296505,114.873425,NA,NA,NA,satellite
2579999,2024-01-24T19:43:56Z,3.5680666666666667,113.32466500000001,NA,NA,NA,dynamic_classA
2579999,2024-01-24T19:43:58Z,35.50153666666667,129.44112833333332,NA,NA,NA,dynamic_classA
2579999,2024-01-24T19:44:06Z,-38.449436666666664,148.3089183333333,NA,NA,NA,satellite
2579999,2024-01-24T19:44:08Z,29.650581666666668,32.360996666666665,NA,NA,NA,dynamic_classA
2579999,2024-01-24T19:44:16Z,-38.44943833333333,148.308935,NA,NA,NA,satellite
2579999,2024-01-24T19:44:19Z,24.53635166666667,54.38506333333333,NA,NA,NA,dynamic_classA
2579999,2024-01-24T19:44:21Z,-38.44943833333333,148.308935,NA,NA,NA,satellite
2579999,2024-01-24T19:44:27Z,-38.449439999999996,148.30895,NA,NA,NA,satellite
2579999,2024-01-24T19:44:34Z,65.21693,6.9054416666666665,NA,NA,NA,dynamic_classA
2579999,2024-01-24T19:44:50Z,1.2831516666666665,103.77932833333332,NA,NA,NA,dynamic_classA
2579999,2024-01-24T19:44:53Z,1.2831483333333333,103.77933166666666,NA,NA,NA,dynamic_classA
2579999,2024-01-24T19:44:57Z,1.2831483333333333,103.77933166666666,NA,NA,NA,dynamic_classA
2579999,2024-01-24T19:45:06Z,-38.44949166666667,148.30899,NA,NA,NA,satellite
2579999,2024-01-24T19:45:20Z,-38.44949999999999,148.30900000000003,NA,NA,NA,satellite
2579999,2024-01-24T19:45:25Z,10.285789999999999,106.76143833333334,NA,NA,NA,dynamic_classA
2579999,2024-01-24T19:45:39Z,1.2831483333333333,103.77932666666668,NA,NA,NA,dynamic_classA
2579999,2024-01-24T19:45:40Z,1.2831483333333333,103.77932666666668,NA,NA,NA,dynamic_classA
2579999,2024-01-24T19:45:56Z,-38.44950333333334,148.30901666666665,NA,NA,NA,satellite
2579999,2024-01-24T19:45:58Z,1.2831516666666665,103.77933,NA,NA,NA,dynamic_classA
2579999,2024-01-24T19:46:16Z,35.501545,129.44113333333334,NA,NA,NA,dynamic_classA
2579999,2024-01-24T19:46:20Z,24.536333333333335,54.385075,NA,NA,NA,dynamic_classA
2579999,2024-01-24T19:46:36Z,9.503440000000001,-13.708206666666666,NA,NA,NA,dynamic_classA
2579999,2024-01-24T19:46:39Z,-38.449484999999996,148.309015,NA,NA,NA,satellite
2579999,2024-01-24T19:46:41Z,-38.449486666666665,148.30902,NA,NA,NA,dynamic_classA
2579999,2024-01-24T19:46:49Z,29.650581666666668,32.360996666666665,NA,NA,NA,dynamic_classA
2579999,2024-01-24T19:46:50Z,35.50154833333333,129.44113000000002,NA,NA,NA,dynamic_classA
2579999,2024-01-24T19:47:04Z,29.650585,32.360994999999996,NA,NA,NA,dynamic_classA
2579999,2024-01-24T19:47:19Z,53.53998166666667,9.878858333333334,NA,NA,NA,satellite
2579999,2024-01-24T19:47:21Z,24.536328333333334,54.385070000000006,NA,NA,NA,dynamic_classA
2579999,2024-01-24T19:47:40Z,-38.449481666666664,148.30903833333332,NA,NA,NA,satellite
2579999,2024-01-24T19:47:41Z,29.650588333333335,32.360996666666665,NA,NA,NA,dynamic_classA
2579999,2024-01-24T19:47:54Z,50.79962833333333,-1.1100516666666667,NA,NA,NA,dynamic_classA
2579999,2024-01-24T19:48:00Z,-38.44949,148.30905166666668,NA,NA,NA,satellite
2579999,2024-01-24T19:48:10Z,54.60324833333333,-1.1617166666666667,NA,NA,NA,dynamic_classA
2579999,2024-01-24T19:48:13Z,53.53998,9.878856666666668,NA,NA,NA,dynamic_classA
2579999,2024-01-24T19:48:18Z,35.501545,129.441125,NA,NA,NA,dynamic_classA
2579999,2024-01-24T19:48:29Z,25.319016666666666,53.462515,NA,NA,NA,dynamic_classA
2579999,2024-01-24T19:48:30Z,35.50154666666666,129.44112666666666,NA,NA,NA,satellite
2579999,2024-01-24T19:48:36Z,1.2831566666666667,103.77933,NA,NA,NA,dynamic_classA
2579999,2024-01-24T19:48:40Z,-38.449511666666666,148.30903833333332,NA,NA,NA,satellite
2579999,2024-01-24T19:48:55Z,29.650579999999998,32.36099166666666,NA,NA,NA,dynamic_classA
2579999,2024-01-24T19:48:57Z,25.319016666666666,53.462520000000005,NA,NA,NA,dynamic_classA
2579999,2024-01-24T19:49:31Z,1.2831516666666665,103.77933666666667,NA,NA,NA,dynamic_classA
2579999,2024-01-24T19:49:32Z,1.283155,103.779335,NA,NA,NA,dynamic_classA
2579999,2024-01-24T19:49:37Z,24.536346666666667,54.38506666666667,NA,NA,NA,dynamic_classA
2579999,2024-01-24T19:49:59Z,24.536353333333334,54.385083333333334,NA,NA,NA,dynamic_classA
2579999,2024-01-24T19:50:11Z,-20.299553333333332,114.86816833333334,NA,NA,NA,dynamic_classA
2579999,2024-01-24T19:50:18Z,25.319025,53.462511666666664,NA,NA,NA,dynamic_classA
2579999,2024-01-24T19:50:23Z,35.50154166666667,129.44112166666667,NA,NA,NA,dynamic_classA
2579999,2024-01-24T19:50:25Z,35.501545,129.44112,NA,NA,NA,dynamic_classA
2579999,2024-01-24T19:50:28Z,29.650575,32.361005,NA,NA,NA,dynamic_classA
2579999,2024-01-24T19:50:32Z,65.216955,6.905388333333334,NA,NA,NA,dynamic_classA
2579999,2024-01-24T19:50:39Z,25.319025,53.462509999999995,NA,NA,NA,dynamic_classA
2579999,2024-01-24T19:50:44Z,29.650573333333334,32.36100666666667,NA,NA,NA,dynamic_classA
2579999,2024-01-24T19:50:59Z,58.01462166666667,7.483935,NA,NA,NA,dynamic_classA
2579999,2024-01-24T19:51:09Z,-20.300093333333333,114.86727833333333,NA,NA,NA,dynamic_classA
2579999,2024-01-24T19:51:15Z,35.50156166666667,129.44113833333333,NA,NA,NA,dynamic_classA
2579999,2024-01-24T19:51:28Z,24.536335,54.385075,NA,NA,NA,dynamic_classA
2579999,2024-01-24T19:51:44Z,24.072106666666667,51.78634833333333,NA,NA,NA,dynamic_classA
2579999,2024-01-24T19:51:46Z,35.50154666666666,129.44112166666667,NA,NA,NA,dynamic_classA
2579999,2024-01-24T19:52:30Z,34.79535166666667,127.73848,NA,NA,NA,dynamic_classA
2579999,2024-01-24T19:52:32Z,50.799616666666665,-1.1100583333333334,NA,NA,NA,dynamic_classA
2579999,2024-01-24T19:52:34Z,29.650581666666668,32.360998333333335,NA,NA,NA,dynamic_classA
2579999,2024-01-24T19:53:22Z,9.503440000000001,-13.708216666666667,NA,NA,NA,dynamic_classA
2579999,2024-01-24T19:53:32Z,25.319043333333333,53.46250833333333,NA,NA,NA,dynamic_classA
2579999,2024-01-24T19:53:50Z,9.503441666666667,-13.708213333333333,NA,NA,NA,dynamic_classA
2579999,2024-01-24T19:53:57Z,35.501545,129.44111833333332,NA,NA,NA,dynamic_classA
2579999,2024-01-24T19:54:15Z,34.795345,127.73847166666665,NA,NA,NA,dynamic_classA
2579999,2024-01-24T19:54:25Z,29.650576666666666,32.36099166666666,NA,NA,NA,dynamic_classA
2579999,2024-01-24T19:54:28Z,-20.30181,114.86457,NA,NA,NA,dynamic_classA
2579999,2024-01-24T19:54:46Z,9.503438333333333,-13.708205,NA,NA,NA,dynamic_classA
2579999,2024-01-24T19:55:18Z,58.014631666666666,7.483876666666666,NA,NA,NA,dynamic_classA
2579999,2024-01-24T19:55:45Z,53.53998166666667,9.878856666666668,NA,NA,NA,dynamic_classA
2579999,2024-01-24T19:55:49Z,50.79962833333333,-1.1100566666666665,NA,NA,NA,dynamic_classA
2579999,2024-01-24T19:55:59Z,56.70166,-2.4658016666666667,NA,NA,NA,dynamic_classA
2579999,2024-01-24T19:56:00Z,34.795341666666666,127.73846666666667,NA,NA,NA,dynamic_classA
2579999,2024-01-24T19:56:13Z,56.70166,-2.4657983333333333,NA,NA,NA,dynamic_classA
2579999,2024-01-24T19:56:19Z,58.014625,7.483904999999999,NA,NA,NA,dynamic_classA
2579999,2024-01-24T19:56:30Z,65.21694333333333,6.905475,NA,NA,NA,dynamic_classA
2579999,2024-01-24T19:56:35Z,25.319023333333334,53.46251333333333,NA,NA,NA,dynamic_classA
2579999,2024-01-24T19:56:37Z,53.53998,9.878856666666668,NA,NA,NA,dynamic_classA
2579999,2024-01-24T19:56:42Z,50.799625,-1.1100633333333334,NA,NA,NA,dynamic_classA
2579999,2024-01-24T19:56:45Z,25.319023333333334,53.46251333333333,NA,NA,NA,dynamic_classA
2579999,2024-01-24T19:56:52Z,-20.303183333333333,114.86239333333333,NA,NA,NA,dynamic_classA
2579999,2024-01-24T19:57:26Z,25.319020000000002,53.462518333333335,NA,NA,NA,dynamic_classA
2579999,2024-01-24T19:57:34Z,-33.878503333333335,-58.421060000000004,NA,NA,NA,dynamic_classA
2579999,2024-01-24T19:57:36Z,34.795341666666666,127.738455,NA,NA,NA,dynamic_classA
2579999,2024-01-24T19:57:51Z,54.60327666666667,-1.1617683333333335,NA,NA,NA,dynamic_classA
2579999,2024-01-24T19:58:11Z,-20.30388333333333,114.86131,NA,NA,NA,dynamic_classA
2579999,2024-01-24T19:58:20Z,25.319020000000002,53.46251333333333,NA,NA,NA,dynamic_classA
2579999,2024-01-24T19:58:35Z,34.79533833333333,127.73846166666667,NA,NA,NA,dynamic_classA
2579999,2024-01-24T19:58:39Z,56.701678333333334,-2.465748333333333,NA,NA,NA,dynamic_classA
2579999,2024-01-24T19:58:44Z,-20.30418,114.86087333333333,NA,NA,NA,satellite
2579999,2024-01-24T19:58:52Z,35.50152833333333,129.44112666666666,NA,NA,NA,dynamic_classA
2579999,2024-01-24T19:58:54Z,-20.304275,114.860735,NA,NA,NA,satellite
2579999,2024-01-24T19:58:56Z,25.319015,53.46250833333333,NA,NA,NA,dynamic_classA
2579999,2024-01-24T19:59:00Z,-20.304331666666666,114.86065,NA,NA,NA,satellite
2579999,2024-01-24T19:59:03Z,53.53998166666667,9.878858333333334,NA,NA,NA,dynamic_classA
2579999,2024-01-24T19:59:07Z,-20.304396666666666,114.86054666666668,NA,NA,NA,satellite
2579999,2024-01-24T19:59:09Z,29.650571666666668,32.36098833333333,NA,NA,NA,dynamic_classA
2579999,2024-01-24T19:59:18Z,35.50153666666667,129.44113166666665,NA,NA,NA,dynamic_classA
2579999,2024-01-24T19:59:40Z,-20.30471,114.860055,NA,NA,NA,satellite
2579999,2024-01-24T20:00:08Z,25.31899333333333,53.46252666666667,NA,NA,NA,dynamic_classA
2579999,2024-01-24T20:00:23Z,9.503445,-13.708181666666666,NA,NA,NA,dynamic_classA
2579999,2024-01-24T20:00:42Z,1.2831433333333335,103.77933833333333,NA,NA,NA,dynamic_classA
2579999,2024-01-24T20:00:53Z,29.650564999999997,32.360994999999996,NA,NA,NA,dynamic_classA
2579999,2024-01-24T20:00:56Z,-20.305411666666664,114.85896333333334,NA,NA,NA,satellite
2579999,2024-01-24T20:01:02Z,25.318986666666667,53.462518333333335,NA,NA,NA,dynamic_classA
2579999,2024-01-24T20:01:07Z,34.79532666666667,127.73845666666666,NA,NA,NA,dynamic_classA
2579999,2024-01-24T20:01:10Z,35.50153666666667,129.44114,NA,NA,NA,dynamic_classA
2579999,2024-01-24T20:01:17Z,-2.668251666666667,118.89454500000001,NA,NA,NA,dynamic_classA
2579999,2024-01-24T20:01:21Z,-20.30563833333333,114.858635,NA,NA,NA,dynamic_classA
2579999,2024-01-24T20:01:54Z,-20.305943333333335,114.85814833333333,NA,NA,NA,satellite
2579999,2024-01-24T20:01:57Z,25.31899333333333,53.462515,NA,NA,NA,satellite
2579999,2024-01-24T20:01:59Z,35.50153833333333,129.44114666666667,NA,NA,NA,dynamic_classA
2579999,2024-01-24T20:02:11Z,29.650575,32.360998333333335,NA,NA,NA,dynamic_classA
2579999,2024-01-24T20:02:18Z,53.53997666666667,9.878851666666666,NA,NA,NA,dynamic_classA
2579999,2024-01-24T20:02:22Z,1.28315,103.77933833333333,NA,NA,NA,dynamic_classA
2579999,2024-01-24T20:02:26Z,25.318996666666667,53.462518333333335,NA,NA,NA,dynamic_classA
2579999,2024-01-24T20:02:34Z,-38.44939333333333,148.30894833333332,NA,NA,NA,dynamic_classA
2579999,2024-01-24T20:02:39Z,1.2831483333333333,103.77933333333334,NA,NA,NA,dynamic_classA
2579999,2024-01-24T20:02:43Z,9.503446666666667,-13.70819,NA,NA,NA,dynamic_classA
2579999,2024-01-24T20:02:44Z,9.503446666666667,-13.70819,NA,NA,NA,satellite
2579999,2024-01-24T20:02:55Z,53.53998166666667,9.878855,NA,NA,NA,dynamic_classA
2579999,2024-01-24T20:03:00Z,46.543980000000005,-48.499066666666664,NA,NA,NA,satellite
2579999,2024-01-24T20:03:01Z,25.319000000000003,53.46252333333334,NA,NA,NA,dynamic_classA
2579999,2024-01-24T20:03:02Z,46.543980000000005,-48.499066666666664,NA,NA,NA,satellite
2579999,2024-01-24T20:03:26Z,34.79538,127.73848166666667,NA,NA,NA,dynamic_classA
2579999,2024-01-24T20:03:27Z,-20.3068,114.85687333333334,NA,NA,NA,satellite
2579999,2024-01-24T20:03:33Z,56.70166833333334,-2.46577,NA,NA,NA,dynamic_classA
2579999,2024-01-24T20:03:34Z,56.70167,-2.4657666666666667,NA,NA,NA,dynamic_classA
2579999,2024-01-24T20:03:36Z,56.70166833333334,-2.46577,NA,NA,NA,dynamic_classA
2579999,2024-01-24T20:03:48Z,-20.307084999999997,114.85646666666666,NA,NA,NA,dynamic_classA
2579999,2024-01-24T20:03:51Z,29.650568333333336,32.360994999999996,NA,NA,NA,dynamic_classA
2579999,2024-01-24T20:03:54Z,58.014626666666665,7.48388,NA,NA,NA,dynamic_classA
2579999,2024-01-24T20:03:58Z,35.50154666666666,129.44114833333333,NA,NA,NA,dynamic_classA
2579999,2024-01-24T20:04:01Z,-20.307084999999997,114.85646666666666,NA,NA,NA,dynamic_classA
2579999,2024-01-24T20:04:18Z,-38.449466666666666,148.3088833333333,NA,NA,NA,satellite
2579999,2024-01-24T20:04:25Z,29.65056666666667,32.361000000000004,NA,NA,NA,dynamic_classA
2579999,2024-01-24T20:04:26Z,1.2831516666666665,103.77933666666667,NA,NA,NA,dynamic_classA
2579999,2024-01-24T20:04:27Z,24.536363333333334,54.38507833333333,NA,NA,NA,dynamic_classA
2579999,2024-01-24T20:04:30Z,25.31901333333333,53.46253166666667,NA,NA,NA,dynamic_classA
2579999,2024-01-24T20:04:36Z,25.31901333333333,53.46253166666667,NA,NA,NA,dynamic_classA
2579999,2024-01-24T20:04:38Z,29.65056333333333,32.361003333333336,NA,NA,NA,satellite
2579999,2024-01-24T20:04:39Z,25.319021666666668,53.46253333333333,NA,NA,NA,dynamic_classA
2579999,2024-01-24T20:04:43Z,3.5680666666666667,113.32466500000001,NA,NA,NA,dynamic_classA
2579999,2024-01-24T20:04:46Z,25.319028333333332,53.46253333333333,NA,NA,NA,dynamic_classA
2579999,2024-01-24T20:04:51Z,25.319021666666668,53.46253333333333,NA,NA,NA,dynamic_classA
2579999,2024-01-24T20:04:53Z,50.799618333333335,-1.1100466666666666,NA,NA,NA,dynamic_classA
2579999,2024-01-24T20:04:58Z,-38.44949166666667,148.3089,NA,NA,NA,satellite
2579999,2024-01-24T20:05:05Z,10.285755,106.76144833333333,NA,NA,NA,dynamic_classA
2579999,2024-01-24T20:05:06Z,25.319028333333332,53.46252833333333,NA,NA,NA,dynamic_classA
2579999,2024-01-24T20:05:11Z,-38.44949166666667,148.3089,NA,NA,NA,dynamic_classA
2579999,2024-01-24T20:05:18Z,-38.44951833333334,148.30893333333333,NA,NA,NA,satellite
2579999,2024-01-24T20:05:24Z,65.216925,6.905453333333333,NA,NA,NA,dynamic_classA
2579999,2024-01-24T20:05:27Z,1.2831483333333333,103.77934,NA,NA,NA,dynamic_classA
2579999,2024-01-24T20:05:29Z,25.319039999999998,53.46252166666667,NA,NA,NA,dynamic_classA
2579999,2024-01-24T20:05:34Z,-38.44953666666667,148.30895166666667,NA,NA,NA,dynamic_classA
2579999,2024-01-24T20:05:38Z,-38.449553333333334,148.30897000000002,NA,NA,NA,satellite
2579999,2024-01-24T20:05:40Z,-38.449553333333334,148.30897000000002,NA,NA,NA,satellite
2579999,2024-01-24T20:05:44Z,25.319045000000003,53.462520000000005,NA,NA,NA,dynamic_classA
2579999,2024-01-24T20:05:46Z,25.319041666666667,53.462518333333335,NA,NA,NA,dynamic_classA
2579999,2024-01-24T20:05:48Z,25.319045000000003,53.462520000000005,NA,NA,NA,dynamic_classA
2579999,2024-01-24T20:05:58Z,-38.44958,148.30899333333335,NA,NA,NA,satellite
2579999,2024-01-24T20:06:09Z,1.2831466666666667,103.77934499999999,NA,NA,NA,dynamic_classA
2579999,2024-01-24T20:06:19Z,1.283145,103.77934333333333,NA,NA,NA,dynamic_classA
2579999,2024-01-24T20:06:24Z,25.31905,53.462515,NA,NA,NA,dynamic_classA
2579999,2024-01-24T20:06:26Z,1.283145,103.77934333333333,NA,NA,NA,dynamic_classA
2579999,2024-01-24T20:06:32Z,25.31905,53.462515,NA,NA,NA,dynamic_classA
2579999,2024-01-24T20:06:33Z,25.31905,53.462515,NA,NA,NA,dynamic_classA
2579999,2024-01-24T20:06:36Z,35.501525,129.44112,NA,NA,NA,dynamic_classA
2579999,2024-01-24T20:06:38Z,-38.44961333333333,148.30902833333332,NA,NA,NA,satellite
2579999,2024-01-24T20:06:57Z,-38.449623333333335,148.30902166666667,NA,NA,NA,satellite
2579999,2024-01-24T20:07:01Z,1.2831416666666666,103.779335,NA,NA,NA,dynamic_classA
2579999,2024-01-24T20:07:04Z,10.285775,106.76142833333333,NA,NA,NA,dynamic_classA
2579999,2024-01-24T20:07:09Z,29.650561666666665,32.361005,NA,NA,NA,dynamic_classA
2579999,2024-01-24T20:07:20Z,-38.449616666666664,148.30899166666669,NA,NA,NA,satellite
2579999,2024-01-24T20:07:27Z,-38.44960666666667,148.308975,NA,NA,NA,satellite
2579999,2024-01-24T20:07:32Z,25.319048333333335,53.462515,NA,NA,NA,dynamic_classA
2579999,2024-01-24T20:07:36Z,9.503445,-13.708205,NA,NA,NA,dynamic_classA
2579999,2024-01-24T20:07:37Z,-38.44959166666667,148.30895666666666,NA,NA,NA,satellite
2579999,2024-01-24T20:07:48Z,-38.44957333333333,148.30893333333333,NA,NA,NA,satellite
2579999,2024-01-24T20:07:50Z,25.319048333333335,53.462520000000005,NA,NA,NA,dynamic_classA
2579999,2024-01-24T20:07:55Z,29.650573333333334,32.36100833333333,NA,NA,NA,dynamic_classA
2579999,2024-01-24T20:07:58Z,-38.449558333333336,148.30892833333334,NA,NA,NA,satellite
2579999,2024-01-24T20:08:00Z,-38.449558333333336,148.30892833333334,NA,NA,NA,satellite
2579999,2024-01-24T20:08:06Z,9.503445,-13.708203333333334,NA,NA,NA,dynamic_classA
2579999,2024-01-24T20:08:27Z,24.536346666666667,54.38504666666667,NA,NA,NA,dynamic_classA
2579999,2024-01-24T20:08:30Z,54.60324666666667,-1.161715,NA,NA,NA,dynamic_classA
2579999,2024-01-24T20:08:31Z,25.319043333333333,53.46252333333334,NA,NA,NA,dynamic_classA
2579999,2024-01-24T20:08:35Z,25.319041666666667,53.46252666666667,NA,NA,NA,dynamic_classA
2579999,2024-01-24T20:08:38Z,-38.44953666666667,148.30893166666667,NA,NA,NA,satellite
2579999,2024-01-24T20:08:43Z,53.539991666666666,9.878856666666668,NA,NA,NA,dynamic_classA
2579999,2024-01-24T20:08:44Z,50.79962666666667,-1.1100533333333333,NA,NA,NA,dynamic_classA
2579999,2024-01-24T20:08:50Z,35.50154333333333,129.44112166666667,NA,NA,NA,dynamic_classA
2579999,2024-01-24T20:08:58Z,-38.44954,148.30894833333332,NA,NA,NA,satellite
2579999,2024-01-24T20:09:00Z,-38.44954,148.30894833333332,NA,NA,NA,satellite
2579999,2024-01-24T20:09:03Z,1.2831466666666667,103.77933333333334,NA,NA,NA,dynamic_classA
2579999,2024-01-24T20:09:08Z,-38.44953833333333,148.30895833333335,NA,NA,NA,satellite
2579999,2024-01-24T20:09:09Z,25.319033333333334,53.46252166666667,NA,NA,NA,dynamic_classA
2579999,2024-01-24T20:09:17Z,29.650556666666667,32.361003333333336,NA,NA,NA,dynamic_classA
2579999,2024-01-24T20:09:29Z,25.319015,53.462518333333335,NA,NA,NA,dynamic_classA
2579999,2024-01-24T20:09:30Z,-38.44954,148.3089733333333,NA,NA,NA,satellite
2579999,2024-01-24T20:09:38Z,-38.44954166666666,148.30897833333333,NA,NA,NA,satellite
2579999,2024-01-24T20:09:40Z,9.503443333333333,-13.708186666666668,NA,NA,NA,satellite
2579999,2024-01-24T20:09:50Z,-38.44954499999999,148.30898333333334,NA,NA,NA,satellite
2579999,2024-01-24T20:09:51Z,25.319020000000002,53.46252166666667,NA,NA,NA,dynamic_classA
2579999,2024-01-24T20:10:08Z,-38.44955,148.30898166666665,NA,NA,NA,satellite
2579999,2024-01-24T20:10:10Z,-38.44955,148.30898166666665,NA,NA,NA,satellite
2579999,2024-01-24T20:10:18Z,-38.44954333333333,148.30896666666666,NA,NA,NA,satellite
2579999,2024-01-24T20:10:40Z,-38.449535,148.30896166666668,NA,NA,NA,satellite
2579999,2024-01-24T20:10:41Z,1.2831483333333333,103.77932333333334,NA,NA,NA,dynamic_classA
2579999,2024-01-24T20:10:49Z,1.283145,103.779315,NA,NA,NA,dynamic_classA
2579999,2024-01-24T20:10:52Z,65.21692,6.905453333333333,NA,NA,NA,dynamic_classA
2579999,2024-01-24T20:10:58Z,29.650568333333336,32.361016666666664,NA,NA,NA,dynamic_classA
2579999,2024-01-24T20:11:02Z,50.79963333333333,-1.1100633333333334,NA,NA,NA,dynamic_classA
2579999,2024-01-24T20:11:03Z,35.50154666666666,129.44111,NA,NA,NA,dynamic_classA
2579999,2024-01-24T20:11:04Z,-20.31095,114.85058833333332,NA,NA,NA,dynamic_classA
2579999,2024-01-24T20:11:08Z,24.536350000000002,54.385055,NA,NA,NA,dynamic_classA
2579999,2024-01-24T20:11:25Z,35.501558333333335,129.441115,NA,NA,NA,dynamic_classA
2579999,2024-01-24T20:11:39Z,58.014633333333336,7.483876666666666,NA,NA,NA,dynamic_classA
2579999,2024-01-24T20:11:42Z,-20.311408333333336,114.84993666666666,NA,NA,NA,dynamic_classA
2579999,2024-01-24T20:11:48Z,35.50156666666667,129.44112166666667,NA,NA,NA,dynamic_classA
2579999,2024-01-24T20:12:01Z,24.536356666666666,54.385070000000006,NA,NA,NA,dynamic_classA
2579999,2024-01-24T20:12:36Z,35.50156333333334,129.441125,NA,NA,NA,dynamic_classA
2579999,2024-01-24T20:12:40Z,-38.44949,148.30892166666666,NA,NA,NA,satellite
2579999,2024-01-24T20:13:32Z,9.503441666666667,-13.708183333333332,NA,NA,NA,dynamic_classA
2579999,2024-01-24T20:13:38Z,29.650575,32.36101333333333,NA,NA,NA,dynamic_classA
2579999,2024-01-24T20:13:49Z,25.319015,53.46253,NA,NA,NA,dynamic_classA
2579999,2024-01-24T20:14:01Z,25.319016666666666,53.46252833333333,NA,NA,NA,dynamic_classA
2579999,2024-01-24T20:14:08Z,35.50154666666666,129.44114166666665,NA,NA,NA,dynamic_classA
2579999,2024-01-24T20:14:10Z,9.503441666666667,-13.708193333333332,NA,NA,NA,dynamic_classA
2579999,2024-01-24T20:14:27Z,35.501545,129.44114333333334,NA,NA,NA,dynamic_classA
2579999,2024-01-24T20:15:18Z,-20.313276666666663,114.84707666666667,NA,NA,NA,dynamic_classA
2579999,2024-01-24T20:15:26Z,34.79535333333333,127.73846833333333,NA,NA,NA,dynamic_classA
2579999,2024-01-24T20:15:30Z,35.501531666666665,129.44113833333333,NA,NA,NA,dynamic_classA
2579999,2024-01-24T20:16:05Z,53.53998833333333,9.878865,NA,NA,NA,dynamic_classA
2579999,2024-01-24T20:16:09Z,56.70168833333333,-2.4657816666666665,NA,NA,NA,dynamic_classA
2579999,2024-01-24T20:16:19Z,-20.313885000000003,114.84614166666667,NA,NA,NA,satellite
2579999,2024-01-24T20:16:22Z,35.50152666666667,129.44112833333332,NA,NA,NA,dynamic_classA
2579999,2024-01-24T20:16:29Z,53.53998833333333,9.878863333333333,NA,NA,NA,satellite
2579999,2024-01-24T20:16:38Z,58.014630000000004,7.48391,NA,NA,NA,dynamic_classA
2579999,2024-01-24T20:16:45Z,-20.314151666666664,114.84575333333333,NA,NA,NA,satellite
2579999,2024-01-24T20:16:50Z,58.014635,7.483896666666666,NA,NA,NA,dynamic_classA
2579999,2024-01-24T20:16:52Z,25.319018333333336,53.462536666666665,NA,NA,NA,dynamic_classA
2579999,2024-01-24T20:16:57Z,53.539989999999996,9.878861666666667,NA,NA,NA,dynamic_classA
2579999,2024-01-24T20:17:00Z,50.79964333333333,-1.1100633333333334,NA,NA,NA,dynamic_classA
2579999,2024-01-24T20:17:02Z,50.79964333333333,-1.1100633333333334,NA,NA,NA,dynamic_classA
2579999,2024-01-24T20:17:08Z,-20.314368333333334,114.84540833333334,NA,NA,NA,satellite
2579999,2024-01-24T20:17:13Z,56.70169333333333,-2.4657416666666667,NA,NA,NA,dynamic_classA
2579999,2024-01-24T20:17:15Z,-20.314431666666668,114.84531,NA,NA,NA,satellite
2579999,2024-01-24T20:17:18Z,-20.314458333333334,114.84526666666667,NA,NA,NA,satellite
2579999,2024-01-24T20:17:26Z,25.319025,53.46253166666667,NA,NA,NA,dynamic_classA
2579999,2024-01-24T20:17:28Z,-20.314553333333333,114.84512500000001,NA,NA,NA,satellite
2579999,2024-01-24T20:17:45Z,-20.314721666666667,114.844895,NA,NA,NA,satellite
2579999,2024-01-24T20:17:48Z,-20.314751666666666,114.84485333333333,NA,NA,NA,satellite
2579999,2024-01-24T20:17:49Z,58.014633333333336,7.483873333333333,NA,NA,NA,dynamic_classA
2579999,2024-01-24T20:17:54Z,-33.87851833333333,-58.421075,NA,NA,NA,dynamic_classA
2579999,2024-01-24T20:17:56Z,34.79533833333333,127.73845833333333,NA,NA,NA,dynamic_classA
2579999,2024-01-24T20:17:58Z,-20.31485,114.84471,NA,NA,NA,satellite
2579999,2024-01-24T20:18:11Z,54.603278333333336,-1.1617666666666666,NA,NA,NA,dynamic_classA
2579999,2024-01-24T20:18:15Z,-20.315006666666665,114.844465,NA,NA,NA,satellite
2579999,2024-01-24T20:18:18Z,-20.315031666666666,114.844425,NA,NA,NA,satellite
2579999,2024-01-24T20:18:22Z,34.79532,127.73845166666666,NA,NA,NA,dynamic_classA
2579999,2024-01-24T20:18:29Z,65.21704,6.905213333333333,NA,NA,NA,dynamic_classA
2579999,2024-01-24T20:18:37Z,-20.315203333333333,114.84414666666666,NA,NA,NA,dynamic_classA
2579999,2024-01-24T20:18:46Z,9.503441666666667,-13.708205,NA,NA,NA,dynamic_classA
2579999,2024-01-24T20:18:48Z,25.319011666666665,53.46252833333333,NA,NA,NA,dynamic_classA
2579999,2024-01-24T20:18:49Z,35.50154333333333,129.44112833333332,NA,NA,NA,dynamic_classA
2579999,2024-01-24T20:18:52Z,25.319011666666665,53.46252833333333,NA,NA,NA,dynamic_classA
2579999,2024-01-24T20:18:57Z,1.2831383333333333,103.77933666666667,NA,NA,NA,dynamic_classA
2579999,2024-01-24T20:19:14Z,-20.315558333333335,114.84364833333333,NA,NA,NA,satellite
2579999,2024-01-24T20:19:16Z,50.79962833333333,-1.1100483333333335,NA,NA,NA,dynamic_classA
2579999,2024-01-24T20:19:18Z,-20.315585,114.843605,NA,NA,NA,satellite
2579999,2024-01-24T20:19:30Z,29.650575,32.361016666666664,NA,NA,NA,dynamic_classA
2579999,2024-01-24T20:19:32Z,35.50152,129.441115,NA,NA,NA,dynamic_classA
2579999,2024-01-24T20:19:36Z,25.31900166666667,53.46252166666667,NA,NA,NA,dynamic_classA
2579999,2024-01-24T20:19:38Z,25.31900166666667,53.46252166666667,NA,NA,NA,dynamic_classA
2579999,2024-01-24T20:19:40Z,25.31900166666667,53.46252166666667,NA,NA,NA,satellite
2579999,2024-01-24T20:19:43Z,53.539989999999996,9.87886,NA,NA,NA,dynamic_classA
2579999,2024-01-24T20:20:00Z,-38.44943,148.30865333333335,NA,NA,NA,satellite
2579999,2024-01-24T20:20:08Z,35.50151833333334,129.44111166666667,NA,NA,NA,dynamic_classA
2579999,2024-01-24T20:20:20Z,-38.449421666666666,148.30868333333333,NA,NA,NA,satellite
2579999,2024-01-24T20:20:22Z,-38.449421666666666,148.30868333333333,NA,NA,NA,satellite
2579999,2024-01-24T20:20:30Z,-38.44942,148.3087033333333,NA,NA,NA,satellite
2579999,2024-01-24T20:20:40Z,-38.449421666666666,148.30872499999998,NA,NA,NA,satellite
2579999,2024-01-24T20:20:42Z,-38.449421666666666,148.30872499999998,NA,NA,NA,satellite
2579999,2024-01-24T20:20:50Z,-38.449423333333336,148.30874666666665,NA,NA,NA,satellite
2579999,2024-01-24T20:21:00Z,-38.44942833333334,148.30876833333332,NA,NA,NA,satellite
2579999,2024-01-24T20:21:01Z,25.31900166666667,53.46252166666667,NA,NA,NA,dynamic_classA
2579999,2024-01-24T20:21:02Z,-38.44942833333334,148.30876833333332,NA,NA,NA,satellite
2579999,2024-01-24T20:21:08Z,25.319003333333335,53.46253333333333,NA,NA,NA,dynamic_classA
2579999,2024-01-24T20:21:13Z,29.650581666666668,32.361016666666664,NA,NA,NA,dynamic_classA
2579999,2024-01-24T20:21:14Z,35.50155666666667,129.44113833333333,NA,NA,NA,dynamic_classA
2579999,2024-01-24T20:21:20Z,-38.449445,148.3088,NA,NA,NA,satellite
2579999,2024-01-24T20:21:22Z,1.2831383333333333,103.77935000000001,NA,NA,NA,satellite
2579999,2024-01-24T20:21:30Z,-38.44945166666666,148.30881499999998,NA,NA,NA,satellite
2579999,2024-01-24T20:21:33Z,25.319006666666667,53.462535,NA,NA,NA,dynamic_classA
2579999,2024-01-24T20:21:39Z,29.650581666666668,32.361015,NA,NA,NA,dynamic_classA
2579999,2024-01-24T20:21:40Z,-38.44946166666667,148.30883,NA,NA,NA,satellite
2579999,2024-01-24T20:21:41Z,-33.87851,-58.42105166666667,NA,NA,NA,satellite
2579999,2024-01-24T20:21:42Z,-38.44946166666667,148.30883,NA,NA,NA,satellite
2579999,2024-01-24T20:21:45Z,1.283145,103.77935000000001,NA,NA,NA,dynamic_classA
2579999,2024-01-24T20:21:47Z,34.79535333333333,127.73847,NA,NA,NA,dynamic_classA
2579999,2024-01-24T20:21:57Z,29.650579999999998,32.361018333333334,NA,NA,NA,dynamic_classA
2579999,2024-01-24T20:21:59Z,35.501551666666664,129.44114833333333,NA,NA,NA,dynamic_classA
2579999,2024-01-24T20:22:09Z,65.21701833333333,6.905238333333333,NA,NA,NA,dynamic_classA
2579999,2024-01-24T20:22:11Z,25.31901,53.46254166666667,NA,NA,NA,dynamic_classA
2579999,2024-01-24T20:22:18Z,1.2831416666666666,103.77934833333333,NA,NA,NA,dynamic_classA
2579999,2024-01-24T20:22:47Z,-2.6682550000000003,118.89451166666666,NA,NA,NA,dynamic_classA
2579999,2024-01-24T20:22:50Z,25.318998333333333,53.462538333333335,NA,NA,NA,dynamic_classA
2579999,2024-01-24T20:22:56Z,3.5680666666666667,113.32466500000001,NA,NA,NA,dynamic_classA
2579999,2024-01-24T20:22:58Z,53.539989999999996,9.878866666666665,NA,NA,NA,dynamic_classA
2579999,2024-01-24T20:23:03Z,24.072101666666665,51.78638333333333,NA,NA,NA,dynamic_classA
2579999,2024-01-24T20:23:10Z,25.318994999999997,53.462545,NA,NA,NA,dynamic_classA
2579999,2024-01-24T20:23:11Z,29.650583333333334,32.361016666666664,NA,NA,NA,dynamic_classA
2579999,2024-01-24T20:23:15Z,9.503443333333333,-13.708210000000001,NA,NA,NA,dynamic_classA
2579999,2024-01-24T20:23:21Z,-38.44957,148.30898666666664,NA,NA,NA,satellite
2579999,2024-01-24T20:23:24Z,53.539989999999996,9.878870000000001,NA,NA,NA,dynamic_classA
2579999,2024-01-24T20:23:35Z,-38.449576666666665,148.30900333333332,NA,NA,NA,dynamic_classA
2579999,2024-01-24T20:23:54Z,25.318991666666665,53.462535,NA,NA,NA,dynamic_classA
2579999,2024-01-24T20:23:57Z,34.795325000000005,127.738435,NA,NA,NA,dynamic_classA
2579999,2024-01-24T20:23:58Z,25.318991666666665,53.462535,NA,NA,NA,dynamic_classA
2579999,2024-01-24T20:23:59Z,24.536333333333335,54.38509,NA,NA,NA,dynamic_classA
2579999,2024-01-24T20:24:01Z,29.650581666666668,32.361016666666664,NA,NA,NA,dynamic_classA
2579999,2024-01-24T20:24:03Z,9.503440000000001,-13.708213333333333,NA,NA,NA,dynamic_classA
2579999,2024-01-24T20:24:05Z,10.285791666666666,106.76142666666667,NA,NA,NA,dynamic_classA
2579999,2024-01-24T20:24:11Z,25.318994999999997,53.462535,NA,NA,NA,dynamic_classA
2579999,2024-01-24T20:24:13Z,56.701678333333334,-2.465745,NA,NA,NA,dynamic_classA
2579999,2024-01-24T20:24:16Z,56.701678333333334,-2.465745,NA,NA,NA,dynamic_classA
2579999,2024-01-24T20:24:24Z,56.701678333333334,-2.465745,NA,NA,NA,dynamic_classA
2579999,2024-01-24T20:24:26Z,34.795335,127.73845,NA,NA,NA,dynamic_classA
2579999,2024-01-24T20:24:34Z,-20.31862,114.83895333333334,NA,NA,NA,dynamic_classA
2579999,2024-01-24T20:24:36Z,25.31899333333333,53.46253,NA,NA,NA,dynamic_classA
2579999,2024-01-24T20:24:45Z,21.57144333333333,88.25140166666667,NA,NA,NA,dynamic_classA
2579999,2024-01-24T20:24:46Z,25.31899333333333,53.46253,NA,NA,NA,dynamic_classA
2579999,2024-01-24T20:24:48Z,35.50154333333333,129.44114166666665,NA,NA,NA,satellite
2579999,2024-01-24T20:24:54Z,1.2831333333333332,103.779335,NA,NA,NA,satellite
2579999,2024-01-24T20:25:07Z,-20.31883,114.83865333333333,NA,NA,NA,satellite
2579999,2024-01-24T20:25:11Z,-38.449625,148.30910666666665,NA,NA,NA,dynamic_classA
2579999,2024-01-24T20:25:18Z,29.650588333333335,32.36102,NA,NA,NA,dynamic_classA
2579999,2024-01-24T20:25:20Z,25.318996666666667,53.46252666666667,NA,NA,NA,dynamic_classA
2579999,2024-01-24T20:25:29Z,24.536323333333332,54.3851,NA,NA,NA,dynamic_classA
2579999,2024-01-24T20:25:41Z,-38.44961,148.30910333333335,NA,NA,NA,satellite
2579999,2024-01-24T20:25:45Z,29.65059,32.361015,NA,NA,NA,dynamic_classA
2579999,2024-01-24T20:25:47Z,-20.319206666666666,114.83809500000001,NA,NA,NA,dynamic_classA
2579999,2024-01-24T20:25:48Z,-20.319206666666666,114.83809500000001,NA,NA,NA,dynamic_classA
2579999,2024-01-24T20:26:05Z,-20.31932833333333,114.83789499999999,NA,NA,NA,dynamic_classA
2579999,2024-01-24T20:26:16Z,9.503441666666667,-13.7082,NA,NA,NA,dynamic_classA
2579999,2024-01-24T20:26:21Z,-38.44958166666667,148.309075,NA,NA,NA,satellite
2579999,2024-01-24T20:26:23Z,50.799645000000005,-1.110055,NA,NA,NA,dynamic_classA
2579999,2024-01-24T20:26:34Z,10.285778333333333,106.76144333333333,NA,NA,NA,dynamic_classA
2579999,2024-01-24T20:26:38Z,25.319005,53.46254166666667,NA,NA,NA,dynamic_classA
2579999,2024-01-24T20:26:41Z,-38.44956833333333,148.30904833333335,NA,NA,NA,satellite
2579999,2024-01-24T20:26:44Z,25.319005,53.46254166666667,NA,NA,NA,dynamic_classA
2579999,2024-01-24T20:26:48Z,25.319005,53.46254166666667,NA,NA,NA,dynamic_classA
2579999,2024-01-24T20:26:57Z,35.501555,129.44115,NA,NA,NA,dynamic_classA
2579999,2024-01-24T20:26:59Z,1.2831299999999999,103.779335,NA,NA,NA,dynamic_classA
2579999,2024-01-24T20:27:01Z,-38.449556666666666,148.30903833333332,NA,NA,NA,satellite
2579999,2024-01-24T20:27:02Z,1.2831299999999999,103.779335,NA,NA,NA,dynamic_classA
2579999,2024-01-24T20:27:21Z,-38.449533333333335,148.30900333333332,NA,NA,NA,satellite
2579999,2024-01-24T20:27:24Z,1.2831366666666668,103.779335,NA,NA,NA,dynamic_classA
2579999,2024-01-24T20:27:40Z,25.319003333333335,53.46253333333333,NA,NA,NA,satellite
2579999,2024-01-24T20:27:50Z,25.319005,53.462535,NA,NA,NA,dynamic_classA
2579999,2024-01-24T20:28:02Z,25.31900166666667,53.462536666666665,NA,NA,NA,dynamic_classA
2579999,2024-01-24T20:28:20Z,-38.44954,148.30897000000002,NA,NA,NA,satellite
2579999,2024-01-24T20:28:30Z,-38.44954499999999,148.3089733333333,NA,NA,NA,satellite
2579999,2024-01-24T20:28:36Z,9.503435,-13.708191666666666,NA,NA,NA,dynamic_classA
2579999,2024-01-24T20:28:40Z,58.01464166666666,7.483856666666667,NA,NA,NA,satellite
2579999,2024-01-24T20:28:51Z,25.318994999999997,53.462535,NA,NA,NA,dynamic_classA
2579999,2024-01-24T20:29:01Z,25.318994999999997,53.462535,NA,NA,NA,satellite
2579999,2024-01-24T20:29:03Z,1.2831350000000001,103.77934499999999,NA,NA,NA,dynamic_classA
2579999,2024-01-24T20:29:09Z,25.318994999999997,53.462538333333335,NA,NA,NA,dynamic_classA
2579999,2024-01-24T20:29:10Z,35.501555,129.44114166666665,NA,NA,NA,dynamic_classA
2579999,2024-01-24T20:29:21Z,25.318991666666665,53.46254,NA,NA,NA,dynamic_classA
2579999,2024-01-24T20:29:22Z,50.79962666666667,-1.1100483333333335,NA,NA,NA,dynamic_classA
2579999,2024-01-24T20:29:23Z,53.539993333333335,9.878861666666667,NA,NA,NA,dynamic_classA
2579999,2024-01-24T20:29:40Z,25.318988333333333,53.46254,NA,NA,NA,dynamic_classA
2579999,2024-01-24T20:30:00Z,-20.321506666666668,114.834625,NA,NA,NA,dynamic_classA
2579999,2024-01-24T20:30:01Z,25.318981666666666,53.462536666666665,NA,NA,NA,dynamic_classA
2579999,2024-01-24T20:30:06Z,25.318981666666666,53.462536666666665,NA,NA,NA,dynamic_classA
2579999,2024-01-24T20:30:25Z,35.50153666666667,129.44113666666667,NA,NA,NA,dynamic_classA
2579999,2024-01-24T20:30:29Z,9.503443333333333,-13.708208333333333,NA,NA,NA,dynamic_classA
2579999,2024-01-24T20:30:34Z,-20.321831666666665,114.834175,NA,NA,NA,dynamic_classA
2579999,2024-01-24T20:30:35Z,29.650576666666666,32.361015,NA,NA,NA,dynamic_classA
2579999,2024-01-24T20:31:02Z,65.21702666666667,6.905213333333333,NA,NA,NA,dynamic_classA
2579999,2024-01-24T20:31:31Z,1.2831350000000001,103.77932833333332,NA,NA,NA,dynamic_classA
2579999,2024-01-24T20:31:38Z,29.650578333333332,32.361021666666666,NA,NA,NA,dynamic_classA
2579999,2024-01-24T20:31:41Z,24.536328333333334,54.385086666666666,NA,NA,NA,dynamic_classA
2579999,2024-01-24T20:31:47Z,24.536328333333334,54.38509,NA,NA,NA,dynamic_classA
2579999,2024-01-24T20:32:03Z,35.50152333333333,129.44113000000002,NA,NA,NA,dynamic_classA
2579999,2024-01-24T20:32:28Z,1.2831366666666668,103.77933666666667,NA,NA,NA,dynamic_classA
2579999,2024-01-24T20:32:29Z,58.014655,7.483895,NA,NA,NA,dynamic_classA
2579999,2024-01-24T20:32:40Z,46.543980000000005,-48.499066666666664,NA,NA,NA,satellite
2579999,2024-01-24T20:32:49Z,24.53633166666667,54.385075,NA,NA,NA,dynamic_classA
2579999,2024-01-24T20:33:16Z,35.50154333333333,129.44113333333334,NA,NA,NA,dynamic_classA
2579999,2024-01-24T20:33:49Z,24.536328333333334,54.38509,NA,NA,NA,dynamic_classA
2579999,2024-01-24T20:33:51Z,9.503441666666667,-13.708208333333333,NA,NA,NA,dynamic_classA
2579999,2024-01-24T20:34:02Z,24.536328333333334,54.38509,NA,NA,NA,dynamic_classA
2579999,2024-01-24T20:34:03Z,9.503441666666667,-13.708208333333333,NA,NA,NA,dynamic_classA
2579999,2024-01-24T20:34:08Z,29.65056,32.361015,NA,NA,NA,dynamic_classA
2579999,2024-01-24T20:34:10Z,35.50154666666666,129.44114,NA,NA,NA,dynamic_classA
2579999,2024-01-24T20:34:30Z,9.503441666666667,-13.708203333333334,NA,NA,NA,dynamic_classA
2579999,2024-01-24T20:34:32Z,-20.324205,114.83069166666668,NA,NA,NA,dynamic_classA
2579999,2024-01-24T20:34:34Z,50.79961,-1.110045,NA,NA,NA,dynamic_classA
2579999,2024-01-24T20:35:02Z,50.79961,-1.1100400000000001,NA,NA,NA,dynamic_classA
2579999,2024-01-24T20:35:17Z,35.501549999999995,129.441125,NA,NA,NA,dynamic_classA
2579999,2024-01-24T20:35:30Z,1.2831366666666668,103.77933333333334,NA,NA,NA,dynamic_classA
2579999,2024-01-24T20:35:41Z,24.536326666666664,54.38507333333334,NA,NA,NA,dynamic_classA
2579999,2024-01-24T20:35:59Z,24.53633,54.38507166666667,NA,NA,NA,dynamic_classA
2579999,2024-01-24T20:36:04Z,-20.32498,114.82952666666667,NA,NA,NA,dynamic_classA
2579999,2024-01-24T20:36:18Z,29.650556666666667,32.36102,NA,NA,NA,dynamic_classA
2579999,2024-01-24T20:36:24Z,-20.32522,114.82916166666668,NA,NA,NA,satellite
2579999,2024-01-24T20:36:25Z,53.53999833333333,9.878871666666667,NA,NA,NA,dynamic_classA
2579999,2024-01-24T20:36:38Z,35.50157333333333,129.44115333333332,NA,NA,NA,dynamic_classA
2579999,2024-01-24T20:36:39Z,56.70168,-2.4657566666666666,NA,NA,NA,dynamic_classA
2579999,2024-01-24T20:36:45Z,34.79535333333333,127.73847166666665,NA,NA,NA,dynamic_classA
2579999,2024-01-24T20:36:46Z,24.536333333333335,54.385081666666665,NA,NA,NA,dynamic_classA
2579999,2024-01-24T20:37:04Z,-20.325601666666667,114.82862,NA,NA,NA,satellite
2579999,2024-01-24T20:37:05Z,35.501560000000005,129.44114833333333,NA,NA,NA,dynamic_classA
2579999,2024-01-24T20:37:12Z,1.2831333333333332,103.77933333333334,NA,NA,NA,dynamic_classA
2579999,2024-01-24T20:37:14Z,-20.325695,114.82847333333333,NA,NA,NA,satellite
2579999,2024-01-24T20:37:17Z,53.539995,9.878870000000001,NA,NA,NA,dynamic_classA
2579999,2024-01-24T20:37:24Z,-20.325781666666668,114.828335,NA,NA,NA,satellite
2579999,2024-01-24T20:37:31Z,34.79533666666667,127.73846166666667,NA,NA,NA,dynamic_classA
2579999,2024-01-24T20:37:34Z,56.70166833333334,-2.4657583333333335,NA,NA,NA,dynamic_classA
2579999,2024-01-24T20:37:43Z,1.2831333333333332,103.77933666666667,NA,NA,NA,dynamic_classA
2579999,2024-01-24T20:37:51Z,-20.32604,114.82796833333333,NA,NA,NA,satellite
2579999,2024-01-24T20:37:56Z,34.795335,127.73847500000001,NA,NA,NA,dynamic_classA
2579999,2024-01-24T20:38:09Z,50.799641666666666,-1.1100533333333333,NA,NA,NA,dynamic_classA
2579999,2024-01-24T20:38:32Z,54.60323166666667,-1.1617183333333334,NA,NA,NA,dynamic_classA
2579999,2024-01-24T20:38:49Z,56.70167666666667,-2.4657433333333336,NA,NA,NA,dynamic_classA
2579999,2024-01-24T20:38:54Z,-33.878495,-58.42104833333334,NA,NA,NA,dynamic_classA
2579999,2024-01-24T20:39:00Z,34.79534833333333,127.73848500000001,NA,NA,NA,dynamic_classA
2579999,2024-01-24T20:39:02Z,35.50154833333333,129.44113833333333,NA,NA,NA,dynamic_classA
2579999,2024-01-24T20:39:05Z,-20.326736666666665,114.82695333333332,NA,NA,NA,satellite
2579999,2024-01-24T20:39:25Z,-20.32693833333333,114.82667833333333,NA,NA,NA,satellite
2579999,2024-01-24T20:39:27Z,50.799636666666665,-1.1100299999999999,NA,NA,NA,dynamic_classA
2579999,2024-01-24T20:39:39Z,29.650568333333336,32.36101,NA,NA,NA,dynamic_classA
2579999,2024-01-24T20:39:44Z,-20.32712666666667,114.82639,NA,NA,NA,satellite
2579999,2024-01-24T20:39:48Z,29.650571666666668,32.36101333333333,NA,NA,NA,dynamic_classA
2579999,2024-01-24T20:39:58Z,-20.327243333333335,114.82620666666666,NA,NA,NA,satellite
2579999,2024-01-24T20:40:05Z,34.79533833333333,127.73846499999999,NA,NA,NA,dynamic_classA
2579999,2024-01-24T20:40:18Z,-20.327440000000003,114.82593333333332,NA,NA,NA,satellite
2579999,2024-01-24T20:40:23Z,53.539991666666666,9.878873333333333,NA,NA,NA,dynamic_classA
2579999,2024-01-24T20:40:24Z,-20.327508333333334,114.82583666666666,NA,NA,NA,satellite
2579999,2024-01-24T20:40:28Z,35.50152666666667,129.44112,NA,NA,NA,dynamic_classA
2579999,2024-01-24T20:40:55Z,-20.327796666666664,114.825395,NA,NA,NA,satellite
2579999,2024-01-24T20:41:08Z,24.536283333333333,54.385095,NA,NA,NA,dynamic_classA
2579999,2024-01-24T20:41:19Z,24.53628666666667,54.385086666666666,NA,NA,NA,dynamic_classA
2579999,2024-01-24T20:41:23Z,35.50154,129.44113166666665,NA,NA,NA,dynamic_classA
2579999,2024-01-24T20:41:33Z,29.650558333333333,32.361018333333334,NA,NA,NA,dynamic_classA
2579999,2024-01-24T20:41:36Z,24.53629,54.385081666666665,NA,NA,NA,dynamic_classA
2579999,2024-01-24T20:41:42Z,25.318991666666665,53.462535,NA,NA,NA,dynamic_classA
2579999,2024-01-24T20:41:46Z,3.5680666666666667,113.32466500000001,NA,NA,NA,dynamic_classA
2579999,2024-01-24T20:41:54Z,-20.328363333333336,114.824545,NA,NA,NA,satellite
2579999,2024-01-24T20:42:09Z,24.536303333333333,54.385081666666665,NA,NA,NA,dynamic_classA
2579999,2024-01-24T20:42:12Z,25.318998333333333,53.46253333333333,NA,NA,NA,dynamic_classA
2579999,2024-01-24T20:42:14Z,25.31900166666667,53.46254,NA,NA,NA,satellite
2579999,2024-01-24T20:42:16Z,25.31900166666667,53.46254,NA,NA,NA,dynamic_classA
2579999,2024-01-24T20:42:19Z,65.21706333333333,6.905126666666666,NA,NA,NA,dynamic_classA
2579999,2024-01-24T20:42:24Z,-20.328633333333336,114.82411666666667,NA,NA,NA,satellite
2579999,2024-01-24T20:42:27Z,34.79535,127.73847333333333,NA,NA,NA,dynamic_classA
2579999,2024-01-24T20:42:31Z,1.2831283333333334,103.77934,NA,NA,NA,dynamic_classA
2579999,2024-01-24T20:42:32Z,35.501551666666664,129.44114,NA,NA,NA,dynamic_classA
2579999,2024-01-24T20:42:39Z,35.501549999999995,129.44113833333333,NA,NA,NA,dynamic_classA
2579999,2024-01-24T20:42:52Z,24.536313333333332,54.385081666666665,NA,NA,NA,dynamic_classA
2579999,2024-01-24T20:42:59Z,24.536313333333332,54.385081666666665,NA,NA,NA,dynamic_classA
2579999,2024-01-24T20:43:02Z,-38.44953833333333,148.30884666666668,NA,NA,NA,satellite
2579999,2024-01-24T20:43:07Z,-2.668251666666667,118.89451333333334,NA,NA,NA,dynamic_classA
2579999,2024-01-24T20:43:32Z,50.799638333333334,-1.1100349999999999,NA,NA,NA,dynamic_classA
2579999,2024-01-24T20:43:34Z,-20.32928,114.82314500000001,NA,NA,NA,satellite
2579999,2024-01-24T20:43:41Z,29.650578333333332,32.361018333333334,NA,NA,NA,dynamic_classA
2579999,2024-01-24T20:43:48Z,53.539993333333335,9.878870000000001,NA,NA,NA,dynamic_classA
2579999,2024-01-24T20:43:58Z,-20.329485,114.82282666666667,NA,NA,NA,satellite
2579999,2024-01-24T20:44:01Z,-38.44952833333333,148.30885833333332,NA,NA,NA,satellite
2579999,2024-01-24T20:44:03Z,53.539995,9.878870000000001,NA,NA,NA,dynamic_classA
2579999,2024-01-24T20:44:11Z,-38.44951833333334,148.30884666666668,NA,NA,NA,satellite
2579999,2024-01-24T20:44:16Z,53.539995,9.878871666666667,NA,NA,NA,dynamic_classA
2579999,2024-01-24T20:44:17Z,-20.329675,114.822555,NA,NA,NA,satellite
2579999,2024-01-24T20:44:21Z,29.650575,32.361023333333335,NA,NA,NA,dynamic_classA
2579999,2024-01-24T20:44:25Z,9.503426666666666,-13.708216666666667,NA,NA,NA,dynamic_classA
2579999,2024-01-24T20:44:26Z,56.70169333333333,-2.465726666666667,NA,NA,NA,dynamic_classA
2579999,2024-01-24T20:44:27Z,34.79534833333333,127.73846666666667,NA,NA,NA,dynamic_classA
2579999,2024-01-24T20:44:31Z,-38.44949999999999,148.30884666666668,NA,NA,NA,satellite
2579999,2024-01-24T20:44:43Z,9.503428333333334,-13.708213333333333,NA,NA,NA,dynamic_classA
2579999,2024-01-24T20:44:48Z,25.318973333333336,53.46254833333333,NA,NA,NA,dynamic_classA
2579999,2024-01-24T20:44:50Z,25.318976666666668,53.462545,NA,NA,NA,dynamic_classA
2579999,2024-01-24T20:44:53Z,56.701685,-2.4657283333333333,NA,NA,NA,dynamic_classA
2579999,2024-01-24T20:44:56Z,25.318973333333336,53.46254833333333,NA,NA,NA,dynamic_classA
2579999,2024-01-24T20:45:01Z,-38.44951666666667,148.30887166666668,NA,NA,NA,satellite
2579999,2024-01-24T20:45:04Z,58.014626666666665,7.483908333333333,NA,NA,NA,dynamic_classA
2579999,2024-01-24T20:45:11Z,-38.44952333333333,148.308875,NA,NA,NA,satellite
2579999,2024-01-24T20:45:16Z,34.79534833333333,127.73848333333333,NA,NA,NA,dynamic_classA
2579999,2024-01-24T20:45:18Z,35.501560000000005,129.44114833333333,NA,NA,NA,dynamic_classA
2579999,2024-01-24T20:45:19Z,56.701681666666666,-2.46574,NA,NA,NA,dynamic_classA
2579999,2024-01-24T20:45:21Z,-20.33036333333333,114.82153,NA,NA,NA,satellite
2579999,2024-01-24T20:45:26Z,24.536293333333333,54.385110000000005,NA,NA,NA,dynamic_classA
2579999,2024-01-24T20:45:27Z,1.2831366666666668,103.77934166666667,NA,NA,NA,dynamic_classA
2579999,2024-01-24T20:45:47Z,-20.330516666666664,114.82130833333333,NA,NA,NA,dynamic_classA
2579999,2024-01-24T20:45:54Z,25.318981666666666,53.46255333333333,NA,NA,NA,dynamic_classA
2579999,2024-01-24T20:45:58Z,29.65056333333333,32.361021666666666,NA,NA,NA,dynamic_classA
2579999,2024-01-24T20:46:01Z,-38.44955166666667,148.30895999999998,NA,NA,NA,satellite
2579999,2024-01-24T20:46:04Z,10.285773333333333,106.76146333333332,NA,NA,NA,dynamic_classA
2579999,2024-01-24T20:46:10Z,25.31898,53.46255,NA,NA,NA,dynamic_classA
2579999,2024-01-24T20:46:13Z,-20.33076,114.82091333333332,NA,NA,NA,satellite
2579999,2024-01-24T20:46:15Z,10.285775,106.76146,NA,NA,NA,dynamic_classA
2579999,2024-01-24T20:46:21Z,-38.449585,148.30896666666666,NA,NA,NA,satellite
2579999,2024-01-24T20:46:37Z,25.318988333333333,53.46255,NA,NA,NA,dynamic_classA
2579999,2024-01-24T20:46:41Z,-38.449623333333335,148.30896833333333,NA,NA,NA,satellite
2579999,2024-01-24T20:46:46Z,25.318991666666665,53.46255166666666,NA,NA,NA,dynamic_classA
2579999,2024-01-24T20:46:49Z,25.318991666666665,53.46255166666666,NA,NA,NA,dynamic_classA
2579999,2024-01-24T20:46:52Z,25.31899,53.46254666666667,NA,NA,NA,dynamic_classA
2579999,2024-01-24T20:46:55Z,50.799641666666666,-1.1100433333333333,NA,NA,NA,dynamic_classA
2579999,2024-01-24T20:46:58Z,25.31899333333333,53.46254166666667,NA,NA,NA,dynamic_classA
2579999,2024-01-24T20:47:01Z,-38.44965666666667,148.308985,NA,NA,NA,satellite
2579999,2024-01-24T20:47:02Z,1.2831299999999999,103.77934666666667,NA,NA,NA,dynamic_classA
2579999,2024-01-24T20:47:05Z,-20.331218333333332,114.820235,NA,NA,NA,dynamic_classA
2579999,2024-01-24T20:47:13Z,65.2171,6.905183333333333,NA,NA,NA,dynamic_classA
2579999,2024-01-24T20:47:15Z,29.65055166666667,32.361015,NA,NA,NA,dynamic_classA
2579999,2024-01-24T20:47:16Z,35.50154,129.44113833333333,NA,NA,NA,dynamic_classA
2579999,2024-01-24T20:47:19Z,53.539985,9.878874999999999,NA,NA,NA,dynamic_classA
2579999,2024-01-24T20:47:21Z,-38.44967166666667,148.30900666666668,NA,NA,NA,satellite
2579999,2024-01-24T20:47:22Z,1.2831333333333332,103.77934499999999,NA,NA,NA,dynamic_classA
2579999,2024-01-24T20:47:34Z,25.318983333333332,53.46254,NA,NA,NA,dynamic_classA
2579999,2024-01-24T20:47:53Z,50.79964,-1.11005,NA,NA,NA,dynamic_classA
2579999,2024-01-24T20:48:01Z,-38.449623333333335,148.30898666666664,NA,NA,NA,satellite
2579999,2024-01-24T20:48:03Z,-20.33175,114.81941333333333,NA,NA,NA,dynamic_classA
2579999,2024-01-24T20:48:22Z,25.318985,53.46254833333333,NA,NA,NA,dynamic_classA
2579999,2024-01-24T20:48:32Z,9.503426666666666,-13.708203333333334,NA,NA,NA,dynamic_classA
2579999,2024-01-24T20:48:41Z,-38.44958833333333,148.30898833333333,NA,NA,NA,satellite
2579999,2024-01-24T20:48:48Z,24.536291666666667,54.385130000000004,NA,NA,NA,dynamic_classA
2579999,2024-01-24T20:49:00Z,54.60326333333333,-1.16173,NA,NA,NA,dynamic_classA
2579999,2024-01-24T20:49:02Z,25.318988333333333,53.462545,NA,NA,NA,dynamic_classA
2579999,2024-01-24T20:49:13Z,-20.332373333333333,114.81845,NA,NA,NA,satellite
2579999,2024-01-24T20:49:19Z,65.217055,6.90519,NA,NA,NA,dynamic_classA
2579999,2024-01-24T20:49:23Z,-20.332468333333335,114.81832166666666,NA,NA,NA,satellite
2579999,2024-01-24T20:49:27Z,-20.332496666666668,114.81828166666666,NA,NA,NA,satellite
2579999,2024-01-24T20:49:30Z,35.501560000000005,129.44113666666667,NA,NA,NA,dynamic_classA
2579999,2024-01-24T20:49:41Z,-38.44959166666667,148.30897666666667,NA,NA,NA,satellite
2579999,2024-01-24T20:49:42Z,-38.44959333333334,148.30896666666666,NA,NA,NA,dynamic_classA
2579999,2024-01-24T20:49:47Z,25.318983333333332,53.46256166666667,NA,NA,NA,satellite
2579999,2024-01-24T20:49:53Z,53.539989999999996,9.878876666666667,NA,NA,NA,dynamic_classA
2579999,2024-01-24T20:49:54Z,-20.33274833333333,114.8179,NA,NA,NA,satellite
2579999,2024-01-24T20:49:56Z,9.503433333333334,-13.708205,NA,NA,NA,dynamic_classA
2579999,2024-01-24T20:50:01Z,-38.44959666666667,148.30895333333333,NA,NA,NA,satellite
2579999,2024-01-24T20:50:21Z,25.31899333333333,53.46255833333333,NA,NA,NA,dynamic_classA
2579999,2024-01-24T20:50:27Z,-20.333043333333332,114.81743666666667,NA,NA,NA,satellite
2579999,2024-01-24T20:50:37Z,9.503436666666666,-13.708205,NA,NA,NA,dynamic_classA
2579999,2024-01-24T20:50:43Z,-20.333201666666664,114.81720833333334,NA,NA,NA,satellite
2579999,2024-01-24T20:50:45Z,35.501531666666665,129.44113000000002,NA,NA,NA,dynamic_classA
2579999,2024-01-24T20:50:59Z,25.318985,53.46254833333333,NA,NA,NA,dynamic_classA
2579999,2024-01-24T20:51:01Z,25.318985,53.46254833333333,NA,NA,NA,satellite
2579999,2024-01-24T20:51:05Z,29.65056333333333,32.361025,NA,NA,NA,dynamic_classA
2579999,2024-01-24T20:51:13Z,-20.333481666666668,114.816765,NA,NA,NA,satellite
2579999,2024-01-24T20:51:18Z,-20.333456666666667,114.81681166666667,NA,NA,NA,dynamic_classA
2579999,2024-01-24T20:51:22Z,-38.44958333333333,148.30889,NA,NA,NA,dynamic_classA
2579999,2024-01-24T20:51:27Z,-20.333593333333333,114.81657666666666,NA,NA,NA,satellite
2579999,2024-01-24T20:51:33Z,-20.333655,114.81647833333334,NA,NA,NA,satellite
2579999,2024-01-24T20:51:34Z,1.2831283333333334,103.77934333333333,NA,NA,NA,dynamic_classA
2579999,2024-01-24T20:51:43Z,-20.333748333333332,114.81634000000001,NA,NA,NA,satellite
2579999,2024-01-24T20:51:49Z,1.2831299999999999,103.77935000000001,NA,NA,NA,dynamic_classA
2579999,2024-01-24T20:51:53Z,-20.333845,114.8162,NA,NA,NA,satellite
2579999,2024-01-24T20:52:01Z,-20.333911666666665,114.81610166666665,NA,NA,NA,satellite
2579999,2024-01-24T20:52:07Z,-20.333966666666665,114.81601833333335,NA,NA,NA,satellite
2579999,2024-01-24T20:52:18Z,29.650564999999997,32.361021666666666,NA,NA,NA,dynamic_classA
2579999,2024-01-24T20:52:26Z,-20.33415,114.81572,NA,NA,NA,satellite
2579999,2024-01-24T20:52:28Z,-20.33415,114.81572,NA,NA,NA,satellite
2579999,2024-01-24T20:52:33Z,-20.33421,114.81561833333333,NA,NA,NA,satellite
2579999,2024-01-24T20:52:45Z,1.2831266666666667,103.77934499999999,NA,NA,NA,dynamic_classA
2579999,2024-01-24T20:52:46Z,-20.334311666666668,114.81543666666667,NA,NA,NA,satellite
2579999,2024-01-24T20:52:53Z,35.50153666666667,129.44114166666665,NA,NA,NA,dynamic_classA
2579999,2024-01-24T20:52:57Z,25.31899,53.46255166666666,NA,NA,NA,dynamic_classA
2579999,2024-01-24T20:53:01Z,-20.33442,114.81526000000001,NA,NA,NA,satellite
2579999,2024-01-24T20:53:16Z,-20.33457,114.81504,NA,NA,NA,satellite
2579999,2024-01-24T20:53:19Z,58.01466166666667,7.483885,NA,NA,NA,dynamic_classA
2579999,2024-01-24T20:53:24Z,-20.334635,114.81494333333333,NA,NA,NA,satellite
2579999,2024-01-24T20:53:25Z,25.31899333333333,53.46255333333333,NA,NA,NA,dynamic_classA
2579999,2024-01-24T20:53:27Z,56.70173333333333,-2.46569,NA,NA,NA,dynamic_classA
2579999,2024-01-24T20:53:32Z,1.2831266666666667,103.77935166666666,NA,NA,NA,dynamic_classA
2579999,2024-01-24T20:53:43Z,24.5363,54.38511833333334,NA,NA,NA,satellite
2579999,2024-01-24T20:53:53Z,-20.334903333333333,114.8145,NA,NA,NA,satellite
2579999,2024-01-24T20:54:06Z,35.501545,129.44116166666666,NA,NA,NA,dynamic_classA
2579999,2024-01-24T20:54:07Z,24.536295,54.385115000000006,NA,NA,NA,dynamic_classA
2579999,2024-01-24T20:54:12Z,9.503438333333333,-13.708198333333334,NA,NA,NA,dynamic_classA
2579999,2024-01-24T20:54:14Z,-20.335075,114.814215,NA,NA,NA,satellite
2579999,2024-01-24T20:54:18Z,25.318981666666666,53.46255,NA,NA,NA,satellite
2579999,2024-01-24T20:54:19Z,34.79534833333333,127.73846,NA,NA,NA,dynamic_classA
2579999,2024-01-24T20:54:26Z,25.318981666666666,53.46255,NA,NA,NA,dynamic_classA
2579999,2024-01-24T20:54:34Z,-20.335255,114.81393333333334,NA,NA,NA,satellite
2579999,2024-01-24T20:54:39Z,25.31897,53.46254666666667,NA,NA,NA,dynamic_classA
2579999,2024-01-24T20:54:47Z,35.501549999999995,129.44116166666666,NA,NA,NA,dynamic_classA
2579999,2024-01-24T20:54:54Z,-20.335435,114.81364333333333,NA,NA,NA,satellite
2579999,2024-01-24T20:55:00Z,9.503438333333333,-13.7082,NA,NA,NA,dynamic_classA
2579999,2024-01-24T20:55:01Z,54.60329,-1.161715,NA,NA,NA,dynamic_classA
2579999,2024-01-24T20:55:04Z,50.79964,-1.110025,NA,NA,NA,dynamic_classA
2579999,2024-01-24T20:55:17Z,-20.335631666666664,114.81330333333334,NA,NA,NA,satellite
2579999,2024-01-24T20:55:20Z,-20.335665,114.81324333333333,NA,NA,NA,satellite
2579999,2024-01-24T20:55:27Z,-20.335718333333332,114.81316,NA,NA,NA,satellite
2579999,2024-01-24T20:55:30Z,1.2831383333333333,103.77935000000001,NA,NA,NA,dynamic_classA
2579999,2024-01-24T20:55:33Z,-20.335781666666666,114.81306333333333,NA,NA,NA,satellite
2579999,2024-01-24T20:55:34Z,-20.335781666666666,114.81306333333333,NA,NA,NA,satellite
2579999,2024-01-24T20:55:50Z,59.88899833333333,10.753896666666666,NA,NA,NA,dynamic_classA
2579999,2024-01-24T20:55:57Z,35.501549999999995,129.44116166666666,NA,NA,NA,dynamic_classA
2579999,2024-01-24T20:56:18Z,35.50154666666666,129.44116,NA,NA,NA,dynamic_classA
2579999,2024-01-24T20:56:22Z,50.79963166666666,-1.1100333333333334,NA,NA,NA,dynamic_classA
2579999,2024-01-24T20:56:30Z,-20.33628333333333,114.81223833333334,NA,NA,NA,satellite
2579999,2024-01-24T20:56:45Z,53.539985,9.878866666666665,NA,NA,NA,dynamic_classA
2579999,2024-01-24T20:56:48Z,-20.336425000000002,114.81200333333332,NA,NA,NA,dynamic_classA
2579999,2024-01-24T20:57:09Z,56.701728333333335,-2.465685,NA,NA,NA,dynamic_classA
2579999,2024-01-24T20:57:12Z,-20.336661666666664,114.81162666666667,NA,NA,NA,dynamic_classA
2579999,2024-01-24T20:57:19Z,25.318994999999997,53.462536666666665,NA,NA,NA,dynamic_classA
2579999,2024-01-24T20:57:30Z,-20.336813333333335,114.811375,NA,NA,NA,satellite
2579999,2024-01-24T20:57:34Z,-20.33684,114.81133,NA,NA,NA,satellite
2579999,2024-01-24T20:57:37Z,53.539991666666666,9.878863333333333,NA,NA,NA,dynamic_classA
2579999,2024-01-24T20:57:49Z,58.01461833333334,7.4839,NA,NA,NA,dynamic_classA
2579999,2024-01-24T20:57:53Z,56.70171166666667,-2.4657116666666665,NA,NA,NA,dynamic_classA
2579999,2024-01-24T20:57:54Z,-20.337015,114.81103499999999,NA,NA,NA,satellite
2579999,2024-01-24T20:57:55Z,34.795359999999995,127.73848333333333,NA,NA,NA,dynamic_classA
2579999,2024-01-24T20:57:56Z,34.79535833333333,127.73848500000001,NA,NA,NA,dynamic_classA
2579999,2024-01-24T20:58:04Z,24.536276666666666,54.3851,NA,NA,NA,dynamic_classA
2579999,2024-01-24T20:58:11Z,65.21714666666666,6.905203333333334,NA,NA,NA,dynamic_classA
2579999,2024-01-24T20:58:18Z,-20.337218333333333,114.81072,NA,NA,NA,satellite
2579999,2024-01-24T20:58:20Z,34.79535333333333,127.73848,NA,NA,NA,dynamic_classA
2579999,2024-01-24T20:58:35Z,35.50154666666666,129.44115666666667,NA,NA,NA,dynamic_classA
2579999,2024-01-24T20:58:44Z,25.319005,53.46254666666667,NA,NA,NA,dynamic_classA
2579999,2024-01-24T20:58:49Z,56.70167166666667,-2.4657416666666667,NA,NA,NA,dynamic_classA
2579999,2024-01-24T20:58:59Z,50.79962333333334,-1.110025,NA,NA,NA,dynamic_classA
2579999,2024-01-24T20:59:04Z,-33.878521666666664,-58.421036666666666,NA,NA,NA,dynamic_classA
2579999,2024-01-24T20:59:08Z,25.31900166666667,53.46255,NA,NA,NA,dynamic_classA
2579999,2024-01-24T20:59:16Z,24.536270000000002,54.38510333333333,NA,NA,NA,dynamic_classA
2579999,2024-01-24T20:59:23Z,-20.337805,114.80975833333333,NA,NA,NA,satellite
2579999,2024-01-24T20:59:30Z,25.319003333333335,53.46254833333333,NA,NA,NA,dynamic_classA
2579999,2024-01-24T20:59:37Z,-20.337918333333334,114.80958333333334,NA,NA,NA,satellite
2579999,2024-01-24T20:59:38Z,25.31900166666667,53.46255,NA,NA,NA,dynamic_classA
2579999,2024-01-24T20:59:46Z,50.79962333333334,-1.11002,NA,NA,NA,dynamic_classA
2579999,2024-01-24T20:59:49Z,29.65056666666667,32.361018333333334,NA,NA,NA,dynamic_classA
2579999,2024-01-24T20:59:50Z,34.79532833333334,127.73846166666667,NA,NA,NA,dynamic_classA
2579999,2024-01-24T21:00:13Z,-20.338238333333333,114.80906333333334,NA,NA,NA,satellite
2579999,2024-01-24T21:00:32Z,3.5680666666666667,113.32466500000001,NA,NA,NA,dynamic_classA
2579999,2024-01-24T21:00:42Z,35.501545,129.44115666666667,NA,NA,NA,dynamic_classA
2579999,2024-01-24T21:00:46Z,24.536273333333334,54.38511833333334,NA,NA,NA,dynamic_classA
2579999,2024-01-24T21:00:55Z,34.79535166666667,127.73847833333333,NA,NA,NA,dynamic_classA
2579999,2024-01-24T21:00:57Z,-20.338601666666666,114.808475,NA,NA,NA,satellite
2579999,2024-01-24T21:01:00Z,-20.338731666666668,114.80827500000001,NA,NA,NA,dynamic_classA
2579999,2024-01-24T21:01:03Z,53.54000333333333,9.878868333333333,NA,NA,NA,dynamic_classA
2579999,2024-01-24T21:01:18Z,35.50154166666667,129.441155,NA,NA,NA,dynamic_classA
2579999,2024-01-24T21:01:23Z,-20.338853333333336,114.80808499999999,NA,NA,NA,satellite
2579999,2024-01-24T21:01:33Z,-20.33893833333333,114.80794166666666,NA,NA,NA,satellite
2579999,2024-01-24T21:01:40Z,-38.44956,148.30899666666667,NA,NA,NA,satellite
2579999,2024-01-24T21:01:43Z,29.650573333333334,32.361021666666666,NA,NA,NA,dynamic_classA
2579999,2024-01-24T21:01:44Z,-20.339023333333333,114.80780333333334,NA,NA,NA,satellite
2579999,2024-01-24T21:02:16Z,-20.339321666666667,114.80737,NA,NA,NA,satellite
2579999,2024-01-24T21:02:26Z,-20.33941666666667,114.80722999999999,NA,NA,NA,satellite
2579999,2024-01-24T21:02:34Z,58.01468,7.483893333333333,NA,NA,NA,dynamic_classA
2579999,2024-01-24T21:02:49Z,35.50154333333333,129.44114,NA,NA,NA,dynamic_classA
2579999,2024-01-24T21:02:53Z,-20.339656666666666,114.80683666666667,NA,NA,NA,satellite
2579999,2024-01-24T21:03:02Z,1.2831333333333332,103.77933833333333,NA,NA,NA,dynamic_classA
2579999,2024-01-24T21:03:07Z,34.79533666666667,127.73849666666666,NA,NA,NA,satellite
2579999,2024-01-24T21:03:09Z,65.21712166666667,6.905126666666666,NA,NA,NA,dynamic_classA
2579999,2024-01-24T21:03:12Z,35.50154833333333,129.44114,NA,NA,NA,dynamic_classA
2579999,2024-01-24T21:03:22Z,24.536308333333334,54.385095,NA,NA,NA,dynamic_classA
2579999,2024-01-24T21:03:30Z,25.318998333333333,53.462536666666665,NA,NA,NA,dynamic_classA
2579999,2024-01-24T21:03:33Z,-20.340026666666667,114.80628166666666,NA,NA,NA,satellite
2579999,2024-01-24T21:03:49Z,35.50155333333333,129.44114,NA,NA,NA,dynamic_classA
2579999,2024-01-24T21:04:00Z,-38.449585,148.30903333333333,NA,NA,NA,satellite
2579999,2024-01-24T21:04:07Z,-2.668248333333333,118.89452833333333,NA,NA,NA,dynamic_classA
2579999,2024-01-24T21:04:13Z,1.2831249999999998,103.77934833333333,NA,NA,NA,dynamic_classA
2579999,2024-01-24T21:04:20Z,29.650576666666666,32.361015,NA,NA,NA,satellite
2579999,2024-01-24T21:04:21Z,29.650576666666666,32.361015,NA,NA,NA,dynamic_classA
2579999,2024-01-24T21:04:36Z,9.503446666666667,-13.708218333333333,NA,NA,NA,dynamic_classA
2579999,2024-01-24T21:04:40Z,-38.449619999999996,148.30904666666666,NA,NA,NA,satellite
2579999,2024-01-24T21:04:46Z,56.70169666666666,-2.4656966666666666,NA,NA,NA,dynamic_classA
2579999,2024-01-24T21:04:54Z,24.536311666666666,54.38511833333334,NA,NA,NA,dynamic_classA
2579999,2024-01-24T21:04:56Z,53.54000666666666,9.878871666666667,NA,NA,NA,dynamic_classA
2579999,2024-01-24T21:04:57Z,34.79535,127.738505,NA,NA,NA,dynamic_classA
2579999,2024-01-24T21:04:59Z,65.21715166666667,6.905081666666666,NA,NA,NA,dynamic_classA
2579999,2024-01-24T21:05:13Z,9.503441666666667,-13.708213333333333,NA,NA,NA,dynamic_classA
2579999,2024-01-24T21:05:15Z,9.503441666666667,-13.708213333333333,NA,NA,NA,dynamic_classA
2579999,2024-01-24T21:05:20Z,-38.44965833333333,148.30900166666666,NA,NA,NA,satellite
2579999,2024-01-24T21:05:28Z,24.536315000000002,54.385110000000005,NA,NA,NA,dynamic_classA
2579999,2024-01-24T21:05:33Z,56.70168666666667,-2.4657199999999997,NA,NA,NA,dynamic_classA
2579999,2024-01-24T21:05:40Z,-38.449675,148.30897833333333,NA,NA,NA,satellite
2579999,2024-01-24T21:05:45Z,24.536315000000002,54.38510333333333,NA,NA,NA,dynamic_classA
2579999,2024-01-24T21:05:45Z,-38.449675,148.30897833333333,NA,NA,NA,satellite
2579999,2024-01-24T21:05:50Z,54.60332166666667,-1.1617333333333333,NA,NA,NA,dynamic_classA
2579999,2024-01-24T21:05:52Z,50.799634999999995,-1.1100216666666667,NA,NA,NA,dynamic_classA
2579999,2024-01-24T21:06:00Z,-38.449675,148.308935,NA,NA,NA,satellite
2579999,2024-01-24T21:06:04Z,56.701678333333334,-2.465731666666667,NA,NA,NA,dynamic_classA
2579999,2024-01-24T21:06:05Z,10.285796666666666,106.76144666666667,NA,NA,NA,dynamic_classA
2579999,2024-01-24T21:06:05Z,-38.449675,148.308935,NA,NA,NA,satellite
2579999,2024-01-24T21:06:16Z,34.79534833333333,127.738495,NA,NA,NA,dynamic_classA
2579999,2024-01-24T21:06:17Z,25.319020000000002,53.462554999999995,NA,NA,NA,dynamic_classA
2579999,2024-01-24T21:06:22Z,25.319023333333334,53.46255333333333,NA,NA,NA,dynamic_classA
2579999,2024-01-24T21:06:28Z,29.650575,32.361025,NA,NA,NA,dynamic_classA
2579999,2024-01-24T21:06:40Z,-38.44968166666667,148.30888833333333,NA,NA,NA,satellite
2579999,2024-01-24T21:06:42Z,1.2831316666666666,103.77933666666667,NA,NA,NA,dynamic_classA
2579999,2024-01-24T21:06:45Z,-38.44968166666667,148.30888833333333,NA,NA,NA,satellite
2579999,2024-01-24T21:06:56Z,1.2831316666666666,103.77933666666667,NA,NA,NA,dynamic_classA
2579999,2024-01-24T21:07:00Z,-38.44967333333333,148.30888000000002,NA,NA,NA,satellite
2579999,2024-01-24T21:07:05Z,-38.44967333333333,148.30888000000002,NA,NA,NA,satellite
2579999,2024-01-24T21:07:17Z,29.650568333333336,32.36102666666667,NA,NA,NA,dynamic_classA
2579999,2024-01-24T21:07:26Z,35.50153666666667,129.44113833333333,NA,NA,NA,dynamic_classA
2579999,2024-01-24T21:07:29Z,1.2831333333333332,103.77933333333334,NA,NA,NA,dynamic_classA
2579999,2024-01-24T21:07:40Z,-38.449655,148.30886999999998,NA,NA,NA,satellite
2579999,2024-01-24T21:07:42Z,50.79963166666666,-1.1100466666666666,NA,NA,NA,dynamic_classA
2579999,2024-01-24T21:07:45Z,-38.449655,148.30886999999998,NA,NA,NA,satellite
2579999,2024-01-24T21:07:48Z,-20.3423,114.802725,NA,NA,NA,dynamic_classA
2579999,2024-01-24T21:07:54Z,-20.34239,114.80257666666667,NA,NA,NA,satellite
2579999,2024-01-24T21:07:58Z,56.70174166666666,-2.4656700000000003,NA,NA,NA,dynamic_classA
2579999,2024-01-24T21:08:00Z,-38.449634999999994,148.30884333333333,NA,NA,NA,satellite
2579999,2024-01-24T21:08:02Z,1.2831266666666667,103.77933666666667,NA,NA,NA,dynamic_classA
2579999,2024-01-24T21:08:04Z,1.2831266666666667,103.77933666666667,NA,NA,NA,dynamic_classA
2579999,2024-01-24T21:08:05Z,-38.449634999999994,148.30884333333333,NA,NA,NA,satellite
2579999,2024-01-24T21:08:08Z,53.54000166666666,9.878873333333333,NA,NA,NA,dynamic_classA
2579999,2024-01-24T21:08:14Z,65.21720499999999,6.905078333333334,NA,NA,NA,dynamic_classA
2579999,2024-01-24T21:08:31Z,-20.342735,114.80206666666666,NA,NA,NA,dynamic_classA
2579999,2024-01-24T21:08:38Z,25.319015,53.46255833333333,NA,NA,NA,dynamic_classA
2579999,2024-01-24T21:08:45Z,29.650573333333334,32.361025,NA,NA,NA,dynamic_classA
2579999,2024-01-24T21:08:50Z,-20.342885000000003,114.80183833333334,NA,NA,NA,dynamic_classA
2579999,2024-01-24T21:08:57Z,-20.342973333333337,114.80168666666667,NA,NA,NA,satellite
2579999,2024-01-24T21:09:00Z,-38.44960666666667,148.30886333333333,NA,NA,NA,satellite
2579999,2024-01-24T21:09:03Z,53.539993333333335,9.878868333333333,NA,NA,NA,dynamic_classA
2579999,2024-01-24T21:09:04Z,-20.343036666666666,114.80158499999999,NA,NA,NA,satellite
2579999,2024-01-24T21:09:05Z,-38.44960666666667,148.30886333333333,NA,NA,NA,satellite
2579999,2024-01-24T21:09:10Z,54.60338333333333,-1.1617849999999998,NA,NA,NA,dynamic_classA
2579999,2024-01-24T21:09:11Z,25.319003333333335,53.46255166666666,NA,NA,NA,dynamic_classA
2579999,2024-01-24T21:09:14Z,-20.343126666666667,114.80144333333332,NA,NA,NA,satellite
2579999,2024-01-24T21:09:17Z,-20.34315666666667,114.8014,NA,NA,NA,satellite
2579999,2024-01-24T21:09:24Z,50.799634999999995,-1.1100233333333334,NA,NA,NA,dynamic_classA
2579999,2024-01-24T21:09:30Z,25.319003333333335,53.46255166666666,NA,NA,NA,dynamic_classA
2579999,2024-01-24T21:09:33Z,25.319005,53.46255166666666,NA,NA,NA,dynamic_classA
2579999,2024-01-24T21:09:34Z,10.285785,106.76144833333333,NA,NA,NA,dynamic_classA
2579999,2024-01-24T21:09:35Z,25.31900166666667,53.46255,NA,NA,NA,dynamic_classA
2579999,2024-01-24T21:09:40Z,-38.44961,148.30889333333334,NA,NA,NA,satellite
2579999,2024-01-24T21:09:44Z,-33.87850666666667,-58.421034999999996,NA,NA,NA,dynamic_classA
2579999,2024-01-24T21:09:45Z,-38.44961,148.30889333333334,NA,NA,NA,satellite
2579999,2024-01-24T21:09:49Z,35.501558333333335,129.44116166666666,NA,NA,NA,dynamic_classA
2579999,2024-01-24T21:09:56Z,24.53631,54.38507166666667,NA,NA,NA,dynamic_classA
2579999,2024-01-24T21:09:57Z,-20.343541666666667,114.80085166666666,NA,NA,NA,satellite
2579999,2024-01-24T21:10:00Z,-38.449605,148.30891000000003,NA,NA,NA,satellite
2579999,2024-01-24T21:10:05Z,-38.449605,148.30891000000003,NA,NA,NA,satellite
2579999,2024-01-24T21:10:08Z,50.799618333333335,-1.1100216666666667,NA,NA,NA,dynamic_classA
2579999,2024-01-24T21:10:15Z,25.31900166666667,53.462554999999995,NA,NA,NA,dynamic_classA
2579999,2024-01-24T21:10:23Z,25.31900166666667,53.46255,NA,NA,NA,dynamic_classA
2579999,2024-01-24T21:10:41Z,25.318994999999997,53.46254833333333,NA,NA,NA,dynamic_classA
2579999,2024-01-24T21:10:49Z,25.318994999999997,53.46254833333333,NA,NA,NA,dynamic_classA
2579999,2024-01-24T21:10:52Z,-38.44958166666667,148.308915,NA,NA,NA,dynamic_classA
2579999,2024-01-24T21:11:04Z,-20.344161666666665,114.79988666666667,NA,NA,NA,satellite
2579999,2024-01-24T21:11:06Z,9.503425,-13.708226666666667,NA,NA,NA,dynamic_classA
2579999,2024-01-24T21:11:14Z,-20.344258333333336,114.79973833333334,NA,NA,NA,satellite
2579999,2024-01-24T21:11:17Z,25.319000000000003,53.46255333333333,NA,NA,NA,dynamic_classA
2579999,2024-01-24T21:11:24Z,-20.344358333333332,114.79958833333333,NA,NA,NA,satellite
2579999,2024-01-24T21:11:33Z,-20.344451666666664,114.79943499999999,NA,NA,NA,satellite
2579999,2024-01-24T21:11:42Z,65.21718833333334,6.90505,NA,NA,NA,dynamic_classA
2579999,2024-01-24T21:11:43Z,-20.344543333333334,114.79928666666666,NA,NA,NA,satellite
2579999,2024-01-24T21:11:45Z,29.650581666666668,32.36103333333333,NA,NA,NA,dynamic_classA
2579999,2024-01-24T21:11:47Z,-20.344569999999997,114.79924166666666,NA,NA,NA,satellite
2579999,2024-01-24T21:11:53Z,-20.344633333333334,114.79914000000001,NA,NA,NA,satellite
2579999,2024-01-24T21:11:57Z,-20.344663333333333,114.79909500000001,NA,NA,NA,satellite
2579999,2024-01-24T21:11:59Z,25.31901333333333,53.46256,NA,NA,NA,dynamic_classA
2579999,2024-01-24T21:12:05Z,35.50155666666667,129.44115166666668,NA,NA,NA,dynamic_classA
2579999,2024-01-24T21:12:06Z,-20.344753333333333,114.79895499999999,NA,NA,NA,satellite
2579999,2024-01-24T21:12:11Z,-20.344726666666666,114.79899666666667,NA,NA,NA,dynamic_classA
2579999,2024-01-24T21:12:19Z,50.79963,-1.1100466666666666,NA,NA,NA,dynamic_classA
2579999,2024-01-24T21:12:33Z,-20.345013333333334,114.79856666666666,NA,NA,NA,satellite
2579999,2024-01-24T21:12:49Z,29.650570000000002,32.36103,NA,NA,NA,dynamic_classA
2579999,2024-01-24T21:12:50Z,-20.345193333333334,114.79826333333334,NA,NA,NA,satellite
2579999,2024-01-24T21:12:52Z,9.503431666666668,-13.708223333333333,NA,NA,NA,dynamic_classA
2579999,2024-01-24T21:12:54Z,-20.345193333333334,114.79826333333334,NA,NA,NA,satellite
2579999,2024-01-24T21:12:56Z,9.50343,-13.708223333333333,NA,NA,NA,dynamic_classA
2579999,2024-01-24T21:12:57Z,-20.345221666666664,114.79821833333334,NA,NA,NA,satellite
2579999,2024-01-24T21:13:21Z,1.28312,103.779355,NA,NA,NA,dynamic_classA
2579999,2024-01-24T21:13:33Z,-20.34555333333333,114.79771833333332,NA,NA,NA,satellite
2579999,2024-01-24T21:13:43Z,35.50154166666667,129.44115166666668,NA,NA,NA,dynamic_classA
2579999,2024-01-24T21:13:47Z,24.536308333333334,54.385085000000004,NA,NA,NA,dynamic_classA
2579999,2024-01-24T21:13:50Z,24.536308333333334,54.38509,NA,NA,NA,dynamic_classA
2579999,2024-01-24T21:13:56Z,-20.345806666666665,114.79733833333333,NA,NA,NA,satellite
2579999,2024-01-24T21:14:04Z,-20.345831666666665,114.79729666666667,NA,NA,NA,satellite
2579999,2024-01-24T21:14:09Z,58.014646666666664,7.483903333333333,NA,NA,NA,dynamic_classA
2579999,2024-01-24T21:14:21Z,54.60338,-1.1617366666666666,NA,NA,NA,dynamic_classA
2579999,2024-01-24T21:14:22Z,9.503431666666668,-13.708235,NA,NA,NA,dynamic_classA
2579999,2024-01-24T21:14:27Z,-20.34602,114.79698333333334,NA,NA,NA,satellite
2579999,2024-01-24T21:14:31Z,24.536311666666666,54.38506833333334,NA,NA,NA,dynamic_classA
2579999,2024-01-24T21:14:36Z,-20.346141666666664,114.79680666666667,NA,NA,NA,satellite
2579999,2024-01-24T21:14:56Z,35.501533333333334,129.441145,NA,NA,NA,satellite
2579999,2024-01-24T21:15:03Z,-20.34638,114.79646,NA,NA,NA,satellite
2579999,2024-01-24T21:15:07Z,-20.346468333333334,114.79632166666667,NA,NA,NA,dynamic_classA
2579999,2024-01-24T21:15:09Z,34.79535,127.738505,NA,NA,NA,dynamic_classA
2579999,2024-01-24T21:15:10Z,-20.346443333333333,114.79636166666666,NA,NA,NA,satellite
2579999,2024-01-24T21:15:26Z,-20.346583333333335,114.79612833333334,NA,NA,NA,satellite
2579999,2024-01-24T21:15:28Z,25.319026666666666,53.46255,NA,NA,NA,dynamic_classA
2579999,2024-01-24T21:15:30Z,9.50343,-13.708238333333332,NA,NA,NA,dynamic_classA
2579999,2024-01-24T21:15:36Z,-20.346656666666668,114.79599833333333,NA,NA,NA,satellite
2579999,2024-01-24T21:15:54Z,10.285785,106.76145333333334,NA,NA,NA,dynamic_classA
2579999,2024-01-24T21:16:04Z,50.799616666666665,-1.1100133333333335,NA,NA,NA,satellite
2579999,2024-01-24T21:16:10Z,-20.346936666666668,114.79556666666667,NA,NA,NA,satellite
2579999,2024-01-24T21:16:20Z,-20.347026666666668,114.79543,NA,NA,NA,satellite
2579999,2024-01-24T21:16:37Z,35.501531666666665,129.44114666666667,NA,NA,NA,dynamic_classA
2579999,2024-01-24T21:16:44Z,-20.34722,114.79510499999999,NA,NA,NA,satellite
2579999,2024-01-24T21:17:05Z,53.54001,9.87886,NA,NA,NA,dynamic_classA
2579999,2024-01-24T21:17:06Z,25.319005,53.462545,NA,NA,NA,dynamic_classA
2579999,2024-01-24T21:17:14Z,-20.347475,114.79469999999999,NA,NA,NA,satellite
2579999,2024-01-24T21:17:20Z,-20.347536666666667,114.79460833333333,NA,NA,NA,satellite
2579999,2024-01-24T21:17:41Z,-20.347628333333333,114.79447499999999,NA,NA,NA,dynamic_classA
2579999,2024-01-24T21:17:47Z,24.53630666666667,54.38509333333333,NA,NA,NA,dynamic_classA
2579999,2024-01-24T21:17:57Z,53.54000333333333,9.878855,NA,NA,NA,dynamic_classA
2579999,2024-01-24T21:18:05Z,9.503438333333333,-13.708235,NA,NA,NA,dynamic_classA
2579999,2024-01-24T21:18:10Z,-20.347955000000002,114.79392166666666,NA,NA,NA,satellite
2579999,2024-01-24T21:18:13Z,-20.347875,114.79405666666666,NA,NA,NA,dynamic_classA
2579999,2024-01-24T21:18:14Z,-20.34798,114.79388166666666,NA,NA,NA,satellite
2579999,2024-01-24T21:18:16Z,34.79533666666667,127.73849166666668,NA,NA,NA,dynamic_classA
2579999,2024-01-24T21:18:18Z,35.50154333333333,129.44114833333333,NA,NA,NA,dynamic_classA
2579999,2024-01-24T21:18:29Z,58.014635,7.483901666666667,NA,NA,NA,dynamic_classA
2579999,2024-01-24T21:18:31Z,-20.34813,114.79365833333333,NA,NA,NA,satellite
2579999,2024-01-24T21:18:36Z,34.795335,127.73848666666666,NA,NA,NA,dynamic_classA
2579999,2024-01-24T21:18:41Z,65.21719833333333,6.9051149999999994,NA,NA,NA,dynamic_classA
2579999,2024-01-24T21:18:42Z,24.536305000000002,54.385086666666666,NA,NA,NA,dynamic_classA
2579999,2024-01-24T21:18:44Z,-20.348246666666668,114.79348166666666,NA,NA,NA,satellite
2579999,2024-01-24T21:18:50Z,-20.348308333333332,114.793385,NA,NA,NA,satellite
2579999,2024-01-24T21:18:59Z,56.701715,-2.4656916666666664,NA,NA,NA,dynamic_classA
2579999,2024-01-24T21:19:00Z,34.795345,127.73848666666666,NA,NA,NA,dynamic_classA
2579999,2024-01-24T21:19:04Z,-20.348425000000002,114.79319833333334,NA,NA,NA,satellite
2579999,2024-01-24T21:19:10Z,-20.348486666666666,114.793095,NA,NA,NA,satellite
2579999,2024-01-24T21:19:19Z,25.31901,53.46254333333333,NA,NA,NA,dynamic_classA
2579999,2024-01-24T21:19:30Z,-20.348655,114.79280666666666,NA,NA,NA,satellite
2579999,2024-01-24T21:19:39Z,35.50153666666667,129.44114833333333,NA,NA,NA,dynamic_classA
2579999,2024-01-24T21:19:44Z,-20.348770000000002,114.79262999999999,NA,NA,NA,satellite
2579999,2024-01-24T21:20:00Z,-20.348916666666664,114.79240333333334,NA,NA,NA,satellite
2579999,2024-01-24T21:20:03Z,-20.34894166666667,114.792365,NA,NA,NA,satellite
2579999,2024-01-24T21:20:06Z,50.79961,-1.1100266666666667,NA,NA,NA,dynamic_classA
2579999,2024-01-24T21:20:09Z,25.31901,53.46254833333333,NA,NA,NA,dynamic_classA
2579999,2024-01-24T21:20:10Z,-20.349001666666666,114.79226666666666,NA,NA,NA,satellite
2579999,2024-01-24T21:20:20Z,29.650606666666665,32.361018333333334,NA,NA,NA,dynamic_classA
2579999,2024-01-24T21:20:32Z,50.79960333333334,-1.1100166666666667,NA,NA,NA,dynamic_classA
2579999,2024-01-24T21:20:39Z,65.21718666666666,6.905085,NA,NA,NA,dynamic_classA
2579999,2024-01-24T21:20:40Z,34.79534833333333,127.738495,NA,NA,NA,dynamic_classA
2579999,2024-01-24T21:20:49Z,56.70169666666666,-2.4656933333333333,NA,NA,NA,dynamic_classA
2579999,2024-01-24T21:20:56Z,25.318996666666667,53.46254166666667,NA,NA,NA,dynamic_classA
2579999,2024-01-24T21:21:00Z,25.318996666666667,53.46254333333333,NA,NA,NA,dynamic_classA
2579999,2024-01-24T21:21:03Z,-20.349438333333335,114.79154,NA,NA,NA,satellite
2579999,2024-01-24T21:21:10Z,-20.3495,114.79144666666666,NA,NA,NA,satellite
2579999,2024-01-24T21:21:14Z,-33.878481666666666,-58.42103833333333,NA,NA,NA,dynamic_classA
2579999,2024-01-24T21:21:18Z,25.318998333333333,53.46254333333333,NA,NA,NA,dynamic_classA
2579999,2024-01-24T21:21:32Z,35.50154333333333,129.44114,NA,NA,NA,dynamic_classA
2579999,2024-01-24T21:21:33Z,53.539985,9.878865,NA,NA,NA,dynamic_classA
2579999,2024-01-24T21:21:35Z,34.79532833333334,127.73849166666668,NA,NA,NA,dynamic_classA
2579999,2024-01-24T21:21:48Z,35.50153833333333,129.441145,NA,NA,NA,dynamic_classA
2579999,2024-01-24T21:21:49Z,-20.349791666666665,114.79098,NA,NA,NA,dynamic_classA
2579999,2024-01-24T21:22:03Z,-20.349873333333335,114.790835,NA,NA,NA,dynamic_classA
2579999,2024-01-24T21:22:04Z,35.50153833333333,129.44115,NA,NA,NA,dynamic_classA
2579999,2024-01-24T21:22:13Z,29.650595,32.361023333333335,NA,NA,NA,dynamic_classA
2579999,2024-01-24T21:22:16Z,25.318986666666667,53.462538333333335,NA,NA,NA,dynamic_classA
2579999,2024-01-24T21:22:37Z,-38.44952833333333,148.30900666666668,NA,NA,NA,satellite
2579999,2024-01-24T21:22:47Z,25.318985,53.462545,NA,NA,NA,dynamic_classA
2579999,2024-01-24T21:22:49Z,35.50153833333333,129.44115333333332,NA,NA,NA,dynamic_classA
2579999,2024-01-24T21:22:57Z,-38.449533333333335,148.30900000000003,NA,NA,NA,satellite
2579999,2024-01-24T21:23:10Z,1.2831316666666666,103.77934666666667,NA,NA,NA,dynamic_classA
2579999,2024-01-24T21:23:22Z,1.2831316666666666,103.77934666666667,NA,NA,NA,dynamic_classA
2579999,2024-01-24T21:23:29Z,3.5680666666666667,113.32466500000001,NA,NA,NA,dynamic_classA
2579999,2024-01-24T21:23:36Z,-38.44954333333333,148.30903166666667,NA,NA,NA,satellite
2579999,2024-01-24T21:23:42Z,35.50153666666667,129.44115166666668,NA,NA,NA,dynamic_classA
2579999,2024-01-24T21:23:46Z,-38.449535,148.30904,NA,NA,NA,satellite
2579999,2024-01-24T21:23:47Z,34.795345,127.738505,NA,NA,NA,dynamic_classA
2579999,2024-01-24T21:23:57Z,-38.449535,148.30904333333334,NA,NA,NA,satellite
2579999,2024-01-24T21:24:01Z,24.536316666666668,54.38509333333333,NA,NA,NA,dynamic_classA
2579999,2024-01-24T21:24:02Z,1.2831266666666667,103.77934,NA,NA,NA,dynamic_classA
2579999,2024-01-24T21:24:26Z,-38.44954,148.30905666666666,NA,NA,NA,satellite
2579999,2024-01-24T21:24:37Z,-2.6682433333333337,118.89450000000001,NA,NA,NA,satellite
2579999,2024-01-24T21:24:47Z,-38.44955,148.30904833333335,NA,NA,NA,satellite
2579999,2024-01-24T21:24:51Z,29.650601666666667,32.36103166666667,NA,NA,NA,dynamic_classA
2579999,2024-01-24T21:25:06Z,56.701665000000006,-2.4657233333333335,NA,NA,NA,dynamic_classA
2579999,2024-01-24T21:25:08Z,24.53630666666667,54.38506833333334,NA,NA,NA,dynamic_classA
2579999,2024-01-24T21:25:14Z,24.53630666666667,54.38506833333334,NA,NA,NA,dynamic_classA
2579999,2024-01-24T21:25:27Z,34.795343333333335,127.738495,NA,NA,NA,dynamic_classA
2579999,2024-01-24T21:25:34Z,53.539986666666664,9.87886,NA,NA,NA,dynamic_classA
2579999,2024-01-24T21:25:36Z,53.539985,9.878861666666667,NA,NA,NA,dynamic_classA
2579999,2024-01-24T21:25:46Z,25.318991666666665,53.46256,NA,NA,NA,dynamic_classA
2579999,2024-01-24T21:25:53Z,9.503435,-13.708246666666668,NA,NA,NA,dynamic_classA
2579999,2024-01-24T21:26:04Z,9.503435,-13.708243333333334,NA,NA,NA,dynamic_classA
2579999,2024-01-24T21:26:08Z,35.501531666666665,129.44113833333333,NA,NA,NA,dynamic_classA
2579999,2024-01-24T21:26:13Z,56.70165166666666,-2.4657533333333332,NA,NA,NA,dynamic_classA
2579999,2024-01-24T21:26:16Z,24.536311666666666,54.38507166666667,NA,NA,NA,dynamic_classA
2579999,2024-01-24T21:26:44Z,25.318986666666667,53.46255166666666,NA,NA,NA,dynamic_classA
2579999,2024-01-24T21:26:51Z,-20.352503333333335,114.78663333333334,NA,NA,NA,dynamic_classA
2579999,2024-01-24T21:26:55Z,10.285788333333333,106.76145333333334,NA,NA,NA,dynamic_classA
2579999,2024-01-24T21:27:00Z,25.318986666666667,53.46255166666666,NA,NA,NA,dynamic_classA
2579999,2024-01-24T21:27:06Z,34.79537166666667,127.73850333333333,NA,NA,NA,dynamic_classA
2579999,2024-01-24T21:27:08Z,29.6506,32.361025,NA,NA,NA,dynamic_classA
2579999,2024-01-24T21:27:27Z,1.2831333333333332,103.77935833333332,NA,NA,NA,dynamic_classA
2579999,2024-01-24T21:27:46Z,35.50154833333333,129.441145,NA,NA,NA,dynamic_classA
2579999,2024-01-24T21:27:50Z,25.318981666666666,53.46254166666667,NA,NA,NA,dynamic_classA
2579999,2024-01-24T21:27:55Z,24.5363,54.38509,NA,NA,NA,dynamic_classA
2579999,2024-01-24T21:28:25Z,35.50154333333333,129.44115,NA,NA,NA,dynamic_classA
2579999,2024-01-24T21:28:39Z,1.2831333333333332,103.77934833333333,NA,NA,NA,dynamic_classA
2579999,2024-01-24T21:28:40Z,1.2831350000000001,103.77935000000001,NA,NA,NA,dynamic_classA
2579999,2024-01-24T21:28:41Z,25.31899,53.46254166666667,NA,NA,NA,dynamic_classA
2579999,2024-01-24T21:28:48Z,-20.353395,114.785155,NA,NA,NA,dynamic_classA
2579999,2024-01-24T21:28:50Z,25.31899,53.46254166666667,NA,NA,NA,dynamic_classA
2579999,2024-01-24T21:28:58Z,53.539975,9.878866666666665,NA,NA,NA,dynamic_classA
2579999,2024-01-24T21:29:04Z,65.21718333333334,6.905076666666667,NA,NA,NA,dynamic_classA
2579999,2024-01-24T21:29:15Z,35.50154333333333,129.44115166666668,NA,NA,NA,dynamic_classA
2579999,2024-01-24T21:29:21Z,25.318991666666665,53.46255166666666,NA,NA,NA,dynamic_classA
2579999,2024-01-24T21:29:30Z,54.603410000000004,-1.1617116666666665,NA,NA,NA,dynamic_classA
2579999,2024-01-24T21:29:43Z,53.53997833333334,9.878866666666665,NA,NA,NA,dynamic_classA
2579999,2024-01-24T21:29:47Z,24.07208166666667,51.78635166666666,NA,NA,NA,dynamic_classA
2579999,2024-01-24T21:29:52Z,25.318996666666667,53.46255166666666,NA,NA,NA,dynamic_classA
2579999,2024-01-24T21:29:55Z,-20.354013333333334,114.78414500000001,NA,NA,NA,dynamic_classA
2579999,2024-01-24T21:29:59Z,25.318996666666667,53.46255166666666,NA,NA,NA,dynamic_classA
2579999,2024-01-24T21:30:00Z,35.50154333333333,129.44114166666665,NA,NA,NA,dynamic_classA
2579999,2024-01-24T21:30:15Z,29.6506,32.361015,NA,NA,NA,dynamic_classA
2579999,2024-01-24T21:30:28Z,50.79961166666667,-1.1100383333333332,NA,NA,NA,dynamic_classA
2579999,2024-01-24T21:30:44Z,50.79961333333333,-1.1100400000000001,NA,NA,NA,dynamic_classA
2579999,2024-01-24T21:30:47Z,24.536295,54.385095,NA,NA,NA,dynamic_classA
2579999,2024-01-24T21:30:48Z,25.319000000000003,53.46255333333333,NA,NA,NA,dynamic_classA
2579999,2024-01-24T21:30:51Z,25.318994999999997,53.46254333333333,NA,NA,NA,dynamic_classA
2579999,2024-01-24T21:30:52Z,-38.44950333333334,148.309105,NA,NA,NA,dynamic_classA
2579999,2024-01-24T21:30:55Z,1.2831283333333334,103.77932333333334,NA,NA,NA,dynamic_classA
2579999,2024-01-24T21:31:13Z,25.318996666666667,53.46254166666667,NA,NA,NA,dynamic_classA
2579999,2024-01-24T21:31:16Z,25.318998333333333,53.46254166666667,NA,NA,NA,dynamic_classA
2579999,2024-01-24T21:31:18Z,35.50153666666667,129.441135,NA,NA,NA,dynamic_classA
2579999,2024-01-24T21:31:19Z,25.318996666666667,53.46254166666667,NA,NA,NA,dynamic_classA
2579999,2024-01-24T21:31:31Z,24.53630666666667,54.38509333333333,NA,NA,NA,dynamic_classA
2579999,2024-01-24T21:31:42Z,-20.354986666666665,114.78256333333334,NA,NA,NA,dynamic_classA
2579999,2024-01-24T21:31:52Z,65.21716166666667,6.905076666666667,NA,NA,NA,dynamic_classA
2579999,2024-01-24T21:31:59Z,25.319003333333335,53.462538333333335,NA,NA,NA,dynamic_classA
2579999,2024-01-24T21:32:06Z,9.503455,-13.708248333333334,NA,NA,NA,dynamic_classA
2579999,2024-01-24T21:32:15Z,29.650605,32.36100666666667,NA,NA,NA,dynamic_classA
2579999,2024-01-24T21:32:35Z,-20.355465,114.78177333333333,NA,NA,NA,satellite
2579999,2024-01-24T21:32:43Z,46.543980000000005,-48.499066666666664,NA,NA,NA,dynamic_classA
2579999,2024-01-24T21:32:44Z,-20.355465,114.78177333333333,NA,NA,NA,dynamic_classA
2579999,2024-01-24T21:32:50Z,25.318988333333333,53.46254333333333,NA,NA,NA,dynamic_classA
2579999,2024-01-24T21:33:05Z,-20.355751666666666,114.781335,NA,NA,NA,satellite
2579999,2024-01-24T21:33:07Z,25.318985,53.462538333333335,NA,NA,NA,dynamic_classA
2579999,2024-01-24T21:33:10Z,25.318988333333333,53.462538333333335,NA,NA,NA,dynamic_classA
2579999,2024-01-24T21:33:29Z,29.65060833333333,32.36101,NA,NA,NA,dynamic_classA
2579999,2024-01-24T21:33:36Z,9.503440000000001,-13.708245,NA,NA,NA,dynamic_classA
2579999,2024-01-24T21:33:51Z,-20.35618,114.78064333333333,NA,NA,NA,satellite
2579999,2024-01-24T21:33:55Z,-20.35620833333333,114.7806,NA,NA,NA,satellite
2579999,2024-01-24T21:34:05Z,-20.356295,114.78046666666667,NA,NA,NA,satellite
2579999,2024-01-24T21:34:08Z,24.53629,54.38507666666667,NA,NA,NA,dynamic_classA
2579999,2024-01-24T21:34:21Z,1.2831216666666667,103.77932333333334,NA,NA,NA,dynamic_classA
2579999,2024-01-24T21:34:27Z,25.318988333333333,53.46253333333333,NA,NA,NA,dynamic_classA
2579999,2024-01-24T21:34:31Z,-20.35654,114.78007333333333,NA,NA,NA,satellite
2579999,2024-01-24T21:34:33Z,1.2831233333333332,103.779325,NA,NA,NA,dynamic_classA
2579999,2024-01-24T21:34:41Z,-20.356623333333335,114.77991833333334,NA,NA,NA,satellite
2579999,2024-01-24T21:34:42Z,9.503438333333333,-13.708256666666667,NA,NA,NA,dynamic_classA
2579999,2024-01-24T21:34:44Z,-20.356648333333332,114.77987499999999,NA,NA,NA,satellite
2579999,2024-01-24T21:34:48Z,25.318981666666666,53.462535,NA,NA,NA,dynamic_classA
2579999,2024-01-24T21:34:53Z,25.318981666666666,53.462535,NA,NA,NA,dynamic_classA
2579999,2024-01-24T21:34:59Z,58.014628333333334,7.483923333333333,NA,NA,NA,dynamic_classA
2579999,2024-01-24T21:35:09Z,34.795343333333335,127.73849666666666,NA,NA,NA,dynamic_classA
2579999,2024-01-24T21:35:32Z,-20.35706,114.779205,NA,NA,NA,satellite
2579999,2024-01-24T21:35:42Z,-20.357151666666667,114.77906333333334,NA,NA,NA,satellite
2579999,2024-01-24T21:35:45Z,-20.35717833333333,114.77901833333334,NA,NA,NA,satellite
2579999,2024-01-24T21:35:46Z,35.50154333333333,129.44114333333334,NA,NA,NA,dynamic_classA
2579999,2024-01-24T21:35:54Z,56.70169666666666,-2.465731666666667,NA,NA,NA,dynamic_classA
2579999,2024-01-24T21:35:58Z,-20.357306666666666,114.77881000000001,NA,NA,NA,satellite
2579999,2024-01-24T21:36:00Z,9.503438333333333,-13.708263333333333,NA,NA,NA,dynamic_classA
2579999,2024-01-24T21:36:02Z,-38.44953833333333,148.30902833333332,NA,NA,NA,satellite
2579999,2024-01-24T21:36:05Z,-20.35735833333333,114.77872,NA,NA,NA,satellite
2579999,2024-01-24T21:36:07Z,-20.357443333333332,114.77857333333333,NA,NA,NA,dynamic_classA
2579999,2024-01-24T21:36:08Z,25.318983333333332,53.46253166666667,NA,NA,NA,satellite
2579999,2024-01-24T21:36:12Z,9.503438333333333,-13.708258333333333,NA,NA,NA,satellite
2579999,2024-01-24T21:36:16Z,35.50154,129.44114166666665,NA,NA,NA,dynamic_classA
2579999,2024-01-24T21:36:23Z,1.2831249999999998,103.77933333333334,NA,NA,NA,dynamic_classA
2579999,2024-01-24T21:36:27Z,35.50154,129.44114166666665,NA,NA,NA,dynamic_classA
2579999,2024-01-24T21:36:32Z,-20.357590000000002,114.77833166666666,NA,NA,NA,satellite
2579999,2024-01-24T21:36:41Z,-20.357683333333334,114.77819333333333,NA,NA,NA,satellite
2579999,2024-01-24T21:36:44Z,-20.35771,114.77815166666666,NA,NA,NA,satellite
2579999,2024-01-24T21:36:54Z,50.79962,-1.1100516666666667,NA,NA,NA,dynamic_classA
2579999,2024-01-24T21:37:02Z,-20.357775,114.77805,NA,NA,NA,dynamic_classA
2579999,2024-01-24T21:37:07Z,35.501531666666665,129.441135,NA,NA,NA,dynamic_classA
2579999,2024-01-24T21:37:35Z,53.54000333333333,9.878870000000001,NA,NA,NA,dynamic_classA
2579999,2024-01-24T21:37:37Z,24.5363,54.38509166666667,NA,NA,NA,dynamic_classA
2579999,2024-01-24T21:38:17Z,53.540004999999994,9.878871666666667,NA,NA,NA,dynamic_classA
2579999,2024-01-24T21:38:36Z,34.79535333333333,127.73849833333334,NA,NA,NA,dynamic_classA
2579999,2024-01-24T21:38:38Z,24.536278333333332,54.385070000000006,NA,NA,NA,dynamic_classA
2579999,2024-01-24T21:38:39Z,50.79961333333333,-1.1100349999999999,NA,NA,NA,dynamic_classA
2579999,2024-01-24T21:38:57Z,25.318983333333332,53.46252833333333,NA,NA,NA,dynamic_classA
2579999,2024-01-24T21:38:59Z,58.01463833333333,7.4839,NA,NA,NA,dynamic_classA
2579999,2024-01-24T21:39:21Z,65.21719,6.905113333333333,NA,NA,NA,dynamic_classA
2579999,2024-01-24T21:39:26Z,29.650609999999997,32.361003333333336,NA,NA,NA,dynamic_classA
2579999,2024-01-24T21:39:37Z,25.318983333333332,53.46252833333333,NA,NA,NA,dynamic_classA
2579999,2024-01-24T21:39:43Z,25.318978333333334,53.462525,NA,NA,NA,dynamic_classA
2579999,2024-01-24T21:39:51Z,34.795341666666666,127.73848666666666,NA,NA,NA,dynamic_classA
2579999,2024-01-24T21:40:00Z,-20.35939,114.77542833333334,NA,NA,NA,satellite
2579999,2024-01-24T21:40:03Z,-20.359413333333336,114.77538833333332,NA,NA,NA,satellite
2579999,2024-01-24T21:40:15Z,34.795345,127.73848333333333,NA,NA,NA,dynamic_classA
2579999,2024-01-24T21:40:20Z,1.28314,103.77934833333333,NA,NA,NA,dynamic_classA
2579999,2024-01-24T21:40:26Z,50.79962666666667,-1.1100333333333334,NA,NA,NA,dynamic_classA
2579999,2024-01-24T21:40:29Z,29.650609999999997,32.36101,NA,NA,NA,dynamic_classA
2579999,2024-01-24T21:40:36Z,35.501533333333334,129.441105,NA,NA,NA,dynamic_classA
2579999,2024-01-24T21:40:40Z,-33.878475,-58.42105,NA,NA,NA,satellite
2579999,2024-01-24T21:40:41Z,25.318971666666666,53.46252833333333,NA,NA,NA,dynamic_classA
2579999,2024-01-24T21:40:46Z,-20.359775,114.77482166666667,NA,NA,NA,satellite
2579999,2024-01-24T21:41:03Z,-20.35992666666667,114.77458333333334,NA,NA,NA,satellite
2579999,2024-01-24T21:41:09Z,56.701683333333335,-2.465731666666667,NA,NA,NA,dynamic_classA
2579999,2024-01-24T21:41:10Z,9.503438333333333,-13.70824,NA,NA,NA,satellite
2579999,2024-01-24T21:41:26Z,25.318973333333336,53.46252333333334,NA,NA,NA,dynamic_classA
2579999,2024-01-24T21:41:30Z,34.79533833333333,127.73847666666667,NA,NA,NA,dynamic_classA
2579999,2024-01-24T21:41:42Z,50.79962166666667,-1.1100299999999999,NA,NA,NA,dynamic_classA
2579999,2024-01-24T21:41:45Z,9.503441666666667,-13.708233333333334,NA,NA,NA,dynamic_classA
2579999,2024-01-24T21:42:02Z,35.501551666666664,129.44114333333334,NA,NA,NA,dynamic_classA
2579999,2024-01-24T21:42:04Z,-20.36043,114.77378,NA,NA,NA,satellite
2579999,2024-01-24T21:42:07Z,-20.360458333333334,114.77373833333333,NA,NA,NA,satellite
2579999,2024-01-24T21:42:13Z,24.536291666666667,54.385095,NA,NA,NA,dynamic_classA
2579999,2024-01-24T21:42:16Z,34.79533333333333,127.73847,NA,NA,NA,dynamic_classA
2579999,2024-01-24T21:42:23Z,35.501551666666664,129.44114666666667,NA,NA,NA,dynamic_classA
2579999,2024-01-24T21:42:28Z,35.501551666666664,129.44114666666667,NA,NA,NA,dynamic_classA
2579999,2024-01-24T21:42:33Z,29.650603333333333,32.36101,NA,NA,NA,dynamic_classA
2579999,2024-01-24T21:42:59Z,35.50155333333333,129.44116166666666,NA,NA,NA,dynamic_classA
2579999,2024-01-24T21:43:06Z,-20.360979999999998,114.77289999999999,NA,NA,NA,satellite
2579999,2024-01-24T21:43:23Z,-20.36114,114.77266666666667,NA,NA,NA,satellite
2579999,2024-01-24T21:43:26Z,-20.361168333333335,114.77262666666667,NA,NA,NA,satellite
2579999,2024-01-24T21:43:27Z,-20.361168333333335,114.77262666666667,NA,NA,NA,satellite
2579999,2024-01-24T21:43:29Z,1.2831350000000001,103.77931833333334,NA,NA,NA,dynamic_classA
2579999,2024-01-24T21:43:43Z,1.2831350000000001,103.77931833333334,NA,NA,NA,dynamic_classA
2579999,2024-01-24T21:43:44Z,-20.361321666666665,114.77238833333334,NA,NA,NA,satellite
2579999,2024-01-24T21:44:02Z,35.501551666666664,129.44115666666667,NA,NA,NA,dynamic_classA
2579999,2024-01-24T21:44:04Z,25.31897,53.462525,NA,NA,NA,dynamic_classA
2579999,2024-01-24T21:44:08Z,35.501551666666664,129.44115666666667,NA,NA,NA,dynamic_classA
2579999,2024-01-24T21:44:10Z,25.318976666666668,53.46253,NA,NA,NA,dynamic_classA
2579999,2024-01-24T21:44:16Z,3.5680666666666667,113.32466500000001,NA,NA,NA,dynamic_classA
2579999,2024-01-24T21:44:17Z,-20.361614999999997,114.771935,NA,NA,NA,satellite
2579999,2024-01-24T21:44:19Z,65.21718666666666,6.9051116666666665,NA,NA,NA,dynamic_classA
2579999,2024-01-24T21:44:27Z,34.79534,127.73848333333333,NA,NA,NA,satellite
2579999,2024-01-24T21:44:28Z,-20.361706666666667,114.7718,NA,NA,NA,satellite
2579999,2024-01-24T21:44:43Z,-20.361798333333336,114.77166000000001,NA,NA,NA,dynamic_classA
2579999,2024-01-24T21:44:49Z,25.31896833333333,53.46252666666667,NA,NA,NA,dynamic_classA
2579999,2024-01-24T21:44:51Z,1.2831266666666667,103.77933166666666,NA,NA,NA,dynamic_classA
2579999,2024-01-24T21:44:57Z,25.31896833333333,53.46252666666667,NA,NA,NA,dynamic_classA
2579999,2024-01-24T21:44:59Z,25.31896833333333,53.46252666666667,NA,NA,NA,dynamic_classA
2579999,2024-01-24T21:45:00Z,29.65060833333333,32.36100166666667,NA,NA,NA,dynamic_classA
2579999,2024-01-24T21:45:02Z,25.31896833333333,53.46252666666667,NA,NA,NA,dynamic_classA
2579999,2024-01-24T21:45:06Z,56.70166166666667,-2.465731666666667,NA,NA,NA,dynamic_classA
2579999,2024-01-24T21:45:11Z,29.650605,32.36100166666667,NA,NA,NA,dynamic_classA
2579999,2024-01-24T21:45:17Z,-2.6682566666666667,118.894495,NA,NA,NA,dynamic_classA
2579999,2024-01-24T21:45:40Z,25.31897,53.462525,NA,NA,NA,dynamic_classA
2579999,2024-01-24T21:45:41Z,25.31897,53.462525,NA,NA,NA,dynamic_classA
2579999,2024-01-24T21:45:44Z,25.31897,53.462525,NA,NA,NA,satellite
2579999,2024-01-24T21:45:45Z,25.31897,53.462525,NA,NA,NA,dynamic_classA
2579999,2024-01-24T21:45:47Z,34.79533833333333,127.73848166666667,NA,NA,NA,dynamic_classA
2579999,2024-01-24T21:45:49Z,58.01462166666667,7.483898333333333,NA,NA,NA,dynamic_classA
2579999,2024-01-24T21:45:50Z,25.31897,53.462525,NA,NA,NA,dynamic_classA
2579999,2024-01-24T21:46:01Z,25.31896833333333,53.46252166666667,NA,NA,NA,dynamic_classA
2579999,2024-01-24T21:46:06Z,53.539989999999996,9.878853333333332,NA,NA,NA,dynamic_classA
2579999,2024-01-24T21:46:10Z,25.31896833333333,53.46252166666667,NA,NA,NA,satellite
2579999,2024-01-24T21:46:24Z,53.539989999999996,9.878851666666666,NA,NA,NA,dynamic_classA
2579999,2024-01-24T21:46:32Z,50.79961333333333,-1.1100316666666667,NA,NA,NA,dynamic_classA
2579999,2024-01-24T21:46:33Z,56.70171666666667,-2.465686666666667,NA,NA,NA,dynamic_classA
2579999,2024-01-24T21:46:36Z,24.536288333333335,54.385085000000004,NA,NA,NA,dynamic_classA
2579999,2024-01-24T21:46:38Z,35.501531666666665,129.441135,NA,NA,NA,dynamic_classA
2579999,2024-01-24T21:46:40Z,-38.44955,148.30884166666667,NA,NA,NA,satellite
2579999,2024-01-24T21:46:43Z,-20.36293,114.76989666666667,NA,NA,NA,satellite
2579999,2024-01-24T21:46:50Z,-38.449553333333334,148.30885166666667,NA,NA,NA,satellite
2579999,2024-01-24T21:46:54Z,9.503445,-13.708223333333333,NA,NA,NA,dynamic_classA
2579999,2024-01-24T21:46:57Z,-20.363055,114.76972666666667,NA,NA,NA,satellite
2579999,2024-01-24T21:47:01Z,-38.44955166666667,148.308865,NA,NA,NA,satellite
2579999,2024-01-24T21:47:06Z,9.503441666666667,-13.70822,NA,NA,NA,dynamic_classA
2579999,2024-01-24T21:47:25Z,9.503440000000001,-13.708210000000001,NA,NA,NA,dynamic_classA
2579999,2024-01-24T21:47:28Z,50.79962,-1.1100333333333334,NA,NA,NA,dynamic_classA
2579999,2024-01-24T21:47:30Z,-38.44954166666666,148.308915,NA,NA,NA,satellite
2579999,2024-01-24T21:47:35Z,24.536283333333333,54.38507833333333,NA,NA,NA,dynamic_classA
2579999,2024-01-24T21:47:36Z,9.503440000000001,-13.708210000000001,NA,NA,NA,dynamic_classA
2579999,2024-01-24T21:47:40Z,-38.44953666666667,148.30892833333334,NA,NA,NA,satellite
2579999,2024-01-24T21:47:42Z,-20.363565,114.76898666666666,NA,NA,NA,dynamic_classA
2579999,2024-01-24T21:47:44Z,-20.363496666666666,114.76907333333334,NA,NA,NA,satellite
2579999,2024-01-24T21:47:45Z,34.795343333333335,127.73849,NA,NA,NA,dynamic_classA
2579999,2024-01-24T21:47:47Z,1.2831299999999999,103.77935000000001,NA,NA,NA,satellite
2579999,2024-01-24T21:47:48Z,29.650603333333333,32.36100666666667,NA,NA,NA,dynamic_classA
2579999,2024-01-24T21:47:54Z,56.70169,-2.4656933333333333,NA,NA,NA,dynamic_classA
2579999,2024-01-24T21:47:58Z,1.2831299999999999,103.77935000000001,NA,NA,NA,dynamic_classA
2579999,2024-01-24T21:47:59Z,24.536283333333333,54.385075,NA,NA,NA,dynamic_classA
2579999,2024-01-24T21:48:00Z,-38.44953666666667,148.30894,NA,NA,NA,satellite
2579999,2024-01-24T21:48:06Z,35.50154333333333,129.44113166666665,NA,NA,NA,dynamic_classA
2579999,2024-01-24T21:48:20Z,-38.44954833333334,148.308955,NA,NA,NA,satellite
2579999,2024-01-24T21:48:27Z,-20.363938333333333,114.76854333333334,NA,NA,NA,satellite
2579999,2024-01-24T21:48:34Z,-20.364011666666666,114.76845,NA,NA,NA,satellite
2579999,2024-01-24T21:48:35Z,1.2831266666666667,103.77934333333333,NA,NA,NA,dynamic_classA
2579999,2024-01-24T21:48:39Z,24.536285000000003,54.38507666666667,NA,NA,NA,dynamic_classA
2579999,2024-01-24T21:48:40Z,-20.364083333333333,114.76835666666666,NA,NA,NA,satellite
2579999,2024-01-24T21:48:47Z,-20.364143333333335,114.76828,NA,NA,NA,satellite
2579999,2024-01-24T21:48:50Z,-20.364183333333337,114.76823166666667,NA,NA,NA,satellite
2579999,2024-01-24T21:49:00Z,-38.449605,148.30897666666667,NA,NA,NA,satellite
2579999,2024-01-24T21:49:23Z,-20.364525,114.76783166666668,NA,NA,NA,satellite
2579999,2024-01-24T21:49:39Z,24.536285000000003,54.385083333333334,NA,NA,NA,dynamic_classA
2579999,2024-01-24T21:49:40Z,-20.36471166666667,114.767625,NA,NA,NA,satellite
2579999,2024-01-24T21:49:41Z,-20.364665,114.76767333333333,NA,NA,NA,dynamic_classA
2579999,2024-01-24T21:49:50Z,54.60330166666667,-1.1616983333333333,NA,NA,NA,dynamic_classA
2579999,2024-01-24T21:49:53Z,-20.364853333333333,114.76746333333334,NA,NA,NA,satellite
2579999,2024-01-24T21:49:54Z,65.21718833333334,6.905101666666667,NA,NA,NA,dynamic_classA
2579999,2024-01-24T21:49:55Z,-20.364853333333333,114.76746333333334,NA,NA,NA,satellite
2579999,2024-01-24T21:50:13Z,53.539989999999996,9.878865,NA,NA,NA,dynamic_classA
2579999,2024-01-24T21:50:14Z,10.285796666666666,106.76142499999999,NA,NA,NA,dynamic_classA
2579999,2024-01-24T21:50:19Z,35.501551666666664,129.44112833333332,NA,NA,NA,dynamic_classA
2579999,2024-01-24T21:50:36Z,1.2831316666666666,103.77931833333334,NA,NA,NA,dynamic_classA
2579999,2024-01-24T21:50:48Z,-20.365398333333335,114.76681833333333,NA,NA,NA,satellite
2579999,2024-01-24T21:50:51Z,-20.365441666666666,114.76677166666667,NA,NA,NA,satellite
2579999,2024-01-24T21:51:08Z,-20.365613333333332,114.766565,NA,NA,NA,satellite
2579999,2024-01-24T21:51:11Z,24.536281666666664,54.385081666666665,NA,NA,NA,satellite
2579999,2024-01-24T21:51:15Z,-20.36568833333333,114.76647,NA,NA,NA,dynamic_classA
2579999,2024-01-24T21:51:22Z,-38.449661666666664,148.309075,NA,NA,NA,dynamic_classA
2579999,2024-01-24T21:51:28Z,65.21719666666667,6.905076666666667,NA,NA,NA,dynamic_classA
2579999,2024-01-24T21:51:34Z,-20.36582333333333,114.76630333333333,NA,NA,NA,dynamic_classA
2579999,2024-01-24T21:51:35Z,-20.365898333333334,114.766215,NA,NA,NA,satellite
2579999,2024-01-24T21:51:45Z,29.650591666666667,32.360996666666665,NA,NA,NA,satellite
2579999,2024-01-24T21:51:52Z,-20.36608,114.76601000000001,NA,NA,NA,satellite
2579999,2024-01-24T21:52:07Z,24.536275,54.38508,NA,NA,NA,satellite
2579999,2024-01-24T21:52:08Z,-20.366263333333332,114.76582499999999,NA,NA,NA,satellite
2579999,2024-01-24T21:52:12Z,65.21719333333333,6.90509,NA,NA,NA,dynamic_classA
2579999,2024-01-24T21:52:14Z,50.79962333333334,-1.11002,NA,NA,NA,satellite
2579999,2024-01-24T21:52:24Z,-20.366458333333334,114.76560833333333,NA,NA,NA,satellite
2579999,2024-01-24T21:52:25Z,35.50151833333334,129.44113000000002,NA,NA,NA,dynamic_classA
2579999,2024-01-24T21:52:27Z,-20.366491666666665,114.76557,NA,NA,NA,satellite
2579999,2024-01-24T21:52:30Z,25.318961666666667,53.46252333333334,NA,NA,NA,dynamic_classA
2579999,2024-01-24T21:52:32Z,25.318961666666667,53.462525,NA,NA,NA,dynamic_classA
2579999,2024-01-24T21:52:37Z,29.65059,32.361003333333336,NA,NA,NA,dynamic_classA
2579999,2024-01-24T21:52:55Z,29.65059,32.36101166666666,NA,NA,NA,dynamic_classA
2579999,2024-01-24T21:53:06Z,9.503440000000001,-13.708208333333333,NA,NA,NA,dynamic_classA
2579999,2024-01-24T21:53:07Z,-20.366925,114.76506666666667,NA,NA,NA,satellite
2579999,2024-01-24T21:53:17Z,-20.367036666666667,114.76495,NA,NA,NA,satellite
2579999,2024-01-24T21:53:32Z,1.2831366666666668,103.77935333333333,NA,NA,NA,dynamic_classA
2579999,2024-01-24T21:53:33Z,56.70168666666667,-2.4657233333333335,NA,NA,NA,dynamic_classA
2579999,2024-01-24T21:53:50Z,25.318966666666665,53.46252833333333,NA,NA,NA,dynamic_classA
2579999,2024-01-24T21:54:05Z,1.2831366666666668,103.77934333333333,NA,NA,NA,dynamic_classA
2579999,2024-01-24T21:54:08Z,35.501535,129.44114666666667,NA,NA,NA,dynamic_classA
2579999,2024-01-24T21:54:17Z,-20.367683333333332,114.7642,NA,NA,NA,satellite
2579999,2024-01-24T21:54:53Z,-20.368086666666667,114.76373333333332,NA,NA,NA,satellite
2579999,2024-01-24T21:55:01Z,-38.449688333333334,148.30921166666667,NA,NA,NA,dynamic_classA
2579999,2024-01-24T21:55:15Z,1.2831416666666666,103.77934833333333,NA,NA,NA,dynamic_classA
2579999,2024-01-24T21:55:16Z,24.53629,54.385081666666665,NA,NA,NA,dynamic_classA
2579999,2024-01-24T21:55:18Z,-20.36832666666667,114.76343833333334,NA,NA,NA,satellite
2579999,2024-01-24T21:55:23Z,35.50154166666667,129.44113000000002,NA,NA,NA,dynamic_classA
2579999,2024-01-24T21:55:24Z,-20.368393333333334,114.76335,NA,NA,NA,satellite
2579999,2024-01-24T21:55:27Z,25.31897,53.462520000000005,NA,NA,NA,dynamic_classA
2579999,2024-01-24T21:55:34Z,-20.368491666666667,114.76323000000001,NA,NA,NA,satellite
2579999,2024-01-24T21:55:49Z,24.536285000000003,54.38508,NA,NA,NA,dynamic_classA
2579999,2024-01-24T21:56:04Z,-20.368831666666665,114.762875,NA,NA,NA,satellite
2579999,2024-01-24T21:56:11Z,25.318976666666668,53.46252833333333,NA,NA,NA,dynamic_classA
2579999,2024-01-24T21:56:18Z,25.318976666666668,53.46252833333333,NA,NA,NA,dynamic_classA
2579999,2024-01-24T21:56:24Z,-20.369048333333335,114.76261166666667,NA,NA,NA,satellite
2579999,2024-01-24T21:56:26Z,35.501533333333334,129.441115,NA,NA,NA,dynamic_classA
2579999,2024-01-24T21:56:39Z,34.79533833333333,127.73848500000001,NA,NA,NA,dynamic_classA
2579999,2024-01-24T21:56:40Z,9.503438333333333,-13.708218333333333,NA,NA,NA,dynamic_classA
2579999,2024-01-24T21:57:04Z,-20.36949,114.76212000000001,NA,NA,NA,satellite
2579999,2024-01-24T21:57:07Z,35.50153,129.44111333333333,NA,NA,NA,satellite
2579999,2024-01-24T21:57:12Z,9.503436666666666,-13.70822,NA,NA,NA,dynamic_classA
2579999,2024-01-24T21:57:14Z,-20.369606666666666,114.76199666666666,NA,NA,NA,satellite
2579999,2024-01-24T21:57:17Z,-20.369643333333332,114.76196166666666,NA,NA,NA,satellite
2579999,2024-01-24T21:57:29Z,25.318981666666666,53.46252833333333,NA,NA,NA,dynamic_classA
2579999,2024-01-24T21:57:30Z,65.21718333333334,6.905085,NA,NA,NA,dynamic_classA
2579999,2024-01-24T21:57:44Z,50.799638333333334,-1.1100266666666667,NA,NA,NA,dynamic_classA
2579999,2024-01-24T21:57:46Z,9.50343,-13.708235,NA,NA,NA,dynamic_classA
2579999,2024-01-24T21:57:47Z,35.50152833333333,129.44111666666666,NA,NA,NA,dynamic_classA
2579999,2024-01-24T21:57:54Z,-20.37004,114.7615,NA,NA,NA,satellite
2579999,2024-01-24T21:57:55Z,53.539993333333335,9.878876666666667,NA,NA,NA,dynamic_classA
2579999,2024-01-24T21:58:14Z,-20.370236666666663,114.76127166666667,NA,NA,NA,satellite
2579999,2024-01-24T21:58:21Z,65.21719333333333,6.90509,NA,NA,NA,satellite
2579999,2024-01-24T21:58:31Z,-20.370425,114.76107,NA,NA,NA,satellite
2579999,2024-01-24T21:58:37Z,53.539993333333335,9.878870000000001,NA,NA,NA,dynamic_classA
2579999,2024-01-24T21:58:38Z,35.50154333333333,129.44112833333332,NA,NA,NA,dynamic_classA
2579999,2024-01-24T21:58:56Z,34.79535666666666,127.73848833333334,NA,NA,NA,dynamic_classA
2579999,2024-01-24T21:59:09Z,56.70166833333334,-2.4657066666666667,NA,NA,NA,dynamic_classA
2579999,2024-01-24T21:59:10Z,58.014633333333336,7.483875,NA,NA,NA,dynamic_classA
2579999,2024-01-24T21:59:15Z,-20.370806666666667,114.76061,NA,NA,NA,dynamic_classA
2579999,2024-01-24T21:59:17Z,25.318973333333336,53.462525,NA,NA,NA,dynamic_classA
2579999,2024-01-24T21:59:18Z,53.53999666666667,9.878868333333333,NA,NA,NA,dynamic_classA
2579999,2024-01-24T21:59:46Z,24.536261666666668,54.38507666666667,NA,NA,NA,dynamic_classA
2579999,2024-01-24T21:59:59Z,50.79962833333333,-1.1100349999999999,NA,NA,NA,dynamic_classA
2579999,2024-01-24T22:00:08Z,25.31897,53.462525,NA,NA,NA,dynamic_classA
2579999,2024-01-24T22:00:26Z,24.536258333333333,54.385065000000004,NA,NA,NA,dynamic_classA
2579999,2024-01-24T22:00:34Z,25.318975000000002,53.46252333333334,NA,NA,NA,dynamic_classA
2579999,2024-01-24T22:00:37Z,50.79963333333333,-1.1100333333333334,NA,NA,NA,dynamic_classA
2579999,2024-01-24T22:00:40Z,34.79534666666667,127.73847833333333,NA,NA,NA,dynamic_classA
2579999,2024-01-24T22:00:50Z,29.650546666666667,32.36099333333333,NA,NA,NA,dynamic_classA
2579999,2024-01-24T22:00:55Z,34.795345,127.73847833333333,NA,NA,NA,dynamic_classA
2579999,2024-01-24T22:01:10Z,58.01463833333333,7.483881666666666,NA,NA,NA,dynamic_classA
2579999,2024-01-24T22:01:19Z,56.70168666666667,-2.465726666666667,NA,NA,NA,dynamic_classA
2579999,2024-01-24T22:01:31Z,25.318978333333334,53.46252833333333,NA,NA,NA,dynamic_classA
2579999,2024-01-24T22:01:38Z,35.50154333333333,129.44112333333334,NA,NA,NA,dynamic_classA
2579999,2024-01-24T22:01:54Z,10.2858,106.76147833333333,NA,NA,NA,dynamic_classA
2579999,2024-01-24T22:01:58Z,35.50154333333333,129.44112166666667,NA,NA,NA,dynamic_classA
2579999,2024-01-24T22:02:00Z,34.795343333333335,127.73848666666666,NA,NA,NA,dynamic_classA
2579999,2024-01-24T22:02:09Z,25.318973333333336,53.46252833333333,NA,NA,NA,dynamic_classA
2579999,2024-01-24T22:02:25Z,25.318973333333336,53.46252166666667,NA,NA,NA,dynamic_classA
2579999,2024-01-24T22:02:34Z,25.318973333333336,53.46252166666667,NA,NA,NA,dynamic_classA
2579999,2024-01-24T22:02:36Z,-20.372993333333334,114.758155,NA,NA,NA,dynamic_classA
2579999,2024-01-24T22:02:41Z,25.318973333333336,53.46252166666667,NA,NA,NA,dynamic_classA
2579999,2024-01-24T22:02:42Z,35.50154,129.44112333333334,NA,NA,NA,dynamic_classA
2579999,2024-01-24T22:02:43Z,29.650579999999998,32.36099333333333,NA,NA,NA,dynamic_classA
2579999,2024-01-24T22:02:45Z,25.318973333333336,53.46252166666667,NA,NA,NA,dynamic_classA
2579999,2024-01-24T22:02:52Z,25.31897,53.462520000000005,NA,NA,NA,dynamic_classA
2579999,2024-01-24T22:02:53Z,9.503433333333334,-13.708229999999999,NA,NA,NA,dynamic_classA
2579999,2024-01-24T22:03:02Z,25.31897,53.46251666666667,NA,NA,NA,dynamic_classA
2579999,2024-01-24T22:03:05Z,34.79533166666667,127.73848,NA,NA,NA,dynamic_classA
2579999,2024-01-24T22:03:08Z,35.501545,129.441125,NA,NA,NA,dynamic_classA
2579999,2024-01-24T22:03:09Z,25.31897,53.462518333333335,NA,NA,NA,dynamic_classA
2579999,2024-01-24T22:03:11Z,25.318966666666665,53.462518333333335,NA,NA,NA,dynamic_classA
2579999,2024-01-24T22:03:19Z,25.318966666666665,53.462518333333335,NA,NA,NA,dynamic_classA
2579999,2024-01-24T22:03:20Z,25.31897,53.46251666666667,NA,NA,NA,dynamic_classA
2579999,2024-01-24T22:03:21Z,25.31897,53.46251666666667,NA,NA,NA,dynamic_classA
2579999,2024-01-24T22:03:22Z,25.318966666666665,53.462518333333335,NA,NA,NA,dynamic_classA
2579999,2024-01-24T22:03:30Z,25.318966666666665,53.462518333333335,NA,NA,NA,dynamic_classA
2579999,2024-01-24T22:03:37Z,25.318973333333336,53.46252166666667,NA,NA,NA,dynamic_classA
2579999,2024-01-24T22:03:39Z,35.50154666666666,129.441135,NA,NA,NA,dynamic_classA
2579999,2024-01-24T22:03:50Z,1.2831333333333332,103.779335,NA,NA,NA,dynamic_classA
2579999,2024-01-24T22:04:03Z,25.31897,53.46251666666667,NA,NA,NA,dynamic_classA
2579999,2024-01-24T22:04:31Z,24.536285000000003,54.385070000000006,NA,NA,NA,dynamic_classA
2579999,2024-01-24T22:05:07Z,34.79533,127.73847166666665,NA,NA,NA,dynamic_classA
2579999,2024-01-24T22:05:09Z,3.5680666666666667,113.32466500000001,NA,NA,NA,dynamic_classA
2579999,2024-01-24T22:05:21Z,29.650575,32.360996666666665,NA,NA,NA,dynamic_classA
2579999,2024-01-24T22:05:32Z,35.50155333333333,129.441155,NA,NA,NA,dynamic_classA
2579999,2024-01-24T22:05:36Z,56.70169333333333,-2.4656966666666666,NA,NA,NA,dynamic_classA
2579999,2024-01-24T22:05:39Z,1.2831350000000001,103.77935000000001,NA,NA,NA,dynamic_classA
2579999,2024-01-24T22:05:43Z,1.2831350000000001,103.77935000000001,NA,NA,NA,dynamic_classA
2579999,2024-01-24T22:05:47Z,-2.668251666666667,118.89451000000001,NA,NA,NA,dynamic_classA
2579999,2024-01-24T22:06:01Z,29.650571666666668,32.361000000000004,NA,NA,NA,dynamic_classA
2579999,2024-01-24T22:06:21Z,1.2831299999999999,103.77934166666667,NA,NA,NA,dynamic_classA
2579999,2024-01-24T22:06:26Z,24.536281666666664,54.385085000000004,NA,NA,NA,dynamic_classA
2579999,2024-01-24T22:06:27Z,34.79534833333333,127.73847666666667,NA,NA,NA,dynamic_classA
2579999,2024-01-24T22:06:33Z,56.70167666666667,-2.46573,NA,NA,NA,dynamic_classA
2579999,2024-01-24T22:06:46Z,53.53999833333333,9.878878333333335,NA,NA,NA,dynamic_classA
2579999,2024-01-24T22:06:58Z,35.50154333333333,129.441145,NA,NA,NA,dynamic_classA
2579999,2024-01-24T22:07:00Z,1.2831266666666667,103.77931666666667,NA,NA,NA,dynamic_classA
2579999,2024-01-24T22:07:03Z,24.536279999999998,54.385083333333334,NA,NA,NA,dynamic_classA
2579999,2024-01-24T22:07:14Z,53.53999833333333,9.878874999999999,NA,NA,NA,dynamic_classA
2579999,2024-01-24T22:07:35Z,10.285789999999999,106.76142,NA,NA,NA,dynamic_classA
2579999,2024-01-24T22:07:40Z,24.536283333333333,54.385075,NA,NA,NA,dynamic_classA
2579999,2024-01-24T22:07:55Z,9.503441666666667,-13.708235,NA,NA,NA,dynamic_classA
2579999,2024-01-24T22:08:06Z,1.2831350000000001,103.77934166666667,NA,NA,NA,dynamic_classA
2579999,2024-01-24T22:08:19Z,53.53999666666667,9.878871666666667,NA,NA,NA,dynamic_classA
2579999,2024-01-24T22:08:26Z,9.503436666666666,-13.708218333333333,NA,NA,NA,dynamic_classA
2579999,2024-01-24T22:08:27Z,35.50154,129.441135,NA,NA,NA,dynamic_classA
2579999,2024-01-24T22:08:28Z,-20.376946666666665,114.75372999999999,NA,NA,NA,dynamic_classA
2579999,2024-01-24T22:08:44Z,56.70169333333333,-2.465708333333333,NA,NA,NA,dynamic_classA
2579999,2024-01-24T22:08:49Z,24.536281666666664,54.38506666666667,NA,NA,NA,dynamic_classA
2579999,2024-01-24T22:09:18Z,1.2831366666666668,103.77933,NA,NA,NA,dynamic_classA
2579999,2024-01-24T22:09:34Z,24.536276666666666,54.385065000000004,NA,NA,NA,dynamic_classA
2579999,2024-01-24T22:09:44Z,1.2831433333333335,103.77933666666667,NA,NA,NA,dynamic_classA
2579999,2024-01-24T22:10:00Z,65.21719833333333,6.905123333333333,NA,NA,NA,dynamic_classA
2579999,2024-01-24T22:10:10Z,54.60323833333334,-1.1617400000000002,NA,NA,NA,dynamic_classA
2579999,2024-01-24T22:10:30Z,35.50154166666667,129.44114166666665,NA,NA,NA,dynamic_classA
2579999,2024-01-24T22:10:34Z,10.285779999999999,106.76141666666668,NA,NA,NA,dynamic_classA
2579999,2024-01-24T22:10:38Z,-20.3782,114.75231333333333,NA,NA,NA,dynamic_classA
2579999,2024-01-24T22:10:39Z,24.536281666666664,54.385075,NA,NA,NA,dynamic_classA
2579999,2024-01-24T22:10:53Z,53.53998833333333,9.878865,NA,NA,NA,dynamic_classA
2579999,2024-01-24T22:11:18Z,50.79962333333334,-1.11002,NA,NA,NA,dynamic_classA
2579999,2024-01-24T22:12:14Z,56.701699999999995,-2.4657366666666665,NA,NA,NA,dynamic_classA
2579999,2024-01-24T22:12:22Z,65.21719,6.905060000000001,NA,NA,NA,dynamic_classA
2579999,2024-01-24T22:12:25Z,35.50153666666667,129.44112333333334,NA,NA,NA,dynamic_classA
2579999,2024-01-24T22:12:28Z,24.536279999999998,54.385081666666665,NA,NA,NA,dynamic_classA
2579999,2024-01-24T22:12:32Z,-38.44966,148.309115,NA,NA,NA,dynamic_classA
2579999,2024-01-24T22:12:35Z,-20.379511666666666,114.75090166666668,NA,NA,NA,dynamic_classA
2579999,2024-01-24T22:13:15Z,29.650579999999998,32.360996666666665,NA,NA,NA,dynamic_classA
2579999,2024-01-24T22:13:25Z,29.650585,32.360998333333335,NA,NA,NA,dynamic_classA
2579999,2024-01-24T22:13:35Z,1.28314,103.77933666666667,NA,NA,NA,dynamic_classA
2579999,2024-01-24T22:13:44Z,50.79962,-1.110025,NA,NA,NA,dynamic_classA
2579999,2024-01-24T22:14:06Z,9.503431666666668,-13.708238333333332,NA,NA,NA,dynamic_classA
2579999,2024-01-24T22:14:07Z,24.536273333333334,54.385061666666665,NA,NA,NA,dynamic_classA
2579999,2024-01-24T22:14:08Z,-20.380495,114.749905,NA,NA,NA,dynamic_classA
2579999,2024-01-24T22:14:13Z,1.2831283333333334,103.77932666666668,NA,NA,NA,dynamic_classA
2579999,2024-01-24T22:14:39Z,29.650583333333334,32.36100666666667,NA,NA,NA,dynamic_classA
2579999,2024-01-24T22:15:21Z,9.503436666666666,-13.708223333333333,NA,NA,NA,dynamic_classA
2579999,2024-01-24T22:15:26Z,24.536275,54.38507666666667,NA,NA,NA,dynamic_classA
2579999,2024-01-24T22:16:11Z,1.2831249999999998,103.77933833333333,NA,NA,NA,dynamic_classA
2579999,2024-01-24T22:16:13Z,35.501549999999995,129.441135,NA,NA,NA,dynamic_classA
2579999,2024-01-24T22:16:28Z,29.650571666666668,32.361003333333336,NA,NA,NA,dynamic_classA
2579999,2024-01-24T22:17:06Z,9.503426666666666,-13.708229999999999,NA,NA,NA,dynamic_classA
2579999,2024-01-24T22:17:09Z,50.79965333333334,-1.1100466666666666,NA,NA,NA,dynamic_classA
2579999,2024-01-24T22:17:17Z,35.50154833333333,129.44113333333334,NA,NA,NA,dynamic_classA
2579999,2024-01-24T22:17:21Z,-20.38266666666667,114.74769166666667,NA,NA,NA,satellite
2579999,2024-01-24T22:17:28Z,-20.382731666666665,114.74763166666666,NA,NA,NA,satellite
2579999,2024-01-24T22:17:29Z,34.79535166666667,127.73847833333333,NA,NA,NA,dynamic_classA
2579999,2024-01-24T22:17:40Z,24.536275,54.38506833333334,NA,NA,NA,dynamic_classA
2579999,2024-01-24T22:17:44Z,-20.382923333333334,114.74744666666668,NA,NA,NA,satellite
2579999,2024-01-24T22:17:48Z,-20.382953333333333,114.74741333333333,NA,NA,NA,satellite
2579999,2024-01-24T22:17:54Z,-20.38302666666667,114.74733166666667,NA,NA,NA,satellite
2579999,2024-01-24T22:17:57Z,35.501549999999995,129.44113333333334,NA,NA,NA,dynamic_classA
2579999,2024-01-24T22:18:01Z,-20.383100000000002,114.74725333333335,NA,NA,NA,satellite
2579999,2024-01-24T22:18:08Z,35.501549999999995,129.441135,NA,NA,NA,dynamic_classA
2579999,2024-01-24T22:18:11Z,-20.383201666666665,114.74714,NA,NA,NA,satellite
2579999,2024-01-24T22:18:15Z,53.539985,9.878868333333333,NA,NA,NA,dynamic_classA
2579999,2024-01-24T22:18:18Z,24.536276666666666,54.385065000000004,NA,NA,NA,dynamic_classA
2579999,2024-01-24T22:18:22Z,9.50343,-13.708221666666667,NA,NA,NA,dynamic_classA
2579999,2024-01-24T22:18:24Z,50.79964,-1.1100433333333333,NA,NA,NA,dynamic_classA
2579999,2024-01-24T22:18:27Z,35.501551666666664,129.44113333333334,NA,NA,NA,dynamic_classA
2579999,2024-01-24T22:18:35Z,21.571415000000002,88.251425,NA,NA,NA,dynamic_classA
2579999,2024-01-24T22:18:56Z,34.79534666666667,127.73846,NA,NA,NA,dynamic_classA
2579999,2024-01-24T22:18:57Z,53.539986666666664,9.878868333333333,NA,NA,NA,dynamic_classA
2579999,2024-01-24T22:19:14Z,-20.383891666666667,114.746445,NA,NA,NA,satellite
2579999,2024-01-24T22:19:18Z,35.501551666666664,129.441125,NA,NA,NA,dynamic_classA
2579999,2024-01-24T22:19:19Z,56.70166666666667,-2.46575,NA,NA,NA,dynamic_classA
2579999,2024-01-24T22:19:34Z,-20.384104999999998,114.74620833333333,NA,NA,NA,satellite
2579999,2024-01-24T22:20:01Z,-20.384323333333334,114.74600833333334,NA,NA,NA,dynamic_classA
2579999,2024-01-24T22:20:08Z,53.53998833333333,9.87886,NA,NA,NA,dynamic_classA
2579999,2024-01-24T22:20:09Z,50.79964666666667,-1.1100400000000001,NA,NA,NA,dynamic_classA
2579999,2024-01-24T22:20:56Z,50.79963333333333,-1.1100349999999999,NA,NA,NA,dynamic_classA
2579999,2024-01-24T22:20:59Z,29.65056333333333,32.36100833333333,NA,NA,NA,dynamic_classA
2579999,2024-01-24T22:21:15Z,-20.385198333333335,114.74513499999999,NA,NA,NA,satellite
2579999,2024-01-24T22:21:30Z,34.795359999999995,127.73847166666665,NA,NA,NA,dynamic_classA
2579999,2024-01-24T22:21:45Z,-20.385545,114.74479833333334,NA,NA,NA,satellite
2579999,2024-01-24T22:21:48Z,-20.385578333333335,114.74476333333334,NA,NA,NA,satellite
2579999,2024-01-24T22:21:53Z,-20.385655,114.74468333333333,NA,NA,NA,satellite
2579999,2024-01-24T22:21:55Z,-20.385655,114.74468333333333,NA,NA,NA,satellite
2579999,2024-01-24T22:22:06Z,-20.385793333333332,114.744535,NA,NA,NA,satellite
2579999,2024-01-24T22:22:08Z,35.50154833333333,129.441135,NA,NA,NA,satellite
2579999,2024-01-24T22:22:17Z,-20.38590333333333,114.74443166666667,NA,NA,NA,satellite
2579999,2024-01-24T22:22:18Z,-20.38590333333333,114.74443166666667,NA,NA,NA,satellite
2579999,2024-01-24T22:22:22Z,34.79536666666667,127.73847833333333,NA,NA,NA,dynamic_classA
2579999,2024-01-24T22:22:49Z,65.2172,6.905098333333333,NA,NA,NA,dynamic_classA
2579999,2024-01-24T22:22:50Z,35.50154333333333,129.441125,NA,NA,NA,dynamic_classA
2579999,2024-01-24T22:22:54Z,35.50154333333333,129.441125,NA,NA,NA,dynamic_classA
2579999,2024-01-24T22:22:55Z,34.79535833333333,127.73848333333333,NA,NA,NA,satellite
2579999,2024-01-24T22:23:07Z,-20.386466666666667,114.74388833333335,NA,NA,NA,satellite
2579999,2024-01-24T22:23:13Z,29.650578333333332,32.36100666666667,NA,NA,NA,dynamic_classA
2579999,2024-01-24T22:23:15Z,-20.38654166666667,114.74380833333333,NA,NA,NA,satellite
2579999,2024-01-24T22:23:16Z,24.536263333333334,54.38504666666667,NA,NA,NA,dynamic_classA
2579999,2024-01-24T22:23:17Z,-20.38657,114.743775,NA,NA,NA,satellite
2579999,2024-01-24T22:23:18Z,-20.38657,114.743775,NA,NA,NA,satellite
2579999,2024-01-24T22:23:25Z,-20.386643333333332,114.74369666666666,NA,NA,NA,satellite
2579999,2024-01-24T22:23:28Z,-20.386676666666666,114.74366333333334,NA,NA,NA,satellite
2579999,2024-01-24T22:23:32Z,35.50154166666667,129.44112333333334,NA,NA,NA,dynamic_classA
2579999,2024-01-24T22:23:33Z,53.539985,9.878868333333333,NA,NA,NA,dynamic_classA
2579999,2024-01-24T22:23:35Z,34.79535,127.73847,NA,NA,NA,dynamic_classA
2579999,2024-01-24T22:23:48Z,35.50154166666667,129.44112,NA,NA,NA,dynamic_classA
2579999,2024-01-24T22:24:03Z,9.503446666666667,-13.708228333333333,NA,NA,NA,dynamic_classA
2579999,2024-01-24T22:24:10Z,1.2831366666666668,103.77933166666666,NA,NA,NA,dynamic_classA
2579999,2024-01-24T22:24:18Z,-20.387228333333333,114.74313166666667,NA,NA,NA,satellite
2579999,2024-01-24T22:24:19Z,35.501545,129.441125,NA,NA,NA,dynamic_classA
2579999,2024-01-24T22:24:23Z,1.2831366666666668,103.77933166666666,NA,NA,NA,dynamic_classA
2579999,2024-01-24T22:24:25Z,-20.387305,114.74305,NA,NA,NA,satellite
2579999,2024-01-24T22:24:31Z,-38.449603333333336,148.30904666666666,NA,NA,NA,satellite
2579999,2024-01-24T22:24:37Z,29.650576666666666,32.361016666666664,NA,NA,NA,dynamic_classA
2579999,2024-01-24T22:24:44Z,24.536246666666667,54.385065000000004,NA,NA,NA,dynamic_classA
2579999,2024-01-24T22:24:54Z,-20.387615,114.74271,NA,NA,NA,satellite
2579999,2024-01-24T22:24:55Z,9.503466666666666,-13.708216666666667,NA,NA,NA,dynamic_classA
2579999,2024-01-24T22:25:06Z,24.536245,54.38506833333334,NA,NA,NA,dynamic_classA
2579999,2024-01-24T22:25:09Z,65.21720333333333,6.905083333333334,NA,NA,NA,dynamic_classA
2579999,2024-01-24T22:25:18Z,-20.387866666666664,114.74246666666666,NA,NA,NA,satellite
2579999,2024-01-24T22:25:25Z,-20.387945,114.74238666666666,NA,NA,NA,satellite
2579999,2024-01-24T22:25:26Z,24.536246666666667,54.38507333333334,NA,NA,NA,dynamic_classA
2579999,2024-01-24T22:25:46Z,56.701683333333335,-2.4657216666666666,NA,NA,NA,dynamic_classA
2579999,2024-01-24T22:25:51Z,29.650571666666668,32.36101333333333,NA,NA,NA,dynamic_classA
2579999,2024-01-24T22:25:57Z,34.795341666666666,127.73846333333333,NA,NA,NA,dynamic_classA
2579999,2024-01-24T22:26:00Z,3.5680666666666667,113.32466500000001,NA,NA,NA,dynamic_classA
2579999,2024-01-24T22:26:03Z,1.2831249999999998,103.77934666666667,NA,NA,NA,dynamic_classA
2579999,2024-01-24T22:26:19Z,-20.38851,114.74177333333334,NA,NA,NA,satellite
2579999,2024-01-24T22:26:25Z,-20.388586666666665,114.74169666666667,NA,NA,NA,satellite
2579999,2024-01-24T22:26:27Z,-2.668248333333333,118.89449333333333,NA,NA,NA,dynamic_classA
2579999,2024-01-24T22:26:32Z,35.501545,129.441115,NA,NA,NA,dynamic_classA
2579999,2024-01-24T22:26:36Z,53.450561666666665,0.8897033333333333,NA,NA,NA,dynamic_classA
2579999,2024-01-24T22:26:37Z,24.53625,54.38507333333334,NA,NA,NA,dynamic_classA
2579999,2024-01-24T22:26:41Z,1.2831299999999999,103.77934,NA,NA,NA,satellite
2579999,2024-01-24T22:26:45Z,24.53625,54.38507333333334,NA,NA,NA,dynamic_classA
2579999,2024-01-24T22:26:57Z,34.79534666666667,127.73847500000001,NA,NA,NA,dynamic_classA
2579999,2024-01-24T22:27:18Z,35.50154833333333,129.44112,NA,NA,NA,dynamic_classA
2579999,2024-01-24T22:27:25Z,24.536255,54.385059999999996,NA,NA,NA,dynamic_classA
2579999,2024-01-24T22:27:27Z,53.539986666666664,9.878871666666667,NA,NA,NA,dynamic_classA
2579999,2024-01-24T22:27:41Z,-38.44964,148.30907333333334,NA,NA,NA,satellite
2579999,2024-01-24T22:27:47Z,1.2831299999999999,103.77932666666668,NA,NA,NA,dynamic_classA
2579999,2024-01-24T22:27:51Z,1.2831316666666666,103.77932666666668,NA,NA,NA,dynamic_classA
2579999,2024-01-24T22:27:53Z,56.701685,-2.465725,NA,NA,NA,dynamic_classA
2579999,2024-01-24T22:27:54Z,9.503461666666668,-13.708236666666666,NA,NA,NA,dynamic_classA
2579999,2024-01-24T22:28:16Z,9.503459999999999,-13.708231666666668,NA,NA,NA,dynamic_classA
2579999,2024-01-24T22:28:25Z,10.285771666666667,106.76143166666667,NA,NA,NA,dynamic_classA
2579999,2024-01-24T22:28:45Z,9.503458333333333,-13.708216666666667,NA,NA,NA,dynamic_classA
2579999,2024-01-24T22:28:46Z,35.501551666666664,129.44112,NA,NA,NA,dynamic_classA
2579999,2024-01-24T22:28:49Z,24.536271666666668,54.385059999999996,NA,NA,NA,dynamic_classA
2579999,2024-01-24T22:28:58Z,29.650568333333336,32.36100666666667,NA,NA,NA,dynamic_classA
2579999,2024-01-24T22:29:01Z,-33.878501666666665,-58.42106166666667,NA,NA,NA,satellite
2579999,2024-01-24T22:29:15Z,-20.390508333333333,114.739695,NA,NA,NA,dynamic_classA
2579999,2024-01-24T22:29:16Z,34.79534,127.73846833333333,NA,NA,NA,dynamic_classA
2579999,2024-01-24T22:29:34Z,56.70168666666667,-2.4657150000000003,NA,NA,NA,dynamic_classA
2579999,2024-01-24T22:29:39Z,1.2831299999999999,103.779315,NA,NA,NA,dynamic_classA
2579999,2024-01-24T22:29:58Z,34.79534,127.73846,NA,NA,NA,dynamic_classA
2579999,2024-01-24T22:29:59Z,1.2831283333333334,103.77931333333332,NA,NA,NA,dynamic_classA
2579999,2024-01-24T22:30:04Z,24.536261666666668,54.385055,NA,NA,NA,dynamic_classA
2579999,2024-01-24T22:30:11Z,24.536261666666668,54.385061666666665,NA,NA,NA,dynamic_classA
2579999,2024-01-24T22:30:18Z,24.536261666666668,54.385061666666665,NA,NA,NA,dynamic_classA
2579999,2024-01-24T22:30:20Z,54.60326,-1.1617283333333333,NA,NA,NA,dynamic_classA
2579999,2024-01-24T22:30:27Z,24.536261666666668,54.385061666666665,NA,NA,NA,dynamic_classA
2579999,2024-01-24T22:30:39Z,25.31894833333333,53.46251333333333,NA,NA,NA,dynamic_classA
2579999,2024-01-24T22:30:52Z,25.318953333333333,53.462511666666664,NA,NA,NA,dynamic_classA
2579999,2024-01-24T22:30:55Z,35.50155666666667,129.44113000000002,NA,NA,NA,dynamic_classA
2579999,2024-01-24T22:31:00Z,35.50155666666667,129.44113000000002,NA,NA,NA,dynamic_classA
2579999,2024-01-24T22:31:18Z,25.31894833333333,53.462511666666664,NA,NA,NA,dynamic_classA
2579999,2024-01-24T22:31:23Z,53.539993333333335,9.878856666666668,NA,NA,NA,dynamic_classA
2579999,2024-01-24T22:31:31Z,-20.391836666666666,114.73833833333333,NA,NA,NA,dynamic_classA
2579999,2024-01-24T22:31:34Z,10.285779999999999,106.76143,NA,NA,NA,dynamic_classA
2579999,2024-01-24T22:31:44Z,65.217173333333335,6.905095,NA,NA,NA,dynamic_classA
2579999,2024-01-24T22:31:47Z,50.799638333333334,-1.1100333333333334,NA,NA,NA,dynamic_classA
2579999,2024-01-24T22:31:59Z,56.70173333333333,-2.465735,NA,NA,NA,dynamic_classA
2579999,2024-01-24T22:32:16Z,25.318945,53.462518333333335,NA,NA,NA,dynamic_classA
2579999,2024-01-24T22:32:28Z,25.318949999999997,53.462520000000005,NA,NA,NA,dynamic_classA
2579999,2024-01-24T22:32:32Z,-38.44956833333333,148.30897833333333,NA,NA,NA,dynamic_classA
2579999,2024-01-24T22:32:40Z,9.503448333333333,-13.708223333333333,NA,NA,NA,dynamic_classA
2579999,2024-01-24T22:32:42Z,65.21717,6.905083333333334,NA,NA,NA,dynamic_classA
2579999,2024-01-24T22:33:02Z,25.318951666666667,53.46252666666667,NA,NA,NA,dynamic_classA
2579999,2024-01-24T22:33:11Z,25.318951666666667,53.462525,NA,NA,NA,dynamic_classA
2579999,2024-01-24T22:33:15Z,25.318951666666667,53.462525,NA,NA,NA,dynamic_classA
2579999,2024-01-24T22:33:49Z,25.318949999999997,53.46253,NA,NA,NA,dynamic_classA
2579999,2024-01-24T22:33:54Z,25.318951666666667,53.462525,NA,NA,NA,dynamic_classA
2579999,2024-01-24T22:33:55Z,-20.393418333333333,114.73673666666667,NA,NA,NA,dynamic_classA
2579999,2024-01-24T22:34:00Z,24.536251666666665,54.38506833333334,NA,NA,NA,dynamic_classA
2579999,2024-01-24T22:34:05Z,29.650558333333333,32.360998333333335,NA,NA,NA,dynamic_classA
2579999,2024-01-24T22:34:45Z,29.65056,32.361003333333336,NA,NA,NA,dynamic_classA
2579999,2024-01-24T22:35:04Z,50.79965166666667,-1.1100333333333334,NA,NA,NA,dynamic_classA
2579999,2024-01-24T22:35:06Z,9.503461666666668,-13.708206666666666,NA,NA,NA,dynamic_classA
2579999,2024-01-24T22:35:14Z,1.2831366666666668,103.77933666666667,NA,NA,NA,dynamic_classA
2579999,2024-01-24T22:35:15Z,1.2831333333333332,103.77934166666667,NA,NA,NA,dynamic_classA
2579999,2024-01-24T22:35:18Z,-20.394265,114.73589666666666,NA,NA,NA,dynamic_classA
2579999,2024-01-24T22:35:29Z,25.31894833333333,53.462515,NA,NA,NA,dynamic_classA
2579999,2024-01-24T22:35:30Z,24.536246666666667,54.385075,NA,NA,NA,dynamic_classA
2579999,2024-01-24T22:35:31Z,9.503451666666667,-13.708225,NA,NA,NA,dynamic_classA
2579999,2024-01-24T22:36:03Z,-20.394855,114.735305,NA,NA,NA,satellite
2579999,2024-01-24T22:36:20Z,1.2831249999999998,103.77934,NA,NA,NA,dynamic_classA
2579999,2024-01-24T22:36:24Z,1.2831283333333334,103.77934,NA,NA,NA,dynamic_classA
2579999,2024-01-24T22:36:25Z,25.318945,53.462511666666664,NA,NA,NA,dynamic_classA
2579999,2024-01-24T22:36:26Z,-20.395098333333333,114.735055,NA,NA,NA,satellite
2579999,2024-01-24T22:36:30Z,-20.395141666666667,114.735015,NA,NA,NA,satellite
2579999,2024-01-24T22:36:33Z,25.318945,53.462511666666664,NA,NA,NA,dynamic_classA
2579999,2024-01-24T22:36:40Z,-20.395253333333336,114.73491,NA,NA,NA,satellite
2579999,2024-01-24T22:36:42Z,25.31894833333333,53.462511666666664,NA,NA,NA,dynamic_classA
2579999,2024-01-24T22:36:49Z,1.2831283333333334,103.77934,NA,NA,NA,dynamic_classA
2579999,2024-01-24T22:37:00Z,25.318943333333333,53.46251666666667,NA,NA,NA,dynamic_classA
2579999,2024-01-24T22:37:03Z,35.501565,129.44112833333332,NA,NA,NA,satellite
2579999,2024-01-24T22:37:10Z,9.503441666666667,-13.708229999999999,NA,NA,NA,dynamic_classA
2579999,2024-01-24T22:37:47Z,29.65056666666667,32.360996666666665,NA,NA,NA,dynamic_classA
2579999,2024-01-24T22:37:49Z,50.79965,-1.1100349999999999,NA,NA,NA,dynamic_classA
2579999,2024-01-24T22:37:50Z,25.318946666666665,53.46253166666667,NA,NA,NA,dynamic_classA
2579999,2024-01-24T22:37:56Z,9.503441666666667,-13.708231666666668,NA,NA,NA,dynamic_classA
2579999,2024-01-24T22:38:00Z,-20.396111666666666,114.73402666666667,NA,NA,NA,satellite
2579999,2024-01-24T22:38:01Z,25.318943333333333,53.462535,NA,NA,NA,dynamic_classA
2579999,2024-01-24T22:38:06Z,35.501551666666664,129.44113333333334,NA,NA,NA,dynamic_classA
2579999,2024-01-24T22:38:17Z,25.318943333333333,53.462535,NA,NA,NA,dynamic_classA
2579999,2024-01-24T22:38:19Z,34.79537666666667,127.73846666666667,NA,NA,NA,dynamic_classA
2579999,2024-01-24T22:38:27Z,-20.396508333333333,114.73362166666668,NA,NA,NA,dynamic_classA
2579999,2024-01-24T22:38:36Z,-20.396508333333333,114.73362166666668,NA,NA,NA,dynamic_classA
2579999,2024-01-24T22:38:37Z,25.318946666666665,53.46253333333333,NA,NA,NA,dynamic_classA
2579999,2024-01-24T22:38:45Z,53.539986666666664,9.878866666666665,NA,NA,NA,dynamic_classA
2579999,2024-01-24T22:38:47Z,35.501549999999995,129.44113000000002,NA,NA,NA,dynamic_classA
2579999,2024-01-24T22:38:54Z,24.536266666666666,54.385085000000004,NA,NA,NA,dynamic_classA
2579999,2024-01-24T22:38:57Z,35.501551666666664,129.44113166666665,NA,NA,NA,dynamic_classA
2579999,2024-01-24T22:39:03Z,-20.396795,114.73332333333333,NA,NA,NA,satellite
2579999,2024-01-24T22:39:04Z,50.79964666666667,-1.1100349999999999,NA,NA,NA,dynamic_classA
2579999,2024-01-24T22:39:08Z,59.889005,10.753903333333334,NA,NA,NA,dynamic_classA
2579999,2024-01-24T22:39:09Z,56.701678333333334,-2.465751666666667,NA,NA,NA,dynamic_classA
2579999,2024-01-24T22:39:16Z,34.79535333333333,127.73846666666667,NA,NA,NA,dynamic_classA
2579999,2024-01-24T22:39:17Z,53.539985,9.878863333333333,NA,NA,NA,dynamic_classA
2579999,2024-01-24T22:39:38Z,35.50154333333333,129.441135,NA,NA,NA,dynamic_classA
2579999,2024-01-24T22:39:43Z,-20.397233333333336,114.732895,NA,NA,NA,satellite
2579999,2024-01-24T22:40:29Z,50.79965166666667,-1.1100433333333333,NA,NA,NA,dynamic_classA
2579999,2024-01-24T22:40:48Z,53.53998,9.878863333333333,NA,NA,NA,dynamic_classA
2579999,2024-01-24T22:41:15Z,35.501535,129.44112166666667,NA,NA,NA,dynamic_classA
2579999,2024-01-24T22:41:16Z,50.79964666666667,-1.1100233333333334,NA,NA,NA,dynamic_classA
2579999,2024-01-24T22:41:19Z,29.650578333333332,32.36102666666667,NA,NA,NA,dynamic_classA
2579999,2024-01-24T22:41:30Z,-38.449571666666664,148.3091,NA,NA,NA,satellite
2579999,2024-01-24T22:41:39Z,35.50153833333333,129.44111833333332,NA,NA,NA,dynamic_classA
2579999,2024-01-24T22:42:10Z,34.795359999999995,127.73845,NA,NA,NA,dynamic_classA
2579999,2024-01-24T22:42:13Z,-20.398893333333334,114.73121666666665,NA,NA,NA,satellite
2579999,2024-01-24T22:42:24Z,-20.399005,114.73109666666666,NA,NA,NA,satellite
2579999,2024-01-24T22:42:27Z,-20.399038333333333,114.73106166666666,NA,NA,NA,satellite
2579999,2024-01-24T22:42:56Z,25.318941666666667,53.46252333333334,NA,NA,NA,dynamic_classA
2579999,2024-01-24T22:43:14Z,35.50152166666667,129.44112,NA,NA,NA,dynamic_classA
2579999,2024-01-24T22:43:21Z,25.318943333333333,53.462518333333335,NA,NA,NA,dynamic_classA
2579999,2024-01-24T22:43:23Z,-20.399678333333334,114.730425,NA,NA,NA,satellite
2579999,2024-01-24T22:43:28Z,25.318943333333333,53.462518333333335,NA,NA,NA,dynamic_classA
2579999,2024-01-24T22:43:33Z,29.650568333333336,32.36102666666667,NA,NA,NA,dynamic_classA
2579999,2024-01-24T22:43:36Z,9.503445,-13.708198333333334,NA,NA,NA,dynamic_classA
2579999,2024-01-24T22:43:42Z,34.79535666666666,127.73846166666667,NA,NA,NA,dynamic_classA
2579999,2024-01-24T22:43:49Z,25.318943333333333,53.462515,NA,NA,NA,dynamic_classA
2579999,2024-01-24T22:43:51Z,25.318943333333333,53.462515,NA,NA,NA,dynamic_classA
2579999,2024-01-24T22:43:55Z,34.795355,127.73846,NA,NA,NA,dynamic_classA
2579999,2024-01-24T22:44:03Z,53.539970000000004,9.878866666666665,NA,NA,NA,dynamic_classA
2579999,2024-01-24T22:44:06Z,25.318943333333333,53.462515,NA,NA,NA,dynamic_classA
2579999,2024-01-24T22:44:12Z,35.50152,129.44112,NA,NA,NA,dynamic_classA
2579999,2024-01-24T22:44:17Z,25.318946666666665,53.462518333333335,NA,NA,NA,dynamic_classA
2579999,2024-01-24T22:44:28Z,35.50151833333334,129.44112333333334,NA,NA,NA,dynamic_classA
2579999,2024-01-24T22:44:29Z,1.2831316666666666,103.77933166666666,NA,NA,NA,dynamic_classA
2579999,2024-01-24T22:44:36Z,25.318945,53.46251666666667,NA,NA,NA,dynamic_classA
2579999,2024-01-24T22:44:53Z,9.503448333333333,-13.708203333333334,NA,NA,NA,dynamic_classA
2579999,2024-01-24T22:44:56Z,34.79534833333333,127.73846,NA,NA,NA,dynamic_classA
2579999,2024-01-24T22:45:07Z,-20.40083,114.72924333333334,NA,NA,NA,satellite
2579999,2024-01-24T22:45:08Z,25.31894833333333,53.462515,NA,NA,NA,dynamic_classA
2579999,2024-01-24T22:45:12Z,25.31894833333333,53.462515,NA,NA,NA,dynamic_classA
2579999,2024-01-24T22:45:27Z,25.31894833333333,53.462515,NA,NA,NA,dynamic_classA
2579999,2024-01-24T22:45:29Z,1.2831316666666666,103.77933166666666,NA,NA,NA,dynamic_classA
2579999,2024-01-24T22:45:32Z,25.31894833333333,53.462515,NA,NA,NA,dynamic_classA
2579999,2024-01-24T22:46:06Z,56.70169166666667,-2.4657216666666666,NA,NA,NA,dynamic_classA
2579999,2024-01-24T22:46:07Z,-2.66825,118.89448166666666,NA,NA,NA,dynamic_classA
2579999,2024-01-24T22:46:10Z,29.65056,32.36101333333333,NA,NA,NA,dynamic_classA
2579999,2024-01-24T22:46:14Z,25.31895666666667,53.462518333333335,NA,NA,NA,dynamic_classA
2579999,2024-01-24T22:46:16Z,25.318955000000003,53.462518333333335,NA,NA,NA,dynamic_classA
2579999,2024-01-24T22:46:28Z,25.31895666666667,53.462518333333335,NA,NA,NA,dynamic_classA
2579999,2024-01-24T22:46:34Z,25.31895666666667,53.462518333333335,NA,NA,NA,dynamic_classA
2579999,2024-01-24T22:46:35Z,25.31895666666667,53.462518333333335,NA,NA,NA,dynamic_classA
2579999,2024-01-24T22:46:36Z,25.318958333333335,53.462515,NA,NA,NA,dynamic_classA
2579999,2024-01-24T22:46:37Z,34.79535166666667,127.73846499999999,NA,NA,NA,dynamic_classA
2579999,2024-01-24T22:46:38Z,25.31895666666667,53.462518333333335,NA,NA,NA,dynamic_classA
2579999,2024-01-24T22:46:53Z,3.5680666666666667,113.32466500000001,NA,NA,NA,dynamic_classA
2579999,2024-01-24T22:46:54Z,25.318945,53.46251333333333,NA,NA,NA,dynamic_classA
2579999,2024-01-24T22:46:56Z,53.450585000000004,0.8896083333333333,NA,NA,NA,dynamic_classA
2579999,2024-01-24T22:47:05Z,24.536271666666668,54.38507166666667,NA,NA,NA,dynamic_classA
2579999,2024-01-24T22:47:11Z,29.650556666666667,32.361023333333335,NA,NA,NA,dynamic_classA
2579999,2024-01-24T22:47:12Z,35.501533333333334,129.44113833333333,NA,NA,NA,dynamic_classA
2579999,2024-01-24T22:47:24Z,1.2831350000000001,103.77933,NA,NA,NA,dynamic_classA
2579999,2024-01-24T22:47:27Z,34.795365,127.73846333333333,NA,NA,NA,dynamic_classA
2579999,2024-01-24T22:47:38Z,35.501531666666665,129.44113666666667,NA,NA,NA,dynamic_classA
2579999,2024-01-24T22:47:53Z,46.543980000000005,-48.499066666666664,NA,NA,NA,dynamic_classA
2579999,2024-01-24T22:48:05Z,9.503438333333333,-13.708205,NA,NA,NA,dynamic_classA
2579999,2024-01-24T22:48:23Z,56.70166,-2.465751666666667,NA,NA,NA,dynamic_classA
2579999,2024-01-24T22:48:26Z,1.2831350000000001,103.77933833333333,NA,NA,NA,dynamic_classA
2579999,2024-01-24T22:48:34Z,53.53998833333333,9.878866666666665,NA,NA,NA,dynamic_classA
2579999,2024-01-24T22:48:40Z,1.2831333333333332,103.77934,NA,NA,NA,satellite
2579999,2024-01-24T22:48:49Z,1.2831333333333332,103.77934333333333,NA,NA,NA,dynamic_classA
2579999,2024-01-24T22:48:55Z,10.28575,106.76145,NA,NA,NA,dynamic_classA
2579999,2024-01-24T22:48:56Z,35.501525,129.44112833333332,NA,NA,NA,dynamic_classA
2579999,2024-01-24T22:49:09Z,50.79965666666667,-1.1100383333333332,NA,NA,NA,dynamic_classA
2579999,2024-01-24T22:49:24Z,24.536251666666665,54.385095,NA,NA,NA,dynamic_classA
2579999,2024-01-24T22:49:34Z,9.503438333333333,-13.708205,NA,NA,NA,dynamic_classA
2579999,2024-01-24T22:49:38Z,29.650558333333333,32.36101166666666,NA,NA,NA,dynamic_classA
2579999,2024-01-24T22:49:58Z,-20.403956666666666,114.72606999999999,NA,NA,NA,dynamic_classA
2579999,2024-01-24T22:50:00Z,9.503440000000001,-13.70822,NA,NA,NA,satellite
2579999,2024-01-24T22:50:01Z,-20.404145000000003,114.72587333333333,NA,NA,NA,dynamic_classA
2579999,2024-01-24T22:50:06Z,34.795361666666665,127.73846166666667,NA,NA,NA,dynamic_classA
2579999,2024-01-24T22:50:14Z,56.701678333333334,-2.4657616666666664,NA,NA,NA,dynamic_classA
2579999,2024-01-24T22:50:28Z,24.536258333333333,54.385101666666664,NA,NA,NA,dynamic_classA
2579999,2024-01-24T22:50:30Z,54.603188333333335,-1.1618066666666667,NA,NA,NA,dynamic_classA
2579999,2024-01-24T22:50:32Z,25.31894,53.462509999999995,NA,NA,NA,dynamic_classA
2579999,2024-01-24T22:50:35Z,-20.404523333333334,114.72551666666666,NA,NA,NA,dynamic_classA
2579999,2024-01-24T22:50:41Z,1.2831333333333332,103.779335,NA,NA,NA,dynamic_classA
2579999,2024-01-24T22:51:12Z,-38.449441666666665,148.30894,NA,NA,NA,dynamic_classA
2579999,2024-01-24T22:51:20Z,35.50153,129.441125,NA,NA,NA,dynamic_classA
2579999,2024-01-24T22:51:30Z,-33.87850666666667,-58.421076666666664,NA,NA,NA,satellite
2579999,2024-01-24T22:51:35Z,35.501531666666665,129.44111833333332,NA,NA,NA,dynamic_classA
2579999,2024-01-24T22:51:50Z,24.536258333333333,54.385086666666666,NA,NA,NA,dynamic_classA
2579999,2024-01-24T22:52:01Z,24.536255,54.38507666666667,NA,NA,NA,dynamic_classA
2579999,2024-01-24T22:52:03Z,53.539986666666664,9.878858333333334,NA,NA,NA,dynamic_classA
2579999,2024-01-24T22:52:04Z,10.28576,106.76144,NA,NA,NA,dynamic_classA
2579999,2024-01-24T22:52:05Z,35.50153666666667,129.44111666666666,NA,NA,NA,dynamic_classA
2579999,2024-01-24T22:52:17Z,50.79965833333333,-1.1100383333333332,NA,NA,NA,dynamic_classA
2579999,2024-01-24T22:52:26Z,24.536251666666665,54.38507166666667,NA,NA,NA,dynamic_classA
2579999,2024-01-24T22:52:43Z,65.21717833333334,6.9050883333333335,NA,NA,NA,dynamic_classA
2579999,2024-01-24T22:52:52Z,65.21717833333334,6.905085,NA,NA,NA,dynamic_classA
2579999,2024-01-24T22:52:57Z,24.536248333333333,54.38506666666667,NA,NA,NA,dynamic_classA
2579999,2024-01-24T22:53:02Z,29.357435,34.96126,NA,NA,NA,dynamic_classA
2579999,2024-01-24T22:53:21Z,1.2831249999999998,103.779355,NA,NA,NA,dynamic_classA
2579999,2024-01-24T22:53:59Z,65.217185,6.9050666666666665,NA,NA,NA,dynamic_classA
2579999,2024-01-24T22:54:00Z,-20.40669666666667,114.72336333333332,NA,NA,NA,satellite
2579999,2024-01-24T22:54:20Z,9.503449999999999,-13.708208333333333,NA,NA,NA,dynamic_classA
2579999,2024-01-24T22:54:35Z,29.65056666666667,32.36100666666667,NA,NA,NA,dynamic_classA
2579999,2024-01-24T22:55:08Z,-20.407376666666668,114.72271666666667,NA,NA,NA,dynamic_classA
2579999,2024-01-24T22:55:39Z,56.70169833333333,-2.465745,NA,NA,NA,dynamic_classA
2579999,2024-01-24T22:55:45Z,50.79964666666667,-1.1100433333333333,NA,NA,NA,dynamic_classA
2579999,2024-01-24T22:55:52Z,9.503440000000001,-13.708215,NA,NA,NA,dynamic_classA
2579999,2024-01-24T22:55:58Z,29.650573333333334,32.36101166666666,NA,NA,NA,dynamic_classA
2579999,2024-01-24T22:56:06Z,9.503440000000001,-13.708215,NA,NA,NA,dynamic_classA
2579999,2024-01-24T22:56:14Z,-20.408048333333333,114.722085,NA,NA,NA,dynamic_classA
2579999,2024-01-24T22:56:15Z,29.650568333333336,32.36101,NA,NA,NA,dynamic_classA
2579999,2024-01-24T22:56:17Z,24.536243333333335,54.385055,NA,NA,NA,dynamic_classA
2579999,2024-01-24T22:56:29Z,25.318946666666665,53.46252166666667,NA,NA,NA,dynamic_classA
2579999,2024-01-24T22:56:30Z,24.536243333333335,54.385055,NA,NA,NA,dynamic_classA
2579999,2024-01-24T22:56:32Z,25.318946666666665,53.46252166666667,NA,NA,NA,dynamic_classA
2579999,2024-01-24T22:56:34Z,50.79964333333333,-1.1100299999999999,NA,NA,NA,dynamic_classA
2579999,2024-01-24T22:56:36Z,25.31894833333333,53.46252166666667,NA,NA,NA,dynamic_classA
2579999,2024-01-24T22:56:46Z,3.5680666666666667,113.32466500000001,NA,NA,NA,dynamic_classA
2579999,2024-01-24T22:57:34Z,1.2831416666666666,103.77934833333333,NA,NA,NA,dynamic_classA
2579999,2024-01-24T22:57:39Z,25.318946666666665,53.46252166666667,NA,NA,NA,dynamic_classA
2579999,2024-01-24T22:58:29Z,58.01462166666667,7.483876666666666,NA,NA,NA,dynamic_classA
2579999,2024-01-24T22:58:37Z,25.318951666666667,53.462520000000005,NA,NA,NA,dynamic_classA
2579999,2024-01-24T22:58:56Z,35.50153666666667,129.441135,NA,NA,NA,dynamic_classA
2579999,2024-01-24T22:58:58Z,50.79964333333333,-1.1100216666666667,NA,NA,NA,dynamic_classA
2579999,2024-01-24T22:59:01Z,25.31894,53.46252333333334,NA,NA,NA,dynamic_classA
2579999,2024-01-24T22:59:04Z,53.53998166666667,9.878858333333334,NA,NA,NA,dynamic_classA
2579999,2024-01-24T22:59:16Z,34.79535333333333,127.73847,NA,NA,NA,dynamic_classA
2579999,2024-01-24T22:59:21Z,1.2831350000000001,103.77931,NA,NA,NA,dynamic_classA
2579999,2024-01-24T22:59:22Z,25.31894,53.462520000000005,NA,NA,NA,dynamic_classA
2579999,2024-01-24T22:59:29Z,34.79535166666667,127.73847166666665,NA,NA,NA,dynamic_classA
2579999,2024-01-24T22:59:30Z,-20.41028,114.719905,NA,NA,NA,satellite
2579999,2024-01-24T22:59:33Z,25.318936666666666,53.46252333333334,NA,NA,NA,dynamic_classA
2579999,2024-01-24T22:59:35Z,-38.449565,148.30890833333333,NA,NA,NA,dynamic_classA
2579999,2024-01-24T22:59:37Z,53.53997833333334,9.878866666666665,NA,NA,NA,dynamic_classA
2579999,2024-01-24T22:59:42Z,50.79965333333334,-1.1100166666666667,NA,NA,NA,dynamic_classA
2579999,2024-01-24T22:59:54Z,50.799655,-1.110015,NA,NA,NA,dynamic_classA
2579999,2024-01-24T22:59:58Z,25.318946666666665,53.46251333333333,NA,NA,NA,dynamic_classA
2579999,2024-01-24T23:00:06Z,-20.410649999999997,114.71954000000001,NA,NA,NA,dynamic_classA
2579999,2024-01-24T23:00:11Z,9.503445,-13.708218333333333,NA,NA,NA,dynamic_classA
2579999,2024-01-24T23:00:13Z,25.318949999999997,53.462515,NA,NA,NA,dynamic_classA
2579999,2024-01-24T23:00:16Z,25.318951666666667,53.462520000000005,NA,NA,NA,dynamic_classA
2579999,2024-01-24T23:00:28Z,25.318951666666667,53.462520000000005,NA,NA,NA,dynamic_classA
2579999,2024-01-24T23:00:49Z,50.79964666666667,-1.1100349999999999,NA,NA,NA,dynamic_classA
2579999,2024-01-24T23:00:53Z,35.50154333333333,129.44114166666665,NA,NA,NA,dynamic_classA
2579999,2024-01-24T23:01:37Z,50.79964666666667,-1.1100333333333334,NA,NA,NA,dynamic_classA
2579999,2024-01-24T23:01:38Z,-20.411575000000003,114.71864666666667,NA,NA,NA,dynamic_classA
2579999,2024-01-24T23:01:39Z,29.65055166666667,32.36100833333333,NA,NA,NA,dynamic_classA
2579999,2024-01-24T23:02:28Z,9.503441666666667,-13.708210000000001,NA,NA,NA,dynamic_classA
2579999,2024-01-24T23:02:35Z,35.50154,129.441125,NA,NA,NA,dynamic_classA
2579999,2024-01-24T23:02:45Z,35.50154166666667,129.44112666666666,NA,NA,NA,dynamic_classA
2579999,2024-01-24T23:02:46Z,24.536273333333334,54.38507166666667,NA,NA,NA,dynamic_classA
2579999,2024-01-24T23:02:58Z,34.795341666666666,127.73846499999999,NA,NA,NA,dynamic_classA
2579999,2024-01-24T23:03:00Z,34.795341666666666,127.73846499999999,NA,NA,NA,dynamic_classA
2579999,2024-01-24T23:03:16Z,1.2831366666666668,103.77930666666666,NA,NA,NA,dynamic_classA
2579999,2024-01-24T23:03:19Z,24.536268333333332,54.38506833333334,NA,NA,NA,dynamic_classA
2579999,2024-01-24T23:03:34Z,35.50153666666667,129.441125,NA,NA,NA,dynamic_classA
2579999,2024-01-24T23:03:57Z,-38.44956,148.309025,NA,NA,NA,satellite
2579999,2024-01-24T23:04:03Z,50.79964333333333,-1.1100383333333332,NA,NA,NA,dynamic_classA
2579999,2024-01-24T23:04:11Z,34.79535333333333,127.73846833333333,NA,NA,NA,dynamic_classA
2579999,2024-01-24T23:04:39Z,35.50153833333333,129.44112166666667,NA,NA,NA,dynamic_classA
2579999,2024-01-24T23:04:42Z,35.50154,129.44112333333334,NA,NA,NA,dynamic_classA
2579999,2024-01-24T23:04:43Z,53.53998,9.878841666666666,NA,NA,NA,dynamic_classA
2579999,2024-01-24T23:04:47Z,-2.6682633333333334,118.89447833333334,NA,NA,NA,dynamic_classA
2579999,2024-01-24T23:04:49Z,1.2831183333333334,103.77934833333333,NA,NA,NA,dynamic_classA
2579999,2024-01-24T23:04:50Z,1.2831183333333334,103.77934833333333,NA,NA,NA,dynamic_classA
2579999,2024-01-24T23:04:51Z,1.2831183333333334,103.77934833333333,NA,NA,NA,dynamic_classA
2579999,2024-01-24T23:04:53Z,1.2831183333333334,103.77934833333333,NA,NA,NA,dynamic_classA
2579999,2024-01-24T23:04:54Z,1.2831183333333334,103.77934833333333,NA,NA,NA,dynamic_classA
2579999,2024-01-24T23:04:55Z,1.2831183333333334,103.77934833333333,NA,NA,NA,dynamic_classA
2579999,2024-01-24T23:04:57Z,1.2831183333333334,103.77934833333333,NA,NA,NA,dynamic_classA
2579999,2024-01-24T23:05:16Z,34.79536333333333,127.73846833333333,NA,NA,NA,dynamic_classA
2579999,2024-01-24T23:05:18Z,35.50154,129.441125,NA,NA,NA,dynamic_classA
2579999,2024-01-24T23:05:23Z,9.503431666666668,-13.708229999999999,NA,NA,NA,dynamic_classA
2579999,2024-01-24T23:05:38Z,-38.44956166666667,148.30906166666668,NA,NA,NA,dynamic_classA
2579999,2024-01-24T23:05:39Z,65.21719166666666,6.905068333333333,NA,NA,NA,dynamic_classA
2579999,2024-01-24T23:05:45Z,34.795370000000005,127.73846666666667,NA,NA,NA,dynamic_classA
2579999,2024-01-24T23:06:06Z,56.701683333333335,-2.46574,NA,NA,NA,dynamic_classA
2579999,2024-01-24T23:06:13Z,46.543980000000005,-48.499066666666664,NA,NA,NA,dynamic_classA
2579999,2024-01-24T23:06:20Z,29.650548333333333,32.36100166666667,NA,NA,NA,dynamic_classA
2579999,2024-01-24T23:07:13Z,29.65055166666667,32.36100833333333,NA,NA,NA,dynamic_classA
2579999,2024-01-24T23:07:14Z,24.536275,54.38508,NA,NA,NA,dynamic_classA
2579999,2024-01-24T23:07:17Z,25.318953333333333,53.462525,NA,NA,NA,dynamic_classA
2579999,2024-01-24T23:07:19Z,24.536275,54.38508,NA,NA,NA,dynamic_classA
2579999,2024-01-24T23:07:32Z,25.31896,53.46252333333334,NA,NA,NA,dynamic_classA
2579999,2024-01-24T23:07:34Z,25.31896,53.46252333333334,NA,NA,NA,dynamic_classA
2579999,2024-01-24T23:07:37Z,34.795365,127.73846333333333,NA,NA,NA,dynamic_classA
2579999,2024-01-24T23:07:51Z,29.65055166666667,32.361003333333336,NA,NA,NA,dynamic_classA
2579999,2024-01-24T23:08:02Z,35.50153,129.44113166666665,NA,NA,NA,dynamic_classA
2579999,2024-01-24T23:08:06Z,24.536301666666667,54.385065000000004,NA,NA,NA,dynamic_classA
2579999,2024-01-24T23:08:08Z,35.50153,129.44113166666665,NA,NA,NA,dynamic_classA
2579999,2024-01-24T23:08:11Z,1.28312,103.77932000000001,NA,NA,NA,dynamic_classA
2579999,2024-01-24T23:08:20Z,25.31896,53.46252666666667,NA,NA,NA,dynamic_classA
2579999,2024-01-24T23:08:25Z,25.31896,53.46252666666667,NA,NA,NA,dynamic_classA
2579999,2024-01-24T23:08:38Z,25.31896,53.46253,NA,NA,NA,dynamic_classA
2579999,2024-01-24T23:08:45Z,53.539989999999996,9.878845,NA,NA,NA,dynamic_classA
2579999,2024-01-24T23:08:53Z,56.70168666666667,-2.465775,NA,NA,NA,dynamic_classA
2579999,2024-01-24T23:09:07Z,1.2831233333333332,103.77932000000001,NA,NA,NA,dynamic_classA
2579999,2024-01-24T23:09:14Z,9.503438333333333,-13.708215,NA,NA,NA,dynamic_classA
2579999,2024-01-24T23:09:24Z,53.539986666666664,9.878848333333334,NA,NA,NA,dynamic_classA
2579999,2024-01-24T23:09:25Z,10.285758333333332,106.76143833333334,NA,NA,NA,dynamic_classA
2579999,2024-01-24T23:09:27Z,35.501531666666665,129.44111166666667,NA,NA,NA,dynamic_classA
2579999,2024-01-24T23:09:46Z,29.650553333333335,32.361000000000004,NA,NA,NA,dynamic_classA
2579999,2024-01-24T23:09:48Z,25.318958333333335,53.462535,NA,NA,NA,dynamic_classA
2579999,2024-01-24T23:09:52Z,25.318958333333335,53.462535,NA,NA,NA,dynamic_classA
2579999,2024-01-24T23:10:02Z,25.318958333333335,53.462535,NA,NA,NA,dynamic_classA
2579999,2024-01-24T23:10:04Z,1.28312,103.77932833333332,NA,NA,NA,dynamic_classA
2579999,2024-01-24T23:10:08Z,29.650553333333335,32.36100166666667,NA,NA,NA,dynamic_classA
2579999,2024-01-24T23:10:26Z,9.503438333333333,-13.708221666666667,NA,NA,NA,dynamic_classA
2579999,2024-01-24T23:10:35Z,50.799641666666666,-1.1100333333333334,NA,NA,NA,dynamic_classA
2579999,2024-01-24T23:10:39Z,1.2831166666666667,103.779325,NA,NA,NA,dynamic_classA
2579999,2024-01-24T23:10:45Z,-20.417831666666665,114.71281333333333,NA,NA,NA,dynamic_classA
2579999,2024-01-24T23:10:50Z,54.60315,-1.1617366666666666,NA,NA,NA,dynamic_classA
2579999,2024-01-24T23:10:55Z,34.79535,127.73846833333333,NA,NA,NA,dynamic_classA
2579999,2024-01-24T23:11:02Z,1.2831183333333334,103.779325,NA,NA,NA,dynamic_classA
2579999,2024-01-24T23:11:04Z,56.701678333333334,-2.4657899999999997,NA,NA,NA,dynamic_classA
2579999,2024-01-24T23:11:36Z,1.2831183333333334,103.779325,NA,NA,NA,dynamic_classA
2579999,2024-01-24T23:11:49Z,35.50154,129.441125,NA,NA,NA,dynamic_classA
2579999,2024-01-24T23:11:56Z,53.450565,0.8895766666666667,NA,NA,NA,dynamic_classA
2579999,2024-01-24T23:12:08Z,35.50154333333333,129.44112333333334,NA,NA,NA,dynamic_classA
2579999,2024-01-24T23:12:11Z,25.318953333333333,53.46252333333334,NA,NA,NA,dynamic_classA
2579999,2024-01-24T23:12:33Z,53.53998333333333,9.878858333333334,NA,NA,NA,dynamic_classA
2579999,2024-01-24T23:12:44Z,10.285748333333334,106.76147999999999,NA,NA,NA,dynamic_classA
2579999,2024-01-24T23:12:55Z,-20.419138333333333,114.71166166666667,NA,NA,NA,dynamic_classA
2579999,2024-01-24T23:13:02Z,-38.44958999999999,148.30898666666664,NA,NA,NA,dynamic_classA
2579999,2024-01-24T23:13:07Z,25.318951666666667,53.46252833333333,NA,NA,NA,dynamic_classA
2579999,2024-01-24T23:13:12Z,65.21719333333333,6.905073333333333,NA,NA,NA,dynamic_classA
2579999,2024-01-24T23:13:38Z,25.318946666666665,53.46253166666667,NA,NA,NA,dynamic_classA
2579999,2024-01-24T23:13:44Z,65.21719,6.9050666666666665,NA,NA,NA,dynamic_classA
2579999,2024-01-24T23:13:45Z,35.50153833333333,129.44113333333334,NA,NA,NA,dynamic_classA
2579999,2024-01-24T23:14:08Z,9.503440000000001,-13.708210000000001,NA,NA,NA,dynamic_classA
2579999,2024-01-24T23:14:23Z,-20.42013166666667,114.71077833333334,NA,NA,NA,dynamic_classA
2579999,2024-01-24T23:14:40Z,1.2831316666666666,103.77933666666667,NA,NA,NA,dynamic_classA
2579999,2024-01-24T23:15:10Z,9.503436666666666,-13.708238333333332,NA,NA,NA,dynamic_classA
2579999,2024-01-24T23:15:15Z,29.650555,32.361003333333336,NA,NA,NA,dynamic_classA
2579999,2024-01-24T23:15:36Z,56.70167333333333,-2.465748333333333,NA,NA,NA,dynamic_classA
2579999,2024-01-24T23:16:07Z,25.31894833333333,53.462525,NA,NA,NA,dynamic_classA
2579999,2024-01-24T23:16:08Z,-20.421356666666668,114.709665,NA,NA,NA,dynamic_classA
2579999,2024-01-24T23:16:09Z,56.70167666666667,-2.465745,NA,NA,NA,dynamic_classA
2579999,2024-01-24T23:16:12Z,59.88898166666667,10.753896666666666,NA,NA,NA,dynamic_classA
2579999,2024-01-24T23:16:17Z,25.31894833333333,53.462525,NA,NA,NA,dynamic_classA
2579999,2024-01-24T23:16:28Z,29.65055166666667,32.361003333333336,NA,NA,NA,dynamic_classA
2579999,2024-01-24T23:16:36Z,24.536261666666668,54.385086666666666,NA,NA,NA,dynamic_classA
2579999,2024-01-24T23:16:45Z,1.2831266666666667,103.77931333333332,NA,NA,NA,dynamic_classA
2579999,2024-01-24T23:17:08Z,-20.421961666666668,114.70911833333334,NA,NA,NA,dynamic_classA
2579999,2024-01-24T23:17:16Z,9.503440000000001,-13.708236666666666,NA,NA,NA,dynamic_classA
2579999,2024-01-24T23:17:39Z,24.53625333333333,54.38507166666667,NA,NA,NA,dynamic_classA
2579999,2024-01-24T23:17:45Z,29.650548333333333,32.36100166666667,NA,NA,NA,dynamic_classA
2579999,2024-01-24T23:17:52Z,9.503436666666666,-13.708233333333334,NA,NA,NA,dynamic_classA
2579999,2024-01-24T23:17:54Z,50.799634999999995,-1.1100283333333332,NA,NA,NA,dynamic_classA
2579999,2024-01-24T23:18:07Z,1.2831216666666667,103.77934833333333,NA,NA,NA,dynamic_classA
2579999,2024-01-24T23:18:54Z,1.2831216666666667,103.77934499999999,NA,NA,NA,dynamic_classA
2579999,2024-01-24T23:19:24Z,53.539986666666664,9.878858333333334,NA,NA,NA,dynamic_classA
2579999,2024-01-24T23:19:29Z,56.70166666666667,-2.465733333333333,NA,NA,NA,dynamic_classA
2579999,2024-01-24T23:19:36Z,34.79536333333333,127.73847,NA,NA,NA,dynamic_classA
2579999,2024-01-24T23:19:37Z,35.501551666666664,129.441135,NA,NA,NA,dynamic_classA
2579999,2024-01-24T23:19:47Z,53.53998833333333,9.87886,NA,NA,NA,dynamic_classA
2579999,2024-01-24T23:19:49Z,58.01463833333333,7.483901666666667,NA,NA,NA,dynamic_classA
2579999,2024-01-24T23:19:51Z,24.536246666666667,54.385088333333336,NA,NA,NA,dynamic_classA
2579999,2024-01-24T23:20:08Z,35.50154833333333,129.44113333333334,NA,NA,NA,dynamic_classA
2579999,2024-01-24T23:20:17Z,35.50154833333333,129.44113333333334,NA,NA,NA,dynamic_classA
2579999,2024-01-24T23:20:19Z,34.79535,127.73846166666667,NA,NA,NA,dynamic_classA
2579999,2024-01-24T23:20:20Z,-38.44952333333333,148.30895666666666,NA,NA,NA,satellite
2579999,2024-01-24T23:20:26Z,-20.424261666666666,114.707025,NA,NA,NA,dynamic_classA
2579999,2024-01-24T23:20:27Z,35.501549999999995,129.44113333333334,NA,NA,NA,dynamic_classA
2579999,2024-01-24T23:20:41Z,1.2831316666666666,103.77932833333332,NA,NA,NA,dynamic_classA
2579999,2024-01-24T23:20:44Z,50.79963333333333,-1.1100233333333334,NA,NA,NA,dynamic_classA
2579999,2024-01-24T23:21:09Z,50.79963333333333,-1.11002,NA,NA,NA,dynamic_classA
2579999,2024-01-24T23:21:43Z,1.28314,103.77931666666667,NA,NA,NA,dynamic_classA
2579999,2024-01-24T23:21:49Z,35.50155666666667,129.441145,NA,NA,NA,dynamic_classA
2579999,2024-01-24T23:21:50Z,29.65055,32.360994999999996,NA,NA,NA,dynamic_classA
2579999,2024-01-24T23:21:56Z,50.799636666666665,-1.1100283333333332,NA,NA,NA,dynamic_classA
2579999,2024-01-24T23:22:25Z,-20.425456666666665,114.70589833333334,NA,NA,NA,dynamic_classA
2579999,2024-01-24T23:22:26Z,24.536256666666667,54.385085000000004,NA,NA,NA,dynamic_classA
2579999,2024-01-24T23:22:28Z,53.53998833333333,9.87886,NA,NA,NA,dynamic_classA
2579999,2024-01-24T23:22:30Z,24.536256666666667,54.385085000000004,NA,NA,NA,dynamic_classA
2579999,2024-01-24T23:22:43Z,25.318958333333335,53.462518333333335,NA,NA,NA,dynamic_classA
2579999,2024-01-24T23:22:49Z,25.31895666666667,53.462520000000005,NA,NA,NA,dynamic_classA
2579999,2024-01-24T23:23:07Z,29.650543333333335,32.361003333333336,NA,NA,NA,dynamic_classA
2579999,2024-01-24T23:23:08Z,25.31895666666667,53.462525,NA,NA,NA,dynamic_classA
2579999,2024-01-24T23:23:10Z,1.2831416666666666,103.77932666666668,NA,NA,NA,dynamic_classA
2579999,2024-01-24T23:23:21Z,9.503435,-13.708216666666667,NA,NA,NA,satellite
2579999,2024-01-24T23:23:23Z,25.31895666666667,53.46252666666667,NA,NA,NA,dynamic_classA
2579999,2024-01-24T23:23:44Z,35.50154666666666,129.44113666666667,NA,NA,NA,dynamic_classA
2579999,2024-01-24T23:23:45Z,35.50154666666666,129.44113666666667,NA,NA,NA,dynamic_classA
2579999,2024-01-24T23:23:48Z,34.79536666666667,127.73848333333333,NA,NA,NA,dynamic_classA
2579999,2024-01-24T23:23:51Z,34.79536666666667,127.73848333333333,NA,NA,NA,dynamic_classA
2579999,2024-01-24T23:24:16Z,35.50154166666667,129.44114833333333,NA,NA,NA,dynamic_classA
2579999,2024-01-24T23:24:36Z,25.31895666666667,53.462535,NA,NA,NA,dynamic_classA
2579999,2024-01-24T23:24:37Z,25.318955000000003,53.46253166666667,NA,NA,NA,dynamic_classA
2579999,2024-01-24T23:24:52Z,25.31895666666667,53.462535,NA,NA,NA,dynamic_classA
2579999,2024-01-24T23:24:56Z,25.31895666666667,53.462535,NA,NA,NA,dynamic_classA
2579999,2024-01-24T23:25:09Z,65.21718666666666,6.905069999999999,NA,NA,NA,dynamic_classA
2579999,2024-01-24T23:25:10Z,25.31895666666667,53.462535,NA,NA,NA,dynamic_classA
2579999,2024-01-24T23:25:13Z,34.79535833333333,127.73848666666666,NA,NA,NA,dynamic_classA
2579999,2024-01-24T23:25:22Z,35.50153666666667,129.44113833333333,NA,NA,NA,dynamic_classA
2579999,2024-01-24T23:25:23Z,53.54,9.87886,NA,NA,NA,dynamic_classA
2579999,2024-01-24T23:25:29Z,25.318953333333333,53.462536666666665,NA,NA,NA,dynamic_classA
2579999,2024-01-24T23:25:40Z,25.31897,53.462520000000005,NA,NA,NA,dynamic_classA
2579999,2024-01-24T23:25:42Z,50.799636666666665,-1.11001,NA,NA,NA,dynamic_classA
2579999,2024-01-24T23:25:48Z,35.50154333333333,129.44112833333332,NA,NA,NA,dynamic_classA
2579999,2024-01-24T23:25:53Z,26.203515,50.60115,NA,NA,NA,dynamic_classA
2579999,2024-01-24T23:26:03Z,9.503431666666668,-13.708261666666667,NA,NA,NA,dynamic_classA
2579999,2024-01-24T23:26:18Z,25.31897,53.46251666666667,NA,NA,NA,dynamic_classA
2579999,2024-01-24T23:26:26Z,34.79535833333333,127.73848333333333,NA,NA,NA,dynamic_classA
2579999,2024-01-24T23:26:28Z,25.318971666666666,53.46251666666667,NA,NA,NA,dynamic_classA
2579999,2024-01-24T23:26:29Z,65.21721,6.905083333333334,NA,NA,NA,dynamic_classA
2579999,2024-01-24T23:26:40Z,29.65055166666667,32.36100666666667,NA,NA,NA,dynamic_classA
2579999,2024-01-24T23:26:41Z,25.318971666666666,53.46251666666667,NA,NA,NA,satellite
2579999,2024-01-24T23:26:51Z,1.2831299999999999,103.77931166666667,NA,NA,NA,dynamic_classA
2579999,2024-01-24T23:26:52Z,25.318971666666666,53.462511666666664,NA,NA,NA,dynamic_classA
2579999,2024-01-24T23:26:55Z,34.79536666666667,127.73848166666667,NA,NA,NA,dynamic_classA
2579999,2024-01-24T23:27:10Z,25.318965,53.46251333333333,NA,NA,NA,dynamic_classA
2579999,2024-01-24T23:27:17Z,50.79962333333334,-1.1100183333333333,NA,NA,NA,dynamic_classA
2579999,2024-01-24T23:27:20Z,-38.449619999999996,148.30895999999998,NA,NA,NA,satellite
2579999,2024-01-24T23:27:33Z,29.650541666666665,32.361000000000004,NA,NA,NA,dynamic_classA
2579999,2024-01-24T23:27:35Z,25.318963333333333,53.462515,NA,NA,NA,dynamic_classA
2579999,2024-01-24T23:27:36Z,25.31896833333333,53.46251333333333,NA,NA,NA,dynamic_classA
2579999,2024-01-24T23:27:44Z,25.31896833333333,53.462518333333335,NA,NA,NA,dynamic_classA
2579999,2024-01-24T23:27:46Z,25.31896833333333,53.462518333333335,NA,NA,NA,dynamic_classA
2579999,2024-01-24T23:27:47Z,25.31896833333333,53.46251333333333,NA,NA,NA,dynamic_classA
2579999,2024-01-24T23:27:50Z,25.31896833333333,53.462518333333335,NA,NA,NA,dynamic_classA
2579999,2024-01-24T23:27:52Z,25.318966666666665,53.46252166666667,NA,NA,NA,dynamic_classA
2579999,2024-01-24T23:27:57Z,34.795359999999995,127.73847333333333,NA,NA,NA,dynamic_classA
2579999,2024-01-24T23:27:59Z,25.318966666666665,53.46252166666667,NA,NA,NA,dynamic_classA
2579999,2024-01-24T23:28:01Z,24.53625,54.38509333333333,NA,NA,NA,dynamic_classA
2579999,2024-01-24T23:28:02Z,25.318966666666665,53.46252166666667,NA,NA,NA,dynamic_classA
2579999,2024-01-24T23:28:04Z,25.318966666666665,53.46252166666667,NA,NA,NA,dynamic_classA
2579999,2024-01-24T23:28:06Z,24.53625,54.38509333333333,NA,NA,NA,dynamic_classA
2579999,2024-01-24T23:28:07Z,25.318966666666665,53.46252166666667,NA,NA,NA,dynamic_classA
2579999,2024-01-24T23:28:21Z,29.650536666666667,32.361000000000004,NA,NA,NA,dynamic_classA
2579999,2024-01-24T23:28:24Z,-20.429513333333333,114.70228,NA,NA,NA,dynamic_classA
2579999,2024-01-24T23:28:26Z,34.79536333333333,127.73847833333333,NA,NA,NA,dynamic_classA
2579999,2024-01-24T23:28:35Z,10.285768333333333,106.761415,NA,NA,NA,dynamic_classA
2579999,2024-01-24T23:28:41Z,9.50343,-13.708245,NA,NA,NA,satellite
2579999,2024-01-24T23:28:42Z,35.50155333333333,129.44113666666667,NA,NA,NA,dynamic_classA
2579999,2024-01-24T23:28:53Z,1.28314,103.77931,NA,NA,NA,dynamic_classA
2579999,2024-01-24T23:29:05Z,9.503431666666668,-13.708245,NA,NA,NA,dynamic_classA
2579999,2024-01-24T23:29:16Z,56.70169166666667,-2.46574,NA,NA,NA,dynamic_classA
2579999,2024-01-24T23:29:25Z,53.539995,9.878863333333333,NA,NA,NA,dynamic_classA
2579999,2024-01-24T23:29:28Z,24.536266666666666,54.38506333333333,NA,NA,NA,dynamic_classA
2579999,2024-01-24T23:29:37Z,1.2831299999999999,103.779315,NA,NA,NA,dynamic_classA
2579999,2024-01-24T23:29:43Z,56.701683333333335,-2.465733333333333,NA,NA,NA,dynamic_classA
2579999,2024-01-24T23:29:46Z,35.501558333333335,129.44113166666665,NA,NA,NA,dynamic_classA
2579999,2024-01-24T23:29:54Z,9.503425,-13.708233333333334,NA,NA,NA,dynamic_classA
2579999,2024-01-24T23:30:04Z,53.539995,9.878858333333334,NA,NA,NA,dynamic_classA
2579999,2024-01-24T23:30:40Z,1.2831283333333334,103.77932166666666,NA,NA,NA,dynamic_classA
2579999,2024-01-24T23:30:49Z,29.65055,32.361005,NA,NA,NA,dynamic_classA
2579999,2024-01-24T23:30:58Z,1.2831249999999998,103.77932166666666,NA,NA,NA,dynamic_classA
2579999,2024-01-24T23:31:07Z,-2.6682599999999996,118.89446500000001,NA,NA,NA,dynamic_classA
2579999,2024-01-24T23:31:10Z,54.60332166666667,-1.1617366666666666,NA,NA,NA,dynamic_classA
2579999,2024-01-24T23:31:14Z,9.503431666666668,-13.708226666666667,NA,NA,NA,dynamic_classA
2579999,2024-01-24T23:31:31Z,-20.431853333333333,114.70017666666666,NA,NA,NA,dynamic_classA
2579999,2024-01-24T23:31:36Z,53.45057333333333,0.8896233333333333,NA,NA,NA,dynamic_classA
2579999,2024-01-24T23:31:45Z,34.79535166666667,127.73849,NA,NA,NA,dynamic_classA
2579999,2024-01-24T23:31:54Z,56.70171333333334,-2.4657616666666664,NA,NA,NA,dynamic_classA
2579999,2024-01-24T23:32:00Z,35.50157,129.44112666666666,NA,NA,NA,dynamic_classA
2579999,2024-01-24T23:32:32Z,-38.44958833333333,148.30894666666666,NA,NA,NA,dynamic_classA
2579999,2024-01-24T23:32:48Z,35.50157,129.44112833333332,NA,NA,NA,dynamic_classA
2579999,2024-01-24T23:33:13Z,53.539995,9.87886,NA,NA,NA,dynamic_classA
2579999,2024-01-24T23:33:17Z,24.536281666666664,54.38507166666667,NA,NA,NA,dynamic_classA
2579999,2024-01-24T23:33:32Z,65.21721333333333,6.90508,NA,NA,NA,dynamic_classA
2579999,2024-01-24T23:33:35Z,10.285771666666667,106.76141666666668,NA,NA,NA,dynamic_classA
2579999,2024-01-24T23:33:45Z,21.571415000000002,88.25143666666666,NA,NA,NA,dynamic_classA
2579999,2024-01-24T23:33:51Z,1.2831333333333332,103.77930333333333,NA,NA,NA,dynamic_classA
2579999,2024-01-24T23:33:53Z,24.536276666666666,54.38507833333333,NA,NA,NA,dynamic_classA
2579999,2024-01-24T23:34:08Z,24.536276666666666,54.38507833333333,NA,NA,NA,dynamic_classA
2579999,2024-01-24T23:34:11Z,24.536276666666666,54.38507833333333,NA,NA,NA,dynamic_classA
2579999,2024-01-24T23:34:34Z,65.21719,6.905081666666666,NA,NA,NA,dynamic_classA
2579999,2024-01-24T23:35:14Z,1.2831366666666668,103.77932333333334,NA,NA,NA,dynamic_classA
2579999,2024-01-24T23:35:18Z,50.79962333333334,-1.1100299999999999,NA,NA,NA,dynamic_classA
2579999,2024-01-24T23:35:28Z,1.2831383333333333,103.779315,NA,NA,NA,dynamic_classA
2579999,2024-01-24T23:35:45Z,29.65054,32.36100666666667,NA,NA,NA,dynamic_classA
2579999,2024-01-24T23:36:00Z,9.50343,-13.708246666666668,NA,NA,NA,dynamic_classA
2579999,2024-01-24T23:36:13Z,24.536276666666666,54.38507833333333,NA,NA,NA,dynamic_classA
2579999,2024-01-24T23:36:22Z,9.503436666666666,-13.708258333333333,NA,NA,NA,dynamic_classA
2579999,2024-01-24T23:36:29Z,56.70169333333333,-2.465735,NA,NA,NA,dynamic_classA
2579999,2024-01-24T23:36:36Z,24.536276666666666,54.38508,NA,NA,NA,dynamic_classA
2579999,2024-01-24T23:37:00Z,24.536270000000002,54.38508,NA,NA,NA,dynamic_classA
2579999,2024-01-24T23:37:08Z,29.65055,32.361003333333336,NA,NA,NA,dynamic_classA
2579999,2024-01-24T23:37:25Z,35.501565,129.44113833333333,NA,NA,NA,dynamic_classA
2579999,2024-01-24T23:37:45Z,-20.435966666666666,114.69649833333332,NA,NA,NA,dynamic_classA
2579999,2024-01-24T23:37:58Z,35.50156833333333,129.441135,NA,NA,NA,dynamic_classA
2579999,2024-01-24T23:38:06Z,9.503446666666667,-13.708248333333334,NA,NA,NA,dynamic_classA
2579999,2024-01-24T23:38:09Z,58.01465666666666,7.483881666666666,NA,NA,NA,dynamic_classA
2579999,2024-01-24T23:38:38Z,24.536251666666665,54.38507666666667,NA,NA,NA,dynamic_classA
2579999,2024-01-24T23:38:39Z,50.79965,-1.1100183333333333,NA,NA,NA,dynamic_classA
2579999,2024-01-24T23:38:47Z,-20.436674999999997,114.69585833333333,NA,NA,NA,dynamic_classA
2579999,2024-01-24T23:39:09Z,1.2831233333333332,103.77932666666668,NA,NA,NA,dynamic_classA
2579999,2024-01-24T23:39:15Z,29.650538333333333,32.36100166666667,NA,NA,NA,dynamic_classA
2579999,2024-01-24T23:39:24Z,50.79964833333334,-1.1100233333333334,NA,NA,NA,dynamic_classA
2579999,2024-01-24T23:39:26Z,34.79535166666667,127.73847,NA,NA,NA,dynamic_classA
2579999,2024-01-24T23:39:29Z,24.536248333333333,54.38509333333333,NA,NA,NA,dynamic_classA
2579999,2024-01-24T23:39:39Z,56.70172166666667,-2.4656983333333335,NA,NA,NA,dynamic_classA
2579999,2024-01-24T23:39:44Z,53.53999666666667,9.878871666666667,NA,NA,NA,dynamic_classA
2579999,2024-01-24T23:40:00Z,9.503455,-13.708229999999999,NA,NA,NA,satellite
2579999,2024-01-24T23:40:07Z,53.53999666666667,9.878870000000001,NA,NA,NA,dynamic_classA
2579999,2024-01-24T23:40:48Z,35.50156666666667,129.44112833333332,NA,NA,NA,dynamic_classA
2579999,2024-01-24T23:40:57Z,35.50156666666667,129.44112833333332,NA,NA,NA,dynamic_classA
2579999,2024-01-24T23:40:59Z,34.795370000000005,127.73847666666667,NA,NA,NA,dynamic_classA
2579999,2024-01-24T23:41:07Z,1.2831299999999999,103.77932833333332,NA,NA,NA,dynamic_classA
2579999,2024-01-24T23:41:19Z,50.799634999999995,-1.110015,NA,NA,NA,dynamic_classA
2579999,2024-01-24T23:41:24Z,50.799634999999995,-1.110015,NA,NA,NA,dynamic_classA
2579999,2024-01-24T23:41:31Z,9.503453333333333,-13.708229999999999,NA,NA,NA,dynamic_classA
2579999,2024-01-24T23:42:07Z,50.79962833333333,-1.110015,NA,NA,NA,dynamic_classA
2579999,2024-01-24T23:42:10Z,29.65054,32.361000000000004,NA,NA,NA,dynamic_classA
2579999,2024-01-24T23:42:33Z,35.501565,129.44113000000002,NA,NA,NA,dynamic_classA
2579999,2024-01-24T23:42:49Z,35.50156166666667,129.441135,NA,NA,NA,dynamic_classA
2579999,2024-01-24T23:43:00Z,9.503453333333333,-13.708236666666666,NA,NA,NA,satellite
2579999,2024-01-24T23:43:11Z,-20.43955833333333,114.69329833333333,NA,NA,NA,dynamic_classA
2579999,2024-01-24T23:43:18Z,53.53999833333333,9.878858333333334,NA,NA,NA,dynamic_classA
2579999,2024-01-24T23:44:03Z,35.50156833333333,129.44113166666665,NA,NA,NA,dynamic_classA
2579999,2024-01-24T23:44:31Z,34.79536666666667,127.73847166666665,NA,NA,NA,dynamic_classA
2579999,2024-01-24T23:44:45Z,35.501565,129.441135,NA,NA,NA,dynamic_classA
2579999,2024-01-24T23:45:20Z,53.45058166666667,0.8896533333333333,NA,NA,NA,dynamic_classA
2579999,2024-01-24T23:45:30Z,35.501565,129.44113666666667,NA,NA,NA,dynamic_classA
2579999,2024-01-24T23:45:52Z,35.50156666666667,129.44113333333334,NA,NA,NA,dynamic_classA
2579999,2024-01-24T23:45:53Z,53.54,9.878863333333333,NA,NA,NA,dynamic_classA
2579999,2024-01-24T23:46:05Z,9.503445,-13.708246666666668,NA,NA,NA,dynamic_classA
2579999,2024-01-24T23:46:20Z,9.503448333333333,-13.708251666666666,NA,NA,NA,satellite
2579999,2024-01-24T23:46:28Z,35.501555,129.44113166666665,NA,NA,NA,dynamic_classA
2579999,2024-01-24T23:46:50Z,29.650536666666667,32.36101166666666,NA,NA,NA,satellite
2579999,2024-01-24T23:47:18Z,24.536258333333333,54.38507333333334,NA,NA,NA,dynamic_classA
2579999,2024-01-24T23:47:26Z,34.79535666666666,127.73847,NA,NA,NA,dynamic_classA
2579999,2024-01-24T23:47:28Z,34.795355,127.73847,NA,NA,NA,dynamic_classA
2579999,2024-01-24T23:47:39Z,65.21720833333333,6.9050883333333335,NA,NA,NA,dynamic_classA
2579999,2024-01-24T23:47:50Z,9.503448333333333,-13.708238333333332,NA,NA,NA,satellite
2579999,2024-01-24T23:47:53Z,9.503448333333333,-13.708238333333332,NA,NA,NA,dynamic_classA
2579999,2024-01-24T23:48:26Z,34.79534833333333,127.73846833333333,NA,NA,NA,dynamic_classA
2579999,2024-01-24T23:48:36Z,24.536260000000002,54.38509,NA,NA,NA,dynamic_classA
2579999,2024-01-24T23:48:39Z,1.2831266666666667,103.77933166666666,NA,NA,NA,dynamic_classA
2579999,2024-01-24T23:48:47Z,34.79535166666667,127.73846833333333,NA,NA,NA,dynamic_classA
2579999,2024-01-24T23:48:52Z,34.79535166666667,127.73846833333333,NA,NA,NA,dynamic_classA
2579999,2024-01-24T23:49:01Z,29.650543333333335,32.361003333333336,NA,NA,NA,dynamic_classA
2579999,2024-01-24T23:49:02Z,3.5680666666666667,113.32466500000001,NA,NA,NA,dynamic_classA
2579999,2024-01-24T23:49:19Z,1.2831299999999999,103.779325,NA,NA,NA,dynamic_classA
2579999,2024-01-24T23:49:20Z,1.2831299999999999,103.779325,NA,NA,NA,dynamic_classA
2579999,2024-01-24T23:49:21Z,1.2831299999999999,103.779325,NA,NA,NA,dynamic_classA
2579999,2024-01-24T23:49:32Z,35.50156666666667,129.44113166666665,NA,NA,NA,dynamic_classA
2579999,2024-01-24T23:49:36Z,26.20318,50.600985,NA,NA,NA,dynamic_classA
2579999,2024-01-24T23:49:44Z,1.2831283333333334,103.77932166666666,NA,NA,NA,dynamic_classA
2579999,2024-01-24T23:49:45Z,24.536271666666668,54.38509333333333,NA,NA,NA,dynamic_classA
2579999,2024-01-24T23:49:55Z,53.54,9.878861666666667,NA,NA,NA,dynamic_classA
2579999,2024-01-24T23:49:56Z,35.50156166666667,129.44113000000002,NA,NA,NA,dynamic_classA
2579999,2024-01-24T23:49:57Z,1.2831283333333334,103.77932166666666,NA,NA,NA,dynamic_classA
2579999,2024-01-24T23:50:04Z,56.70171166666667,-2.465731666666667,NA,NA,NA,dynamic_classA
2579999,2024-01-24T23:50:11Z,24.536266666666666,54.38508,NA,NA,NA,dynamic_classA
2579999,2024-01-24T23:50:13Z,56.701708333333336,-2.465725,NA,NA,NA,dynamic_classA
2579999,2024-01-24T23:50:29Z,24.536266666666666,54.38508,NA,NA,NA,dynamic_classA
2579999,2024-01-24T23:50:34Z,9.503446666666667,-13.708215,NA,NA,NA,dynamic_classA
2579999,2024-01-24T23:50:41Z,1.28312,103.77931166666667,NA,NA,NA,dynamic_classA
2579999,2024-01-24T23:50:44Z,53.54,9.87886,NA,NA,NA,dynamic_classA
2579999,2024-01-24T23:51:20Z,54.603255,-1.1616983333333333,NA,NA,NA,dynamic_classA
2579999,2024-01-24T23:51:24Z,25.31895666666667,53.46252833333333,NA,NA,NA,dynamic_classA
2579999,2024-01-24T23:51:29Z,29.65055,32.36101333333333,NA,NA,NA,dynamic_classA
2579999,2024-01-24T23:51:54Z,1.283115,103.77931,NA,NA,NA,dynamic_classA
2579999,2024-01-24T23:52:04Z,10.285773333333333,106.76142833333333,NA,NA,NA,dynamic_classA
2579999,2024-01-24T23:52:06Z,53.45057666666666,0.8896166666666667,NA,NA,NA,dynamic_classA
2579999,2024-01-24T23:52:15Z,9.503446666666667,-13.708223333333333,NA,NA,NA,dynamic_classA
2579999,2024-01-24T23:52:18Z,-20.446046666666668,114.68777166666668,NA,NA,NA,dynamic_classA
2579999,2024-01-24T23:52:21Z,25.31895666666667,53.46252666666667,NA,NA,NA,dynamic_classA
2579999,2024-01-24T23:52:30Z,35.50155666666667,129.441125,NA,NA,NA,dynamic_classA
2579999,2024-01-24T23:52:36Z,34.79537333333334,127.73847500000001,NA,NA,NA,dynamic_classA
2579999,2024-01-24T23:52:42Z,25.318955000000003,53.46253,NA,NA,NA,dynamic_classA
2579999,2024-01-24T23:52:48Z,35.50155666666667,129.44112333333334,NA,NA,NA,dynamic_classA
2579999,2024-01-24T23:52:53Z,50.799638333333334,-1.1100383333333332,NA,NA,NA,dynamic_classA
2579999,2024-01-24T23:53:20Z,25.318955000000003,53.46253166666667,NA,NA,NA,dynamic_classA
2579999,2024-01-24T23:53:41Z,65.21719333333333,6.905148333333333,NA,NA,NA,dynamic_classA
2579999,2024-01-24T23:53:53Z,53.53999833333333,9.878863333333333,NA,NA,NA,dynamic_classA
2579999,2024-01-24T23:54:08Z,24.536258333333333,54.38506666666667,NA,NA,NA,dynamic_classA
2579999,2024-01-24T23:54:12Z,-38.449508333333334,148.30892166666666,NA,NA,NA,dynamic_classA
2579999,2024-01-24T23:54:21Z,-20.44726166666667,114.68669166666668,NA,NA,NA,dynamic_classA
2579999,2024-01-24T23:54:24Z,10.285779999999999,106.76142666666667,NA,NA,NA,dynamic_classA
2579999,2024-01-24T23:55:24Z,65.2172,6.905058333333333,NA,NA,NA,dynamic_classA
2579999,2024-01-24T23:55:50Z,24.536271666666668,54.385083333333334,NA,NA,NA,dynamic_classA
2579999,2024-01-24T23:56:19Z,56.701710000000006,-2.4656949999999997,NA,NA,NA,dynamic_classA
2579999,2024-01-24T23:56:25Z,29.65054,32.361005,NA,NA,NA,dynamic_classA
2579999,2024-01-24T23:56:29Z,-33.878485,-58.42105,NA,NA,NA,dynamic_classA
2579999,2024-01-24T23:56:41Z,9.503448333333333,-13.708236666666666,NA,NA,NA,dynamic_classA
2579999,2024-01-24T23:57:20Z,9.503435,-13.708233333333334,NA,NA,NA,dynamic_classA
2579999,2024-01-24T23:57:23Z,50.799634999999995,-1.1100233333333334,NA,NA,NA,dynamic_classA
2579999,2024-01-24T23:57:35Z,35.501565,129.44113333333334,NA,NA,NA,dynamic_classA
2579999,2024-01-24T23:57:49Z,29.65054,32.36100833333333,NA,NA,NA,dynamic_classA
2579999,2024-01-24T23:58:44Z,-20.450225,114.68416166666665,NA,NA,NA,dynamic_classA
2579999,2024-01-24T23:58:45Z,1.2831299999999999,103.77931333333332,NA,NA,NA,dynamic_classA
2579999,2024-01-24T23:58:49Z,50.79962833333333,-1.110025,NA,NA,NA,dynamic_classA
2579999,2024-01-24T23:59:05Z,-20.450546666666664,114.68387666666666,NA,NA,NA,dynamic_classA
2579999,2024-01-24T23:59:07Z,24.536271666666668,54.38506833333334,NA,NA,NA,dynamic_classA
2579999,2024-01-24T23:59:19Z,56.701708333333336,-2.4657283333333333,NA,NA,NA,dynamic_classA
2579999,2024-01-24T23:59:26Z,9.503453333333333,-13.708210000000001,NA,NA,NA,dynamic_classA
2579999,2024-01-24T23:59:54Z,50.799634999999995,-1.1100183333333333,NA,NA,NA,dynamic_classA
2579999,2024-01-24T23:59:56Z,34.795368333333336,127.73846833333333,NA,NA,NA,dynamic_classA
